region,re_lo,re_hi,im_lo,im_hi,depth,tau_lo,tau_hi,log_tau_prime_lo,log_tau_prime_hi,C_N_lo,C_N_hi,C_infinity_lo,C_infinity_hi,log_C_N_prime_lo,log_C_N_prime_hi,log_C_infinity_prime_lo,log_C_infinity_prime_hi,q_lo,q_hi,a_error_lo,a_error_hi,disk_margin_lo,disk_margin_hi
low,0,0.00025,0,0,3,0.8769141270908596,0.8785303731297236,-0.10660831624072273,0.10582831563785496,2.338772080472624,4.531342423048724,2.339433416121689,4.5300613649476125,-51.278280324244285,51.46681463952595,-51.007302926325366,51.19562413700555,0.9436333812757123,0.9436333812757125,0.00017127846755905362,0.00017127846755905367,0.48707475990684096,0.48707475990684107
low,0.00025,0.0005,0,0,3,0.8769138209403257,0.8785306513466496,-0.10764758646879506,0.1053140763275713,2.3346222267891124,4.53940559311732,2.3352849336660038,4.53811730972878,-51.78217230366924,52.30650932429974,-51.5065612971035,52.03030336475175,0.9436337919428597,0.9436337919428599,0.00017157694029214257,0.00017157694029214262,0.48707341145988864,0.48707341145988875
low,0.0005,0.00075,0,0,3,0.8769133928244391,0.878530880336226,-0.10900542543199764,0.10497420250366893,2.3301995776381084,4.548182822643385,2.330863758723528,4.546886722753475,-52.48625410951819,53.29752331871616,-52.205357493729885,53.01570237849673,0.9436332978876636,0.9436332978876638,0.00017188287453387082,0.00017188287453387088,0.4870722019381447,0.4870722019381448
low,0.00075,0.001,0,0,3,0.8769129244129218,0.878531050879273,-0.11038703820700674,0.10464098806875877,2.3256398673508163,4.55745230333165,2.326305488454011,4.556148195379376,-53.25510669002864,54.32233191255645,-52.96864113702977,54.03464538802132,0.9436317567112763,0.9436317567112765,0.00017217760624225827,0.00017217760624225833,0.4870714622996998,0.4870714622996999
low,0.001,0.00125,0,0,3,0.8769124162378171,0.878531163499698,-0.11179347740856854,0.10431399572177637,2.3209438030768004,4.567216689283014,2.321610829758548,4.56590437877959,-54.09344384912629,55.38106598007069,-53.80110974133072,55.08725265955577,0.943629168973599,0.9436291689735993,0.00017246105795975752,0.00017246105795975757,0.48707119253563663,0.48707119253563674
low,0.00125,0.0015,0,0,3,0.8769118690002957,0.8785312189024715,-0.11322581372081957,0.10399278607658917,2.316112056961691,4.577478840555129,2.3167804553611706,4.576158128330614,-55.009415280792595,56.4757528938603,-54.71089053582227,56.17553664812501,0.9436255354579978,0.943625535457998,0.0001727331610732975,0.00017273316107329755,0.487071392388182,0.4870713923881821
low,0.0015,0.00175,0,0,3,0.8769112835698997,0.8785312179728384,-0.11468513703105628,0.10367691705980048,2.311145268740439,4.588241819501579,2.3118150014416363,4.586912509758148,-56.01653159201769,57.612964221519334,-55.7114696005168,57.306053020962885,0.9436208571704302,0.9436208571704304,0.00017299385596404422,0.00017299385596404427,0.4870720613517392,0.4870720613517393
low,0.00175,0.002,0,0,3,0.8769106609836197,0.8785311617753551,-0.11617255759808166,0.10336594330635979,2.3060439318315975,4.599508324237828,2.3067149564138454,4.598170227536217,-57.230266903574446,59.01544837452872,-56.918174084346184,58.701279145161735,0.9436151353384646,0.9436151353384649,0.00017324309215004756,0.0001732430921500476,0.4870731986735414,0.4870731986735415
low,0.002,0.00225,0,0,3,0.8769100019367511,0.8785310520616425,-0.11768929791617995,0.10305949792323918,2.300662519746156,4.6112808484194145,2.30133475610882,4.609933761866156,-58.703680240628806,61.44485285339004,-58.38393388496712,61.121904919343976,0.9436083716846954,0.9436083716846956,0.00017348087858773484,0.0001734808785877349,0.4870748033554212,0.4870748033554213
low,0.00225,0.0025,0,0,3,0.8769093061304155,0.8785308919214281,-0.11952982717029188,0.1027572914152117,2.2951495319239688,4.623555555903132,2.295822937666064,4.622199285265055,-60.51478830024379,64.53294048652089,-60.18665900440089,64.20009870944149,0.9436005687782515,0.9436005687782517,0.00017370716996654176,0.0001737071699665418,0.4870768741556059,0.487076874155606
low,0.0025,0.00275,0,0,3,0.8769085767251978,0.8785306813176981,-0.12156553453794,0.10267540547624047,2.289512775000999,4.63629988689458,2.2901873448813226,4.634934173895194,-63.079806826809545,67.87908909841222,-62.74191416538428,67.53554425258065,0.9435917276228438,0.943591727622844,0.00017392116620593297,0.00017392116620593303,0.48707940959101176,0.48707940959101187
low,0.00275,0.003,0,0,3,0.8769078154176952,0.8785304220158212,-0.1239353912662884,0.103278689802199,2.2828291554984035,4.650985599622073,2.2835048324673983,4.649609295817549,-66.802417832598,71.7676393897406,-66.45223416436085,71.41158138119648,0.9435818503163008,0.943581850316301,0.0001741389475527964,0.00017413894755279646,0.4870824079397351,0.48708240793973523
low,0.003,0.00325,0,0,3,0.8769070240650321,0.8785301159523113,-0.12631892408407006,0.10539532921091829,2.276278674136361,4.665652220460471,2.276955404068384,4.6642654470636735,-70.96609968639542,75.9733143510832,-70.60283103100082,75.60409538590913,0.9435709391692624,0.9435709391692626,0.0001743372066926783,0.00017433720669267835,0.48708586724411695,0.48708586724411707
low,0.00325,0.0035,0,0,3,0.8769062046829155,0.8785297652327352,-0.12871115354294557,0.10770789574561973,2.269822136316971,4.680275748962113,2.27049996376275,4.678878410821331,-75.36881530498502,80.36856897272594,-74.99191323754152,79.98569891689671,0.9435589967028493,0.9435589967028495,0.0001745442677245089,0.00017454426772450896,0.4870897853139338,0.48708978531393393
low,0.0035,0.00375,0,0,3,0.8769053594435104,0.8785293721294253,-0.13141381738946933,0.11005743958057607,2.2635107742367926,4.6948544537767125,2.264189726924651,4.6934465226983315,-79.99561341410455,84.95282407692463,-79.60454864368397,84.55581576925258,0.943546025646082,0.9435460256460823,0.00017475072391183734,0.0001747507239118374,0.48709415973032044,0.48709415973032055
low,0.00375,0.004,0,0,3,0.876904490673182,0.8785289390790377,-0.13460910838224419,0.11244338051479819,2.25722568670439,4.7094038960063624,2.257905626232399,4.707985612192237,-84.88953775048468,89.75711824951848,-84.48373992171459,89.34545960856326,0.9435320289331859,0.9435320289331861,0.00017492231542700672,0.00017492231542700677,0.48709898784939354,0.48709898784939365
low,0.004,0.00425,0,0,3,0.8769036008500829,0.8785284686799467,-0.13782413140001715,0.1148645757216398,2.251025524107665,4.723887521815017,2.25170631852468,4.72245916529072,-89.97316355378128,94.71800876160839,-89.55222284141946,94.29133209439678,0.9435170097006532,0.9435170097006534,0.00017505831880562054,0.0001750583188056206,0.4871042668067916,0.4871042668067917
low,0.00425,0.0045,0,0,3,0.8769026926015986,0.8785279636894798,-0.1410561056850905,0.11732009099343645,2.2450138633631482,4.738290050037361,2.2456954104230973,4.736851915224996,-95.25016527404158,99.83664057440093,-94.81368581305985,99.39459563107921,0.9435009716578843,0.9435009716578845,0.0001751585454726622,0.00017515854547266226,0.4871099908792068,0.4871099908792069
low,0.0045,0.00475,0,0,3,0.8769017687016448,0.8785274270209996,-0.14430219884553622,0.11980893983462204,2.239191961645541,4.752603411831684,2.239874159066673,4.75115580339209,-100.71533750609292,105.10838817872691,-100.26293953546995,104.65064049151671,0.9434839232487402,0.9434839232487404,0.00017522293494037845,0.0001752229349403785,0.48711612208101235,0.48711612208101246
low,0.00475,0.005,0,0,3,0.8769008320678624,0.8785268617408559,-0.14755953082453974,0.12233008532861535,2.2335621050693963,4.766818281635402,2.2342448490822724,4.765361518582043,-106.35960994961289,110.52560640465366,-105.89094222166611,110.05184860928452,0.9434658634946448,0.943465863494645,0.00017525124255583893,0.000175251242555839,0.4871226902150153,0.4871226902150154
low,0.005,0.00525,0,0,3,0.8768998857586456,0.8785262710651678,-0.15082517803159962,0.12488244212842052,2.2281259342401145,4.780925976990779,2.2288091203670306,4.779460390437814,-112.17851230153614,116.0840358441819,-111.69324330110526,115.59398029636192,0.943446796302211,0.9434467963022112,0.00017524335612876306,0.00017524335612876312,0.4871296916425458,0.48712969164254594
low,0.00525,0.0055,0,0,3,0.8768989329701032,0.8785256583565328,-0.1540961776261152,0.1274648785661902,2.2228849916794,4.794917856139213,2.223568514786694,4.79344378908068,-118.16632566914802,121.77844834069647,-117.66414683461586,121.27182992914717,0.9434267257628066,0.9434267257628068,0.00017519919267989224,0.0001751991926798923,0.4871371225328503,0.4871371225328504
low,0.0055,0.00575,0,0,3,0.8768979770328512,0.8785250271205423,-0.15736953193920197,0.13007621887379942,2.217840720964143,4.808785332138986,2.218524475316033,4.807303139196211,-124.31599479250406,127.60258127300541,-123.79662389619578,127.07916035935969,0.9434056561485679,0.9434056561485681,0.0001751186988385222,0.00017511869883852225,0.48714497886923447,0.4871449788692346
low,0.00575,0.006,0,0,3,0.8768970214087404,0.8785243810022357,-0.16064221302579207,0.13271524551101976,2.212994465906599,4.822519887080628,2.2136783452205298,4.821029934217821,-130.61904569312304,133.54907585858447,-130.08222987148272,133.0086408372688,0.9433835919084059,0.9433835919084061,0.0001750018511953996,0.00017500185119539966,0.48715325645494917,0.4871532564549493
low,0.006,0.00625,0,0,3,0.8768960696874608,0.8785237237824115,-0.16391116733121863,0.13538070159223548,2.2083474697998744,4.8361130863215624,2.209031367303313,4.834615750529718,-137.06550883296143,139.60941897584286,-136.51102895011513,139.05179014120725,0.9433605376638778,0.9433605376638781,0.000174848656603952,0.00017484865660395205,0.48716195091918973,0.48716195091918985
low,0.00625,0.0065,0,0,3,0.8768951255830697,0.8785230593738673,-0.1671733204624948,0.1380712934070855,2.2039008747231152,4.84955659271239,2.2045846832117473,4.8480522616618025,-143.65267873890687,145.77499108448006,-143.08034209669086,145.20002240664274,0.9433364982048806,0.9433364982048809,0.00017465915242808504,0.0001746591524280851,0.4871710577236364,0.4871710577236365
low,0.0065,0.00675,0,0,3,0.8768941929304046,0.8785223918174928,-0.17042558204567249,0.1407856930239583,2.1996557209177188,4.8628421807413025,2.2003393328149845,4.86133125240311,-150.3597162609964,152.03384764627202,-149.7693806126155,151.44143237808638,0.9433114784852824,0.9433114784852826,0.0001744334067346898,0.00017443340673468986,0.48718057216884353,0.48718057216884364
low,0.00675,0.007,0,0,3,0.8768932756814802,0.8785217252783803,-0.17366485066306103,0.14352254097444184,2.195612946207598,4.875961750606862,2.1962962536255053,4.874444632844154,-157.17125077065828,158.37368194655394,-156.5628191891039,157.76375461283527,0.9432854836184862,0.9432854836184864,0.0001741715184321998,0.00017417151843219985,0.4871904894007654,0.48719048940076554
low,0.007,0.00725,0,0,3,0.8768923779017127,0.8785210640417049,-0.17688801884417843,0.1462804490022049,2.191773385520197,4.8889073420766875,2.192456280321332,4.8873844522059855,-164.07080772286125,164.78096936142157,-163.44423207523388,164.15350930295233,0.9432585188727761,0.9432585188727763,0.00017387361734502762,0.00017387361734502767,0.48720080441773267,0.4872008044177328
low,0.00725,0.0075,0,0,3,0.8768915037661799,0.8785204125086878,-0.1800919781084665,0.14905800287744073,2.1881377704418346,4.901671148199239,2.188820144302508,4.900142912523125,-171.04024079681156,171.24089650035012,-170.39552518534768,170.59593077509948,0.9432305896667266,0.9432305896667268,0.0001735398642341492,0.00017353986423414926,0.48721151207710867,0.4872115120771088
low,0.0075,0.00775,0,0,3,0.8768906575557396,0.8785197751923582,-0.18327362403048206,0.15185376525801286,2.1847067288783646,4.914245528704085,2.185388473352807,4.9127123820160685,-178.05975757798103,177.7373793301075,-177.39696186248722,177.07498571307045,0.9432017015644518,0.943201701564452,0.0001731704507515819,0.00017317045075158194,0.4872226071022306,0.4872226071022307
low,0.00775,0.008,0,0,3,0.8768898436531706,0.8785191567134045,-0.186429861328319,0.15466627860064067,2.1814807847564444,4.926623023168746,2.1821617913419633,4.925085408231485,-185.10797239224144,184.2531017356892,-184.4272154996048,183.57341153348142,0.9431718602707905,0.9431718602707907,0.00017276559933651555,0.0001727655993365156,0.4872340840896074,0.4872340840896075
low,0.008,0.00825,0,0,3,0.8768890665391992,0.8785185617958284,-0.18955760893959459,0.15749406809797534,2.178460357838478,4.938796363765946,2.1791405180414976,4.93725473076415,-192.18287706013584,190.7710274628862,-191.48431394465393,190.07422627481836,0.9431410716264763,0.9431410716264765,0.00017232556304515943,0.0001723255630451595,0.4872459375157902,0.4872459375157903
low,0.00825,0.0085,0,0,3,0.8768883307885414,0.8785179952626803,-0.19265380508877197,0.16033564464744884,2.1756457635843867,4.950758487685361,2.176324968987274,4.949213293654786,-199.24088587567704,197.27031432024114,-198.52475693061143,196.55664428846887,0.9431093416032368,0.943109341603237,0.00017185062532036033,0.00017185062532036038,0.48725816174447856,0.48725816174447867
low,0.0085,0.00875,0,0,3,0.8768876410658725,0.8785174620316757,-0.1957154123145562,0.163189507830757,2.173037213123793,4.962502549070367,2.1737153554523716,4.960954257304511,-206.25557957713508,203.7303338977576,-205.52219365787602,203.00009786933467,0.9430766762988119,0.9430766762988121,0.00017134109969430938,0.00017134109969430943,0.4872707510338012,0.4872707510338013
low,0.00875,0.009,0,0,3,0.8768870021218059,0.8785169671108511,-0.1987394224521061,0.16605414890272088,2.1706348132883857,4.974021930518297,2.1713117844800496,4.972471009954404,-213.20023360959507,210.12960005053478,-212.44997153744373,209.38316578327075,0.9430430819320534,0.9430430819320537,0.00017079732943186757,0.00017079732943186762,0.48728369954316364,0.48728369954316375
low,0.009,0.00925,0,0,3,0.8768864187888259,0.8785165155941476,-0.2017228615463096,0.1689280537741397,2.168438566758241,4.985310254024912,2.1691142590305517,4.983757178611183,-220.04731766686905,216.4460211435511,-219.2806303552846,215.68381921328887,0.9430085648378301,0.9430085648378304,0.00017021968710566343,0.00017021968710566348,0.487297001340725,0.4872970013407251
low,0.00925,0.0095,0,0,3,0.8768858959772208,0.8785161126570169,-0.2046627946872924,0.1718097059841959,2.1664483722759025,4.996361391405409,2.1671226781955846,4.994806639451232,-226.76867333799268,222.65699834677093,-225.98608221895526,221.87952247262842,0.9429731314620832,0.9429731314620834,0.00016960857411335358,0.00016960857411335364,0.48731065041024296,0.4873106504102431
low,0.0095,0.00975,0,0,3,0.876885438671019,0.87851576355203,-0.20755633075021243,0.17469758965111207,2.1646640249570375,5.007169474121438,2.165336837509257,5.005613527632659,-233.33578161029712,228.73962793460788,-232.5378786607812,227.9474350046723,0.9429367883568077,0.9429367883568079,0.00016896442013186614,0.0001689644201318662,0.48732464065806474,0.48732464065806486
low,0.00975,0.010,0,0,3,0.876885051923899,0.8785154736044247,-0.21040062701850537,0.17759019238742346,2.1630852167233816,5.0177289024344525,2.1637564293811957,5.016172246435826,-239.72005443095622,234.6709225141323,-238.9075015616056,233.86463207969922,0.9428995421749659,0.9428995421749661,0.00016828768250770257,0.00016828768250770263,0.48733896592040693,0.48733896592040704
low,0.010,0.01025,0,0,3,0.8768847408551494,0.8785152482077898,-0.21319289369573913,0.18048600818555105,2.1617115367746407,5.028034354006563,2.162381043568527,5.026477475853405,-245.8931457907749,240.42804794222482,-245.06667308591648,239.6083406735179,0.9428613996655626,0.9428613996655628,0.0001675788455962809,0.00016757884559628094,0.4873536199700409,0.487353619970041
low,0.01025,0.0105,0,0,3,0.8768845106455696,0.8785150928195891,-0.21593039826249041,0.1833835402425139,2.1605424722256092,5.038080791697503,2.161210167812945,5.036524180378905,-251.82727530240746,245.98857043996932,-250.9876786688433,245.15618610206698,0.9428223676685678,0.942822367668568,0.00016683842003478063,0.00016683842003478068,0.48736859652326986,0.48736859652326997
low,0.0105,0.01075,0,0,3,0.8768843665334761,0.8785150129568783,-0.21861046969527456,0.1862813037378973,2.159577408793565,5.047863470746453,2.1602431885279634,5.046307616182187,-257.4955583828935,251.3307097179243,-256.6436964243477,250.48644448234822,0.9427824531099804,0.9427824531099807,0.0001660669419670613,0.00016606694196706135,0.48738388924675474,0.48738388924675485
low,0.01075,0.011,0,0,3,0.8768843138106597,0.8785150141919325,-0.22123050251410015,0.18917782854147586,2.1588156316078546,5.057377945181447,2.15947939160824,5.055823337514918,-262.8723354106208,256.43359233220286,-262.0091255460955,255.57829543814938,0.9427416629968958,0.942741662996896,0.00016526497221249943,0.00016526497221249948,0.48739949176391667,0.4873994917639168
low,0.011,0.01125,0,0,3,0.8768843578184098,0.8785151021479624,-0.22378796065774226,0.19207166185042626,2.1582563261228995,5.066620073487509,2.1589179633422084,5.06506720237707,-267.9334921037094,261.27749942035416,-267.05990595785215,260.41206920654554,0.9427000044125371,0.9427000044125373,0.0001644330953839962,0.00016443309538399626,0.4874153976618903,0.4874153976618904
low,0.01125,0.0115,0,0,3,0.8768845039435553,0.8785152824948569,-0.22628038117320373,0.19496137074707864,2.157898579118727,5.07558602353174,2.158557991412132,5.074035377442636,-272.6567632217722,265.84410281862966,-271.77382134259136,264.96948217123787,0.9426574845114489,0.9426574845114492,0.00016357191896083852,0.00016357191896083857,0.4874316004975985,0.4874316004975986
low,0.0115,0.01175,0,0,3,0.8768847576145516,0.8785155609449515,-0.22870537770480218,0.19784554466651208,2.1577413798292664,5.084272276675306,2.158398466021807,5.082724342174625,-277.02201189015625,270.116683668126,-276.13077786095846,269.2338549392245,0.9426141105146305,0.9426141105146307,0.0001626820723131986,0.00016268207231319865,0.48744809380425047,0.4874480938042506
low,0.01175,0.012,0,0,3,0.8768851242976039,0.8785159432488757,-0.23106064378403832,0.20072279777547689,2.157783621151293,5.0926756311456725,2.1584382811048033,5.091130892202565,-281.01147742935143,274.08032803299574,-280.11305145801197,273.19030749803363,0.9425698897047577,0.942569889704758,0.00016176420568750246,0.00016176420568750252,0.4874648710975906,0.48746487109759074
low,0.012,0.01225,0,0,3,0.876885609492841,0.878516435191438,-0.23334395590275578,0.20359177124934155,2.15802410096012,5.100793204609527,2.1586762356393594,5.0992521419029195,-284.60998534556427,277.7220945960056,-283.7054974273544,276.8259265301402,0.9425248294215366,0.9425248294215368,0.00016081898915370498,0.00016081898915370503,0.4874819258815774,0.4874819258815775
low,0.01225,0.0125,0,0,3,0.8768862187305406,0.8785170425875717,-0.23555317636644968,0.2064511354446907,2.1584615235388602,5.108622435947179,2.1591110350767138,5.107085526183284,-287.8051142762479,281.0311503277538,-286.8957170368543,280.12990079004305,0.9424789370569769,0.9424789370569772,0.0001598471115147347,0.00015984711151473475,0.4874992516546361,0.4874992516546362
low,0.0125,0.01275,0,0,3,0.8768869575674085,0.8785177712783356,-0.23768625591955853,0.20929959196102346,2.159094501101497,5.116161086247658,2.1597412928631683,5.114628801489368,-290.58731601406,283.9988710144612,-289.67417734646517,283.0936214352648,0.9424322200508608,0.942432220050861,0.00015884927918655947,0.00015884927918655953,0.4875168419151246,0.48751684191512473
low,0.01275,0.013,0,0,3,0.8768878315828994,0.8785186271269697,-0.23974123613949896,0.21213587558859218,2.1599215554197575,5.123407239021954,2.160565532065829,5.121880046032254,-292.9499862107377,286.61890462399896,-292.0342818234253,285.7107452946561,0.9423846858862055,0.9423846858862057,0.000157826215048879,0.00015782621504887906,0.4875346901669553,0.4875346901669554
low,0.013,0.01325,0,0,3,0.876888846375655,0.878519616015098,-0.24171625159975463,0.2149587561415343,2.160941119531032,5.130359299678357,2.161582187079307,5.128837659279726,-294.8894849444279,288.8871966844241,-293.97239093844587,287.977220248856,0.9423363420848753,0.9423363420848755,0.00015677865727444662,0.00015677865727444667,0.48755278992494683,0.48755278992494694
low,0.01325,0.0135,0,0,3,0.8768900075599083,0.8785207438388628,-0.24360953178463815,0.21776704016274218,2.162151539572539,5.137015994183481,2.1627896054585496,5.135500360635255,-296.40510783868496,290.8019779774079,-295.48779342791613,289.89127302318417,0.9422871962031638,0.942287196203164,0.0001557073581330462,0.00015570735813304624,0.4875711347200891,0.4875711347200892
low,0.0135,0.01375,0,0,3,0.8768913207620656,0.8785220165052777,-0.24541940277018628,0.22055957250930788,2.1635510766822987,5.1433763670293455,2.164186049818405,5.141867187424817,-297.4990100073298,292.36371607216506,-296.5826304895306,291.45336091336407,0.9422372558276058,0.942237255827606,0.00015461308278383795,0.000154613082783838,0.4875897181043894,0.4875897181043895
low,0.01375,0.014,0,0,3,0.8768927916172852,0.8785234399285715,-0.2471442886590526,0.22333523780870226,2.1651379090075387,5.149439778449283,2.165769699840503,5.147937492134281,-298.176245569104,293.5757384964052,-297.2619352883016,292.6667942386494,0.9421865285707564,0.9421865285707566,0.0001534966080514111,0.00015349660805141115,0.48760853365581863,0.48760853365581874
low,0.014,0.01425,0,0,3,0.8768944257661488,0.8785250200266425,-0.24878271277511368,0.22609296178801966,2.166910133792931,5.155205900945543,2.167538654359887,5.153710938960072,-298.44438413882347,294.4431021543999,-297.53325039380974,293.53660756166715,0.9421350220670944,0.9421350220670947,0.00015235872119409032,0.00015235872119409038,0.48762757498298415,0.48762757498298426
low,0.01425,0.0145,0,0,3,0.8768962288514254,0.8785267627176306,-0.2503332986200611,0.22883171247606254,2.168865769540688,5.160674715160494,2.169490933523419,5.159187499704891,-298.3130442402173,294.9712724555957,-297.4061623099367,294.0682408805967,0.9420827439690823,0.9420827439690825,0.0001512002186691311,0.00015120021866913116,0.48764683572947604,0.48764683572947615
low,0.0145,0.01475,0,0,3,0.8768982065148768,0.8785286739164561,-0.25179477057285865,0.23155050126217913,2.1710027583067646,5.165846504989368,2.1716244810841996,5.164367448916399,-297.7942598436613,295.1685547401937,-296.8926672629479,294.26996786909433,0.9420297019431967,0.9420297019431969,0.00015002190488960562,0.00015002190488960568,0.48766630957821083,0.48766630957821094
low,0.01475,0.015,0,0,3,0.8769003643941847,0.8785307595316355,-0.2531659543824572,0.2342483838474835,2.173318967983221,5.170721852246178,2.173937166682068,5.169251358580153,-296.90199552716047,295.0448211978521,-296.00668752366977,294.1516248541199,0.9419759036661809,0.9419759036661811,0.00014882459099370098,0.00014882459099370104,0.4876859902555439,0.487685990255544
low,0.015,0.01525,0,0,3,0.8769027081199208,0.878533025462005,-0.2544457773971781,0.23692446104352877,2.175812194738655,5.17530163056431,2.176426788282104,5.173840092048399,-295.65189296525404,294.6113223423138,-294.76381853146376,293.72442282460383,0.9419213568213423,0.9419213568213425,0.00014760909361112055,0.0001476090936111206,0.48770587153499106,0.4877058715349912
low,0.01525,0.0155,0,0,3,0.8769052433126192,0.8785354775936398,-0.2556332685828962,0.23957787945542575,2.178480165483165,5.179586998828071,2.1790910746375682,5.178134797500717,-294.06101002674944,293.88049170879503,-293.18106863908736,293.0007526766741,0.9418660690949016,0.9418660690949018,0.00014637623364254423,0.00014637623364254429,0.4877259472412286,0.4877259472412287
low,0.0155,0.01575,0,0,3,0.876907975579934,0.8785381217968457,-0.2567275583126148,0.2422078320335991,2.1813205403983944,5.183579394063184,2.18192768781788,5.182136900864361,-292.1475585004094,292.8657483461402,-291.2765974838366,291.99398825578834,0.9418100481725765,0.9418100481725767,0.00014512683505304514,0.0001451268350530452,0.487746211253197,0.4877462112531971
low,0.01575,0.016,0,0,3,0.8769109105138548,0.8785409639232137,-0.2577278779379511,0.24481355849970812,2.184330915540877,5.187280523814704,2.1849342258098052,5.185848098222728,-289.9306459606677,291.5813013190477,-289.0694584847777,290.71829140058304,0.9417533017361247,0.9417533017361249,0.0001438617236787765,0.00014386172367877656,0.48776665750775156,0.48776665750775167
low,0.016,0.01625,0,0,3,0.8769140536880555,0.8785440098028163,-0.25863355914899705,0.24739434564853927,2.1875088254928934,5.190692358074563,2.1881082251661113,5.18927034777392,-287.43002660533284,290.041959951963,-286.579350287161,289.1884227106111,0.941695837460082,0.9416958374600822,0.00014258172605448107,0.00014258172605448113,0.48778728000267724,0.48778728000267735
low,0.01625,0.0165,0,0,3,0.8769174106552822,0.8785472652414661,-0.2594440331337267,0.24994952753192992,2.190851746053513,5.1938171208063695,2.1914471636943484,5.192405861386919,-284.665865121844,288.26295297181673,-283.8263812016877,287.41956118735,0.9416376630085859,0.9416376630085861,0.00014128766826349492,0.00014128766826349497,0.48780807279959537,0.4878080727995955
low,0.0165,0.01675,0,0,3,0.8769209869448304,0.8785507360180403,-0.26015882953444547,0.2524784855197478,2.194357096994781,5.19665728104612,2.1949484632107192,5.195257095733922,-281.65851679729593,286.2597590788372,-280.83084984686246,285.4271352714815,0.9415787860322716,0.9415787860322719,0.00013998037481054146,0.00013998037481054152,0.48782903002678185,0.48782903002678196
low,0.01675,0.017,0,0,3,0.8769247880601528,0.8785544278819912,-0.2607775752270195,0.25498064825439615,2.198022244826092,5.199215543716415,2.198609492302097,5.197826743136233,-278.4283263483324,284.0479509358919,-277.6130444651902,283.22666726200185,0.9415192141653262,0.9415192141653265,0.00013866066752544971,0.00013866066752544977,0.4878501458817435,0.48785014588174364
low,0.017,0.01725,0,0,3,0.8769288194765065,0.8785583465508778,-0.2612999929155892,0.2574554914907371,2.2018445056080727,5.201494840101693,2.2024275691375035,5.200117722071131,-275.03557326379564,281.6710013270721,-274.2331324915125,280.86153654538754,0.9414589550226188,0.941458955022619,0.00013732936449498915,0.0001373293644949892,0.4878714146336583,0.4878714146336584
low,0.01725,0.0175,0,0,3,0.8769330866387008,0.8785624977079834,-0.2617258995526346,0.2599025378256696,2.205821147805755,5.2034983180310945,2.2063999643188494,5.202133167386224,-271.68023615352405,279.2694817614389,-270.89078914738565,278.47207392054116,0.9413980161969234,0.9413980161969236,0.00013598727902570644,0.0001359872790257065,0.48789283062550387,0.487892830625504
low,0.0175,0.01775,0,0,3,0.8769375949589456,0.8785668870000896,-0.26205520461026066,0.2623213563341318,2.2099493951357823,5.205229331887402,2.2105239037256688,5.20387642033953,-268.38249562052226,276.8584106144459,-267.6061489876334,276.07325566954046,0.941336405256288,0.9413364052562883,0.00013463521864429538,0.00013463521864429543,0.4879143882761971,0.4879143882761972
low,0.01775,0.018,0,0,3,0.8769423498147504,0.8785715200352845,-0.26228790819546577,0.2647115621032716,2.2142264294460907,5.206691432393093,2.21479657139231,5.205351018416289,-265.1376587550746,274.4354980108857,-264.3745080655134,273.66277675915586,0.9412741297414541,0.9412741297414543,0.0001332739841319015,0.00013327398413190156,0.4879360820825342,0.4879360820825343
low,0.018,0.01825,0,0,3,0.8769473565469544,0.878576402380896,-0.26242409902316627,0.2670728156719854,2.2186493936086054,5.207888356234233,2.2192151123981185,5.206560684983081,-261.94153408915287,271.99883813890466,-261.19166312425403,271.2387156002155,0.9412111971634468,0.941211197163447,0.00013190436859707427,0.00013190436859707432,0.4879579066207479,0.487957906620748
low,0.01825,0.0185,0,0,3,0.8769526204578196,0.878581539561534,-0.2624639522680116,0.2694048223893053,2.223215394402163,5.208824015602134,2.22377663574783,5.207509318859071,-258.79039309184515,269.54688140402936,-258.05386861584543,268.7995017168016,0.9411476150011939,0.9411476150011941,0.00013052715658856123,0.00013052715658856128,0.48797985654832204,0.48797985654832216
low,0.0185,0.01875,0,0,3,0.87695814680918,0.8785869370571568,-0.262407727288009,0.27170733168341815,2.227921505412995,5.20950248761437,2.2284782172695152,5.208200983765894,-255.6809568763302,267.078430439431,-254.95779752255638,266.3438858643347,0.941083390699287,0.9410833906992873,0.00012914312324758352,0.00012914312324758357,0.48800192660531244,0.48800192660531255
low,0.01875,0.019,0,0,3,0.8769639408207202,0.8785926003013095,-0.26225576524762517,0.27398013625941053,2.232764769904467,5.209928003736033,2.2333169024817887,5.2086398977769335,-252.61029676913148,264.5925487869127,-251.90050558668585,263.87091236558257,0.9410185316659055,0.9410185316659058,0.00012775303350456832,0.00012775303350456838,0.48802411161534226,0.48802411161534237
low,0.019,0.01925,0,0,3,0.876970007668314,0.8785985346793795,-0.26200848663162674,0.27622307121671025,2.2377422037199857,5.210104939112307,2.2382897094941616,5.208830422677099,-249.57582612179206,262.0885597739861,-248.8793985323125,261.37989339338714,0.9409530452706603,0.9409530452706605,0.00012635764131337473,0.00012635764131337478,0.4880464064872275,0.48804640648722764
low,0.01925,0.0195,0,0,3,0.8769763524824529,0.8786047455270248,-0.26166638868770636,0.27843601311232946,2.242850798108957,5.210037802028713,2.2433936318304832,5.2087770534491975,-246.57527869942516,259.5660310494727,-245.89220202884357,258.8703850777172,0.9408869388427549,0.9408869388427551,0.0001249576889357249,0.00012495768893572496,0.4880688062155752,0.4880688062155753
low,0.0195,0.01975,0,0,3,0.8769829803467267,0.8786112381285717,-0.2612300427717035,0.28061887894777476,2.2480875225939596,5.209731223307319,2.248625641293584,5.20848440769533,-243.60668093062475,257.0247521741311,-242.93693403657096,256.3421651891228,0.9408202196690728,0.940820219669073,0.00012355390626276434,0.0001235539062627644,0.4880913058817467,0.4880913058817468
low,0.01975,0.020,0,0,3,0.876989896296427,0.8786180177156181,-0.260700091642759,0.28277162511289916,2.2534493277654946,5.209189945873631,2.253982690757534,5.207957215227819,-240.70973045529777,254.53632469711454,-240.05323398365385,253.8667452598263,0.9407528949924486,0.9407528949924489,0.00012214701018565334,0.0001221470101856534,0.4881139006546197,0.4881139006546198
low,0.020,0.02025,0,0,3,0.8769971053171898,0.8786250894656569,-0.2600772466950561,0.2848942462745968,2.258933148059912,5.2084188144038706,2.2594617169430866,5.20720030773938,-238.0515846328465,252.3926090242287,-237.40805240822328,251.73566160211047,0.9406849720100162,0.9406849720100164,0.00012073770400893752,0.00012073770400893755,0.488136585791089,0.4881365857910891
low,0.02025,0.0205,0,0,3,0.8770046123437473,0.8786324585007821,-0.2593622851351245,0.28698677421464447,2.264535904523131,5.207422765068763,2.2650596431789527,5.206218608568668,-235.41758280524095,250.22485244273486,-234.78697706220007,249.58055580337862,0.9406164578716317,0.940616457871632,0.00011932667690671513,0.00011932667690671516,0.48815935663656407,0.4881593566365642
low,0.0205,0.02075,0,0,3,0.8770124222587146,0.8786401298864757,-0.2585560471297255,0.28904927663413266,2.2702545075104013,5.206206815484336,2.2707733820991476,5.205017122671571,-232.80680971535426,248.0337476809686,-232.18907976949652,247.40210460898788,0.9405473596784033,0.9405473596784035,0.00011791460342481246,0.00011791460342481249,0.48818220862523876,0.48818220862523887
low,0.02075,0.021,0,0,3,0.8770205398914939,0.8786481086305072,-0.2576594329229494,0.29108185592096886,2.276085859355127,5.204776054825842,2.2765998383094344,5.203600926754415,-230.74012213223872,245.87204255024906,-230.13465657973546,245.25291614361265,0.9404776844812671,0.9404776844812673,0.00011650214302575383,0.00011650214302575386,0.48820513728055537,0.4882051372805555
low,0.021,0.02125,0,0,3,0.877028970017217,0.8786563996818773,-0.2566733999331283,0.29308464788717564,2.2820268569826885,5.2031356341558865,2.282535910998814,5.201975159620083,-229.6248492110037,243.7813350908545,-229.03065766112655,243.17451862437022,0.9404074392797281,0.9404074392797284,0.0001150899396781759,0.00011508993967817592,0.4882281382151019,0.488228138215102
low,0.02125,0.0215,0,0,3,0.8770377173557717,0.8786650079298348,-0.2555989598355678,0.29505782047861406,2.288074394485078,5.201290756956545,2.2885784965118803,5.20014501271687,-228.50452879333068,241.66753548060973,-227.92160024868127,241.07301285882934,0.9403366310206381,0.9403366310206384,0.00011367862148775658,0.00011367862148775661,0.4882512071305714,0.4882512071305715
low,0.0215,0.02175,0,0,3,0.8770467865709056,0.8786739382030061,-0.2544371756484335,0.2970015724688093,2.2942253656331317,5.199246669924091,2.2947244908588083,5.198115720948681,-227.3800051116326,239.53186710567536,-226.8083177809131,238.9496103369023,0.9402652665970218,0.940265266597022,0.00011226880037077964,0.00011226880037077967,0.4882743398179655,0.4882743398179656
low,0.02175,0.022,0,0,3,0.8770561822693724,0.8786831952685388,-0.253189158816713,0.2989161321317123,2.300476666339938,5.197008653999475,2.3009707921765905,5.1958925537196805,-226.25221551567427,237.37562615959064,-225.69173697073208,236.80559557365547,0.9401933528470462,0.9401933528470464,0.000110861071768591,0.00011086107176859102,0.4882975321572158,0.4882975321572159
low,0.022,0.02225,0,0,3,0.8770659090001723,0.8786927838313645,-0.25185606631262597,0.3008017559058813,2.3068251970616442,5.194582015681102,2.3073143031277206,5.193480806259995,-225.12230749932988,235.20029659110165,-224.5728694556224,234.64231568173332,0.9401208965530096,0.9401208965530098,0.00010945601440223063,0.00010945601440223066,0.488320780117066,0.4883207801170661
low,0.02225,0.0225,0,0,3,0.8770759712538251,0.8787027085334994,-0.2504390977561737,0.3026587270519038,2.3132678651268064,5.1919720786343495,2.3137519332274956,5.190885791246866,-223.99126881101188,233.00717821995192,-223.4528040243942,232.46117060430697,0.9400479044404928,0.940047904440493,0.00010805419006755887,0.00010805419006755889,0.48834407975448435,0.48834407975448446
low,0.0225,0.02275,0,0,3,0.877086373461742,0.8787129739534246,-0.24893949255625256,0.304487354302184,2.3198015870269986,5.189184175553835,2.320280601132628,5.188112830677367,-222.86024721600822,230.79770457966436,-222.3326993826625,230.26360396151384,0.9399743831774531,0.9399743831774533,0.00010665614346579822,0.00010665614346579825,0.4883674272145758,0.48836742721457593
low,0.02275,0.023,0,0,3,0.8770971199956287,0.8787235846055585,-0.2473585270974328,0.30628797052152407,2.3264232905935893,5.186223640411788,2.326897236816115,5.185167248125932,-221.73047428071715,228.5733648498158,-221.2137774818858,228.05109452775577,0.9399003393735552,0.9399003393735554,0.00010526240207540594,0.00010526240207540597,0.4883908187297196,0.48839081872971973
low,0.023,0.02325,0,0,3,0.8771082151669525,0.8787345449397057,-0.24569751194397674,0.3080609313556256,2.333129917176902,5.1830958008939385,2.333598783744537,5.182054361188331,-220.60323824011076,226.33567493152324,-220.09731732662098,225.82514824692106,0.9398257795793442,0.9398257795793444,0.00010387347605311576,0.00010387347605311579,0.48841425061952715,0.48841425061952726
low,0.02325,0.0235,0,0,3,0.8771196632264834,0.8787458593406423,-0.24395778910114443,0.30980661389771896,2.339918423694455,5.179805971253323,2.3403822009245485,5.178779474342272,-219.52519402587941,224.53932072715207,-219.02987662219812,224.04002994811577,0.9397507102857887,0.9397507102857889,0.00010248985817570052,0.00010248985817570055,0.48843771928940927,0.4884377192894094
low,0.0235,0.02375,0,0,3,0.8771314683638624,0.8787575321277877,-0.24214072933753422,0.3115254153757233,2.3467857846094202,5.17635944550295,2.3472444648796253,5.175347872145827,-218.52916204777455,223.49943267750206,-218.0442098910857,223.01059655794424,0.9396751379235785,0.9396751379235787,0.0001011120238124049,0.00010111202381240493,0.48846122123074465,0.48846122123074476
low,0.02375,0.024,0,0,3,0.877143634707257,0.8787695675548215,-0.24024772952820916,0.31321775182800593,2.3537289938894266,5.172761490816585,2.3541825716072675,5.171764812642885,-217.53793528766937,222.430913784628,-217.06325725682953,221.95246585393392,0.9395990688627058,0.939599068862706,9.974043092689035e-05,9.974043092689038e-05,0.4884847530195376,0.4884847530195377
low,0.024,0.02425,0,0,3,0.8771561663230307,0.8787819698094063,-0.2382802100748768,0.3148840568111652,2.3607450668585033,5.169017341330913,2.361193538429403,5.168035521168934,-216.5530695481607,221.3362756014675,-216.08856673264313,220.86813975590144,0.9395225094119725,0.9395225094119727,9.83755201106834e-05,9.837552011068342e-05,0.4885083113158729,0.488508311315873
low,0.02425,0.0245,0,0,3,0.8771690672154943,0.878794743013059,-0.23623961240202868,0.31652478013857355,2.3678310419292106,5.165132192356262,2.368274405723077,5.164165184564344,-215.94254746754396,220.4295328853214,-215.4876193268043,219.97124558174838,0.9394454658186855,0.9394454658186857,9.70177146492036e-05,9.701771464920362e-05,0.48853189286289644,0.48853189286289656
low,0.0245,0.02475,0,0,3,0.8771823413266866,0.8788078912209063,-0.2341273964837352,0.3181403866143519,2.374983982351734,5.161111194746208,2.3754222386681745,5.160158945545677,-215.36191717304044,219.51333339055194,-214.9164403853467,219.06479369833397,0.9393679442682493,0.9393679442682495,9.566742060788265e-05,9.566742060788267e-05,0.48855549448614066,0.4885554944861408
low,0.02475,0.025,0,0,3,0.8771959925362238,0.8788214184216234,-0.2319450384639804,0.3197313548113151,2.3822009778116753,5.156959449731526,2.382634128843937,5.156021897540358,-214.7887179562906,218.57622537386578,-214.35259529857518,218.13734920451384,0.9392899508839804,0.9392899508839806,9.432502695010251e-05,9.432502695010254e-05,0.48857911309224766,0.4885791130922478
low,0.025,0.02525,0,0,3,0.8772100246611576,0.8788353285373224,-0.22969402833220415,0.32129817586355724,2.3894791460006717,5.152682003992546,2.389907195798381,5.151759079758921,-214.22492335061847,217.62085527695248,-213.79799061611092,217.1914901969162,0.9392114917268144,0.9392114917268146,9.299090567524166e-05,9.299090567524169e-05,0.48860274566830003,0.48860274566830014
low,0.02525,0.0255,0,0,3,0.8772244414559052,0.8788496254235594,-0.22737586768202867,0.32284135229493266,2.3968156340750073,5.148283845116247,2.3972385885058043,5.147375472651161,-213.6725373185328,216.64985291750529,-213.25456077161317,216.229775681292,0.9391325727951804,0.9391325727951806,9.166541198256789e-05,9.166541198256792e-05,0.4886263892806121,0.4886263892806122
low,0.0255,0.02575,0,0,3,0.8772392466122209,0.8788643128693501,-0.22499206753561923,0.3243613968701938,2.404207620063878,5.143769897323537,2.4046254867740258,5.142875993631718,-213.13354688990026,215.6657219212897,-212.72440611262715,215.25482143739774,0.9390532000248761,0.9390532000248764,9.034888445465621e-05,9.034888445465624e-05,0.4886500410737261,0.4886500410737262
low,0.02575,0.026,0,0,3,0.8772544437591938,0.8788793945972349,-0.22254414624907662,0.32585883148110656,2.41165231418828,5.139145017534226,2.4120651025623348,5.138265493142626,-212.60979851114507,214.67089720420853,-212.20938142757407,214.2690695494311,0.9389733792889886,0.9389733792889888,8.904164526145586e-05,8.904164526145588e-05,0.4886736982693497,0.4886736982693498
low,0.026,0.02625,0,0,3,0.8772700364632883,0.8788948742633792,-0.22003362749214295,0.3273341860624201,2.4191469601084097,5.134413991728559,2.4195546812280435,5.13354875101175,-212.10330573143364,213.66787706849195,-211.71149489071576,213.27501188336788,0.9388931163978849,0.9388931163978851,8.7744000382758e-05,8.774400038275803e-05,0.48869735816512255,0.48869735816512266
low,0.02625,0.0265,0,0,3,0.8772860282284303,0.8789107554577331,-0.21746203830852406,0.32878799754295596,2.426688836094406,5.129581531614608,2.4270915026964555,5.128730473116465,-211.61611415798592,212.6591403015104,-211.2327870711215,212.27512119954395,0.9388124170992151,0.9388124170992154,8.645623984771657e-05,8.64562398477166e-05,0.4887210181335854,0.48872101813358554
low,0.0265,0.02675,0,0,3,0.8773024224961204,0.8789270417041475,-0.21483090723905626,0.3302208088184057,2.434275256160717,5.124652271517378,2.4346728825945454,5.123815288268515,-211.15055297194698,211.64739950665484,-210.77532594932765,211.27184798055632,0.9387312870779246,0.9387312870779249,8.517863798765511e-05,8.517863798765514e-05,0.4887446756210817,0.4887446756210818
low,0.02675,0.027,0,0,3,0.8773192226455732,0.8789437364606854,-0.2121417625598398,0.33163316778733265,2.4419035710331256,5.119630765723565,2.4422961732173905,5.118807745553894,-210.70850329719636,210.63486866287278,-210.3412081662445,210.26762086889715,0.9386497319564276,0.9386497319564279,8.391145370936953e-05,8.391145370936956e-05,0.4887683281463954,0.48876832814639554
low,0.027,0.02725,0,0,3,0.877336431993914,0.8789608431197675,-0.20939613055055,0.3330256263838006,2.4495711691725504,5.11452148586925,2.4499587645514387,5.113712311715311,-210.2920444431768,209.6239084627703,-209.93256064058284,209.2648473776419,0.9385677572946481,0.9385677572946484,8.2654930773096e-05,8.265493077309603e-05,0.488791973299763,0.4887919732997631
low,0.02725,0.0275,0,0,3,0.877354053796382,0.8789783650085404,-0.20659553388818094,0.33439873968276074,2.4572754776028005,5.109328818819727,2.457658085101836,5.108533369026237,-209.90333962162728,208.61691100841549,-209.55154272305325,208.26591502171243,0.9384853685902792,0.9384853685902794,8.140929809036213e-05,8.140929809036216e-05,0.4888156087414127,0.48881560874141283
low,0.0275,0.02775,0,0,3,0.8773720912465695,0.8789963053891046,-0.20374149008036782,0.33575306501073365,2.46501396277455,5.1040570646193135,2.4653916027560228,5.103275213234637,-209.47863951441656,207.5737191093056,-209.13445496213157,207.23070146714633,0.9384025712788917,0.9384025712788919,8.017477002530075e-05,8.017477002530077e-05,0.48883923220057696,0.48883923220057707
low,0.02775,0.028,0,0,3,0.8773905474767029,0.8790146674588875,-0.20083550999899044,0.3370891611104008,2.4727841312981984,5.0987104348010215,2.4731568255163134,5.0979420518661644,-208.94272583452147,206.44660245311422,-208.60613494895216,206.1115158765249,0.9383193707342061,0.9383193707342063,7.89515467096172e-05,7.895154670961723e-05,0.4888628414741454,0.4888628414741455
low,0.028,0.02825,0,0,3,0.8774094255579211,0.8790334543510292,-0.19787909649297433,0.33840758734338966,2.4805835306073485,5.093293050941736,2.4809513021631613,5.092538002772532,-208.2949838795513,205.23586116596738,-207.96596181580094,204.90865264691595,0.9382357722683523,0.9382357722683525,7.773981436545796e-05,7.773981436545798e-05,0.48888643442547486,0.48888643442547497
low,0.02825,0.0285,0,0,3,0.8774287285006175,0.8790526691347457,-0.1948737430592104,0.33970890291481015,2.4884097496011806,5.087808943366786,2.488772622897389,5.087067092829067,-207.53515950564392,203.9420327539613,-207.2136752916276,203.6226436905589,0.9381517811321419,0.9381517811321421,7.653974563293461e-05,7.653974563293463e-05,0.48891000898318443,0.48891000898318454
low,0.0285,0.02875,0,0,3,0.8774484592547739,0.8790723148156939,-0.19182093258999444,0.34099366613524995,2.496260419213468,5.082262050091029,2.4966184199091326,5.081533256868521,-206.6632879401872,202.56584653261905,-206.34930458577588,202.25421291281432,0.9380674025153891,0.9380674025153893,7.535149990411405e-05,7.535149990411408e-05,0.488933563139677,0.4889335631396771
low,0.02875,0.029,0,0,3,0.8774686207103317,0.879092394336535,-0.18872213622754974,0.34226243374520976,2.504133212846858,5.076656216103504,2.5044863678121203,5.0759403369582055,-205.67970588994086,201.1082315879399,-205.37318049851746,200.8042841715839,0.9379826415472655,0.9379826415472657,7.417522366608309e-05,7.417522366608312e-05,0.48895709495022016,0.4889570949502203
low,0.029,0.02925,0,0,3,0.8774892156975798,0.8791129105772681,-0.18557881223926967,0.34351576023384184,2.512025846865291,5.070995192637132,2.51237418413615,5.070292081662101,-204.58506148141802,199.570323155146,-204.2859453654065,199.27398765562344,0.9378975032966236,0.9378975032966238,7.301105084122597e-05,7.3011050841226e-05,0.4889806025315503,0.4889806025315504
low,0.02925,0.0295,0,0,3,0.8775102469875719,0.8791338663557425,-0.18239240499446646,0.3447541972172258,2.5199360809506834,5.065282636766693,2.520279629683896,5.064592145631055,-203.38032162681895,197.9534670578747,-203.08856075330627,197.66466464908396,0.9378119927724243,0.9378119927724246,7.185910313514173e-05,7.185910313514176e-05,0.48900408406046897,0.4890040840604691
low,0.0295,0.02975,0,0,3,0.8775317172925475,0.8791552644282079,-0.17916434401703035,0.34597829285680076,2.5278617183961054,5.0595221112031235,2.528200508824271,5.058844089389196,-202.06676962208232,196.25921507544138,-201.78231267980348,195.97787051507805,0.9377261149240995,0.9377261149240997,7.071949038668198e-05,7.071949038668201e-05,0.4890275377730098,0.4890275377730099
low,0.02975,0.030,0,0,3,0.8775536292663872,0.8791771074897586,-0.1758960430764878,0.34718859128834584,2.5358006063967933,5.053717084157072,2.536134669783683,5.053051379189573,-200.64602064670407,194.4893389669886,-200.36881415352084,194.21537575497314,0.9376398746420472,0.9376398746420475,6.959231091702305e-05,6.959231091702308e-05,0.4890509619626401,0.4890509619626402
low,0.030,0.03025,0,0,3,0.8775759855050873,0.8791993981749155,-0.17258889936870866,0.34838563210365925,2.543750636248739,5.047870929442464,2.5440800048449135,5.047217387109739,-199.12002029525863,192.64582830964144,-198.85000499403944,192.37916512934956,0.9375532767579989,0.9375532767579992,6.847765188083934e-05,6.847765188083936e-05,0.4890743549795569,0.48907435497955704
low,0.03025,0.0305,0,0,3,0.877598788547212,0.8792221390581384,-0.16924429275037936,0.34956994985698914,2.551709743504265,5.041986926710301,2.552034450503045,5.041345391277554,-197.49103781172462,190.7308838604243,-197.2281488131006,190.4714347609836,0.9374663260455174,0.9374663260455176,6.737558961718662e-05,6.737558961718664e-05,0.48909771522919093,0.48909771522919104
low,0.0305,0.03075,0,0,3,0.8776220408744134,0.8792453326544074,-0.16586358503570678,0.3507420736035275,2.5596759080816907,5.036068261820625,2.559995987575524,5.035438576235154,-195.7616601980142,188.7469126276344,-195.50582713610143,188.49458721321088,0.937379027220487,0.9373790272204873,6.628618999942382e-05,6.628618999942385e-05,0.4891210411709737,0.4891210411709738
low,0.03075,0.031,0,0,3,0.8776457449119394,0.8792689814197886,-0.16244811935192952,0.3519025264682841,2.5676471543316635,5.030118027341619,2.5679626412689354,5.029500033430103,-193.93478347548762,186.6965209361612,-193.68593067721164,186.4512245627557,0.9372913849415814,0.9372913849415816,6.520950878323347e-05,6.52095087832335e-05,0.4891443313172415,0.4891443313172416
low,0.031,0.03125,0,0,3,0.8776699030291466,0.8792930877520394,-0.15899921955939803,0.35305182525078965,2.57562155103666,5.024139223208586,2.575932481178993,5.023532761866438,-192.01360117553074,184.58250555379234,-191.77164784393997,184.34413953386903,0.9372034038107908,0.937203403810791,6.414559195370924e-05,6.414559195370927e-05,0.4891675842319661,0.4891675842319662
low,0.03125,0.0315,0,0,3,0.8776945175400429,0.8793176539911852,-0.1555181897157475,0.35419048004970577,2.5835972113964067,5.018134757447109,2.583903621276488,5.017539668819998,-190.0015901332572,182.4078429355345,-189.76645054501896,182.17630475066392,0.9371150883739342,0.9371150883739344,6.309447606831692e-05,6.309447606831695e-05,0.48919079852955843,0.48919079852955855
low,0.0315,0.03175,0,0,3,0.8777195907038311,0.8793426824201388,-0.15200631360224887,0.35531899392291477,2.591572292951385,5.0121074470392655,2.5918742198313613,5.011523570696868,-187.9024937687245,180.1756767323969,-187.67407748571534,179.9508602538717,0.937026443121178,0.9370264431211782,6.205618859760774e-05,6.205618859760776e-05,0.48921397287377616,0.48921397287377627
low,0.03175,0.032,0,0,3,0.8777451247254654,0.8793681752653218,-0.14846485429925357,0.3564378625732071,2.599544997469572,5.006060018882047,2.5998424793000483,5.005487193984133,-185.7336567361507,177.9242355394048,-185.5118597555463,177.70601230674419,0.9369374724875859,0.9369374724875861,6.1030748262215606e-05,6.103074826221562e-05,0.4892371059765225,0.4892371059765226
low,0.032,0.03225,0,0,3,0.8777711217562127,0.8793941346972775,-0.1448950538087722,0.35754757405873716,2.6075135707982593,4.999995110830422,2.607806646177937,4.999433176285388,-183.48882103493312,175.62944605829816,-183.27354258597052,175.41770013103198,0.9368481808536961,0.9368481808536964,6.001816536568139e-05,6.00181653656814e-05,0.4892601965965483,0.4892601965965484
low,0.03225,0.0325,0,0,3,0.8777975838942484,0.8794205628313448,-0.14129813273009506,0.3586486085337268,2.6154763026741725,4.99391527283667,2.6157650108101516,4.993364067452638,-181.16927744974075,173.2866720516994,-180.96041491029948,173.0812890709292,0.9367585725460329,0.9367585725460331,5.9018442122832014e-05,5.901844212283203e-05,0.489283243538626,0.4892832435386261
low,0.0325,0.03275,0,0,3,0.8778245131851925,0.8794474617282456,-0.1376752899745698,0.3597414380092086,2.623431526500992,4.987822968157352,2.6237159071697724,4.987282330785984,-178.7795912824019,170.89948996963665,-178.57703829758967,170.70035292557776,0.9366686518377193,0.9366686518377195,5.803157298341154e-05,5.803157298341155e-05,0.48930624565209374,0.48930624565209385
low,0.03275,0.033,0,0,3,0.8778519116227488,0.8794748333947794,-0.13402770252620336,0.3608265261392713,2.6313776190993274,4.981720574624725,2.631657712608528,4.981190344297886,-176.3244827188781,168.4715658747868,-176.12812947121535,168.27855535540107,0.9365784229490275,0.9365784229490277,5.7057544950318946e-05,5.705754495031896e-05,0.4893292018299849,0.489329201829985
low,0.033,0.03325,0,0,3,0.8778797811492713,0.8795026797844588,-0.1303565252451214,0.36190432803182254,2.63931300041257,4.975610385999623,2.6395888475633966,4.975090402059055,-173.80880023826862,166.00663660117044,-173.61853372684513,165.81963104513846,0.9364878900479872,0.9364878900479874,5.609633789292427e-05,5.6096337892924286e-05,0.48935211100774856,0.48935211100774867
low,0.03325,0.0335,0,0,3,0.8779081236563772,0.8795310027981706,-0.1266628907070904,0.36297529007854284,2.6472361332015018,4.969494613352877,2.647507775251978,4.968984715573047,-171.23749340108776,163.5084905292494,-171.05319772821636,163.3273664822004,0.9363970572509087,0.9363970572509089,5.5147924853719974e-05,5.514792485371999e-05,0.4893749721625008,0.4893749721625009
low,0.0335,0.03375,0,0,3,0.8779369409855412,0.8795598042848279,-0.1229479090823426,0.3640398498074896,2.6551455226914396,4.963375386524763,2.65541300132042,4.962875415229044,-168.61558536288337,160.98094822916843,-168.43714202662122,160.80558060195824,0.9363059286230561,0.9363059286230563,5.4212272350265985e-05,5.4212272350266e-05,0.48939778431153974,0.48939778431153985
low,0.03375,0.034,0,0,3,0.8779662349287193,0.8795890860420617,-0.11921266805200041,0.3650984357576016,2.663039716199918,4.957254755620994,2.663303073471911,4.956764551791359,-165.9481454301329,158.42784319385262,-165.77543362098643,158.25810552164657,0.9362145081792128,0.936214508179213,5.3289340670409496e-05,5.328934067040951e-05,0.48942054651151135,0.48942054651151146
low,0.034,0.03425,0,0,3,0.8779960072289528,0.8796188498168664,-0.11545823275325738,0.3661514673684718,2.6709173027511888,4.951134692528017,2.6711765810819816,4.950654097908436,-163.2402619641283,155.8530028789301,-163.07315886419568,155.68876757980027,0.9361227998842359,0.9361227998842361,5.2379084160631515e-05,5.237908416063153e-05,0.4894432578575522,0.4894432578575523
low,0.03425,0.0345,0,0,3,0.8780262595809971,0.8796490973063005,-0.11168564576206377,0.3671993548931448,2.6787769126430145,4.94501709249853,2.679032154766135,4.944545949692225,-160.4970159471447,153.26023027479266,-160.33539702989975,153.10136890649503,0.9360308076537409,0.9360308076537411,5.1481451509365856e-05,5.148145150936587e-05,0.4894659174819405,0.4894659174819406
low,0.0345,0.03475,0,0,3,0.8780569936319215,0.8796798301581324,-0.10789592710150521,0.3682424993249038,2.686617217012635,4.938903775734341,2.686868465946648,4.938441928295109,-157.72345546264353,150.65328618255387,-157.5671947916067,150.49966969619507,0.9359385353546601,0.9359385353546603,5.0596386022423914e-05,5.059638602242393e-05,0.48948852455327035,0.48948852455327047
low,0.03475,0.035,0,0,3,0.8780882109817543,0.8797110499714965,-0.10409007427241299,0.36928129233550533,2.694436927395807,4.93279648896972,2.6946842264124524,4.93234378148751,-154.9245713371969,148.03587236823998,-154.77354186175825,147.88737135755508,0.9358459868058261,0.9358459868058263,4.9723825891411946e-05,4.972382589141196e-05,0.4895110782755259,0.48951107827552603
low,0.035,0.03525,0,0,3,0.8781199131840938,0.8797427582976468,-0.10026906233385095,0.3703161162486734,2.7022347952087866,4.926696907170169,2.702478187801974,4.926253185351072,-152.1052742038311,145.41161578149422,-151.9593480505163,145.26810072647604,0.9357531657785972,0.9357531657785975,4.88637044577348e-05,4.886370445773481e-05,0.48953357788725216,0.48953357788725227
low,0.03525,0.0355,0,0,3,0.878152101746728,0.8797749566405375,-0.09643384397677628,0.3713473440020133,2.710009611281178,4.920606635129393,2.710249141136838,4.920171745870266,-149.2703730921908,142.78405389988586,-149.12942184980392,142.64539540362549,0.9356600759975277,0.9356600759975279,4.801595046717517e-05,4.801595046717519e-05,0.48955602266005505,0.48955602266005516
low,0.0355,0.03575,0,0,3,0.8781847781322725,0.8798076464575694,-0.09258534964715648,0.3723753391447967,2.71776020532971,4.914527209154965,2.7179959162965006,4.91410100061286,-146.43584784510702,140.15865905272798,-146.29973892561244,140.02472736360517,0.9355667211408747,0.9355667211408749,4.718048831894985e-05,4.7180488318949864e-05,0.4895784118983564,0.4895784118983565
low,0.03575,0.036,0,0,3,0.8782179437587863,0.87984082916021,-0.08872448767302818,0.373400455834105,2.7254854454435913,4.908460098712039,2.7257173815044697,4.908042420368639,-143.5989786482234,137.53745238249954,-143.46758216646217,137.40811880285983,0.9354731048412486,0.9354731048412488,4.6357238307185166e-05,4.635723830718518e-05,0.48960074493813943,0.48960074493813954
low,0.036,0.03625,0,0,3,0.8782516000004043,0.8798745061147206,-0.08485214442740176,0.3744230388566171,2.73318423752348,4.902406708125753,2.7334124427681306,4.901997410846971,-140.77956266280597,134.9263129181333,-140.65273819493345,134.80144291412353,0.9353792306862444,0.9353792306862446,4.554611685675084e-05,4.554611685675085e-05,0.4896230211460928,0.4896230211460929
low,0.03625,0.0365,0,0,3,0.878285748187947,0.8799086786427744,-0.08096918449547154,0.37544342364987693,2.7408555247463346,4.896368378222491,2.7410800433444624,4.895967314313459,-137.96541408120768,132.3254378149469,-137.84303242484805,132.20490380540804,0.9352851022190068,0.9352851022190071,4.47470367505377e-05,4.4747036750537716e-05,0.4896452399187697,0.4896452399187698
low,0.0365,0.03675,0,0,3,0.8783203896095596,0.8799433480221642,-0.07707645087023036,0.376461936343779,2.748498286990671,4.8903463880138665,2.7487191631661454,4.889953411269457,-135.15646219836452,129.73702182200634,-135.0383974639121,129.62069883407585,0.9351907229388551,0.9351907229388553,4.39599073512024e-05,4.3959907351202416e-05,0.4896674006817508,0.4896674006817509
low,0.03675,0.037,0,0,3,0.8783555255113275,0.8799785154874427,-0.07317476515642805,0.3774788938058545,2.7561115402707848,4.884341956344195,2.7563288182766397,4.883956922095286,-132.35657507902326,127.16383411951843,-132.24270229160683,127.05159850413439,0.9350960963018832,0.9350960963018834,4.3184634815282554e-05,4.318463481528257e-05,0.4896895028887418,0.4896895028887419
low,0.037,0.03725,0,0,3,0.8783911570978937,0.8800141822306008,-0.06926492779601408,0.3784946037018149,2.763694336151558,4.878356243548405,2.7639080602458344,4.877979008704048,-129.56942246892663,124.60849023271842,-129.4596177778454,124.50021983004046,0.9350012257215099,0.9350012257215101,4.2421122300827254e-05,4.242112230082727e-05,0.48971154602102185,0.48971154602102196
low,0.03725,0.0375,0,0,3,0.8784272855330757,0.8800503494017344,-0.0653477183055537,0.3795093645636473,2.7712457611453964,4.872390353111229,2.7714559755678314,4.872020776196896,-126.79846963431116,122.07344841936158,-126.69261050833117,121.96902271181202,0.9349061145691819,0.9349061145691822,4.166927016901987e-05,4.1669270169019884e-05,0.48973352958614225,0.48973352958614236
low,0.0375,0.03775,0,0,3,0.8784639119404883,0.8800870181096663,-0.061423895517875984,0.3805234658590508,2.7787649361422697,4.866445333254541,2.778971685091812,4.8660832744466305,-124.04697300101168,119.56100732928552,-123.9449384092128,119.46030758205823,0.9348107661748601,0.9348107661748604,4.0928976177320406e-05,4.092897617732042e-05,0.48975545311757906,0.4897554531175792
low,0.03775,0.038,0,0,3,0.8785010374041476,0.8801241894226612,-0.05749419785364699,0.38153718808450093,2.786251015779123,4.860522178595433,2.786454343392276,4.860167499752199,-121.3179775364999,117.07330489894291,-121.21964811446387,116.97621428789623,0.9347151838276105,0.9347151838276108,4.020013566813676e-05,4.0200135668136774e-05,0.4897773161740741,0.4897773161740742
low,0.038,0.03825,0,0,3,0.8785386629690857,0.8801618643690088,-0.05355934358028235,0.38255080284588944,2.7937031878493586,4.8546218317113325,2.7939031381793398,4.8542743964003865,-118.61431571447775,114.61231835637074,-118.51957391577649,114.5187220833556,0.9346193707763096,0.9346193707763099,3.9482641749771263e-05,3.948264174977128e-05,0.48979911833818085,0.48979911833818096
low,0.03825,0.0385,0,0,3,0.878576789641947,0.880200043937715,-0.049620031100489584,0.38356457296313784,2.801120672687011,4.848745184729383,2.8013172896837104,4.848404858251955,-115.93860798697392,112.17986528203626,-115.84733822003273,112.0896506778004,0.934523330230047,0.9345233302300472,3.8776385471052135e-05,3.877638547105215e-05,0.4898208592164847,0.4898208592164848
low,0.0385,0.03875,0,0,3,0.8786154183916117,0.8802387290791202,-0.04567693923386438,0.38457875256787355,2.808502722552466,4.842893080878069,2.808696050043207,4.8425597302901595,-113.29326460577659,109.77760561108231,-113.20535335628973,109.69066222596419,0.9344270653588785,0.9344270653588788,3.8081255990305305e-05,3.808125599030532e-05,0.48984253843798514,0.48984253843798525
low,0.03875,0.039,0,0,3,0.8786545501497688,0.8802779207055332,-0.04173072751590264,0.38559358721527387,2.815848621019387,4.837066316020366,2.816038702690461,4.836739810150951,-110.68048867913211,107.40704449036336,-110.59582461832954,107.32326417308808,0.9343305792942648,0.934330579294265,3.739714073734019e-05,3.7397140737340206e-05,0.4898641556540357,0.4898641556540358
low,0.039,0.03925,0,0,3,0.878694185811529,0.880317619691894,-0.03778203650212534,0.3866093139997368,2.823157682349557,4.8312656401758725,2.823344561728533,4.830945849642315,-108.10228032387322,105.06953589128199,-108.02075440300966,104.98881285622102,0.934233875129676,0.9342338751296763,3.672392557012666e-05,3.672392557012667e-05,0.4898857105375585,0.48988571053755864
low,0.03925,0.0395,0,0,3,0.8787343262360162,0.8803578268763615,-0.03383148806999282,0.3876261616684406,2.830429250884222,4.825491758991647,2.8306129713230113,4.825178556212442,-105.56044178188297,102.76628688450413,-105.48194730179263,102.68851775621246,0.9341369559212006,0.9341369559212008,3.606149492495374e-05,3.6061494924953755e-05,0.4899072027820616,0.48990720278206173
low,0.0395,0.03975,0,0,3,0.878774972246933,0.8803985430609407,-0.02987968573551317,0.38864435074746767,2.837662700422859,4.819745335210743,2.837843305081522,4.819438594415748,-103.05658333462812,100.49836244313397,-102.98101603050594,100.42344631828003,0.9340398246880243,0.9340398246880245,3.5409731960894964e-05,3.540973196089498e-05,0.4899286321013753,0.48992863210137544
low,0.03975,0.040,0,0,3,0.8788161246331672,0.8804397690121376,-0.02592721497246069,0.3896640936703161,2.8448574335932206,4.814026990125498,2.8450349654245084,4.8137265873637745,-100.59212996025028,98.26669075788156,-100.51938806131963,98.19452924416854,0.9339424844130703,0.9339424844130705,3.476851869922672e-05,3.4768518699226735e-05,0.48994999822869895,0.48994999822869906
low,0.040,0.04025,0,0,3,0.8788577841493563,0.8804815054614974,-0.02197464352370884,0.3906855948999652,2.852012881265669,4.808337304941282,2.8521873830002744,4.808043118086695,-98.16832855488889,96.07206892058062,-98.09831282061118,96.00256615424131,0.9338449380434393,0.9338449380434395,3.4137736155550007e-05,3.413773615555002e-05,0.48997130091630814,0.48997130091630825
low,0.04025,0.0405,0,0,3,0.8788999515164593,0.8805237531062955,-0.01802252173721621,0.39170905107282805,2.8591285018993817,4.802676822217739,2.859300016031894,4.802388730972411,-95.78625562170346,93.91516890874973,-95.71886937539215,93.8482315713945,0.9337471884910518,0.933747188491052,3.3517264468969874e-05,3.351726446896989e-05,0.48999253993469455,0.48999253993469466
low,0.0405,0.04075,0,0,3,0.8789426274223282,0.8805665126100528,-0.014071382878443473,0.392734651122899,2.8662037809661545,4.797046047167997,2.866372349741703,4.796763933063762,-93.44682529585258,91.79654377687262,-93.3819744480261,91.73208110393334,0.9336492386331267,0.9336492386331269,3.290698302340371e-05,3.2906983023403726e-05,0.49001371507200714,0.49001371507200725
low,0.04075,0.041,0,0,3,0.878985812522272,0.8806097846031667,-0.01012174346272373,0.3937625764241702,2.873238230332267,4.791445448999545,2.873403895733828,4.791169195397517,-91.15079764249077,89.71663401414042,-91.08839070464295,89.65455779549184,0.933551091312678,0.9335510913126782,3.2306770565137724e-05,3.230677056513774e-05,0.4900348261337664,0.49003482613376653
low,0.041,0.04125,0,0,3,0.8790295074395964,0.8806535696835293,-0.006174103589579877,0.39479300093575687,2.8802313876274512,4.785875462248142,2.880394191363819,4.785604954336492,-88.89878711994956,87.67577399129372,-88.83873520942547,87.61599856463945,0.9334527493391458,0.933452749339146,3.171650531593125e-05,3.171650531593126e-05,0.4900558729418584,0.4900558729418585
low,0.04125,0.0415,0,0,3,0.8790737127661871,0.8806978684170499,-0.0022289472588145425,0.3958260913321394,2.8871828156842025,4.780336487984747,2.8873427991785947,4.780071612774816,-86.691271102586,85.6741984168326,-86.63348793927214,85.61664065445972,0.9333542154888091,0.9333542154888094,3.113606507903988e-05,3.1136065079039896e-05,0.49007685533434764,0.49007685533434775
low,0.0415,0.04175,0,0,3,0.8791184290630141,0.8807426813382452,0.0017100977303948015,0.3968620071523515,2.894092101915246,4.7748288950920434,2.8942493062945354,4.774569541412893,-84.5285984297959,83.71204878740957,-84.47300032529219,83.65662807687505,0.9332554925053586,0.9332554925053588,3.056532734249174e-05,3.056532734249175e-05,0.49009777316468006,0.4900977731646802
low,0.04175,0.042,0,0,3,0.8791636568607212,0.8807880089508316,0.005641633727704055,0.39790090094047875,2.90095885773737,4.76935302145031,2.901113323821923,4.769099079941801,-82.41099788213562,81.78937975643238,-82.35750372208918,81.73601797575607,0.9331565831003384,0.9331565831003387,3.000416937648364e-05,3.0004169376483646e-05,0.4901186263015366,0.4901186263015367
low,0.042,0.04225,0,0,3,0.8792093966601032,0.8808338517282569,0.009569334377138012,0.3989429183928896,2.907782652490364,4.763909282418127,2.907934486264118,4.7636605382425286,-80.33863897552182,79.9062177893416,-80.28711776701267,79.85478688744327,0.9330574899536935,0.9330574899536938,2.9452468327096123e-05,2.945246832709613e-05,0.49013941462803146,0.49013941462803157
low,0.04225,0.0425,0,0,3,0.8792556489326886,0.8808802101142715,0.013492777528158405,0.3999881984984493,2.9145631324997914,4.758497974784767,2.9147124509518276,4.7582541975120405,-78.31154135937871,78.06246860953128,-78.26185856361987,78.0128368493904,0.932958215714256,0.9329582157142562,2.8910101304881783e-05,2.891010130488179e-05,0.4901601380412796,0.4901601380412797
low,0.0425,0.04275,0,0,3,0.8793024141212291,0.880927084523456,0.017411555465853077,0.40103687368478713,2.92130005866518,4.753119217352469,2.9214468974614416,4.752880311392731,-76.33185733145503,76.25803562777554,-76.28394616398751,76.21013930109254,0.9328587630002605,0.9328587630002607,2.8376945469718715e-05,2.837694546971872e-05,0.4901807964517506,0.4901807964517507
low,0.04275,0.043,0,0,3,0.879349692640233,0.8809744753418118,0.021325274585071923,0.4020890699669509,2.92799313252356,4.74777323572093,2.928137527047797,4.7475391070629485,-74.40180491202788,74.49282996996173,-74.35560024244046,74.4466073468067,0.9327591343996986,0.9327591343996988,2.785287811113705e-05,2.7852878111137057e-05,0.4902013897834792,0.4902013897834793
low,0.043,0.04325,0,0,3,0.8793974848764611,0.8810223829272256,0.025233555078544034,0.4031449070856512,2.934642076738567,4.74246023008914,2.9347840620858987,4.742230786289037,-72.51627304514705,72.76627219373974,-72.47171280434875,72.72166357615603,0.9326593324709586,0.9326593324709588,2.7337776724967407e-05,2.7337776724967414e-05,0.4902219179726929,0.490221917972693
low,0.04325,0.0435,0,0,3,0.8794457911894495,0.8810708076100517,0.029136030615134693,0.4042044986559661,2.9412466345442914,4.737180376291722,2.9413862455151856,4.736955526460864,-70.67494133791753,71.07802188589739,-70.63196548808698,71.03496951324476,0.9325593597431725,0.9325593597431727,2.6831519085848288e-05,2.6831519085848294e-05,0.4902423809680464,0.4902423809680465
low,0.0435,0.04375,0,0,3,0.8794946119119934,0.8811197496936031,0.033032348028312175,0.4052679523091689,2.9478065691980224,4.7319338268000575,2.947943840292671,4.7317134815922035,-68.88927331319132,69.43001850963118,-68.84782129542921,69.38846577905153,0.9324592187167258,0.932459218716726,2.6333983316126017e-05,2.6333983316126024e-05,0.49026277872989327,0.4902627787298934
low,0.04375,0.044,0,0,3,0.8795439473506564,0.8811692094546949,0.03692216700354091,0.40633536983743024,2.9543216634372436,4.726720711701077,2.9544566288503344,4.726504783298827,-67.15783425929021,67.8216596694102,-67.11784779466802,67.7815519129845,0.932358911863694,0.9323589118636942,2.5845047951146404e-05,2.584504795114641e-05,0.49028311123001617,0.4902831112300163
low,0.044,0.04425,0,0,3,0.8795937977862357,0.881219187144121,0.04080515977224143,0.4074068473349088,2.9607917189510244,4.721541139637383,2.960924412566888,4.721329541738002,-65.46831871857856,66.25016580390502,-65.42974398228856,66.21145092256621,0.9322584416282644,0.9322584416282647,2.536459200080794e-05,2.5364592000807947e-05,0.4903033784512644,0.49030337845126454
low,0.04425,0.0445,0,0,3,0.8796441634742703,0.8812696829871545,0.04468101081115151,0.4084824753359245,2.9672165558579575,4.716395198719814,2.967347011246084,4.7161878465204765,-63.82020535588802,64.71504011394937,-63.78299039225598,64.67766779904198,0.9321578104272472,0.9321578104272474,2.489249500794088e-05,2.4892495007940885e-05,0.490323580386834,0.4903235803868341
low,0.0445,0.04475,0,0,3,0.8796950446454838,0.8813206971841084,0.048549416530120675,0.4095623389659648,2.973596012161731,4.711282957459525,2.9737242625726426,4.711079767642021,-62.21293024189498,63.21575660133357,-62.17702490358156,63.17967827419584,0.9320570206504573,0.9320570206504575,2.442863710388708e-05,2.4428637103887086e-05,0.49034371704028484,0.49034371704028495
low,0.04475,0.045,0,0,3,0.8797464415062971,0.8813722299106824,0.05241008499816065,0.4106465180602817,2.979929943300737,4.706204465544617,2.9800560216622034,4.7060053562596,-60.64589198771366,61.75176382393493,-60.611247891083536,61.71693259203288,0.931956074661121,0.9319560746611212,2.397289905904268e-05,2.3972899059042685e-05,0.4903637884249245,0.4903637884249246
low,0.045,0.0455,0,0,2,0.8790011030373319,0.8822759336721591,-0.17107502684253809,0.6135599937521811,2.2262854941499697,5.992766193140035,2.22653474422283,5.9920953124264384,-625.6785893485142,574.2196910909751,-624.9591520518641,573.5232925724695,0.9341618805572244,0.9341618805572246,4.992153748048121e-05,4.992153748048122e-05,0.48048906565903365,0.48048906565903376
low,0.0455,0.046,0,0,2,0.8791068384950104,0.882382264275427,-0.15812893073807285,0.6119883356464952,2.248366152087512,5.957304330839793,2.248606284588016,5.95666812316234,-567.1524225565169,522.8084172995539,-566.5241662120671,522.1991004616372,0.933958819358935,0.9339588193589352,4.794893905531316e-05,4.7948939055313174e-05,0.48056994071200776,0.48056994071200787
low,0.046,0.0465,0,0,2,0.8792146350838832,0.8824906751648911,-0.1455193765079775,0.6106291727046381,2.2699136805728153,5.923213751307589,2.2701449760074226,5.922610244829765,-516.0885254253487,477.8144576414813,-515.5380264865463,477.2795548467415,0.9337551549953749,0.9337551549953751,4.605446064270426e-05,4.6054460642704275e-05,0.48065031615596443,0.48065031615596454
low,0.0465,0.047,0,0,2,0.879324493456259,0.8826011665574705,-0.13322961502965666,0.6094715191748997,2.290946384579154,5.890410803165556,2.291169120473009,5.889838153249214,-471.30490507215364,438.22746440743845,-470.8209736783652,437.7563937815034,0.9335509052459688,0.9335509052459691,4.4234936006918244e-05,4.423493600691826e-05,0.48073019173424797,0.4807301917342481
low,0.047,0.0475,0,0,2,0.8794364139296721,0.8827137383312518,-0.12124401810549532,0.6085050954451368,2.311481523333315,5.858818243935171,2.3116959735369305,5.858274723540931,-431.84025795882303,403.2257199527371,-431.41352733203,402.80960596564444,0.9333460875121916,0.9333460875121918,4.248734388975749e-05,4.2487343889757506e-05,0.48080956747446496,0.48080956747446507
low,0.0475,0.048,0,0,2,0.8795503964999342,0.882828390039439,-0.10954798665397712,0.6077202710029977,2.3315349333848925,5.828365817771517,2.331741828887835,5.827848655273642,-396.9515815281754,372.1453784335227,-396.57217224977484,371.7747723007759,0.9331407188296413,0.9331407188296416,4.080879882757811e-05,4.080879882757812e-05,0.4808884436694072,0.4808884436694073
low,0.048,0.0485,0,0,2,0.8796664408537479,0.8829451209238431,-0.09812786775375068,0.6071080128814429,2.351122477889756,5.798986275772651,2.35132209476893,5.7984939569552205,-366.17984908939167,344.4628284607908,-365.84112681317475,344.13148004096786,0.9329348158798053,0.9329348158798055,3.919654284245815e-05,3.919654284245816e-05,0.48096682085855175,0.48096682085855186
low,0.0485,0.049,0,0,2,0.8797845463809714,0.8830639299279612,-0.08697087955905454,0.6066598389805468,2.3702587994117668,5.770618268851403,2.370451363139428,5.7701494828846425,-338.72336551781103,319.6704561967175,-338.4201301195354,319.37341116287195,0.9327283950013616,0.9327283950013618,3.764793790070912e-05,3.764793790070913e-05,0.48104469981074177,0.4810446998107419
low,0.049,0.0495,0,0,2,0.8799047121865254,0.8831848157096283,-0.07606504322984357,0.6063677757352811,2.388957740222651,5.743205002053043,2.389143472355072,5.742758516332448,-314.1343898404566,297.3832631716829,-313.86220874889545,297.11629045703205,0.9325214722010587,0.932521472201059,3.616045904748976e-05,3.616045904748977e-05,0.4811220815080669,0.481122081508067
low,0.0495,0.050,0,0,2,0.8800269371019593,0.8833077766532637,-0.06539912112656741,0.6062243196652133,2.4072324409279613,5.716693751497492,2.4074115640313765,5.716268393826934,-292.04232267403273,277.2839739051785,-291.7973373607199,277.04338051359485,0.9323140631643148,0.932314063164315,3.473168813885526e-05,3.4731688138855275e-05,0.48119896713008997,0.4811989671300901
low,0.050,0.0505,0,0,2,0.8801512196966328,0.8834328108817048,-0.05496256061267005,0.6062224024005703,2.4250953961529316,5.691035514420086,2.425268134711371,5.690630165929962,-272.1385046060741,259.11033820351247,-271.91738245468673,258.8929273882257,0.9321061832652036,0.9321061832652038,3.3359308100896253e-05,3.335930810089627e-05,0.48127535803997984,0.48127535803997995
low,0.0505,0.051,0,0,2,0.8802775582885664,0.883559916267673,-0.044762459844821516,0.6064213672948225,2.4425585114678072,5.66618467877257,2.442725082830988,5.665798290552406,-254.19378179048425,242.67227655311754,-253.9936650454178,242.4753021557663,0.9318978475763715,0.9318978475763717,3.2041097658236404e-05,3.204109765823642e-05,0.48135125577020166,0.48135125577020177
low,0.051,0.0515,0,0,2,0.8804059509549959,0.8836890904448551,-0.03486170745703223,0.6070924107303762,2.459633136693045,5.642098767977859,2.4597937515176205,5.641730355180177,-238.13884164245104,227.9399689242693,-237.95719689276726,227.76098771999145,0.9316890708783037,0.9316890708783039,3.0774926476377496e-05,3.077492647637751e-05,0.48142666201026957,0.4814266620102697
low,0.0515,0.052,0,0,2,0.8805363955424842,0.8838203308185425,-0.025159102551288136,0.6078694986820268,2.4763301051669524,5.61873818793295,2.476484967578731,5.618386825028594,-223.78495744314495,214.922014079372,-223.61961780133964,214.758891158107,0.9314798676683979,0.9314798676683981,2.9558750674870484e-05,2.955875067487049e-05,0.4815015785944045,0.4815015785944046
low,0.052,0.0525,0,0,2,0.8806688896768441,0.8839536345760267,-0.015646523960483914,0.6087480362522263,2.4926597693366226,5.596065997871402,2.492809077092283,5.595730814333166,-210.86549279105455,203.30008537804832,-210.71461609995595,203.15102106959475,0.9312702521696684,0.9312702521696686,2.8390608670108548e-05,2.8390608670108555e-05,0.4815760074902932,0.48157600749029333
low,0.0525,0.053,0,0,2,0.8808034307726225,0.884088998696493,-0.006316312111178323,0.6097236600796271,2.5086320332833867,5.5740477020050845,2.50877597793118,5.5737278783739495,-199.10718836039862,193.0691644844822,-198.9692106990559,192.93257247520432,0.9310602383390346,0.9310602383390348,2.7268617312484174e-05,2.726861731248418e-05,0.481649950788577,0.4816499507885771
low,0.053,0.0535,0,0,2,0.8809400160423451,0.8842264199606863,0.0028282123020977753,0.6107922235692403,2.5242563824545377,5.552651059862962,2.524395149493596,5.552345824156794,-188.5588216979915,184.5790932029023,-188.4323291024694,184.45347561048587,0.9308498398753822,0.9308498398753824,2.6190968288579842e-05,2.619096828857985e-05,0.48172341069281854,0.48172341069281865
low,0.0535,0.054,0,0,2,0.8810786425054203,0.8843658949601696,0.011781575617701899,0.6119497832581282,2.5395419108909607,5.531845913395112,2.5396756799288913,5.531554537824481,-178.85531202030276,176.67833580574137,-178.73914704139378,176.5626294537761,0.9306390702273349,0.9306390702273352,2.5155924760597826e-05,2.5155924760597832e-05,0.4817963895098789,0.481796389509879
low,0.054,0.0545,0,0,2,0.8812193069967608,0.8845074201062322,0.020573684811478046,0.613192586214963,2.554497346205983,5.511604029141735,2.554626291114492,5.511325827101667,-169.91037904619844,169.31370199188552,-169.8035229807252,169.20696638728566,0.930427942600509,0.9304279426005092,2.4161818218795745e-05,2.416181821879575e-05,0.481868889641641,0.4818688896416411
low,0.0545,0.055,0,0,2,0.8813620061750881,0.8846509916385853,0.029210626800600235,0.6145170583990015,2.569131072450879,5.491898954118069,2.569255361519239,5.491633277428147,-161.6488418485621,162.43812086934804,-161.55039162136603,162.3395179251731,0.9302164699648077,0.9302164699648079,2.320704552903186e-05,2.3207045529031866e-05,0.48194091357623803,0.48194091357623814
low,0.055,0.0555,0,0,2,0.8815067365309923,0.8847966056335972,0.037536280936311305,0.6162075731046182,2.5832306649892818,5.473039393600951,2.583350455747884,5.47278560413153,-155.42259414096225,157.1921791441054,-155.3313441256863,157.10060092494348,0.9300046650610443,0.9300046650610445,2.229097728228015e-05,2.2290977282280158e-05,0.4820124638810158,0.48201246388101593
low,0.0555,0.056,0,0,2,0.8816534943946635,0.8849442580123248,0.04559213831702919,0.6181963367238462,2.5968603525569915,5.454919989477339,2.596975799446367,5.454677491821471,-150.6747780777415,153.17305807480923,-150.58978657578555,153.08762236228276,0.9297925404077044,0.9297925404077046,2.1411829580756275e-05,2.1411829580756282e-05,0.48208354319449465,0.48208354319449476
low,0.056,0.0565,0,0,2,0.8818022759434025,0.8850939445482195,0.053515778192300134,0.6202447211168534,2.610209630538548,5.437244575829544,2.6103208873687933,5.4370128276771235,-146.19978959576463,149.37539055324876,-146.12054194627981,149.2956015349334,0.9295801083070698,0.92958010830707,2.0567415803171962e-05,2.056741580317197e-05,0.4821541542203169,0.482154154220317
low,0.0565,0.057,0,0,2,0.8819530772088348,0.8852456608745418,0.06131200298190622,0.6223499462045539,2.6232850474439746,5.419993644975477,2.623392262877087,5.419772132961473,-141.97862908738682,145.7859056129394,-141.90466078307824,145.7113149451829,0.9293673808513455,0.9293673808513457,1.975638029989648e-05,1.9756380299896485e-05,0.4822242997204914,0.4822242997204915
low,0.057,0.0575,0,0,2,0.882105894083882,0.8853994024915126,0.06898536853512745,0.6245093646485174,2.6360929134266047,5.403148860069054,2.6361962311324985,5.40293709798242,-137.9939591566418,142.392418695763,-137.92483900945686,142.3226090486767,0.9291543699283789,0.9291543699283791,1.897741947911629e-05,1.8977419479116297e-05,0.482293982509811,0.4822939825098111
low,0.0575,0.058,0,0,2,0.8822607223294755,0.8855551647731654,0.07654019945374847,0.6267204542360858,2.648639314346796,5.386692972204895,2.6487388731552377,5.386490499330418,-135.1224660981189,139.2788404237516,-135.05763330391028,139.21338275512664,0.9289410872272845,0.9289410872272847,1.822927975773135e-05,1.8229279757731356e-05,0.4823632054499649,0.482363205449965
low,0.058,0.0585,0,0,2,0.882417557581043,0.885712942973957,0.08398060329583959,0.6289808107846523,2.6609301247468395,5.370609744142288,2.661026058795392,5.370416123723552,-132.50160185724582,136.3445946655347,-132.44072131940604,136.28315997215432,0.9287275442436974,0.9287275442436976,1.7510755610430352e-05,1.751075561043036e-05,0.4824319714446707,0.4824319714446708
low,0.0585,0.059,0,0,2,0.8825763953547477,0.8858727322351652,0.09131048374954259,0.6312881415286339,2.672971019802132,5.354883880107771,2.6730634586801982,5.354698697920619,-130.03017052465938,133.57081298070165,-129.97294780919987,133.5131005238515,0.9285137522849463,0.9285137522849465,1.6820687710377684e-05,1.682068771037769e-05,0.4825002834346704,0.4825002834346705
low,0.059,0.0595,0,0,2,0.8827372310534937,0.8860345275909417,0.09853355287663174,0.6336402589380697,2.684767486389701,5.339500961049451,2.6848565552787655,5.339323824076426,-127.72090940994339,130.96105334800646,-127.66707675700603,130.90679075350468,0.928299722474842,0.9282997224748423,1.6157961153523516e-05,1.6157961153523522e-05,0.48256814439350953,0.48256814439350965
low,0.0595,0.060,0,0,2,0.8829000599727259,0.8861983239742158,0.10565334248615478,0.6360350749505046,2.6963248332894545,5.324447384971049,2.696410653099601,5.324277920168226,-125.87667171712715,128.68493704593783,-125.82592232296008,128.63383014799032,0.9280854657585209,0.9280854657585211,1.5521503762298656e-05,1.5521503762298663e-05,0.4826355573228196,0.4826355573228197
low,0.060,0.0605,0,0,2,0.8830648773060235,0.8863641162223471,0.11267321471817053,0.6384705955757051,2.707648200648289,5.30971031181325,2.7077308881510818,5.30954816496176,-124.1475714993151,126.53918862842151,-124.09969235236284,126.49101735709986,0.9278709929067945,0.9278709929067948,1.4910284461767744e-05,1.4910284461767748e-05,0.48270252524901436,0.48270252524901447
low,0.0605,0.061,0,0,2,0.8832316781504473,0.886531899082534,0.11959637189713028,0.640944915848869,2.7187425687248705,5.295277612566478,2.718822236682692,5.295122447201751,-122.52866811699126,124.51804046625072,-122.48346341735352,124.47260260264262,0.9276563145205683,0.9276563145205685,1.4323311724861288e-05,1.4323311724861291e-05,0.4827690512191855,0.4827690512191856
low,0.061,0.0615,0,0,2,0.8834004575117054,0.8867016672170088,0.12642586571551612,0.643456215103516,2.7296127660132368,5.281137822196257,2.7296895233051472,5.28098931860868,-121.01543844067182,122.61618413960413,-120.97272797733501,122.57329363505269,0.9274414410348883,0.9274414410348886,1.3759632081396363e-05,1.3759632081396367e-05,0.48283513829804264,0.48283513829804275
low,0.0615,0.062,0,0,2,0.8835712103091689,0.886873415208089,0.1331646057968612,0.6460027525435962,2.7402634767663643,5.267280096111908,2.7403374285105775,5.267137950413225,-119.6506851450062,120.84192570349099,-119.61029778311479,120.80140975736414,0.9272263827230072,0.9272263827230074,1.3218328687942902e-05,1.3218328687942906e-05,0.4829007895644442,0.4829007895644443
low,0.062,0.0625,0,0,2,0.8837439313805958,0.8870471375629235,0.13981536768863473,0.648582863091249,2.750699240971702,5.2536941832580215,2.7507704956666363,5.253558093096663,-118.39122525096845,119.18401885848617,-118.35298120133857,119.14569266713674,0.9270111497001045,0.9270111497001047,1.2698519954288807e-05,1.269851995428881e-05,0.4829660081086693,0.4829660081086694
low,0.0625,0.063,0,0,2,0.8839186154867846,0.8872228287181434,0.146380800328868,0.6511949534894383,2.7609244754580633,5.240370360622753,2.7609931375180343,5.240240039088752,-117.22993134104415,117.64147541016524,-117.19366709268854,117.6051702250946,0.926795751926962,0.9267957519269622,1.2199358223920717e-05,1.219935822392072e-05,0.4830307970296494,0.4830307970296495
low,0.063,0.0635,0,0,2,0.884095257315973,0.8874004830442349,0.15286343302735317,0.6538374986409513,2.770943479647226,5.227299399632375,2.77100964224128,5.227174588174701,-116.1684837320113,116.24279971521263,-116.13407538566379,116.20838427141337,0.9265801992134451,0.9265801992134454,1.1720028505379168e-05,1.1720028505379172e-05,0.48309515943237663,0.48309515943237674
low,0.0635,0.064,0,0,2,0.8842738514881,0.8875800948498318,0.15926568199019328,0.6565090381741467,2.7807604259754912,5.214472562958661,2.780824179075471,5.214353015416402,-115.19122163472963,114.93829278638528,-115.15855530533335,114.90564965081761,0.9263645012218109,0.9263645012218111,1.1259747252173708e-05,1.1259747252173711e-05,0.48315909842583904,0.48315909842583915
low,0.064,0.0645,0,0,2,0.884454392558883,0.8877616583857809,0.1655898564306563,0.6592081732109561,2.7903793730870543,5.201881559428406,2.7904408035667587,5.201767041378818,-114.29589936991107,113.72513642764946,-114.26486912578284,113.69415644250536,0.9261486674700887,0.926148667470089,1.0817761188931939e-05,1.0817761188931942e-05,0.48322261712015946,0.48322261712015957
low,0.0645,0.065,0,0,2,0.884636875023775,0.8879451678490021,0.17183816429996174,0.6619335633199235,2.7998042707741835,5.189518516256211,2.799863462506051,5.189408804401978,-113.48052556144204,112.60079052761974,-113.45103278927097,112.57137214697133,0.9259327073349092,0.9259327073349094,1.0393346180629986e-05,1.039334618062999e-05,0.48328571862548436,0.4832857186254845
low,0.065,0.0655,0,0,2,0.8848212933216909,0.8881306173862592,0.1780127176472734,0.6646839236596284,2.8090389645358873,5.177375953327414,2.8090959984852386,5.177270834920315,-112.74335273448044,111.56298084608584,-112.71530556134971,111.53502953210858,0.9257166300546914,0.9257166300546916,9.985806144766479e-06,9.985806144766482e-06,0.4833484060492938,0.4833484060492939
low,0.0655,0.066,0,0,2,0.8850076418386793,0.8883180010977261,0.1841154854606681,0.6674580860507913,2.818086998253841,5.165447278382426,2.8181419525696834,5.16534655066542,-112.09059103915057,110.61246077841913,-112.06390219954342,110.5858872310302,0.9255004447323277,0.925500444732328,9.594472509102568e-06,9.594472509102571e-06,0.4834106824951992,0.4834106824951993
low,0.066,0.0665,0,0,2,0.8851959149113798,0.8885073130404539,0.1901736504789453,0.6702382191541825,2.8269658262064707,5.153723593782747,2.827018776485652,5.153627063691322,-111.59640285583558,109.84365288020267,-111.57096902054643,109.81835035809922,0.9252841603379814,0.9252841603379817,9.218687321014543e-06,9.218687321014547e-06,0.4834725510611642,0.4834725510611643
low,0.0665,0.067,0,0,2,0.8853861068303547,0.8886985472316209,0.19622796102328796,0.6729883649897579,2.8357525144356766,5.142042174644105,2.8358035340571806,5.141949662513996,-111.04754399872513,109.0366231460565,-111.02330893718445,109.01253279677327,0.9250677857116699,0.9250677857116701,8.85768132112108e-06,8.857681321121083e-06,0.48353401483801933,0.48353401483801944
low,0.067,0.0675,0,0,2,0.885578211843317,0.8888916976516986,0.2022769620940744,0.6757094758106337,2.8444466592254294,5.1304067494217325,2.8444958189177947,5.130318083337027,-110.44682817993957,108.19427005314655,-110.42373667229678,108.17133426017546,0.9248513295657979,0.9248513295657981,8.51088861853477e-06,8.510888618534774e-06,0.48359507690807746,0.48359507690807757
low,0.0675,0.068,0,0,2,0.8857722241581889,0.889086758247482,0.20831924901749224,0.67840248506033,2.8530479173940164,5.11882083102008,2.8530952853288682,5.1187358464844115,-109.78819494603403,107.30991813402011,-109.76619612196342,107.28808388654166,0.9246348004875365,0.9246348004875368,8.17776324878784e-06,8.177763248787843e-06,0.4836557403440279,0.48365574034402803
low,0.068,0.0685,0,0,2,0.8859681379460662,0.8892837229349486,0.21435346699144664,0.6810683068446646,2.8615560044427433,5.107287723918117,2.861601646325001,5.107206263539185,-109.07033350423944,106.38200103833547,-109.04937834695642,106.36121739040718,0.9244182069411491,0.9244182069411493,7.85777862126801e-06,7.857778621268014e-06,0.48371600820767574,0.48371600820767585
low,0.0685,0.069,0,0,2,0.8861659473440427,0.8894825856020467,0.22037831055853216,0.6837078354800882,2.8699706927134923,5.095810531236199,2.8700146718554183,5.095732444446144,-108.29227413909622,105.40928663542066,-108.27231423198135,105.38950343631548,0.9242015572702366,0.9242015572702368,7.550426969699862e-06,7.550426969699864e-06,0.4837758835488677,0.4837758835488678
low,0.069,0.0695,0,0,2,0.8863656464579192,0.8896833401113259,0.22639252302041205,0.6863219451063807,2.8782918096959866,5.084392161489282,2.8783341869456907,5.084317304528521,-107.4533176569001,104.39079668257446,-107.43430827685684,104.37196765488831,0.9239848596998731,0.9239848596998733,7.255218806642828e-06,7.25521880664283e-06,0.48383536940451227,0.4838353694045124
low,0.0695,0.070,0,0,2,0.8865672293648071,0.8898859803024415,0.2323948957969534,0.6889114893620077,2.8865192359162815,5.073035336024844,2.8865600698784726,5.072963571412051,-106.55791248737724,103.327291154336,-106.53981177629315,103.30937324423333,0.9237681223386256,0.9237681223386258,6.971682383143745e-06,6.971682383143746e-06,0.4838944687977927,0.4838944687977928
low,0.070,0.0705,0,0,2,0.8867706901156246,0.8900904999946461,0.23838426772585541,0.6914773011282042,2.8946529031951744,5.061742595727284,2.8946922503655665,5.061673791893238,-105.60244754696467,102.21731529365726,-105.5852156263718,102.20026742425136,0.9235513531805962,0.9235513531805964,6.699363154812535e-06,6.699363154812536e-06,0.4839531847372695,0.4839531847372696
low,0.0705,0.071,0,0,2,0.8869760227374941,0.890296892988979,0.24435952433117777,0.6940201923150554,2.9026927929436974,5.050516307593503,2.9027307077820237,5.050450338630533,-104.58541980378686,101.06024369268906,-104.56901855252346,101.044026618458,0.9233345601072253,0.9233345601072255,6.437823254478656e-06,6.437823254478658e-06,0.4840115202162759,0.484011520216276
low,0.071,0.0715,0,0,2,0.8871832212360125,0.8905051530706208,0.2503195970265657,0.6965409537250854,2.9106389343511108,5.039358671409626,2.9106754693517387,5.039295416831119,-103.50744006967827,99.85630006224274,-103.49183293009841,99.84087623695075,0.9231177508892613,0.9231177508892615,6.186640973276153e-06,6.186640973276154e-06,0.4840694782120304,0.4840694782120305
low,0.0715,0.072,0,0,2,0.8873922795974534,0.8907152740108849,0.25626346230341807,0.6990403549455337,2.9184914026584816,5.0282717262020515,2.9185266084187043,5.0282110707116825,-102.36946723858199,98.60603194811956,-102.35461913383331,98.59136543143997,0.9229009331884406,0.9229009331884408,5.945410249552298e-06,5.9454102495522995e-06,0.4841270616851626,0.48412706168516273
low,0.072,0.0725,0,0,2,0.8876031917908566,0.8909272495692702,0.2621901408716164,0.7015191443028322,2.926250317413947,5.017257356625977,2.9262842427000293,5.017199189896299,-101.17281139690189,97.31031336249525,-101.1586886545776,97.29636973368302,0.9226841145591917,0.922684114559192,5.713740167130345e-06,5.713740167130347e-06,0.48418427357914395,0.48418427357914406
low,0.0725,0.073,0,0,2,0.8878159517700499,0.8911410734953957,0.26809869677456155,0.7039780488584813,2.93391584076178,5.006317299204217,2.9339485325728307,5.006261515664285,-99.91913205650194,95.97034307020138,-99.90570233839712,95.95708934848389,0.922467302450297,0.9224673024502972,5.491254463011108e-06,5.49125446301111e-06,0.48424111681984006,0.48424111681984017
low,0.073,0.0735,0,0,2,0.8880305534755593,0.8913567395308412,0.2739882364771438,0.7064177744488881,2.9414881757485074,4.995453148439838,2.9415196793782536,4.995399647071521,-98.6104313858409,94.58763840950499,-98.59766362351873,94.57504298084434,0.9222505042065008,0.922250504206501,5.277591045011807e-06,5.277591045011809e-06,0.48429759431492975,0.48429759431492986
low,0.0735,0.074,0,0,2,0.8882469908364482,0.8915742414108747,0.27985790793467247,0.7088390057617379,2.9489675646657085,4.984666362769627,2.9489979237622292,4.984615046912301,-97.24904242600331,93.16402462611359,-97.23690676185481,93.15205717597864,0.9220337270699961,0.9220337270699963,5.07240151956736e-06,5.072401519567361e-06,0.4843537089536309,0.484353708953631
low,0.074,0.0745,0,0,2,0.8884652577720843,0.8917935728661253,0.2857068996419508,0.7112424064505009,2.956354287412161,4.973958270384087,2.95638354403565,4.973909047547393,-95.83761242198497,91.70161982906467,-95.82608015544129,91.69025128083388,0.9218169781819273,0.9218169781819275,4.875350730144585e-06,4.8753507301445866e-06,0.4844094636062553,0.4844094636062554
low,0.0745,0.075,0,0,2,0.8886853481938007,0.892014727624215,0.2913928944746265,0.7136286192879078,2.96364865987259,4.963330074917348,2.9636768545512124,4.963282856601703,-94.3998764311936,90.21681418031446,-94.38891850021098,90.2060154280262,0.9216002645838214,0.9216002645838216,4.686116306462333e-06,4.686116306462335e-06,0.4844648611239669,0.484464861123967
low,0.075,0.0755,0,0,2,0.8889072560065275,0.8922376994112047,0.29692999046647967,0.7159982663394708,2.9708510322958634,4.952782861038231,2.970878204137126,4.952737562467177,-92.93470705839609,88.73025478167334,-92.9242954976108,88.71999703570687,0.9213835932189437,0.9213835932189439,4.5043882244667195e-06,4.504388224466721e-06,0.4845199043384512,0.4845199043384513
low,0.0755,0.076,0,0,2,0.8891309751103145,0.892462481953139,0.30245002034600993,0.7183519491810496,2.9779617582010176,4.942317648846407,2.9779879745208673,4.9422741397165675,-91.42807808426916,87.2198793701454,-91.41818030861143,87.21012977795786,0.9211669709336783,0.9211669709336785,4.334855070486052e-06,4.334855070486053e-06,0.48457459606168773,0.48457459606168785
low,0.076,0.0765,0,0,2,0.8893564994017918,0.8926890689773298,0.307952278428431,0.7206902491286015,2.984981279171046,4.93193525538558,2.985006578820897,4.931893454305367,-89.88142663395733,85.67729490556786,-89.87201873212983,85.66802953182972,0.9209504044787824,0.9209504044787826,4.172734536794978e-06,4.17273453679498e-06,0.48462893908572396,0.4846289390857241
low,0.0765,0.077,0,0,2,0.8895838227755655,0.8929174542137307,0.3134360905149905,0.7230137275033095,2.991910045417946,4.9216364300207935,2.9919344600395514,4.921596268667711,-88.29868944979565,84.10591790507522,-88.28974986072141,84.09711516897495,0.9207339005106716,0.9207339005106718,4.0167667858134095e-06,4.016766785813411e-06,0.4846829361824868,0.4846829361824869
low,0.077,0.0775,0,0,2,0.8898129391255828,0.8931476313961552,0.3189008132155817,0.7253229259096118,2.9987485294055762,4.9114218338613815,2.9987720896129173,4.911383246619481,-86.68393619200795,82.50928910237393,-86.6754440462443,82.50092814962602,0.9205174655925983,0.9205174655925985,3.866720578961809e-06,3.866720578961811e-06,0.48473659010371534,0.48473659010371545
low,0.0775,0.078,0,0,2,0.8900438423463694,0.8933795942634791,0.3243458332526078,0.7276183665410612,3.005497230559726,4.901292034290144,3.0055199659671756,4.901254958149101,-85.04132610251924,80.8910329635409,-85.03326121425769,80.8830936543807,0.920301106195911,0.9203011061959112,3.722372943491062e-06,3.722372943491063e-06,0.48478990358058166,0.48478990358058177
low,0.078,0.0785,0,0,2,0.8902765263342965,0.8936133365607656,0.32977056676259076,0.729900552496313,3.012156673887271,4.891247509552974,3.0121786131373662,4.891211884010278,-83.37507817669398,79.25483422208069,-83.3674210358644,79.24729711949438,0.9200848287010697,0.9200848287010699,3.583508915949775e-06,3.583508915949776e-06,0.48484287932402653,0.48484287932402664
low,0.0785,0.079,0,0,2,0.890510984988668,0.8938488520403444,0.335174458582108,0.7321699681202543,3.018727408590648,4.881288653256259,3.0187485793814446,4.881254420222482,-81.68943020308845,77.6043997844012,-81.682161967897,77.59724614303983,0.9198686393989214,0.9198686393989216,3.4499212906212395e-06,3.4499212906212404e-06,0.48489552002412634,0.48489552002412645
low,0.079,0.0795,0,0,2,0.8907472122128972,0.8940861344628227,0.3405569815383356,0.7344270793481101,3.0252100067596666,4.871415778647154,3.0252304358716566,4.871382882354256,-79.98860219411173,75.9434258666752,-79.98170468362525,75.93663762203758,0.9196525444916305,0.9196525444916307,3.3214103726201044e-06,3.321410372620105e-06,0.4849478283505605,0.4849478283505606
low,0.0795,0.080,0,0,2,0.890985201915528,0.8943251775980623,0.3459176357283543,0.7366723340701395,3.031605062061695,4.8616291228007835,3.0316247753842673,4.8615975097134045,-78.27676149523822,74.27556658345111,-78.27021718181423,74.26912634113957,0.9194365500938655,0.9194365500938657,3.1977837363049242e-06,3.197783736304925e-06,0.48499980695209427,0.4849998069520944
low,0.080,0.0805,0,0,2,0.8912249480112318,0.8945659752260993,0.35125594779869546,0.7389061625044903,3.037913188485222,4.851928850631983,3.0379322110426474,4.85189846936168,-76.55799011141336,72.60440447619054,-76.55178211280099,72.5982955010679,0.9192206622336991,0.9192206622336994,3.0788559887776617e-06,3.0788559887776625e-06,0.48505145845702036,0.48505145845702047
low,0.0805,0.081,0,0,2,0.8914664444217869,0.8948085211379995,0.3565714702273884,0.7411289775759263,3.0441350191136163,4.84231505876916,3.044153375090548,4.8422858599915175,-74.83625471973632,70.93342340948261,-74.83036679069858,70.92762961458163,0.9190048868537294,0.9190048868537296,2.964448538801787e-06,2.964448538801788e-06,0.485102785472694,0.4851027854726941
low,0.081,0.0815,0,0,2,0.8917096850769662,0.8950528091367236,0.36186378060091223,0.7433411753086986,3.0502712049266356,4.83278777929692,3.050288917693112,4.832759715671491,-73.11537974663696,69.26598418133125,-73.10979626997337,69.26049011639509,0.9187892298119715,0.9187892298119718,2.8543893711166697e-06,2.8543893711166706e-06,0.4851537905858791,0.4851537905858792
low,0.0815,0.082,0,0,2,0.8919546639154139,0.8952988330378717,0.36713248090035505,0.7455431352181725,3.056322413648184,4.823346983341564,3.0563395057841176,4.823320009434575,-71.39902376706596,67.60530308532122,-71.39372974394426,67.60009392488034,0.9185736968828638,0.918573696882864,2.7485128262236393e-06,2.74851282622364e-06,0.4852044763625266,0.4852044763625267
low,0.082,0.0825,0,0,2,0.8922013748854681,0.8955465866704301,0.3723771967877902,0.7477352207110431,3.0622893286253037,4.813992584524986,3.0623058219444608,4.8139666567347374,-69.6906594080687,65.95443359571887,-69.68564044760262,65.94949512663673,0.9183582937581284,0.9183582937581286,2.6466593856822354e-06,2.6466593856822363e-06,0.4852548453480643,0.4852548453480644
low,0.0825,0.083,0,0,2,0.8924498119459362,0.8957960638775173,0.3775975768946986,0.7499177794920674,3.068172647726276,4.804724442307795,3.068188563299732,4.804699518792702,-67.99368452578624,64.31660722810703,-67.988926829421,64.31192582741295,0.9181430260477876,0.9181430260477879,2.54867546303308e-06,2.5486754630330807e-06,0.48530490006712695,0.48530490006712707
low,0.083,0.0835,0,0,2,0.8926999690668475,0.8960472585169866,0.382793292123766,0.7520911439652559,3.0739730823019156,4.795542365157977,3.0739884404809814,4.7955184057671785,-66.31154879425057,62.695603433860924,-66.30703913553279,62.69116603820582,0.9179278992809485,0.9179278992809488,2.4544132001236822e-06,2.454413200123683e-06,0.48535464302387743,0.48535464302387754
low,0.0835,0.084,0,0,2,0.8929518402301468,0.896300164462091,0.3879640349501935,0.7542556316443744,3.079691356154614,4.786446113631249,3.07970617659324,4.786423079837719,-64.64652903956902,61.09236329431863,-64.64225478356639,61.088157452565575,0.9177129189067321,0.9177129189067323,2.363730269086792e-06,2.363730269086793e-06,0.48540407670192975,0.48540407670192987
low,0.084,0.0845,0,0,2,0.8932054194303679,0.896554775602057,0.39310951873504774,0.7564115455592153,3.0853282045554966,4.777435403305105,3.0853425062321405,4.7774132581412,-63.00122401475304,59.509170081635425,-62.99717308472338,59.505183898916975,0.917498090295112,0.9174980902951122,2.27648967975963e-06,2.2764896797596307e-06,0.4854532035644344,0.4854532035644345
low,0.0845,0.085,0,0,2,0.8934607006752755,0.896811085842671,0.3982294770447712,0.7585591746640725,3.0908843732882034,4.76850990760137,3.090898174527174,4.768488615596743,-61.377998541497156,57.94809995028055,-61.374159404655224,57.944322072731936,0.9172834187377545,0.9172834187377548,2.192559592593515e-06,2.192559592593516e-06,0.48550202605419,0.48550202605419013
low,0.085,0.0855,0,0,2,0.8937176779864529,0.8970690891067729,0.403323662982292,0.7606987942423653,3.096360617731376,4.759669260482216,3.096373936223644,4.75964878760403,-59.778983313010514,56.41102144592082,-59.77534496566388,56.407441044945934,0.9170689094488439,0.9170689094488441,2.111813136958599e-06,2.1118131369586e-06,0.4855505465936768,0.4855505465936769
low,0.0855,0.086,0,0,2,0.8939763453998827,0.8973287793347706,0.408391848526511,0.7628306663109621,3.1017577019713287,4.750913059034574,3.1017705547948125,4.7508933726299505,-58.20607727014711,54.89959733828463,-58.202629222278105,54.89620409441873,0.9168545675658494,0.9168545675658496,2.0341282348036774e-06,2.0341282348036783e-06,0.4855987675852696,0.4855987675852697
low,0.086,0.0865,0,0,2,0.8942366969664752,0.8975901504851096,0.4133433790433182,0.764988051489823,3.1070763979424942,4.742240865949494,3.1070888015818214,4.742221934690118,-56.68241248211732,53.43610121822065,-56.67914385285475,53.43288442636037,0.9166403981503798,0.91664039815038,1.9593874296291823e-06,1.959387429629183e-06,0.48564669141116695,0.48564669141116706
low,0.0865,0.087,0,0,2,0.8944987267525919,0.8978531965347001,0.4182208484419526,0.767155567113411,3.112317484608624,4.733652211879559,3.1123294549743754,4.733634005708388,-55.19795907647922,52.01069217865746,-55.19486000461636,52.007642140869294,0.9164264061889357,0.9164264061889359,1.8874777206275684e-06,1.8874777206275688e-06,0.4856943204335364,0.4856943204335365
low,0.087,0.0875,0,0,2,0.8947624288405247,0.8981179114793443,0.42307438911134154,0.7693150752604908,3.117481747171512,4.725146597696658,3.11749329961895,4.725129087776658,-53.74180514389053,50.612665348765944,-53.73886673736599,50.609773324427785,0.9162125965935983,0.9162125965935985,1.8182904019543269e-06,1.8182904019543273e-06,0.4857416569949188,0.4857416569949189
low,0.0875,0.088,0,0,2,0.8950277973289238,0.8983842893340825,0.4279038290367124,0.7714667935201268,3.1225699763038346,4.716723496657589,3.1225811256511227,4.716706655322439,-52.31507430630443,49.242997500258966,-52.312288109348884,49.240255179163384,0.9159989742029405,0.9159989742029407,1.7517209070801552e-06,1.7517209070801556e-06,0.4857887034177302,0.48578870341773034
low,0.088,0.0885,0,0,2,0.8952948263332575,0.8986523241336256,0.4327090104579703,0.7736109287506248,3.1275829674200084,4.708382356459131,3.1275937279659267,4.7083661571658295,-50.91869943619842,47.902495366221565,-50.916057411066795,47.89989485012426,0.9157855437826125,0.9157855437826127,1.6876686580256649e-06,1.6876686580256653e-06,0.4858354620050293,0.4858354620050294
low,0.0885,0.089,0,0,2,0.8955635099862235,0.8989220099326332,0.4374897893715167,0.775747677419917,3.1325215199795537,4.700122601193715,3.1325319055207217,4.700107018477018,-49.55343338061621,46.59180505952125,-49.55092789174145,46.589338846189165,0.9155723100261602,0.9155723100261605,1.6260369194643428e-06,1.6260369194643432e-06,0.4858819350402288,0.4858819350402289
low,0.089,0.0895,0,0,2,0.8958338424380882,0.8991933408060453,0.4422460350356837,0.77787722594836,3.1373864368070783,4.691943633230791,3.1373964606546854,4.691928642659431,-48.219860289523595,45.31142205765435,-48.2174840876717,45.30908302498256,0.915359277555729,0.9153592775557292,1.5667326575817962e-06,1.5667326575817966e-06,0.48592812478732467,0.4859281247873248
low,0.0895,0.090,0,0,2,0.8961058178570807,0.8994663108493879,0.4469776294903568,0.7799997510417498,3.142178523452124,4.683844834992274,3.1421881984481805,4.683830413126895,-46.91842259857334,44.061702248098214,-46.9161688048871,44.05948363835305,0.9151464509227609,0.9151464509227611,1.5096664035497927e-06,1.5096664035497931e-06,0.48597403349105744,0.48597403349105756
low,0.090,0.0905,0,0,2,0.8963794304297291,0.8997409141790343,0.45168446708643584,0.7821154200197746,3.1468985875756177,4.675825570643747,3.1469079261087347,4.675811694996489,-45.653094824326914,42.84304050954013,-45.65095687108295,42.84093591180426,0.914933834608663,0.9149338346086632,1.454752121533352e-06,1.4547521215333524e-06,0.48601966337714103,0.48601966337714114
low,0.0905,0.091,0,0,2,0.8966546743611484,0.9000171449324731,0.45636645402306386,0.7842243911418083,3.151547438350815,4.667885187721085,3.1515564523715147,4.667871836716771,-44.42020869628153,41.65536591987441,-44.41818040373217,41.653369258999604,0.9147214330255884,0.9147214330255886,1.4019070811601977e-06,1.4019070811601981e-06,0.48606501665212026,0.4860650166521204
low,0.091,0.0915,0,0,2,0.8969315438753623,0.9002949972685299,0.4610235078995846,0.786326813922316,3.156125885908538,4.660023018651163,3.1561345869441126,4.660010171590021,-43.21979406427035,40.498676070739876,-43.21786957670657,40.49678159007734,0.9145092505170497,0.9145092505170499,1.3510517342517156e-06,1.351051734251716e-06,0.48611009550370293,0.48611009550370304
low,0.0915,0.092,0,0,2,0.8972100332155679,0.9005744653675802,0.46565555727585234,0.788422829442778,3.160634740799162,4.652238382208979,3.1606431399680837,4.652226019230855,-42.0517706817556,39.37286994380588,-42.04994445269594,39.371072190542584,0.914297291358595,0.9142972913585953,1.302109595787445e-06,1.3021095957874454e-06,0.4861549021009278,0.48615490210092793
low,0.092,0.0925,0,0,2,0.8974901366444163,0.9008555434317883,0.4702625412428532,0.7905125706578092,3.165074813476381,4.644530584905078,3.1650829215022753,4.644518686955072,-40.915959288164544,38.27775779501062,-40.914226065897374,38.27605160588123,0.9140855597585046,0.9140855597585048,1.255007128970937e-06,1.2550071289709374e-06,0.4861994385941807,0.4861994385941808
low,0.0925,0.093,0,0,2,0.8977718484442224,0.9011382256852428,0.47483120869930656,0.7925997971231338,3.1693114415178396,4.636999010623203,3.169319268491795,4.636987559049594,-39.81835663172387,37.2192432190061,-39.81671122186822,37.217623484220944,0.9138740598584414,0.9138740598584416,1.2096865129082961e-06,1.2096865129082965e-06,0.48624370711537773,0.48624370711537784
low,0.093,0.0935,0,0,2,0.8980551629171954,0.9014225063741576,0.47936316710359916,0.7946841558169163,3.173364365178593,4.629628412723555,3.1733719208848306,4.629617389706408,-38.75729582114619,36.19569432681202,-38.755733359686474,36.194156261667025,0.9136627957340883,0.9136627957340885,1.1660766659219084e-06,1.1660766659219089e-06,0.48628770977815083,0.48628770977815095
low,0.0935,0.094,0,0,2,0.8983400743856743,0.901708379767019,0.48387072935539793,0.7967623543947779,3.1773615653781873,4.6223239891610755,3.1773688594861347,4.622313377944379,-37.72639131931155,35.20082840927959,-37.72490741087088,35.19936769193967,0.9134517713958268,0.913451771395827,1.1240999125264266e-06,1.124099912526427e-06,0.4863314486778889,0.486331448677889
low,0.094,0.0945,0,0,2,0.8986265771922995,0.9019958401547233,0.4883538619778658,0.798834500795723,3.1813035635828917,4.61508527633434,3.1813106054145077,4.6150750608365705,-36.725238608593294,34.2342584259068,-36.72382909297678,34.23287096536355,0.9132409907893294,0.9132409907893296,1.083693653001397e-06,1.0836936530013974e-06,0.4863749258920376,0.48637492589203773
low,0.0945,0.095,0,0,2,0.8989146657002007,0.9022848818506931,0.49281253979846995,0.8009006962519637,3.185190883458374,4.607911797988377,3.185197682000396,4.607901962775045,-35.753378110931266,33.2955477262508,-35.75203905140136,33.29422965080513,0.9130304577962383,0.9130304577962385,1.0447977027685076e-06,1.044797702768508e-06,0.48641814348005996,0.4864181434800601
low,0.095,0.096,0,0,1,0.8976292358283603,0.9044495902276128,0.27563606557640014,1.0551654498246952,2.357766769621649,5.962567830304498,2.357787851840813,5.962514515735641,-inf,inf,-731.4781564749734,707.4174502512615,0.9173103168088391,0.9173103168088393,3.3501766256596353e-06,3.350176625659636e-06,0.47232790855550855,0.47232790855550866
low,0.096,0.097,0,0,1,0.8982141477722001,0.9050377887375156,0.2899761318974602,1.0544162761230473,2.3787199955043836,5.916566685374386,2.3787396176544426,5.916517879696837,-inf,inf,-642.7144231055694,621.2301002018249,0.9168833895151747,0.9168833895151749,3.0967914077668185e-06,3.0967914077668194e-06,0.47250663879693694,0.47250663879693705
low,0.097,0.098,0,0,1,0.898805311156625,0.9056322021893106,0.3041194540600889,1.0536934352790222,2.399287499988109,5.871676015428338,2.3993057634720434,5.871631320222631,-inf,inf,-567.977216169041,548.6623515038096,0.9164574667546062,0.9164574667546064,2.863398578091215e-06,2.863398578091216e-06,0.47268322644232685,0.47268322644232696
low,0.098,0.099,0,0,1,0.8994026819687044,0.9062327861144158,0.3180617116963578,1.053003695578507,2.4194657840835774,5.827882972017848,2.419482783499437,5.827842024927455,-inf,inf,-504.57013954981613,487.0962438881722,0.9160325786655792,0.9160325786655794,2.648375891103102e-06,2.6483758911031028e-06,0.4728577042440717,0.4728577042440718
low,0.099,0.100,0,0,1,0.9000062165292005,0.9068394964235615,0.3317994588427991,1.0523530012601667,2.4392523159754926,5.785172732546018,2.4392681395295193,5.785135204018398,-inf,inf,-450.40171161727807,434.50119162536157,0.9156087543892767,0.9156087543892769,2.4502341233773727e-06,2.4502341233773736e-06,0.4730301044671882,0.4730301044671883
low,0.100,0.101,0,0,1,0.9006158714954793,0.9074522894073698,0.34533005267005734,1.0517465271534212,2.4586454772654838,5.743528770876277,2.4586602071661465,5.743494361186514,-inf,inf,-403.83144935772964,389.2845064203753,0.915186022088771,0.9151860220887712,2.267606329361614e-06,2.267606329361615e-06,0.4732004588922189,0.473200458892219
low,0.101,0.102,0,0,1,0.9012316038639071,0.9080711217364232,0.3586515848687703,1.0511887326401192,2.477644507809049,5.702933107579623,2.4776582206420987,5.7029015441149165,-inf,inf,-363.5594560515803,350.18417585817724,0.9147644089680677,0.9147644089680679,2.09923791438253e-06,2.099237914382531e-06,0.47336879881810845,0.47336879881810856
low,0.102,0.103,0,0,1,0.9018533709715967,0.9086959504609428,0.3708879620221311,1.0506834144795132,2.4962494498364163,5.663366540212072,2.4962622169211865,5.663337574996533,-inf,inf,-328.7295555722073,316.3817670489631,0.9143439412908719,0.9143439412908722,1.9439774721557943e-06,1.943977472155795e-06,0.47353515506571314,0.47353515506571325
low,0.103,0.104,0,0,1,0.9024811304978042,0.909326733010042,0.38273265008888474,1.0502337580796481,2.514461092053862,5.624808854046053,2.5144729797811456,5.6247822614864,-inf,inf,-298.32565098305173,286.87776300042816,0.913924644399203,0.9139246443992032,1.800768335792354e-06,1.8007683357923544e-06,0.4736995579814048,0.4736995579814049
low,0.104,0.105,0,0,1,0.9031148404647835,0.9099634271906767,0.394423172516002,1.049842386935519,2.532280914212878,5.587239014061131,2.5322919843647758,5.587214588895093,-inf,inf,-271.6203695573273,260.96293635107185,0.9135065427317547,0.9135065427317549,1.6686407935180433e-06,1.6686407935180437e-06,0.47386203744120076,0.47386203744120087
low,0.105,0.106,0,0,1,0.9037544592383033,0.9106059911862109,0.4059577919513962,1.0495114099792406,2.549711032655091,5.550635338940091,2.5497213427073153,5.5506128943705155,-inf,inf,-248.06259532724297,238.10289468737082,0.9130896598421071,0.9130896598421073,1.5467049223826643e-06,1.5467049223826647e-06,0.47402262285485913,0.47402262285485924
low,0.106,0.107,0,0,1,0.9043999455277989,0.9112543835548386,0.41733520387301487,1.0492424666960478,2.5667541471673387,5.514975658074486,2.56676375057449,5.514955024073324,-inf,inf,-227.1976780644989,217.85674371935892,0.9126740184167412,0.9126740184167415,1.4341439956676991e-06,1.4341439956676995e-06,0.4741813431704358,0.4741813431704359
low,0.107,0.108,0,0,1,0.9050512583861802,0.9119085632276483,0.4285545017489621,1.0490367698753749,2.583413489498389,5.480237452492707,2.5834224359627913,5.4802184742601705,-208.6600621840674,199.8701895130014,-208.64816266844244,199.8584117550997,0.9122596402928451,0.9122596402928453,1.3302084219205272e-06,1.3302084219205276e-06,0.4743382268788984,0.4743382268788985
low,0.108,0.109,0,0,1,0.9057083572093727,0.9125684895065299,0.439291515565176,1.0490228710582197,2.5996927737593025,5.4463979807708185,2.5997011094839952,5.446380517336133,-192.25383588328754,183.95359906454766,-192.24358558559214,183.9434552224501,0.9118465464759494,0.9118465464759496,1.2342101760356923e-06,1.2342101760356927e-06,0.47449330201895207,0.4744933020189522
low,0.109,0.110,0,0,1,0.9063712017355875,0.9132341220618919,0.4498416903553884,1.049084162636926,2.6155961489007797,5.413434390950551,2.6156039168273066,5.413418313901745,-177.57446607190195,169.71408963884645,-177.56560138742506,169.7053183302463,0.9114347571573975,0.9114347571573977,1.1455176851047688e-06,1.1455176851047693e-06,0.47464659618193544,0.47464659618193555
low,0.110,0.111,0,0,1,0.907039752044391,0.9139054209302218,0.4602484815447197,1.0492037108873384,2.6311281534144224,5.381323819476764,2.6311353934460597,5.381309011807952,-164.38228336290655,156.91899691175135,-164.3745897724297,156.91138546714308,0.9110242917315886,0.9110242917315888,1.0635511340745877e-06,1.063551134074588e-06,0.4747981365169714,0.4747981365169715
low,0.111,0.112,0,0,1,0.9077139685554636,0.9145823465114951,0.47051186192863415,1.0493815959020805,2.646293672329753,5.350043478201095,2.6463004215408428,5.350029833266642,-152.49184202956957,145.38832968462253,-152.48514301874627,145.38170314166535,0.9106151688130292,0.9106151688130294,9.877781585621625e-07,9.87778158562163e-07,0.47494794973620985,0.47494794973620996
low,0.112,0.113,0,0,1,0.9083938120273232,0.9152648595664874,0.48063204414692284,1.0496176494254899,2.6610978965982763,5.319570730371917,2.6611041894303185,5.319558150937762,-141.74533781826378,134.96877124851252,-141.73948683561028,134.96298436505026,0.9102074062532987,0.9102074062532989,9.177098943143498e-07,9.1770989431435e-07,0.47509606211990896,0.47509606211990907
low,0.113,0.114,0,0,1,0.9090792435557633,0.9159529212139619,0.4906094579874317,1.0499114823809192,2.675546284857706,5.289883156599912,2.6755521533028745,5.289871553983145,-132.03975811725505,125.80765942964914,-132.03463301593428,125.80258900507103,0.9098010211576463,0.9098010211576465,8.52897354931134e-07,8.528973549311342e-07,0.4752424995220744,0.47524249952207454
low,0.114,0.115,0,0,1,0.9097702245722042,0.9166464929277867,0.5004447290956938,1.050262510319651,2.6896445275844716,5.2609586116776175,2.6896500013572022,5.260947904966178,-123.25219305938329,117.70404697174352,-123.24769171607632,117.69959079298326,0.9093960299015975,0.9093960299015977,7.929281115120875e-07,7.929281115120877e-07,0.47538728737557856,0.47538728737557867
low,0.115,0.116,0,0,1,0.9104667168418759,0.9173455365339829,0.5101386590593355,1.0506699768848926,2.703398513606968,5.232775273097384,2.7034036203042557,5.232765388442457,-115.30862919316759,110.34932595384468,-115.30466555555248,110.3453997883916,0.9089924481471688,0.9089924481471691,7.374232497348504e-07,7.374232497348506e-07,0.4755304506979735,0.4755304506979736
low,0.116,0.117,0,0,1,0.9111686824619458,0.9180500142077027,0.5196922068364488,1.0511329753791747,2.7168142989362996,5.2053116820634875,2.716819064187334,5.205302552037833,-108.0514690803855,103.60794958596293,-108.04797117218452,103.604482853095,0.9085902908590648,0.9085902908590651,6.860345817579323e-07,6.860345817579325e-07,0.47567201409666837,0.4756720140966685
low,0.117,0.118,0,0,1,0.9118760838594624,0.9187598884701864,0.5291064714758582,1.0516504685451924,2.729898077838795,5.178546777761889,2.7299025254445404,5.178538340777943,-101.4073376395571,97.41636831543198,-101.40424423687034,97.41330092131977,0.9081895723205416,0.9081895723205419,6.384420920019053e-07,6.384420920019055e-07,0.47581200177474503,0.47581200177474514
low,0.118,0.119,0,0,1,0.9125888837893058,0.9194751221856545,0.5383826760916403,1.0522213066478123,2.7426561561025764,5.152459925540498,2.7426603081658785,5.1524521253226565,-95.31216080657353,91.71889763355435,-95.3094197771437,91.71617836318093,0.9077903061491038,0.907790306149104,5.943515974808131e-07,5.943515974808133e-07,0.47595043753650307,0.4759504375365032
low,0.119,0.120,0,0,1,0.9133070453320007,0.9201956785582,0.5475221530285241,1.0528442439720567,2.755093947436677,5.127032715728565,2.7550978245038054,5.127025500791649,-89.71002366522475,86.46679884904461,-89.70759036990081,86.46438380958931,0.9073925332486413,0.9073925332486416,5.534946327458478e-07,5.53494632745848e-07,0.47608715005569835,0.47608715005569846
low,0.120,0.121,0,0,1,0.9140305318914895,0.9209215211286469,0.556526330168679,1.0535179538308117,2.7672129123296005,5.1022544048745315,2.7672165335768204,5.102247727937473,-84.55263353585504,81.61791356302601,-84.55046949564226,81.61576488457085,0.9069964108216236,0.9069964108216239,5.156318184283845e-07,5.156318184283847e-07,0.47622115823733846,0.47622115823733857
low,0.121,0.122,0,0,1,0.9147593071928164,0.921652613771415,0.5653967183180606,1.054241042186802,2.779019216907078,5.078106156839861,2.779022600137321,5.078099974663597,-79.7964404276712,77.1339982116107,-79.79451242446585,77.1320831735967,0.9066019654400356,0.9066019654400358,4.805329112809454e-07,4.805329112809456e-07,0.4763523946006291,0.4763523946006292
low,0.122,0.123,0,0,1,0.9154933352798591,0.9223889206913758,0.5741348996203871,1.055012059977733,2.790519797265089,5.054568291887989,2.7905229589937424,5.054562564940689,-75.40281003815211,72.98099867873613,-75.40108945640867,72.97928907285427,0.9062092014749049,0.9062092014749051,4.479847683463677e-07,4.479847683463678e-07,0.47648094122993656,0.47648094122993667
low,0.123,0.124,0,0,1,0.916232580512886,0.9231304064206837,0.582742516931235,1.0558295142492504,2.801724767177026,5.031616039308275,2.8017277226750896,5.031610731535054,-71.34956636370734,69.12863044783134,-71.34802844616567,69.12710190159613,0.905818028081562,0.9058180280815622,4.177862590974154e-07,4.1778625909741553e-07,0.47660752919514354,0.47660752919514365
low,0.124,0.125,0,0,1,0.9169770075662295,0.9238770358156951,0.5912212641016799,1.0566918781755728,2.812643713690291,5.009226197085196,2.81264647709235,5.009221275560397,-67.60673311608082,65.54955454428129,-67.60535641573351,65.54818592856725,0.9054283652850885,0.9054283652850887,3.8975398959430174e-07,3.8975398959430184e-07,0.47673280101193133,0.47673280101193144
low,0.125,0.126,0,0,1,0.9177265814257937,0.9246287740537891,0.5995728771109105,1.0575976000586462,2.8232831102975195,4.987381601554328,2.8232856947363008,4.987377036098766,-64.13197664530396,62.21917563911186,-64.13074254363697,62.21794854135649,0.9050402225790788,0.905040222579079,3.637243028994584e-07,3.637243028994585e-07,0.47685677575521795,0.47685677575521807
low,0.126,0.127,0,0,1,0.9184812673866789,0.9253855866303117,0.6077991259939743,1.058545111383662,2.83364939672818,4.9660655847542365,2.8336518144066907,4.966061347694289,-60.901451557104075,59.11609368576222,-60.90034380120987,59.114992022947305,0.9046536089109952,0.9046536089109954,3.3954645014697407e-07,3.3954645014697417e-07,0.47697947218025544,0.47697947218025555
low,0.127,0.128,0,0,1,0.9192410310506874,0.9261474393554667,0.6159018075093375,1.059532834010377,2.8437489675532097,4.945261971553338,2.8437512298117276,4.94525803750203,-57.95959273166561,56.34097393710363,-57.958596720826016,56.33998307682729,0.9042685326957236,0.9042685326957238,3.170815365360266e-07,3.170815365360267e-07,0.4771009087284308,0.4771009087284309
low,0.128,0.129,0,0,1,0.920005838323857,0.9269142983512676,0.6238827384953877,1.060559186570495,2.853588162021113,4.924955075118732,2.853590279399374,4.924951420776754,-55.21781861310256,53.75018829259362,-55.216921957776854,53.749295993219626,0.9038850018290016,0.9038850018290018,2.9620155560755857e-07,2.962015556075587e-07,0.4772211035326755,0.4772211035326756
low,0.129,0.130,0,0,1,0.9207756554140433,0.9276861300485117,0.6317437498686499,1.0616225901360004,2.8631732550495888,4.905129690952249,2.8631752373445014,4.905126294927029,-52.655864738122915,51.32249443459884,-52.655056571878085,51.321689960940645,0.9035030237005843,0.9035030237005846,2.767885043009004e-07,2.767885043009005e-07,0.4773400744230451,0.4773400744230452
low,0.130,0.131,0,0,1,0.9215504488284001,0.9284629011837671,0.6394866812114168,1.0627214732277375,2.872510449265913,4.885771089746814,2.872512305585115,4.885767932387962,-50.25902097397698,49.04515295247649,-50.258291730125634,49.04442684640041,0.9031226052072572,0.9031226052072574,2.587335719395664e-07,2.587335719395665e-07,0.477457838931921,0.4774578389319211
low,0.131,0.132,0,0,1,0.9223301853709466,0.9292445787964088,0.6471133759093385,1.063854276216076,2.8816058680380054,4.86686500922315,2.8816076068495446,4.866862072472743,-48.01401025324078,46.90661384866454,-48.01335149496047,46.90595776327008,0.9027437527655781,0.9027437527655783,2.4193639685667743e-07,2.4193639685667754e-07,0.47757441429936964,0.47757441429936975
low,0.132,0.133,0,0,1,0.923114832140116,0.9300311302256751,0.6546256767940695,1.0650194551714933,2.890465549406716,4.848397645140513,2.8904671785851344,4.84839491239683,-45.90882695152156,44.896387179091825,-45.90823122624132,44.89579373640972,0.9023664723244463,0.9023664723244466,2.2630438492169589e-07,2.2630438492169594e-07,0.47768981747823014,0.47768981747823025
low,0.133,0.134,0,0,1,0.9239043565262778,0.9308225231077533,0.6620254222502073,1.066215485216328,2.8990954408467062,4.8303556416346956,2.8990969677157814,4.830353097628164,-43.933206223684564,43.00587123089214,-43.93266693323529,43.00533389404168,0.9019907693774503,0.9019907693774505,2.117520847115143e-07,2.1175208471151436e-07,0.47780406513919027,0.4778040651391904
low,0.134,0.135,0,0,1,0.9246987262093324,0.9316187253729425,0.6693144427508703,1.0674408634220502,2.907501394792119,4.8127260810124985,2.9075028261644933,4.812723711692701,-42.08562151720779,41.23640325648458,-42.08513271159341,41.23591612315987,0.901616648975013,0.9016166489750133,1.9820061451835154e-07,1.982006145183516e-07,0.4779171736757156,0.47791717367571573
low,0.135,0.136,0,0,1,0.9254979091562684,0.9324197052427646,0.6764945577873696,1.0686941112945614,2.9156891648668286,4.79549647311672,2.91569050708076,4.795494265549456,-40.3508421450787,39.568078740782546,-40.35039865630345,39.56763669336093,0.9012441157362653,0.9012441157362655,1.8557713679663805e-07,1.855771367966381e-07,0.4780291592090788,0.4780291592090789
low,0.136,0.137,0,0,1,0.9263018736187542,0.9332254312272151,0.6835675731557719,1.0699737768918007,2.9236644027396306,4.778654744395348,2.923665661693064,4.778652686668801,-38.77141848975401,38.018996812714626,-38.771015603848994,38.018595222803604,0.9008731738608297,0.9008731738608299,1.7381437603793253e-07,1.7381437603793258e-07,0.47814003759288604,0.47814003759288615
low,0.137,0.138,0,0,1,0.9271105881307482,0.9340358721219666,0.6905352785756863,1.0712784366033432,2.931432655575708,4.762189226725872,2.9314338367578605,4.762187307865068,-37.28578782168497,36.557560679609765,-37.285421454780725,36.557195486422515,0.900503827140248,0.9005038271402482,1.6285017638739752e-07,1.6285017638739757e-07,0.47824982441804165,0.47824982441804176
low,0.138,0.139,0,0,1,0.9279240215061157,0.9348509970056382,0.697399445608204,1.072606696630439,2.938999364009059,4.746088646109235,2.9390004725297034,4.746086855998008,-35.882076839159794,35.17495233943913,-35.88174338378971,35.174619950910255,0.9001360789692864,0.9001360789692866,1.5262709565186897e-07,1.5262709565186902e-07,0.47835853501726366,0.4783585350172638
low,0.139,0.140,0,0,1,0.9287421428362721,0.9356707752371406,0.7041618258469623,1.073957194196423,2.946369860592975,4.730342111293437,2.9463709012095873,4.730340440603228,-34.55459167327267,33.865893688475595,-34.55428790862248,33.865590896778556,0.8997699323570157,0.899769932357016,1.4309203262449384e-07,1.430920326244939e-07,0.4784661844696385,0.4784661844696386
low,0.140,0.141,0,0,1,0.9295649214878365,0.9364951764529692,0.7108241493612076,1.0753285985116656,2.9535493686926517,4.7149391023743545,2.9535503458355743,4.714937542499216,-33.298111995578545,32.625528781941114,-33.29783504264612,32.62525271906919,0.8994053899376684,0.8994053899376686,1.3419588491607672e-07,1.3419588491607677e-07,0.47857278760506267,0.4785727876050628
low,0.141,0.142,0,0,1,0.930392327100314,0.9373241705646399,0.7173881233623707,1.076719611524873,2.960543001760488,4.699869459449426,2.9605439195562586,4.699868002446671,-32.10784525693502,31.449384542469755,-32.10759253914995,31.449132641199782,0.8990424539812943,0.8990424539812946,1.2589323472977598e-07,1.2589323472977604e-07,0.4786783590086908,0.47867835900869093
low,0.142,0.143,0,0,1,0.9312243016767551,0.9381577558123313,0.7238538264117986,1.0781308448000846,2.967350459894374,4.685130734412227,2.967351322193074,4.6851293729346,-30.979989118113483,30.333965969012894,-30.979758322138434,30.33373592396301,0.8986811412997392,0.8986811412997394,1.1814305529204768e-07,1.1814305529204771e-07,0.4787829130251262,0.4787829130251263
low,0.143,0.144,0,0,1,0.9320607717517267,0.9389959465253835,0.7302205366413866,1.0795638407797208,2.9739687235398535,4.670724322149904,2.973969533936769,4.670723049392803,-29.911304387336262,29.2763215997802,-29.911093433022327,29.276111337588887,0.8983214766743365,0.8983214766743367,1.1090771117841011e-07,1.1090771117841014e-07,0.47888646376287203,0.47888646376287214
low,0.144,0.145,0,0,1,0.9329017087226473,0.9398387124641974,0.7364901495551608,1.0810170801512327,2.980403370418902,4.656639791758497,2.980404132263128,4.656638601438592,-28.897839307615197,28.272713084661625,-28.89764633011997,28.27252074633963,0.8979634606905651,0.8979634606905653,1.0415071239741485e-07,1.0415071239741488e-07,0.47898902509822205,0.47898902509822217
low,0.145,0.146,0,0,1,0.933747119848184,0.9406859878676508,0.7426664608736975,1.0824868344531315,2.9866662794744188,4.642858244410532,2.986666995880435,4.6428571307370685,-27.935290120958488,27.3189890785717,-27.93511345020516,27.31881299914192,0.8976070746843985,0.8976070746843987,9.783727019662434e-08,9.783727019662437e-08,0.4790906106795908,0.4790906106795909
low,0.146,0.147,0,0,1,0.9345970115996082,0.941537708293443,0.7487530359186448,1.083969657682659,2.9927685991985298,4.629362077372541,2.992769273064149,4.629361035004141,-27.019777104790762,26.411400792851662,-27.019615242705907,26.41123947870581,0.8972523003342834,0.8972523003342836,9.193541425906682e-08,9.193541425906684e-08,0.47919123393135116,0.47919123393135127
low,0.147,0.148,0,0,1,0.9354513552071594,0.9423938452490822,0.7547514083840665,1.0854644786121992,2.9987147324232697,4.616143163441537,2.9987153664512363,4.616142187435594,-26.148388585637665,25.547181636286993,-26.14824018297029,25.54703374207989,0.8968991379385521,0.8968991379385524,8.641661414252916e-08,8.641661414252919e-08,0.47929090805783975,0.47929090805783986
low,0.148,0.149,0,0,1,0.9363101221578056,0.9432543705002223,0.7606630852832009,1.0869702585904977,3.004508977094704,4.603193654832183,3.0045095738063985,4.603192740613221,-25.318428625452228,24.72376293238183,-25.318292465850124,24.723627245194766,0.8965475875004733,0.8965475875004735,8.125442400865769e-08,8.125442400865772e-08,0.4793896460473302,0.4793896460473303
low,0.149,0.15,0,0,1,0.937173284193127,0.9441192560682846,0.766489546775209,1.0884859912780693,3.0101555274489358,4.590505973545195,3.0101560891970824,4.5905051168758835,-24.527398455176215,23.938757491567372,-24.527273441092362,23.938632916886494,0.8961976487373278,0.896197648737328,7.64243232144033e-08,7.642432321440333e-08,0.47948746067567233,0.47948746067567244
middle,0.15,0.1505,0,0,2,0.9395707230313638,0.9430167069478494,0.8535559814879081,0.9971397853308934,3.388098045626364,4.099262570705715,3.388098240029064,4.099262335497741,-5.866047493011589,4.54902806472605,-5.866034537279952,4.549015411266773,0.891771146501074,0.8917711465010743,2.736036402145131e-08,2.7360364021451316e-08,0.48996017834862093,0.48996017834862104
middle,0.1505,0.151,0,0,2,0.9400057674152663,0.9434522088208191,0.8558195320852666,0.9985879022052753,3.3886718277229515,4.096410648994759,3.3886720166737745,4.096410420580746,-5.813540978990243,4.502723830386875,-5.813528461347987,4.502711605106889,0.8916013177210602,0.8916013177210604,2.6582311734575582e-08,2.6582311734575588e-08,0.4899836490600901,0.48998364906009023
middle,0.151,0.1515,0,0,2,0.9404418928352121,0.9438887873301248,0.8580693296063051,1.000029879886648,3.3892339125464277,4.093578601127046,3.3892340962102567,4.093578379294529,-5.7618013353293644,4.457149865221954,-5.761789239826613,4.457138052517332,0.8914318911744132,0.8914318911744135,2.582819180566465e-08,2.5828191805664658e-08,0.49000701134143443,0.49000701134143454
middle,0.1515,0.152,0,0,2,0.9408790958613645,0.9443264390639894,0.8603054595453505,1.0014657176750303,3.389784490698162,4.090766241913342,3.389784669234575,4.0907660264569605,-5.713997469160556,4.412637639132106,-5.713985779590035,4.412626223726609,0.8912628666599571,0.8912628666599574,2.509721893985561e-08,2.5097218939855618e-08,0.49003026592929755,0.49003026592929766
middle,0.152,0.1525,0,0,2,0.9413173730793502,0.9447651606260917,0.8625280067800749,1.0028954152369958,3.3903237503261856,4.0879733887591065,3.3903239238896368,4.087973179480349,-5.668033254654586,4.368807438443654,-5.668021956039316,4.368796405877418,0.8910942439616213,0.8910942439616215,2.438863504087605e-08,2.4388635040876057e-08,0.4900534135542054,0.4900534135542055
middle,0.1525,0.153,0,0,2,0.9417567210901236,0.9452049486354844,0.8647370555741888,1.004318972603159,3.3908518771515213,4.0851998616289515,3.3908520458915135,4.085199658335918,-5.622498794846499,4.325476213532217,-5.622487873166574,4.325465550028776,0.8909260228486502,0.8909260228486504,2.370170822539095e-08,2.3701708225390956e-08,0.49007645494072505,0.49007645494072516
middle,0.153,0.1535,0,0,2,0.9421971365099469,0.9456457997265294,0.8669326895819619,1.0057363901633902,3.3913690544991115,4.0824454830060395,3.3913692185603623,4.082445285513205,-5.577390949397678,4.282638949784624,-5.577380391167874,4.282628642095063,0.8907582030758785,0.8907582030758787,2.303573187439496e-08,2.3035731874394966e-08,0.49009939080742293,0.49009939080742304
middle,0.1535,0.154,0,0,2,0.9426386159703296,0.9460877105488291,0.8691149918522086,1.0071476686627723,3.3918754633282004,4.079710077852137,3.391875622850805,4.0797098859801295,-5.532706576503499,4.240290690089494,-5.532696368751723,4.240280725471085,0.8905907843839151,0.8905907843839154,2.2390023720086447e-08,2.2390023720086453e-08,0.490122221867055,0.4901222218670551
middle,0.154,0.1545,0,0,2,0.943081156117938,0.9465306777671684,0.8712840448314875,1.0085528091983715,3.3923712822566507,4.076993473575245,3.3923714373762364,4.076993287150628,-5.488442532569601,4.198426532577348,-5.488432662816262,4.198416898773095,0.8904237664994583,0.8904237664994585,2.176392496753495e-08,2.1763924967534956e-08,0.49014494882641935,0.49014494882641946
middle,0.1545,0.155,0,0,2,0.9435247536145468,0.9469746980614377,0.8734399303686153,1.0099518132146705,3.392856687592761,4.074295499988328,3.392856838440638,4.074295318843393,-5.444595671794591,4.157041628328705,-5.4445861280328325,4.157032313547763,0.8902571491354485,0.8902571491354487,2.1156799448636593e-08,2.11567994486366e-08,0.490167572386606,0.49016757238660613
middle,0.155,0.1555,0,0,2,0.9439694051369671,0.9474197681265731,0.8755827297183898,1.0113446824997774,3.3933318533613828,4.07161598927518,3.393332000064688,4.071615813247745,-5.401162845948778,4.116131179329574,-5.401153616625554,4.116122172228498,0.8900909319913461,0.8900909319913464,2.0568032808241663e-08,2.056803280824167e-08,0.4901900932429402,0.49019009324294033
middle,0.1555,0.156,0,0,2,0.9444151073769828,0.947865884672481,0.8777125235458583,1.0127314191811485,3.3937969513324218,4.0689547759535625,3.39379709401426,4.068954604886779,-5.3581409041653085,4.07569043649473,-5.358131978163251,4.0756817261595195,0.8899251147533493,0.8899251147533496,1.999703172048918e-08,1.9997031720489187e-08,0.49021251208504635,0.49021251208504646
middle,0.156,0.1565,0,0,2,0.9448618570413428,0.9483130444239922,0.8798293919310279,1.014112025720632,3.3942521510509684,4.066311696836584,3.394252289830546,4.066311530578752,-5.315526692758394,4.0357146977719776,-5.315518059378446,4.0357062737008755,0.8897596970946062,0.8897596970946064,1.944322313435771e-08,1.9443223134357715e-08,0.4902348295969261,0.4902348295969262
middle,0.1565,0.157,0,0,2,0.9453096508515703,0.9487612441207823,0.8819334143710416,1.0154865049127046,3.3946976198573084,4.063686591006185,3.3946977548500636,4.063686429410575,-5.273317055323985,3.9961993065764694,-5.273308704268758,3.996191158663491,0.8895946786754458,0.8895946786754461,1.8906053547747118e-08,1.8906053547747124e-08,0.49025704645702184,0.49025704645702195
middle,0.157,0.1575,0,0,2,0.9457584855440446,0.9492104805173049,0.884024669786975,1.0168548598771674,3.3951335229228823,4.061079299768166,3.3951336542406114,4.061079142692844,-5.231508832542389,3.957139649981687,-5.231500753900223,3.9571317685008403,0.8894300591436064,0.8894300591436066,1.8384988308033727e-08,1.8384988308033734e-08,0.4902791633381867,0.49027916333818683
middle,0.1575,0.158,0,0,2,0.9462083578698395,0.9496607503827391,0.8861032365260472,1.0182170940572386,3.3955600232706526,4.05848966662547,3.3955601510216304,4.05848951393313,-5.19009886237893,3.918531157354512,-5.190091046607933,3.918523532944,0.8892658381344266,0.8892658381344268,1.7879510939132975e-08,1.787951093913298e-08,0.490301180907838,0.4903011809078381
middle,0.158,0.1585,0,0,2,0.9466592645947094,0.9501120505009154,0.8881691923669462,1.0195732112140723,3.395977281804848,4.055917537240862,3.395977406093946,4.055917388798668,-5.1490839802281005,3.8803692989825387,-5.149076418037638,3.8803619225264043,0.889102015271088,0.8891020152710882,1.738912249333437e-08,1.7389122493334376e-08,0.4903230998279256,0.4903230998279257
middle,0.1585,0.159,0,0,2,0.9471112024990318,0.9505643776702525,0.890222614524121,1.020923215422442,3.396385457337769,4.0533627594030905,3.396385578266566,4.053362615082525,-5.108471668055253,3.842761716646648,-5.1084643506092515,3.8427545794637785,0.8889385901648081,0.8889385901648084,1.6913340927206912e-08,1.691334092720692e-08,0.4903449207550276,0.4903449207550277
middle,0.159,0.1595,0,0,2,0.9475641683776923,0.9510177287037117,0.8922635796508136,1.0222671110678454,3.39678470661136,4.050825182999306,3.3967848242782552,4.050825042676014,-5.068284776162552,3.805977985226017,-5.068277694949153,3.8059710789212113,0.888775562415053,0.8887755624150532,1.6451700500824943e-08,1.645170050082495e-08,0.4903666443404034,0.4903666443404035
middle,0.1595,0.160,0,0,2,0.9480181590400967,0.9514721004287094,0.8942921638451158,1.0236049028402696,3.397175184328694,4.048304659976188,3.3971752988290085,4.048304523529842,-5.0284826401968585,3.769618939404648,-5.028475787024508,3.7696122559501015,0.8886129316097569,0.8886129316097571,1.600375119893594e-08,1.6003751198935947e-08,0.4903882712299779,0.490388271229978
middle,0.160,0.1605,0,0,2,0.9484731713100502,0.951927489687067,0.8963084426529866,1.0249365957313292,3.3975570431758286,4.0458010443123,3.397557154601908,4.0458009116264515,-4.9890620956248615,3.733680290374953,-4.989055462604505,3.733673822040293,0.8884506973254889,0.8884506973254891,1.5569058173738856e-08,1.5569058173738862e-08,0.49040980206450413,0.49040980206450424
middle,0.1605,0.161,0,0,2,0.9489292020257392,0.9523838933349564,0.8983124910731695,1.0262621950292348,3.397930433848004,4.043314191985691,3.397930542289317,4.043314062947649,-4.950037825065637,3.6983457845092924,-4.950031404593562,3.6983395238228525,0.8882888591277172,0.8882888591277174,1.5147201208250976e-08,1.5147201208250982e-08,0.490431237479462,0.4904312374794621
middle,0.161,0.1615,0,0,2,0.9493862480396671,0.9528413082428172,0.9003043835618368,1.0275817063141912,3.3982955050767165,4.040843960940506,3.3982956106199502,4.0408438354411995,-4.911393052037112,3.6634678885131016,-4.911386836793363,3.663461828300069,0.8881274165709468,0.8881274165709471,1.4737774199237929e-08,1.4737774199237932e-08,0.4904525781052261,0.4904525781052262
middle,0.1615,0.162,0,0,2,0.949844306218552,0.9532997312953262,0.9022841940356174,1.0288951354554718,3.398652403649834,4.038390211061824,3.398652506378983,4.038390088995683,-4.873119957314222,3.6289934237024575,-4.87311394024874,3.62898755705901,0.8879663691989348,0.887966369198935,1.4340384659497771e-08,1.4340384659497775e-08,0.4904738245671086,0.4904738245671087
middle,0.162,0.1625,0,0,2,0.950303373443314,0.9537591593912982,0.9042519958774496,1.0302024886055006,3.399001274440434,4.035952804140688,3.3990013744368923,4.035952685405523,-4.835215378742881,3.594918295741266,-4.8352095530636605,3.594912616017044,0.8878057165449154,0.8878057165449156,1.3954653238208214e-08,1.3954653238208217e-08,0.4904949774852915,0.4904949774852916
middle,0.1625,0.163,0,0,2,0.9507634466090114,0.9542195894436624,0.9062078619401311,1.0315037721962979,3.3993422604292753,4.033531603846374,3.399342357771918,4.033531488343259,-4.797676154431731,3.5612384424633943,-4.797670513594816,3.561232943251649,0.887645458131754,0.8876454581317542,1.3580213258963967e-08,1.358021325896397e-08,0.4905160374749767,0.4905160374749768
middle,0.163,0.1635,0,0,2,0.9512245226247581,0.9546810183793818,0.9081518645506061,1.032798992935282,3.39967550272845,4.031126475697662,3.3996755974937183,4.031126363330828,-4.760499123233085,3.5279498331882384,-4.760493660932992,3.5279445083163856,0.887485593472152,0.8874855934721522,1.3216710274793432e-08,1.3216710274793435e-08,0.49053700514641835,0.49053700514641846
middle,0.1635,0.164,0,0,2,0.9516865984136886,0.9551434431393935,0.910084075514703,1.0340881578005297,3.4000011406063755,4.028737287032544,3.400001232868354,4.028737177709267,-4.7236811252106765,3.495048468062479,-4.7236758353711945,3.495043311583038,0.8873261220688219,0.8873261220688221,1.286380163938306e-08,1.2863801639383063e-08,0.4905578811049505,0.49055788110495063
middle,0.164,0.1645,0,0,2,0.9521496709128832,0.9556068606785578,0.9120045661209678,1.0353712740369854,3.4003193115094024,4.026363906982088,3.4003194013398974,4.02636380061259,-4.687219002192529,3.462530377521116,-4.6872138789579,3.4625253837030137,0.8871670434147041,0.8871670434147043,1.2521156094133589e-08,1.2521156094133592e-08,0.4905786659510066,0.4905786659510067
middle,0.1645,0.165,0,0,2,0.9526137370733162,0.9560712679655909,0.9139134071452686,1.0366483491518992,3.4006301510863937,4.024006206440841,3.4006302385550073,4.0240061029381895,-4.65110959827344,3.4303916217369794,-4.651104635999892,3.4303867850572156,0.887008356993109,0.8870083569931092,1.2188453370110843e-08,1.2188453370110846e-08,0.4905993602802092,0.4905993602802093
middle,0.165,0.1655,0,0,2,0.9530787938598126,0.9565366619830132,0.9158106688551191,1.037919390910464,3.4009337932118147,4.021664058039219,3.4009338783860157,4.021663957319229,-4.615349760358487,3.3986282901448215,-4.615344953606109,3.3986236052804655,0.8868500622779183,0.8868500622779185,1.1865383804639769e-08,1.1865383804639772e-08,0.4906199646834022,0.4906199646834023
middle,0.1655,0.166,0,0,2,0.9535448382509656,0.9570030397270796,0.9176964210137816,1.039184407331872,3.4012303700072746,4.019337336117729,3.401230452952469,4.019337238098873,-4.579936338743437,3.367236501035094,-4.579931682268386,3.367231962855609,0.8866921587337692,0.8866921587337694,1.1551647971856071e-08,1.1551647971856075e-08,0.4906404797466546,0.4906404797466547
middle,0.166,0.1665,0,0,2,0.9540118672390945,0.9574703982077338,0.9195707328845318,1.0404434066850021,3.401520011864587,4.017025916699548,3.4015200926441826,4.017025821302865,-4.54488046648427,3.3363432258169707,-4.544875955229932,3.336338829364419,0.8865346458162172,0.8865346458162174,1.1246956326645918e-08,1.1246956326645922e-08,0.4906609060513581,0.4906609060513582
middle,0.1665,0.167,0,0,2,0.9544798778301986,0.9579387344485487,0.9214319568950649,1.0416968428253628,3.4017917265410915,4.014736847352941,3.401791805216384,4.014736754501698,-4.510312232876196,3.3064228550829724,-4.510307861904833,3.3064185954839105,0.8863775229719121,0.8863775229719123,1.0951039501558073e-08,1.0951039501558077e-08,0.490681244174234,0.4906812441742341
middle,0.167,0.1675,0,0,2,0.9549488670438628,0.9584080454866569,0.9232784109703147,1.042945179005428,3.4020343802623603,4.012477256595574,3.4020344568926113,4.012477166215201,-4.476260195907305,3.277019810260504,-4.476255960408876,3.277015682812819,0.8862207896387796,0.8862207896387798,1.066363637880777e-08,1.0663636378807774e-08,0.4907014946873695,0.4907014946873696
middle,0.1675,0.168,0,0,2,0.9554188319132478,0.958878328372706,0.9251136702093533,1.0441875143426864,3.4022708621694164,4.010232343980592,3.402270936812456,4.010232255999376,-4.442535883996105,3.2479581027978695,-4.442531779451466,3.247954103085463,0.886064445246166,0.8860644452461662,1.038446279126008e-08,1.0384462791260083e-08,0.4907216581583384,0.4907216581583385
middle,0.168,0.1685,0,0,2,0.9558897694850009,0.9593495801707936,0.9269378021973076,1.0454238579968154,3.402501294918374,4.008001993176853,3.4025013676302804,4.008001907525318,-4.409136244274502,3.2192341785146956,-4.409132266325378,3.219230302279029,0.8859084892150486,0.8859084892150488,1.0113265501662087e-08,1.011326550166209e-08,0.49074173515006125,0.49074173515006136
middle,0.1685,0.169,0,0,2,0.9563616768192328,0.9598217979584162,0.9287508740208069,1.0466542193607005,3.4027257994467663,4.005786089459759,3.4027258702819188,4.005786006070593,-4.376058231005458,3.1908445091850997,-4.376054375448371,3.1908407523192337,0.8857529209581344,0.8857529209581346,9.849799553628787e-09,9.84979955362879e-09,0.49076172622112574,0.49076172622112585
middle,0.169,0.1695,0,0,2,0.9568345509894137,0.960294978826409,0.9305529522720327,1.0478786080570957,3.402944494993393,4.003584519690592,3.402944564004531,4.003584438498578,-4.343298806217666,3.162785592416945,-4.3432950689981205,3.1627819509598263,0.885597739880108,0.8855977398801083,9.593827986592724e-09,9.593827986592727e-09,0.4907816319254935,0.4907816319254936
middle,0.1695,0.170,0,0,2,0.9573083890823565,0.9607691198788938,0.9323441030539,1.0490970339337644,3.403157499127679,4.0013971722847375,3.4031575663659495,4.00139709322668,-4.3108549401575305,3.1350539513881017,-4.3108513173644125,3.135050421519065,0.8854429453777166,0.8854429453777168,9.345121560714507e-09,9.34512156071451e-09,0.49080145281282306,0.49080145281282317
middle,0.170,0.1705,0,0,2,0.9577831881981524,0.9612442182332104,0.9341243919847707,1.050309507059316,3.4033649277731253,3.9992239371868443,3.4033649932881387,3.9992238602015044,-4.278723611841464,3.107646134700266,-4.278720099701665,3.107642712733757,0.8852885368399619,0.8852885368399621,9.10345849186579e-09,9.103458491865793e-09,0.49082118942836417,0.4908211894283643
middle,0.1705,0.171,0,0,2,0.9582589454501313,0.9617202710198792,0.9358938842029317,1.0515160377191075,3.4035668952316627,3.9970647058449744,3.4035669590715387,3.997064630873005,-4.246961201234515,3.0808417547038243,-4.246957796103316,3.080838437063096,0.8851345136482576,0.8851345136482578,8.86862419609287e-09,8.868624196092873e-09,0.4908408423130446,0.4908408423130447
middle,0.171,0.1715,0,0,2,0.9587356579647499,0.9621972753825392,0.9376526443704472,1.0527166364120906,3.403763514204151,3.994919371189172,3.4037635764155674,3.994919298173057,-4.215510616968201,3.054505709343466,-4.215507315333066,3.0545024925882074,0.88498087517659,0.8849808751765902,8.64041104328677e-09,8.640411043286774e-09,0.4908604120034508,0.49086041200345093
middle,0.1715,0.172,0,0,2,0.9592133228816403,0.9626752284778758,0.9394007366794463,1.0539113138446496,3.4039548958212094,3.9927878275980997,3.403954956449447,3.992787756482091,-4.1843619390587685,3.0284871716943726,-4.1843587375308,3.028484052516081,0.8848276207916381,0.8848276207916383,8.418618119473512e-09,8.418618119473516e-09,0.49087989903196216,0.4908798990319623
middle,0.172,0.1725,0,0,2,0.9596919373534248,0.9631541274755948,0.9411382248541986,1.0551000809293751,3.404141149656732,3.9906699708858175,3.4041412087457203,3.9906699016158793,-4.1535122227649675,3.0027677217160127,-4.153509118073792,3.0027646969231983,0.8846747498529677,0.8846747498529679,8.203050997943201e-09,8.203050997943204e-09,0.490899303926701,0.4908993039267011
middle,0.1725,0.173,0,0,2,0.9601714985457767,0.9636339695583472,0.9428651721575645,1.0562829487787362,3.404322383758527,3.9885656982686104,3.404322441350938,3.9885656307923,-4.122958533897595,2.9773442822656464,-4.122955522877196,2.9773413487686744,0.8845222617131395,0.8845222617131397,7.993521518190215e-09,7.993521518190218e-09,0.49091862721164264,0.49091862721164276
middle,0.173,0.1735,0,0,2,0.960652003637318,0.9641147519216843,0.9445816413945008,1.0574599287021342,3.4044987046669704,3.986474908345857,3.4044987608041963,3.98647484261235,-4.092697949392579,2.9522137955735595,-4.092695028989508,2.9522109503928564,0.8843701557178921,0.8843701557178923,7.789847572987544e-09,7.789847572987547e-09,0.4909378694065765,0.49093786940657663
middle,0.1735,0.174,0,0,2,0.9611334498195429,0.9645964717739953,0.9462876949162246,1.0586310322022956,3.404670217436527,3.984397501077479,3.404670272158687,3.984397437037551,-4.062727557840966,2.927373223340772,-4.062724725115733,2.9273704636082645,0.8842184312062634,0.8842184312062636,7.591852902935231e-09,7.591852902935234e-09,0.49095703102719246,0.49095703102719257
middle,0.174,0.1745,0,0,2,0.9616158342968305,0.9650791263364591,0.9479833946253662,1.059796270970324,3.4048370256606946,3.982333377757477,3.4048370790067204,3.982333315363402,-4.033044459944951,2.9028195467844577,-4.0330417120599655,2.9028168697316494,0.8840670875107329,0.8840670875107332,7.399366898276259e-09,7.399366898276261e-09,0.49097611258512597,0.4909761125851261
middle,0.1745,0.175,0,0,2,0.962099154286324,0.9655627128429922,0.9496688019792259,1.0609556568830762,3.4049992314893376,3.980282440996321,3.404999283497008,3.9802823802018246,-4.004078539113727,2.8787493030483793,-4.004075873287262,2.8787467059746463,0.8839161239573763,0.8839161239573765,7.21222440786011e-09,7.212224407860112e-09,0.4909951145879652,0.4909951145879653
middle,0.175,0.1755,0,0,2,0.9625834070179217,0.9660472285401908,0.9513439779946921,1.062109201998546,3.405156935652307,3.9782445946960214,3.4051569863582865,3.9782445354562297,-3.9755298252608493,2.855022425718522,-3.9755272388372824,2.8550199060365764,0.8837655398659925,0.8837655398659927,7.030265554759556e-09,7.030265554759558e-09,0.4910140375392932,0.4910140375392933
middle,0.1755,0.176,0,0,2,0.963068589734178,0.9665326706872845,0.9530089832516546,1.0632569185530079,3.405310237477013,3.9762197440322513,3.405310286916886,3.9762196863036503,-3.9472492656344587,2.8315685362939935,-3.947246756063706,2.831566091515119,0.8836153345502643,0.8836153345502645,6.8533355585180144e-09,6.853335558518016e-09,0.4910328819386939,0.491032881938694
middle,0.176,0.1765,0,0,2,0.9635546996903416,0.967019036556066,0.9546638778986867,1.0643988189554903,3.4054592349159702,3.9742077954248827,3.4054592831242747,3.9742077391652706,-3.919234083282748,2.808384728037462,-3.919231648102315,2.8083823557585736,0.8834655073178244,0.8834655073178246,6.68128456347741e-09,6.681284563477412e-09,0.4910516482819637,0.4910516482819638
middle,0.1765,0.177,0,0,2,0.964041734154189,0.9675063234308688,0.9563087216550421,1.0655349157865046,3.40560402455618,3.972208656529636,3.4056040715664393,3.972208601698083,-3.891481519289402,2.785468116046435,-3.891479156121155,2.785465813946915,0.883316057470508,0.8833160574705082,6.513967473510238e-09,6.51396747351024e-09,0.4910703370607977,0.49107033706079783
middle,0.177,0.1775,0,0,2,0.964529690406049,0.9679945286084747,0.9579435738164074,1.0666652217925134,3.405744701647923,3.9702222362071797,3.40574474749268,3.9702221827639868,-3.8639888328643313,2.7628158371324822,-3.8639865394114326,2.762813602971176,0.8831669843043635,0.8831669843043637,6.351243792173208e-09,6.35124379217321e-09,0.49108894876317305,0.49108894876317316
middle,0.1775,0.178,0,0,2,0.9650185657387311,0.9684836493981024,0.9595684932579845,1.0677897498832623,3.4058813601194515,3.968248444508624,3.4058814048302968,3.968248392415283,-3.8367895338012206,2.7404250499229823,-3.8367873078432733,2.7404228815353093,0.8830182871098593,0.8830182871098595,6.19297746878116e-09,6.192977468781161e-09,0.49110748387320136,0.49110748387320147
middle,0.178,0.1785,0,0,2,0.9655083574574777,0.968973683121327,0.9611835384389462,1.0689085131277607,3.4060140925980016,3.96628719265365,3.4060141362056044,3.9662871418728045,-3.809847239694336,2.718292934859973,-3.809845079087496,2.7182908301543285,0.8828699651719762,0.8828699651719765,6.039036749724523e-09,6.0390367497245245e-09,0.4911259428711989,0.491125942871199
middle,0.1785,0.179,0,0,2,0.9659990628798972,0.9694646271120407,0.9627887674059509,1.0700215247511695,3.406142990427166,3.9643383930129312,3.406143032961302,3.9643383435083432,-3.783155867533331,2.6964166942537418,-3.7831537702069453,2.6964146512098806,0.8827220177703564,0.8827220177703566,5.889294035086456e-09,5.889294035086457e-09,0.4911443262337143,0.4911443262337144
middle,0.179,0.1795,0,0,2,0.9664906793359292,0.9699564787163957,0.9643842377973278,1.0711287981309972,3.4062681436869715,3.9624019590873316,3.406268185176551,3.962401910823842,-3.7567127681398413,2.674793552291431,-3.7567107320940663,2.6747915689583253,0.8825744441793948,0.882574444179395,5.743625740204858e-09,5.7436257402048595e-09,0.491162634433623,0.4911626344336231
middle,0.1795,0.180,0,0,2,0.9669832041677898,0.9704492352927544,0.9659700068468298,1.0722303467937326,3.4063896412107124,3.9604778054909664,3.406389681683807,3.9604777584344615,-3.7305153113319305,2.6534207550912434,-3.73051333463454,2.653418829583943,0.8824272436684131,0.8824272436684133,5.601912162155041e-09,5.601912162155042e-09,0.4911808679400264,0.4911808679400265
middle,0.180,0.1805,0,0,2,0.9674766347299171,0.9709428942116488,0.9675461313872078,1.0733261844116448,3.406507570603361,3.958565847932351,3.406507610087229,3.958565802049731,-3.704560886116772,2.632295570730605,-3.704558966900728,2.632293701227859,0.8822804155017363,0.8822804155017365,5.464037350822577e-09,5.464037350822579e-09,0.49119902721842784,0.49119902721842795
middle,0.1805,0.181,0,0,2,0.9679709683889073,0.9714374528556996,0.969112667854263,1.074416324799224,3.4066220182593625,3.956666003196307,3.406622056780476,3.956665958455453,-3.6788469008779705,2.61141528927422,-3.678845037339088,2.6114134740161896,0.8821339589388224,0.8821339589388226,5.329888984493065e-09,5.3298889844930665e-09,0.491217112730681,0.49121711273068114
middle,0.181,0.1815,0,0,2,0.9684662025235188,0.9719329086196048,0.970669672290652,1.0755007819095357,3.406733069381137,3.954778189125053,3.4067331069652034,3.954778145494795,-3.653370783539276,2.5907772227897023,-3.6533689739339748,2.5907754600757604,0.8819878732343908,0.881987873234391,5.19935824977408e-09,5.199358249774081e-09,0.4912351249350687,0.4912351249350688
middle,0.1815,0.182,0,0,2,0.9689623345245421,0.9724292589100653,0.9722172003488687,1.076579569831877,3.4068408079928068,3.95290232460482,3.406840844664793,3.952902282054907,-3.6281299817913895,2.5703787054295604,-3.6281282244345303,2.5703769936161733,0.8818421576385449,0.8818421576385451,5.072339725718699e-09,5.072339725718701e-09,0.4912530642862653,0.4912530642862654
middle,0.182,0.1825,0,0,2,0.9694593617948122,0.9729265011457356,0.9737553072956807,1.0776527027875475,3.406945316960814,3.9510383295444695,3.406945352744971,3.9510382880455426,-3.6031219631925193,2.550217093401085,-3.6031202564553233,2.5502154308997764,0.881696811396859,0.8816968113968592,4.948731271885549e-09,4.948731271885551e-09,0.49127093123545007,0.4912709312354502
middle,0.1825,0.183,0,0,2,0.9699572817491318,0.9734246327571724,0.9752840480153716,1.0787201951270682,3.4070466780089386,3.9491861248606384,3.4070467129288216,3.9491860843842,-3.578344372985513,2.5302916043119916,-3.5783427152935285,2.530289989587283,0.881551833750508,0.8815518337505083,4.8284339203511565e-09,4.828433920351158e-09,0.49128872623030767,0.4912887262303078
middle,0.183,0.1835,0,0,2,0.9704560918142293,0.9739236511868017,0.9768034770131259,1.0797820613271232,3.4071449717337368,3.947345632462349,3.4071450058122257,3.9473455929807377,-3.55380660759617,2.5107383844117925,-3.5538049974252632,2.5107368159722334,0.8814072239363977,0.8814072239363979,4.711351771447864e-09,4.711351771447866e-09,0.4913064497150089,0.49130644971500903
middle,0.1835,0.184,0,0,2,0.9709557894287129,0.974423553888851,0.9783136484188498,1.0808383159871326,3.407240277622574,3.9455167752326306,3.4072403108818965,3.945516736718994,-3.5294938572589714,2.491410930022685,-3.529492293137869,2.491409406434015,0.88126298118723,0.8812629811872302,4.5973918930448005e-09,4.597391893044802e-09,0.49132410213034805,0.49132410213034816
middle,0.184,0.1845,0,0,2,0.9714563720430031,0.9749243383292981,0.9798146159904244,1.0818889738264297,3.4073326740676486,3.943699477014822,3.4073327065293983,3.9436994394430918,-3.505403676701357,2.4723067555444076,-3.505402157207563,2.472305275419981,0.8811191047316587,0.8811191047316589,4.486464223378153e-09,4.486464223378154e-09,0.49134168391365357,0.4913416839136537
middle,0.1845,0.185,0,0,2,0.9719578371193014,0.9754260019858467,0.9813064331169822,1.0829340496812652,3.4074222383818977,3.9418936625965917,3.4074222700670536,3.941893625941459,-3.481533641083303,2.453423396079707,-3.481532164841383,2.453421958078816,0.8809755937943647,0.880975593794365,4.3784814771710575e-09,4.378481477171059e-09,0.4913591954989017,0.49135919549890184
middle,0.185,0.1855,0,0,2,0.9724601821315405,0.9759285423478455,0.982789152822756,1.0839735585013965,3.4075090468157354,3.940099257693116,3.4075090777446815,3.9400992219300073,-3.457881346082582,2.4347584074554196,-3.457879911762504,2.434757010281671,0.8808324475961691,0.8808324475961693,4.273359054986673e-09,4.273359054986675e-09,0.4913766373167308,0.4913766373167309
middle,0.1855,0.186,0,0,2,0.9729634045653357,0.976431956916256,0.9842628277701656,1.0850075153473357,3.4075931745710273,3.938316188933375,3.4075932047635695,3.9383161540384304,-3.434444408009792,2.4163093662765918,-3.4344430143253337,2.4163080086763524,0.880689665354147,0.8806896653541473,4.171014955714334e-09,4.171014955714335e-09,0.49139400979443454,0.49139400979443465
middle,0.186,0.1865,0,0,2,0.9734675019179314,0.9769362432036037,0.9857275102630553,1.0860359353875007,3.407674695816025,3.9365443838453364,3.4076747252914084,3.9365443497953856,-3.4112204638955066,2.3980738699588207,-3.411219109602723,2.398072550719716,0.880547246281714,0.8805472462817142,4.071369692032123e-09,4.071369692032125e-09,0.4914113133560309,0.491411313356031
middle,0.1865,0.187,0,0,2,0.9739724716981288,0.977441398733929,0.9871832522496885,1.087058833895671,3.407753683698835,3.9347837708428486,3.4077537124757624,3.9347837376153922,-3.3882071715871556,2.3800495367730594,-3.388205855482898,2.3800482547225292,0.8804051895887435,0.8804051895887437,3.974346208785899e-09,3.974346208785901e-09,0.4914285484222801,0.49142854842228023
middle,0.187,0.1875,0,0,2,0.9744783114262978,0.9779474210427331,0.988630105326791,1.088076226247153,3.407830210365051,3.933034279207731,3.4078302384616976,3.933034246780917,-3.3654022097679506,2.362234005820506,-3.365400930688445,2.3622327598244115,0.880263494481646,0.8802634944816462,3.8798698041008774e-09,3.879869804100879e-09,0.4914457154107237,0.4914457154107238
middle,0.1875,0.188,0,0,2,0.9749850186342766,0.9784543076769372,0.9900681207419909,1.0890881279168412,3.4079043469687815,3.9312958390794623,3.407904374402812,3.9312958074320687,-3.3428032780661883,2.344624937096162,-3.3428020348856653,2.3446237260574505,0.8801221601634914,0.8801221601634917,3.787868053255155e-09,3.7878680532551566e-09,0.4914628147356731,0.4914628147356732
middle,0.188,0.1885,0,0,2,0.9754925908653352,0.9789620561948269,0.991497349397208,1.0900945544761789,3.4079761636874397,3.929568381440536,3.4079761904760226,3.9295683505519494,-3.3204080970932552,2.327220011488312,-3.3204068887226286,2.3272188343457216,0.8799811858340971,0.8799811858340973,3.6982707350964298e-09,3.6982707350964306e-09,0.4914798468082313,0.4914798468082314
middle,0.1885,0.189,0,0,2,0.9760010256741535,0.9794706641660099,0.9929178418520227,1.091095521590116,3.408045729737356,3.9278518381008567,3.408045755897179,3.9278518079510536,-3.2982144084586844,2.3100169307603218,-3.298213233844279,2.310015786487141,0.8798405706901069,0.8798405706901071,3.611009760956396e-09,3.6110097609563967e-09,0.49149681203642676,0.49149681203642687
middle,0.189,0.190,0,0,1,0.9750085870120994,0.9819981771609773,0.9435715156597385,1.149135561904294,3.1520489701871592,4.235565064528682,3.1520490328058925,4.235564980384775,-9.865459456035664,8.797127653307673,-9.865452896697725,8.797121178863822,0.8834920993595518,0.883492099359552,8.364026105856526e-09,8.36402610585653e-09,0.48276510880346857,0.4827651088034687
middle,0.190,0.191,0,0,1,0.9760304923598014,0.983020616049189,0.946879387890389,1.1505176818544136,3.154199394329317,4.229407132571999,3.154199453918639,4.22940705266979,-9.669236884613442,8.598797693035412,-9.669230733210187,8.598791622523356,0.8832054923586473,0.8832054923586475,7.958158411337609e-09,7.958158411337612e-09,0.4828338375520517,0.48283383755205184
middle,0.191,0.192,0,0,1,0.9770558103187197,0.9840464438390957,0.9501436016945984,1.151889289409656,3.1563070539326525,4.223344174420878,3.156307110652752,4.223344098525696,-9.477509434958321,8.405324603741976,-9.477503663096726,8.405318908950738,0.8829203202296863,0.8829203202296865,7.573889486016052e-09,7.573889486016055e-09,0.48290203037625756,0.4829020303762577
middle,0.192,0.193,0,0,1,0.9780845218106657,0.9850756416774892,0.9533647799937205,1.1532502388903285,3.158373265067738,4.21737433258642,3.1583733190696783,4.217374260477656,-9.290222054433512,8.216652143010796,-9.290216636790085,8.21664679879106,0.8826365765489097,0.8826365765489099,7.209977567187498e-09,7.2099775671874996e-09,0.4829696937074017,0.48296969370740184
middle,0.193,0.194,0,0,1,0.9791166079345622,0.9861081908860929,0.9565435340115201,1.1546003937897806,3.1603993084348128,4.211495803300019,3.1603993598610858,4.21149573477022,-9.107316016595345,8.032719887362243,-9.107310929654492,8.032714870365046,0.8823542548473776,0.8823542548473778,6.865257187547685e-09,6.865257187547687e-09,0.4830368338796096,0.4830368338796097
middle,0.194,0.195,0,0,1,0.9801520499650218,0.9871440729600963,0.9596804635592416,1.1559396264447417,3.162386430357126,4.205706834657141,3.1623864793421705,4.2057067695111705,-8.928729169651946,7.853463479979943,-8.928724391569167,7.853458768520186,0.8820733486137778,0.8820733486137781,6.538634207036641e-09,6.5386342070366425e-09,0.4831034571315279,0.483103457131528
middle,0.195,0.196,0,0,1,0.9811908293508207,0.9881832695666891,0.9627761573117912,1.157267817717577,3.164335843741124,4.200005724838571,3.1643358904118104,4.200005662892824,-8.754396204242848,7.678814904784547,-8.75439171471881,7.678810478715362,0.8817938512971792,0.8817938512971795,6.229081185359964e-09,6.229081185359965e-09,0.48316956960794905,0.48316956960794916
middle,0.196,0.197,0,0,1,0.9822329277134864,0.9892257625435937,0.9658311930780725,1.1585848566866517,3.166248729015225,4.194390820392129,3.166248773491312,4.194390761473799,-8.584248933661488,7.50870277891914,-8.58424471382611,7.508698619516263,0.881515756309669,0.8815157563096693,5.935633070553185e-09,5.9356330705531865e-09,0.4832351773613864,0.4832351773613865
middle,0.197,0.198,0,0,1,0.9832783268457971,0.9902715338976222,0.9688461380625819,1.1598906403481648,3.168126235037945,4.188860514584657,3.168126277432502,4.188860458531057,-8.418216582187247,7.3430526583721925,-8.418212614492921,7.343048748227463,0.8812390570289175,0.8812390570289177,5.65738318114145e-09,5.657383181141452e-09,0.4833002863537653,0.48330028635376543
middle,0.198,0.199,0,0,1,0.984327008710414,0.9913205658032386,0.9718215491215415,1.1611850733254363,3.169969479985022,4.183413245810402,3.16996952040483,4.183413192468325,-8.25622607684265,7.181787351128566,-8.25622234496587,7.181783674051817,0.880963746800682,0.8809637468006822,5.393479460840675e-09,5.3934794608406764e-09,0.4833649024579006,0.4833649024579007
middle,0.199,0.200,0,0,1,0.9853789554383977,0.9923728406011365,0.9747579730103905,1.1624680675894308,3.1717795522056664,4.178047496066428,3.1717795907515907,4.178047445291556,-8.098228395965513,7.024981811137155,-8.09822488471357,7.024978352056907,0.8806898189412321,0.8806898189412323,5.143120986534732e-09,5.143120986534734e-09,0.4834290314590111,0.4834290314590112
middle,0.200,0.201,0,0,1,0.9864341493277788,0.9934283407968121,0.9776559466253021,1.1637395421873524,3.1735575110580556,4.172761789480668,3.173557547825396,4.172761741137019,-7.944124783754248,6.872424410202204,-7.9441214789867605,6.872421155099576,0.8804172667396761,0.8804172667396764,4.905554711481585e-09,4.905554711481587e-09,0.48349267905631155,0.48349267905631166
middle,0.201,0.202,0,0,1,0.9874925728422266,0.9944870490591613,0.9805159972388777,1.1649994229787737,3.1753043877227833,4.167554690893008,3.1753044228016023,4.167554644852416,-7.793831820876266,6.724000836037298,-7.793828709334925,6.723997771771307,0.8801460834602608,0.880146083460261,4.680072427185988e-09,4.680072427185989e-09,0.48355585086436503,0.48355585086436514
middle,0.202,0.203,0,0,1,0.9885542086095253,0.9955489482191,0.9833386427267491,1.1662476423835144,3.1770211859848345,4.16242480449933,3.1770212194602645,4.162424760640964,-7.647270139043311,6.579626160998525,-7.647267208474721,6.579623275427861,0.8798762623445585,0.8798762623445587,4.466007928601945e-09,4.466007928601947e-09,0.4836185524146523,0.4836185524146524
middle,0.203,0.204,0,0,1,0.9896190394202822,0.9966140212681548,0.9861243917910796,1.1674841391338149,3.1787088830037304,4.15737077253309,3.178708914956263,4.157370730743002,-7.504440557992033,6.439538476412238,-7.504437796942263,6.439535758180252,0.8796077966136057,0.8796077966136059,4.2627343682557805e-09,4.262734368255782e-09,0.4836807891569189,0.48368078915691903
middle,0.204,0.205,0,0,1,0.9906870482265133,0.9976822513570921,0.9888737441759103,1.168708858036921,3.180368430054606,4.152391274004356,3.180368460560361,4.152391234175061,-7.365361502579336,6.304045368618807,-7.365358900330425,6.30404280709002,0.8793406794699883,0.8793406794699885,4.069661786239053e-09,4.069661786239055e-09,0.4837425664605637,0.4837425664605638
middle,0.205,0.206,0,0,1,0.9917582181402352,0.9987536217945662,0.9915871908763283,1.1699217497455718,3.1820007532473986,4.14748502348621,3.1820007823783802,4.147484985516291,-7.22975764355013,6.172282284165215,-7.229755190190219,6.172279869529738,0.8790749040998463,0.8790749040998466,3.886234803737341e-09,3.886234803737343e-09,0.48380388961601795,0.48380388961601806
middle,0.206,0.207,0,0,1,0.9928325324321408,0.9998281160457501,0.9942652143430444,1.1711227705345324,3.183606754230197,4.142650769939917,3.1836067820545297,4.1426507337336576,-7.097548102312703,6.0441639677521355,-7.09754578859503,6.044161690860255,0.8788104636747979,0.8788104636747981,3.7119304686981913e-09,3.711930468698192e-09,0.48386476383613103,0.48386476383613114
middle,0.207,0.208,0,0,1,0.9939099745302278,1.0009057177309872,0.9969082886804425,1.1723118820854928,3.1851873108681845,4.137887295588446,3.185187337450338,4.137887261055484,-6.968651996957057,5.919604865523541,-6.968649814252424,5.919602717838425,0.8785473513538521,0.8785473513538523,3.546256243201485e-09,3.546256243201486e-09,0.4839251942574197,0.4839251942574198
middle,0.208,0.209,0,0,1,0.9949905280184627,1.0019864106244567,0.99951687983931,1.17348905127868,3.1867432779048195,4.133193414828962,3.186743303305818,4.1331933818839675,-6.84298863837209,5.7985193558801535,-6.842986578624915,5.798517329434138,0.8782855602852017,0.8782855602852019,3.38874812266332e-09,3.3887481226633208e-09,0.48398518594141476,0.4839851859414149
middle,0.209,0.210,0,0,1,0.9960741766354002,1.0030701786528482,1.0020914458036236,1.1746542499921335,3.1882754876007873,4.128567973189001,3.1882755118784076,4.128567941751378,-6.720477711364276,5.680821963843119,-6.720475767051951,5.680820051197276,0.8780250836080205,0.8780250836080207,3.2389688778910716e-09,3.2389688778910724e-09,0.48404474387588603,0.48404474387588614
middle,0.210,0.211,0,0,1,0.9971609042729078,1.00415700589404,1.0046324367731998,1.1758074549062,3.1897847503594736,4.124009846314494,3.1897847735684293,4.124009816308093,-6.601039440597387,5.566427558659994,-6.60103760469268,5.566425752866736,0.877765914454139,0.8777659144541392,3.09650641146401e-09,3.096506411464011e-09,0.4841038729761408,0.48410387297614094
middle,0.211,0.212,0,0,1,0.9982506949748252,1.0052468765757834,1.0071402953404593,1.1769486473155357,3.1912718553305006,4.119517938999356,3.1912718775226168,4.119517910352213,-6.4845947418617484,5.455251535075614,-6.484593007797997,5.455249829644087,0.8775080459497164,0.8775080459497167,2.960972220730541e-09,2.960972220730542e-09,0.4841625780862095,0.4841625780862096
middle,0.212,0.213,0,0,1,0.9993435329355982,1.006339775074422,1.0096154566615818,1.1780778129481362,3.192737570993435,4.115091184253054,3.1927375922178105,4.1150911568971456,-6.371065358974391,5.347209978510523,-6.371063720613297,5.34720836737458,0.8772514712168409,0.8772514712168411,2.831999960121975e-09,2.831999960121976e-09,0.48422086398004943,0.48422086398004954
middle,0.213,0.214,0,0,1,1.0004394024990626,1.0074356859135774,1.0120583486249166,1.1791949417879755,3.194182645732132,4.110728542392708,3.194182666035294,4.110728516263711,-6.26037398647126,5.242219814267665,-6.2603724380730545,5.242218291756206,0.876996183375084,0.8769961833750842,2.7092440959969555e-09,2.7092440959969563e-09,0.48427873536269356,0.48427873536269367
middle,0.214,0.215,0,0,1,1.0015382881571169,1.008534593762874,1.0144693920129864,1.1803000279055804,3.1956078083870367,4.106429000174362,3.195607827813087,4.106428975211444,-6.152444379052668,5.140198941732301,-6.152442915248479,5.140197502541808,0.8767421755429453,0.8767421755429455,2.5923786478129465e-09,2.5923786478129474e-09,0.48433619687153634,0.48433619687153645
middle,0.215,0.216,0,0,1,1.0026401745483713,1.009636483436673,1.0168490006597122,1.181393069294702,3.1970137687879587,4.102191569959946,3.1970137873787046,4.10219154610556,-6.047412002634404,5.041897881564292,-6.047410618391392,5.041896520709677,0.8764894408393686,0.8764894408393689,2.481096009836926e-09,2.481096009836927e-09,0.4843932530772985,0.48439325307729864
middle,0.216,0.217,0,0,1,1.0037450464569693,1.010741339892804,1.0191975816050503,1.1824740677121701,3.1984012182804946,4.098015288902814,3.1984012360755814,4.098015266102505,-5.945121701830129,4.946913491526287,-5.945120392445017,4.946912204356277,0.8762379723850937,0.8762379723850939,2.375105847857814e-09,2.375105847857815e-09,0.4844499084852346,0.4844499084852347
middle,0.217,0.218,0,0,1,1.0048528888112491,1.0118491482313112,1.021515535243535,1.1835430285254513,3.199770830229188,4.093899218172193,3.199770847266217,4.0938991963744185,-5.845355878702412,4.854593999701465,-5.845354639778922,4.8545927818790355,0.8759877633040274,0.8759877633040276,2.274134066012453e-09,2.274134066012454e-09,0.48450616753622056,0.48450616753622067
middle,0.218,0.219,0,0,1,1.0059636866825281,1.0129598936931987,1.023803255469986,1.1845999605637278,3.201123260511388,4.0898424421987425,3.2011232768260305,4.08984242135471,-5.748060056181525,4.765036395807643,-5.748058883600481,4.765035243266664,0.8757388067245157,0.8757388067245159,2.177921838944871e-09,2.1779218389448718e-09,0.4845620346078552,0.4845620346078553
middle,0.219,0.220,0,0,1,1.0070774252838008,1.0140735616592031,1.0260611298200202,1.1856448759754816,3.2024591479910596,4.08584406795395,3.2024591636171618,4.085844048017453,-5.653660439736103,4.68345458433567,-5.653659329609365,4.683453493145049,0.8754910957806536,0.8754910957806539,2.0862247050387026e-09,2.0862247050387034e-09,0.48461751401540343,0.48461751401540354
middle,0.220,0.221,0,0,1,1.008194089968535,1.0151901376485628,1.0282895396076852,1.1866777900895766,3.203779114984996,4.081903224247467,3.203779129954681,4.08190320517474,-5.561553456506485,4.604059050847596,-5.561552405220761,4.604058017457474,0.8752446236134515,0.8752446236134517,1.99881171657878e-09,1.998811716578781e-09,0.48467261001299283,0.48467261001299294
middle,0.221,0.222,0,0,1,1.009313666229413,1.0163096073177933,1.0304888600587687,1.1876987212818806,3.2050837677107706,4.078019061055074,3.205083782054532,4.0780190428046525,-5.4716738704195205,4.526789630957918,-5.471672874586763,4.52678865203978,0.8749993833720383,0.8749993833720385,1.915464643160301e-09,1.9154646431603018e-09,0.4847273267944889,0.484727326794489
middle,0.222,0.223,0,0,1,1.0104361396971204,1.017431956459479,1.0326594604406774,1.1887076908459921,3.2063736967245555,4.074190748866812,3.206373710471345,4.074190731399402,-5.383957928564989,4.4515873411251,-5.383956985007383,4.451586413557024,0.8747553682147814,0.8747553682147816,1.8359772247873908e-09,1.8359772247873913e-09,0.48478166849457277,0.4847816684945729
middle,0.223,0.224,0,0,1,1.0115614961391142,1.0185571710010703,1.0348017041885624,1.1897047228687168,3.2076494773443947,4.070417478060237,3.2076494905217077,4.070417461338595,-5.298343380472489,4.378394411711035,-5.298342486208498,4.378393532563978,0.874512571310384,0.8745125713103842,1.7601544714237549e-09,1.7601544714237553e-09,0.4848356391896887,0.4848356391896888
middle,0.224,0.225,0,0,1,1.0126897214584325,1.0196852370036904,1.0369159490283049,1.1906898441093738,3.2089116700630633,4.066698458293348,3.208911682697017,4.066698442282162,-5.2147694908402284,4.3071543132877155,-5.214768643071627,4.307153479812769,0.8742709858389193,0.8742709858389195,1.687812005936341e-09,1.6878120059363415e-09,0.48488924289904756,0.48488924289904767
middle,0.225,0.226,0,0,1,1.0138208016924604,1.0208161406609495,1.0390025470956594,1.1916630838839086,3.2101608209457293,4.063032917922699,3.210160833061137,4.063032902588483,-5.133198223051686,4.238387107992479,-5.133197419150894,4.238386317600046,0.8740306049928935,0.8740306049928938,1.6187754476347334e-09,1.6187754476347338e-09,0.48494248358545905,0.48494248358545916
middle,0.226,0.227,0,0,1,1.0149547230117573,1.0219498682977672,1.0410618450527025,1.1926244739522691,3.2113974620204373,4.0594201034363575,3.211397473640878,4.0594200887473475,-5.053612282734136,4.172810961005268,-5.053611520232458,4.172810211252308,0.8737914219781542,0.8737914219781544,1.5528798337101145e-09,1.552879833710115e-09,0.4849953651564338,0.48499536515643393
middle,0.227,0.228,0,0,1,1.0160914717188854,1.0230864063691978,1.043094184201133,1.1935740484097264,3.2126221116548246,4.055859278909667,3.2126221228027094,4.055859264835727,-4.975890575775999,4.10896308151481,-4.975889852356397,4.108962370128254,0.8735534300148764,0.8735534300148766,1.4899690761791262e-09,1.4899690761791266e-09,0.4850478914649496,0.4850478914649497
middle,0.228,0.229,0,0,1,1.0172310342471804,1.0242257414592926,1.0450999005915664,1.1945118435829978,3.2138352749198247,4.0523497254823475,3.21383528561646,4.052349711994878,-4.900058707019958,4.047650997451673,-4.900058020504183,4.047650322284201,0.8733166223384718,0.8733166223384721,1.4298954520136481e-09,1.4298954520136486e-09,0.4851000663104034,0.48510006631040353
middle,0.229,0.230,0,0,1,1.0183733971596844,1.0253678602799068,1.0470793251320862,1.1954378979274627,3.21503744395066,4.048890740844204,3.2150374542163034,4.048890727916059,-4.8260161068590035,3.988318886867468,-4.826015455200364,3.9883182459079274,0.8730809922004361,0.8730809922004363,1.3725191242899013e-09,1.3725191242899017e-09,0.4851518934394636,0.4851518934394637
middle,0.230,0.231,0,0,1,1.0195185471478498,1.026512749669602,1.0490327836907378,1.196352251931664,3.2162290982852806,4.045481638753103,3.216229108139199,4.045481626358511,-4.75367384497603,3.9305203911517546,-4.753673226250737,3.9305197825144087,0.8728465328692155,0.8728465328692158,1.3177076924423075e-09,1.3177076924423079e-09,0.48520337654694373,0.48520337654694384
middle,0.231,0.232,0,0,1,1.0206664710304876,1.0276603965924938,1.0509605971981364,1.1972549480216108,3.2174107052047156,4.042121748555526,3.2174107146652804,4.042121736669957,-4.682999581522842,3.874229840954695,-4.682998993912687,3.8742292628570563,0.8726132376309839,0.8726132376309841,1.2653357696720521e-09,1.2653357696720525e-09,0.48525451927668956,0.48525451927668967
middle,0.232,0.233,0,0,1,1.021817155752598,1.028810788137109,1.0528630817462665,1.1981460304699878,3.2185827200580928,4.038810414730035,3.2185827291429536,4.038810403329977,-4.614017723735379,3.819479165519537,-4.614017165494744,3.819478616249648,0.8723810997904298,0.87238109979043,1.21528458584473e-09,1.2152845858447305e-09,0.48530532522236397,0.4853053252223641
middle,0.233,0.234,0,0,1,1.0229705883842275,1.0299639115152903,1.0547405486843653,1.1990255453086258,3.219745586578056,4.0355469964467074,3.2197455953037797,4.035546985510107,-4.546586634755255,3.766130355440356,-4.5465861042890285,3.766129833434482,0.8721501126715403,0.8721501126715405,1.1674416142417418e-09,1.1674416142417423e-09,0.4853557979281955,0.4853557979281956
middle,0.234,0.235,0,0,1,1.0241267561193488,1.0311197540610775,1.0565933047128144,1.1998935402435635,3.2208997371894705,4.032330867138562,3.2208997455718285,4.032330856644464,-4.480660804282271,3.714143300701254,-4.480660300088788,3.7141428044871856,0.8719202696182464,0.8719202696182466,1.1217002206274646e-09,1.121700220627465e-09,0.48540594088994815,0.48540594088994826
middle,0.235,0.236,0,0,1,1.02528564627473,1.0322783032296006,1.0584096830125607,1.2007534376440605,3.2219812658014337,4.029204864418933,3.221981273855324,4.02920485434725,-4.416730817435681,3.6639609331993124,-4.416730338060575,3.663960461350912,0.8716915639951587,0.8716915639951589,1.077965347480705e-09,1.0779653474807053e-09,0.4854557575555532,0.4854557575555533
middle,0.236,0.237,0,0,1,1.0264472462888345,1.033439546596001,1.0601990322352908,1.2016027407901266,3.2230394364308323,4.026135327316996,3.2230394441705355,4.026135317648764,-4.354337521730089,3.6151720196612045,-4.354337065835907,3.6151715708670555,0.8714639891882232,0.8714639891882234,1.0361360962327621e-09,1.0361360962327625e-09,0.4855052513259581,0.48550525132595823
middle,0.237,0.238,0,0,1,1.0276115437207383,1.03460347185433,1.0619649550910557,1.2024405695845481,3.224092447495574,4.023109644302669,3.2240924549347225,4.0231096350199,-4.293291023566222,3.5676059951980736,-4.293290589903641,3.567605568233165,0.8712375386053317,0.8712375386053319,9.961199382852918e-10,9.961199382852922e-10,0.48555442555586464,0.48555442555586475
middle,0.238,0.239,0,0,1,1.028778526248977,1.0357700668164893,1.0637077321431718,1.203266979932511,3.225140629840926,4.020127286166963,3.2251406369925055,4.020127277252542,-4.233552391919791,3.521228010636418,-4.233551979311169,3.5212276043459627,0.8710122056769415,0.8710122056769417,9.578307610253996e-10,9.578307610254e-10,0.48560328355448695,0.48560328355448706
middle,0.239,0.240,0,0,1,1.0299481816705394,1.036939319411144,1.0654276399088458,1.2040820289829015,3.2261843059353246,4.0171877347957,3.2261843128117076,4.017187726233349,-4.175083879193161,3.476004194685587,-4.1750834865281305,3.476003807980712,0.8707879838566613,0.8707879838566616,9.211868737400177e-10,9.21186873740018e-10,0.48565182858624617,0.4856518285862463
middle,0.240,0.241,0,0,1,1.0311204978996953,1.0381112176826723,1.0671249509355674,1.2048857750620643,3.227223790086131,4.014290482861971,3.2272237966991093,4.014290474636196,-4.1178488939126465,3.43190163667065,-4.117848520144001,3.431901268524365,0.8705648666217954,0.8705648666217957,8.861107645625124e-10,8.861107645625126e-10,0.4857000638715191,0.4857000638715192
middle,0.241,0.242,0,0,1,1.032295462967038,1.0392857497901156,1.0687999338772611,1.2056782776075556,3.228259388656392,4.0114350335202404,3.228259395017203,4.011435025616296,-4.061811972803382,3.3888883682482587,-4.0618116169432215,3.388888017691686,0.8703428474738786,0.8703428474738788,8.525288715970291e-10,8.525288715970293e-10,0.4857479925873363,0.4857479925873364
middle,0.242,0.243,0,0,1,1.0334730650183157,1.0404629040061275,1.0704528535668132,1.2064595971066066,3.2292914002681066,4.008620900119212,3.2292914063874645,4.00862089252306,-4.006938752662225,3.3470286260595974,-4.006938413778358,3.3470282921777272,0.8701219199391839,0.8701219199391841,8.203713673719499e-10,8.203713673719501e-10,0.4857956178680755,0.4857956178680756
middle,0.243,0.244,0,0,1,1.0346532923134455,1.041642668715937,1.0720839710880854,1.2072297950349133,3.230320116005663,4.005847605917023,3.230320121893784,4.005847598615297,-3.953195941919268,3.306315338137207,-3.9531956191318485,3.306315020066238,0.8699020775691949,0.8699020775691951,7.895719557790639e-10,7.895719557790642e-10,0.4858429428061568,0.4858429428061569
middle,0.244,0.245,0,0,1,1.035836133225439,1.0428250324163324,1.0736935438451987,1.2079889337987817,3.2313458196091633,4.003114683811,3.231345825275789,4.003114676790967,-3.900551292194124,3.266592123259732,-3.900550984672498,3.2665918201850577,0.8696833139411027,0.8696833139411029,7.600676807577657e-10,7.600676807577659e-10,0.4858899704526493,0.4858899704526494
middle,0.245,0.246,0,0,1,1.037021576239384,1.0440099837146202,1.0752818256307732,1.208737076678597,3.2323687876660148,4.000421676071604,3.2323687931204397,4.000421669321137,-3.849078419174447,3.227881769160553,-3.8490781261214364,3.2278814803004683,0.8694656226582043,0.8694656226582045,7.317987459830884e-10,7.317987459830886e-10,0.48593670381801923,0.48593670381801934
middle,0.246,0.247,0,0,1,1.0382096099513711,1.0451975113276357,1.0768490666915627,1.2094742877752822,3.2333892897923624,3.9977681340908444,3.2333892950434526,3.9977681275983876,-3.798660966006476,3.1901153857084457,-3.7986606866797565,3.190115110334888,0.8692489973503567,0.8692489973503569,7.047083449146196e-10,7.047083449146198e-10,0.4859831458726786,0.4859831458726787
middle,0.247,0.248,0,0,1,1.0394002230675814,1.0463876040807023,1.0783955137941836,1.2102006319566696,3.234407588817727,3.9951536181288057,3.2344075938739425,3.9951536118833473,-3.7493421350112155,3.1542411693261547,-3.749341868711709,3.154240906747835,0.8690334316743398,0.86903343167434,6.787425005474095e-10,6.787425005474097e-10,0.4860292995477173,0.4860292995477174
middle,0.248,0.249,0,0,1,1.0405934044031022,1.0475802509066983,1.0799214102861028,1.2109161748095385,3.235423940950286,3.99257769708532,3.235423945819702,3.9925776910763635,-3.7010103870310145,3.119386437870441,-3.701010133098557,3.1193861874394333,0.8688189193142928,0.868818919314293,6.538499143234132e-10,6.538499143234134e-10,0.486075167735413,0.4860751677354131
middle,0.249,0.25,0,0,1,1.0417891428810462,1.0487754408449945,1.0814269961587468,1.2116209825891853,3.236438595953646,3.9900399482596614,3.2364386006439707,3.9900399424771997,-3.6536210928477706,3.0853493567640933,-3.653620850658395,3.0853491178689296,0.8686054539820119,0.8686054539820122,6.299818235923794e-10,6.299818235923796e-10,0.48612075328995896,0.4861207532899591
high,0.25,0.252,0,0,0,1.0400129450978832,1.054170055628842,1.0149104939938665,1.2911076523505052,2.874253495788066,4.46644956150369,2.8742535164245506,4.466449529435601,-17.51780834448296,17.222837027738112,-17.517804396049712,17.22283308777617,0.8753347103952744,0.8753347103952747,2.598387004111728e-09,2.5983870041117287e-09,0.47154046431336744,0.47154046431336755
high,0.252,0.254,0,0,0,1.0424204525364695,1.0565746336540531,1.0188842139726084,1.2911367145989519,2.8804319353795726,4.4549475320178,2.880431954405085,4.454947502592471,-16.438260111085487,16.074008819039655,-16.438256616888047,16.074005334465863,0.8748861555599313,0.8748861555599315,2.3985241745326853e-09,2.398524174532686e-09,0.4717279691618792,0.4717279691618793
high,0.254,0.256,0,0,0,1.0448380192399884,1.0589891678811725,1.0227453270517293,1.2911687482860157,2.8864816937356768,4.443807379597677,2.8864817112891172,4.443807352573737,-15.461881053520385,15.038916568773773,-15.461877955457979,15.038913480999993,0.8744418119878953,0.8744418119878955,2.215697278227419e-09,2.2156972782274198e-09,0.47191317993306664,0.47191317993306675
high,0.256,0.258,0,0,0,1.0472655612214739,1.061413575961378,1.0264972708832427,1.2912021399949978,2.892410017767754,4.4330159537643405,2.892410033974987,4.433015928924528,-14.575914733289824,14.103549314899368,-14.575911981521743,14.103546573718635,0.8740016302591421,0.8740016302591423,2.04832292190616e-09,2.0483229219061608e-09,0.4720961417232661,0.4720961417232662
high,0.258,0.260,0,0,0,1.0497029961150173,1.0638477771257047,1.030143340970799,1.2912354109239979,2.8982237710019545,4.422560808263083,2.8982237859771276,4.422560785411633,-13.770470388970526,13.256954761079916,-13.770467940576836,13.256952323299602,0.8735655614074054,0.8735655614074056,1.8949763510764115e-09,1.8949763510764123e-09,0.472276898464903,0.4722768984649031
high,0.260,0.262,0,0,0,1.052150243145578,1.066291692155886,1.0336866984535253,1.291267206901453,2.9039294563320586,4.412430154465498,2.9039294701787752,4.412430133425844,-13.03673596114255,12.48937062491618,-13.036733779087706,12.489368453301276,0.8731335569287534,0.8731335569287536,1.7543744643717488e-09,1.7543744643717492e-09,0.4724554929621494,0.4724554929621495
high,0.262,0.264,0,0,0,1.054607223099338,1.0687452433556315,1.037130377369896,1.2912962891730582,2.9095332372650975,4.402612818344251,2.9095332500774673,4.402612798956982,-12.366893080262834,11.792132217281736,-12.36689113274095,11.79213027988388,0.8727055687891428,0.8727055687891431,1.625360758510891e-09,1.6253607585108914e-09,0.47263196692543663,0.47263196692543674
high,0.264,0.266,0,0,0,1.0570738582944748,1.07120835452241,1.0404772914394316,1.291321525897233,2.915040957763442,4.39309820072049,2.9150409696270194,4.393098182841545,-11.754024521003858,11.157571227948699,-11.754022780460453,11.15756949711503,0.8722815494310359,0.8722815494310361,1.5068919721976733e-09,1.5068919721976738e-09,0.4728063610048607,0.4728063610048608
high,0.266,0.268,0,0,0,1.0595500725524876,1.0736809509197043,1.0437302403999742,1.2913418842884523,2.9204581607888285,4.383876240498928,2.920458171781449,4.383876223997993,-11.19202117829338,10.578913629572375,-11.192019620710589,10.578912081220544,0.8718614517792189,0.8718614517792191,1.3980262264793836e-09,1.398026226479384e-09,0.4729787148222747,0.4729787148222748
high,0.268,0.270,0,0,0,1.0620357911699916,1.0761629592496913,1.0468919159336203,1.291356423355449,2.925790105642667,4.374937380636072,2.925790115835202,4.374937365395163,-10.675492835132744,10.050181510081059,-10.675491439529596,10.050180123191465,0.87144522924574,0.8714452292457402,1.2979124844346737e-09,1.297912484434674e-09,0.47314906700241305,0.47314906700241316
high,0.270,0.272,0,0,0,1.0645309408909487,1.078654307626436,1.0499649072108115,1.29136428718665,2.9310417841839675,4.366272536619433,2.9310417936409925,4.366272522531626,-10.19968510403473,9.566101536505647,-10.19968385204575,9.566100292693713,0.8710328357341349,0.8710328357341351,1.2057811751673532e-09,1.2057811751673536e-09,0.4733174552029061,0.4733174552029062
high,0.272,0.274,0,0,0,1.0670354498793755,1.0811549255495128,1.0529517060819642,1.2913646987372136,2.9362179360090535,4.357873067243147,2.936217944789455,4.357873054211459,-9.760424097808515,9.122152570838288,-9.760422973326673,9.122151453991139,0.8706242256429381,0.8706242256429383,1.1209358461886969e-09,1.1209358461886973e-09,0.4734839161432487,0.4734839161432488
high,0.274,0.276,0,0,0,1.0695492476925896,1.0836647438780682,1.0558547119426651,1.2913569540768757,2.941323062668156,4.349730747488949,2.941323070825671,4.349730735425333,-9.354097538730143,8.714809502008421,-9.354096527602657,8.714808497972983,0.8702193538684938,0.870219353868494,1.0427457249780214e-09,1.0427457249780218e-09,0.47364848563284295,0.47364848563284306
high,0.276,0.278,0,0,0,1.0720722652548367,1.0861836948053407,1.0586762362950297,1.2913404170633334,2.94636144098068,4.341837743349217,2.946361448564381,4.34183773217367,-8.9776036652743,8.340990823376126,-8.977602755019479,8.34098991967567,0.8698181758071942,0.8698181758071944,9.706390850761902e-10,9.706390850761906e-10,0.47381119859798076,0.4738111985979809
high,0.278,0.280,0,0,0,1.0746044348314083,1.0887117118336491,1.0614185070277338,1.2913145144064864,2.95133713551604,4.33418658843003,2.9513371425707757,4.334186578069796,-8.627832669339298,8.000391434116652,-8.627831848986462,8.00039061976304,0.8694206473571207,0.8694206473571209,9.040973247037468e-10,9.04097324703747e-10,0.47397208910798927,0.4739720891079894
high,0.280,0.282,0,0,0,1.0771456900032057,1.0912487297497575,1.0640836724354326,1.2912787310925187,2.9562540102997623,4.326770162189413,2.956254016866548,4.326770152578272,-8.302119415820174,7.685625468935635,-8.302118675691993,7.6856247342851765,0.86902672491907,0.8690267249190702,8.426496769746511e-10,8.426496769746513e-10,0.4741311904006167,0.4741311904006168
high,0.282,0.284,0,0,0,1.0796959656417824,1.093794684600728,1.066673804995295,1.2912326061401822,2.9611157397930414,4.319581669688968,2.9611157459094137,4.319581660766598,-7.9981947895504275,7.39420214318323,-7.9981941210953025,7.394201479718445,0.8686363653972059,0.8686363653972061,7.85868480488471e-10,7.858684804884712e-10,0.47428853490623996,0.47428853490624007
high,0.284,0.286,0,0,0,1.0822551978847663,1.0963495136701567,1.0691909049180275,1.2911757286637415,2.9659258192000726,4.312614622733475,2.9659258249004075,4.312614614444884,-7.714043090269074,7.123910088260881,-7.71404248592009,7.1239094884487,0.868249526199112,0.8682495261991122,7.333649474785204e-10,7.333649474785206e-10,0.474444154271598,0.4744441542715981
high,0.286,0.288,0,0,0,1.0848233241118,1.0989131554548763,1.0716369034893254,1.2911077342182578,2.9706875741470897,4.305862822293636,2.9706875794628926,4.305862814588647,-7.447870755392403,6.872782874036924,-7.447870208445854,6.872782331206666,0.8678661652354698,0.86786616523547,6.847853741571097e-10,6.847853741571099e-10,0.47459807938255916,0.47459807938255927
high,0.288,0.290,0,0,0,1.0874002829208216,1.101485549642024,1.0740136662160333,1.2910283014065442,2.975404169774538,4.299320342114286,2.9754041747347006,4.299320334947082,-7.198079129270898,6.63906898078409,-7.198078633780861,6.639068489021657,0.8674862409193153,0.8674862409193155,6.398077443599271e-10,6.398077443599273e-10,0.47475034038611336,0.47475034038611347
high,0.290,0.292,0,0,0,1.0899860141048539,1.1040666370865373,1.0763229957909166,1.2909371487269012,2.980078619285584,4.292981513412723,2.980078623916621,4.292981506741438,-6.96324076589805,6.421205659337333,-6.963240316584692,6.421205213393262,0.8671097121648814,0.8671097121648816,5.981386832867812e-10,5.981386832867814e-10,0.47490096671176313,0.47490096671176324
high,0.292,0.294,0,0,0,1.0925804586291772,1.10665635978909,1.078566634887557,1.290834031644615,2.984713791982014,4.28684091059188,2.984713796308273,4.2868409043782245,-6.742078806853502,6.21779617736223,-6.742078399023188,6.217795772571648,0.8667365383861243,0.8667365383861245,5.595107231495241e-10,5.595107231495243e-10,0.47504998709209806,0.47504998709209817
high,0.294,0.296,0,0,0,1.0951835586089127,1.1092546608743694,1.0807462687978318,1.2907187398696218,2.989312420825756,4.280893337886404,2.98931242486961,4.280893332095337,-6.533449029158468,6.027590007070879,-6.533448658634047,6.027589639283703,0.8663666794948943,0.8663666794948945,5.236798469063318e-10,5.23679846906332e-10,0.475197429582719,0.4751974295827191
high,0.296,0.298,0,0,0,1.0977952572870342,1.1118614845697956,1.0828635279217673,1.290591094825505,2.993877109554945,4.275133816875731,2.9938771133369673,4.2751338114751585,-6.336324207723546,5.849465564162701,-6.3363238707834295,5.849465229682686,0.8660000958988185,0.8660000958988188,4.90423280140899e-10,4.904232801408992e-10,0.47534332158152537,0.4753433215815255
high,0.298,0.300,0,0,0,1.100415499012766,1.11447677618459,1.0849199901201036,1.290450947295448,2.9984103393843844,4.26955757479923,2.9984103429235027,4.269557569759737,-6.149780482442018,5.682415157309181,-6.149780175766878,5.682414852840625,0.8656367484988966,0.8656367484988968,4.5953750453265794e-10,4.5953750453265805e-10,0.47548768984729356,0.47548768984729367
high,0.300,0.302,0,0,0,1.1030442292203975,1.1171004820892707,1.0869096597325238,1.2903005023146532,3.002877673425435,4.264187307764988,3.0028776767390455,4.2641873030595505,-5.973767129115261,5.5273701706477745,-5.973766849724681,5.527369893227552,0.8652765986867772,0.8652765986867774,4.3083776570365675e-10,4.3083776570365686e-10,0.47563056051793057,0.4756305605179307
high,0.302,0.304,0,0,0,1.1056813944084896,1.119732549695478,1.0888153216328662,1.290145451263863,3.0071900592638126,4.259086043953712,3.007190062367873,4.259086039557428,-5.809397280624196,5.394909154183911,-5.80939702581369,5.394908901084766,0.8649196083419199,0.8649196083419202,4.041566510453559e-10,4.04156651045356e-10,0.47577195912763737,0.4757719591276375
high,0.304,0.306,0,0,0,1.1083269421194606,1.122372927436214,1.0906625037746351,1.2899853202625406,3.0114638711032757,4.254196954558995,3.011463874012604,4.254196950449081,-5.654063660430929,5.27073644274367,-5.654063427830311,5.270736211624357,0.8645657398284043,0.8645657398284046,3.793356949352003e-10,3.793356949352004e-10,0.47591191062400257,0.4759119106240027
high,0.306,0.308,0,0,0,1.1109808209195484,1.1250215647464221,1.0924384292552762,1.289850082076256,3.015618584055528,4.24969403019153,3.015618586783777,4.249694026346805,-5.510554248235558,5.155974853706076,-5.510554035672624,5.155974642426303,0.8642149559916188,0.864214955991619,3.5623988330718817e-10,3.5623988330718827e-10,0.47605043938425134,0.47605043938425146
high,0.308,0.310,0,0,0,1.1136429803791412,1.1276784120439352,1.0941631772325606,1.2896993634852008,3.019766047574491,4.24533420838199,3.0197660501342796,4.2453342047833145,-5.375039583635485,5.0483789590587795,-5.375039389224399,5.048378765755305,0.8638672201546925,0.8638672201546927,3.347266722150487e-10,3.347266722150488e-10,0.47618756923117544,0.47618756923117556
high,0.310,0.312,0,0,0,1.1163133710535469,1.1303434207107885,1.095837952367962,1.2895332647710518,3.0239075142997134,4.24111466156863,3.023907516702692,4.241114658198385,-5.246146672429333,4.947147826465635,-5.246146494481631,4.947147649468343,0.8635224961148513,0.8635224961148515,3.1467646893733367e-10,3.1467646893733377e-10,0.4763233234482961,0.4763233234482962
high,0.312,0.314,0,0,0,1.1189919444640224,1.1330165430748813,1.0974539451157705,1.289362664513141,3.0279870669591538,4.23707409053976,3.0279870692160586,4.237074087381664,-5.124055986193561,4.854223494970432,-5.124055823178281,4.854223332759629,0.8631807481395373,0.8631807481395375,2.9598138346242196e-10,2.9598138346242206e-10,0.47645772479477344,0.47645772479477355
high,0.314,0.316,0,0,0,1.1216786530792502,1.1356977323919564,1.099004151372641,1.2891961643509369,3.031959447333504,4.233243280283168,3.031959449454242,4.233243277322178,-5.008031199394229,4.767543511758302,-5.008031049928496,4.767543362965417,0.8628419409623863,0.8628419409623865,2.785417062682211e-10,2.785417062682212e-10,0.47659079551980604,0.47659079551980615
high,0.316,0.318,0,0,0,1.1243734502971197,1.138386942827961,1.1005087630753034,1.2890131836062517,3.0359350582140494,4.229540278538329,3.0359350602078368,4.229540275760667,-4.896352105501249,4.684546089705906,-4.896351968363597,4.684545953124651,0.8625060397791501,0.8625060397791503,2.6226108089167814e-10,2.6226108089167825e-10,0.47672255737641045,0.47672255737641056
high,0.318,0.320,0,0,0,1.1270762904268643,1.1410841294417144,1.1019688230511766,1.2888139301537092,3.0399147397800226,4.225962782176859,3.039914741655388,4.225962779569804,-4.788763817298574,4.605009872479612,-4.788763691385164,4.6050097470196425,0.8621730102433994,0.8621730102433997,2.470544225748178e-10,2.470544225748179e-10,0.4768530316350616,0.4768530316350617
high,0.320,0.322,0,0,0,1.129787128671571,1.1437892481679202,1.1033853451210391,1.2885986160146645,3.0438992950934507,4.222508558272902,3.0438992968582923,4.2225085558247075,-4.685030984736417,4.5287302856650244,-4.685030869047754,4.528730170338852,0.8618428184622474,0.8618428184622476,2.3284344684059033e-10,2.3284344684059043e-10,0.4769822390965037,0.47698223909650384
high,0.322,0.324,0,0,0,1.1325059211109716,1.1465022558004825,1.1047593151487385,1.2883674567926227,3.0478894917885984,4.219175441188963,3.0478894934502327,4.2191754388887714,-4.584936005119761,4.455518024911251,-4.584935898756423,4.455517918830135,0.86151543099184,0.8615154309918402,2.1955608403848903e-10,2.1955608403848908e-10,0.47711020010459965,0.47711020010459976
high,0.324,0.326,0,0,0,1.1352326246846023,1.1492231099761576,1.1060872291751374,1.2881265476382278,3.051873846337767,4.215972611159623,3.051873847902981,4.215972608997377,-4.488860793582017,4.385647203096533,-4.488860695719111,4.385647105445368,0.8611908148328694,0.8611908148328696,2.07127287310804e-10,2.0712728731080405e-10,0.47723693455846644,0.47723693455846655
high,0.326,0.328,0,0,0,1.1379671971753453,1.1519517691585044,1.1073621504256095,1.2878863699563563,3.0558311591278318,4.2129187612509815,3.0558311606029904,4.2129187592172554,-4.397689319118425,4.319818185347014,-4.397689228982493,4.3198180953614465,0.860868937425986,0.8608689374259862,1.9549949286298175e-10,1.954994928629818e-10,0.47736246192430354,0.47736246192430365
high,0.328,0.330,0,0,0,1.1407095971931085,1.1546881926221808,1.1085969868673495,1.2876312937228007,3.0597947468384326,4.209982016693175,3.0597947482294057,4.209982014779331,-4.30972759151034,4.256695613413432,-4.309727508434504,4.256695530434028,0.8605497666471126,0.8605497666471128,1.8461308587620235e-10,1.846130858762024e-10,0.47748680124700393,0.47748680124700404
high,0.330,0.332,0,0,0,1.1434597841590501,1.1574323404374651,1.1097926576603212,1.2873615056053151,3.0637653496374067,4.207160309471353,3.0637653509496157,4.2071603076694295,-4.224820279947872,4.1961242410430835,-4.224820203331887,4.196124164476259,0.8602332708027665,0.8602332708027667,1.744156265393518e-10,1.7441562653935185e-10,0.47760997116111975,0.47760997116111986
high,0.332,0.334,0,0,0,1.1462177182899498,1.1601841734551608,1.110950056060086,1.2870771964195915,3.0677436734371315,4.204451635426669,3.067743674675613,4.204451633729287,-4.142624304939273,4.137955733670637,-4.142624234237078,4.1379556629759815,0.8599194186252529,0.8599194186252531,1.6485872633231595e-10,1.64858726332316e-10,0.4777319899018585,0.4777319899018586
high,0.334,0.336,0,0,0,1.14898336058294,1.162943653291746,1.1120700503839778,1.2867785605716808,3.0717303915258847,4.201854051533092,3.0717303926953177,4.201854049933411,-4.063008933990714,4.082091428877156,-4.063008868705929,4.082091363563311,0.8596081792678999,0.8596081792679001,1.5589771000464315e-10,1.558977100046432e-10,0.4778528753154096,0.4778528753154097
high,0.336,0.338,0,0,0,1.15175667280053,1.1657107423148039,1.1131534849293794,1.286465795542435,3.075726146113724,4.199365673318319,3.0757261472184605,4.1993656718099945,-3.9858283979740383,4.02833705758297,-3.9858283376565553,4.0283369972044145,0.8592995223002156,0.8592995223002158,1.474913077504938e-10,1.4749130775049385e-10,0.47797264486912533,0.47797264486912544
high,0.338,0.340,0,0,0,1.1545376174559498,1.1684854036287697,1.1142011808469439,1.2861391014109003,3.0797315497966564,4.196984672421709,3.079731550840744,4.196984670998852,-3.9109181041094248,3.9764466333856996,-3.910918048349826,3.976446577537239,0.858993417703029,0.8589934177030292,1.3960137471260578e-10,1.3960137471260583e-10,0.47809131566137825,0.47809131566137836
high,0.340,0.342,0,0,0,1.1573261577987184,1.1712676010609142,1.1152139369716487,1.2857986804141657,3.083747186943645,4.194709274280858,3.0837471879308507,4.194709272937998,-3.8381677966086283,3.9263245360792283,-3.8381677450339176,3.92632448439163,0.8586898358635949,0.8586898358635952,1.3219263523416208e-10,1.3219263523416213e-10,0.4782089044311207,0.4782089044311208
high,0.342,0.344,0,0,0,1.1601222578005779,1.1740572991476446,1.1161925306143294,1.2854447365404442,3.087773615011845,4.192537755938223,3.0877736159456775,4.192537754670278,-3.7674746276291122,3.8778815658930728,-3.7674745798992317,3.877881518029631,0.8583887475707391,0.8583887475707394,1.2523244953667595e-10,1.25232449536676e-10,0.47832542756706226,0.47832542756706237
high,0.344,0.346,0,0,0,1.1629258821415778,1.1768544631210311,1.1171377183157014,1.285077475154089,3.091811365793322,4.1904684439611986,3.09181136667705,4.190468442763444,-3.698858290641362,3.8319293625596935,-3.6988582464457864,3.831929318211976,0.8580901240099168,0.858090124009917,1.1869060072987066e-10,1.1869060072987071e-10,0.4784409011167649,0.478440901116765
high,0.346,0.348,0,0,0,1.1657369961966537,1.1796590588956155,1.1180502365662859,1.2846971026481449,3.09586094660118,4.188499712464309,3.0958609474378496,4.18849971133235,-3.63214422508683,3.787738989737033,-3.6321441841422755,3.787738948624278,0.8577939367583292,0.8577939367583294,1.1253910026891969e-10,1.1253910026891972e-10,0.4785553407952587,0.4785553407952588
high,0.348,0.350,0,0,0,1.168555566022173,1.1824710530554852,1.118930802491929,1.2843038261260489,3.0999228413884343,4.18662998123989,3.099922842181603,4.186629980168669,-3.567517876949007,3.7451123540913183,-3.567517838959586,3.7451123159201347,0.8575001577800233,0.8575001577800235,1.068485011672522e-10,1.0684850116725223e-10,0.47866876199353076,0.47866876199353087
high,0.350,0.352,0,0,0,1.171381558343026,1.1852904128415658,1.1197801145098714,1.2838978531062235,3.10399751181989,4.184857713970002,3.103997512572393,4.184857712955466,-3.5056989172184987,3.704007145662792,-3.505698881933018,3.7040071101850076,0.8572087594209866,0.8572087594209868,1.0152337331543813e-10,1.0152337331543816e-10,0.4787811797867065,0.4787811797867066
high,0.352,0.354,0,0,0,1.1742149405398021,1.1881171061392195,1.1205988529543576,1.2834793912514886,3.108085398281996,4.18318141653769,3.108085398996214,4.1831814155764215,-3.44544736944839,3.6641252816340173,-3.445447336654382,3.664125248639006,0.8569197144042572,0.8569197144042574,9.650401768044414e-11,9.650401768044416e-11,0.4788926089420407,0.47889260894204083
high,0.354,0.356,0,0,0,1.177055680636275,1.190951101466019,1.1213876806754055,1.283048648119424,3.1121869208461828,4.181599635415966,3.1121869215243416,4.181599634504778,-3.3866971585315624,3.6254125262658166,-3.3866971280348146,3.6254124955609996,0.8566329958250491,0.8566329958250494,9.177077301042965e-11,9.177077301042967e-11,0.4790030639266218,0.4790030639266219
high,0.356,0.358,0,0,0,1.1799037472871083,1.1937923679598315,1.1221472436109279,1.2826058309334212,3.116302480182955,4.180110956137179,3.116302480827136,4.180110955273094,-3.3293861226874686,3.587817797291511,-3.3293860943103204,3.5878177687006776,0.8563485771458992,0.8563485771458994,8.730536837582478e-11,8.73053683758248e-11,0.47911255891489757,0.4791125589148977
high,0.358,0.360,0,0,0,1.1827591097658896,1.196640875367058,1.1228781713351734,1.282151146371555,3.1204324584337115,4.1787140018325175,3.1204324590458627,4.178714001012757,-3.2734557210218256,3.551292938384459,-3.2734556946016395,3.5512929117462537,0.8560664321918321,0.8560664321918323,8.309081642704719e-11,8.309081642704722e-11,0.47922110779589344,0.47922110779589355
high,0.360,0.362,0,0,0,1.1856217379532819,1.1994965940311868,1.1235810775828463,1.2816848003740813,3.124577220035993,4.177407431846275,3.1245772206179367,4.177407431068245,-3.218850767186317,3.5157925112728385,-3.2188507425741,3.5157924864394037,0.8557865351455552,0.8557865351455555,7.911131546496675e-11,7.911131546496678e-11,0.4793287241802864,0.4793287241802865
high,0.362,0.364,0,0,0,1.188491602325479,1.2023594948815064,1.1242565607519528,1.281206997966441,3.1287371125123142,4.176189940410774,3.1287371130657577,4.176189939672046,-3.165519186376407,3.481273605465927,-3.1655191634355715,3.4812735823016756,0.8555088605426217,0.8555088605426219,7.535215954574911e-11,7.535215954574914e-11,0.4794354214074067,0.4794354214074068
high,0.364,0.366,0,0,0,1.1913686739429206,1.2052295494220697,1.1249052043858168,1.2807179430972544,3.132912467218762,4.1750602553861915,3.132912467745305,4.175060254684498,-3.113413429235809,3.447696483512778,-3.1134134078410383,3.447696461893278,0.8552333832667405,0.8552333832667407,7.179965591886959e-11,7.179965591886962e-11,0.47954121255169446,0.4795412125516946
high,0.366,0.368,0,0,0,1.1942529244391022,1.2081067297208938,1.1255275776346878,1.2802178384913354,3.1371036000566406,4.174017137059935,3.1371036005577952,4.174017136393133,-3.062579185937673,3.4151139414052927,-3.0625791659718002,3.415113921214149,0.8549600785450057,0.8549600785450059,6.84410491577959e-11,6.844104915779592e-11,0.4796461104293178,0.47964611042931793
high,0.368,0.370,0,0,0,1.1971443260098062,1.2109910083993003,1.1261242357000032,1.2797068855141471,3.141310812154721,4.173059376995457,3.141310812631902,4.173059376361549,-3.0129428661685154,3.383461773111975,-3.0129428475246662,3.3834617542429912,0.8546889219432035,0.8546889219432037,6.526445140439212e-11,6.526445140439214e-11,0.4797501276043967,0.47975012760439684
high,0.370,0.372,0,0,0,1.2000428514023693,1.2138823586215688,1.1266957202595131,1.2791852840500348,3.145534390513846,4.172185796940223,3.1455343909683693,4.172185796337351,-2.9643906863858973,3.35263372369188,-2.96439066896746,3.352633706049042,0.8544198893611546,0.8544198893611549,6.225877820211615e-11,6.225877820211617e-11,0.47985327639516323,0.47985327639516334
high,0.372,0.374,0,0,0,1.2029484739052134,1.2167807540847089,1.1272425598763747,1.2786532323910795,3.1497746086235505,4.1713952477796585,3.1497746090566507,4.171395247206083,-2.9168835268413953,3.32259754491069,-2.916883510559437,3.322597528405585,0.8541529570280832,0.8541529570280835,5.941368943841674e-11,5.941368943841677e-11,0.4799555688798911,0.4799555688798912
high,0.374,0.376,0,0,0,1.20586116733765,1.2196861690084848,1.1277652703922294,1.2781109271362743,3.1540317270493423,4.170686608538603,3.1540317274621934,4.1706866079926765,-2.870470210064663,3.2934082592307803,-2.870470194835654,3.2934082437803274,0.8538881014980758,0.853888101498076,5.671953496262953e-11,5.6719534962629546e-11,0.48005701690254543,0.48005701690254554
high,0.376,0.378,0,0,0,1.2087809060398742,1.22259857812559,1.1282643553053568,1.2775585631004036,3.158305993995622,4.170058785422966,3.1583059943893184,4.1700587849031505,-2.825073064046567,3.264994543433823,-2.825073049794527,3.264994528962431,0.8536252996454503,0.8536252996454505,5.4167304482368397e-11,5.416730448236841e-11,0.48015763207860235,0.48015763207860246
high,0.378,0.380,0,0,0,1.2117076648630096,1.2255179566720824,1.128740306133398,1.276996333233235,3.1625976458351275,4.16951071091273,3.1625976462106906,4.169510710417596,-2.780609090264006,3.237279458800527,-2.780609076919819,3.237279445239419,0.8533645286603342,0.8533645286603344,5.174858138154242e-11,5.174858138154243e-11,0.4802574258003138,0.4802574258003139
high,0.380,0.382,0,0,0,1.2146414191595736,1.2284442803779336,1.1291936027637535,1.2764244285454678,3.1669069076219705,4.169041342884311,3.1669069079803607,4.169041342412512,-2.737046728551171,3.210237036327999,-2.7370467160510614,3.210237023613691,0.8531057660441608,0.853105766044161,4.9455500128553105e-11,4.945550012855312e-11,0.48035640924207307,0.4803564092420732
high,0.382,0.384,0,0,0,1.2175821447739643,1.2313775254578296,1.129624713789836,1.2758430380438885,3.171233993575708,4.1686496637775114,3.1712339939178293,4.168649663327786,-2.6943559468914353,3.183842571231425,-2.6943559351765236,3.183842559305285,0.852848989605266,0.8528489896052662,4.728070697879208e-11,4.7280706978792095e-11,0.48045459336555546,0.48045459336555557
high,0.384,0.386,0,0,0,1.22052981803322,1.2343176686021051,1.1300340968355378,1.2752523486731355,3.1755791075463273,4.168334679794194,3.1755791078730304,4.168334679365356,-2.6525081467252667,3.158072546726992,-2.6525081357411606,3.1580725355348362,0.8525941774544948,0.8525941774544951,4.5217323697567084e-11,4.5217323697567097e-11,0.48055198892476253,0.48055198892476264
high,0.386,0.388,0,0,0,1.2234844157380045,1.2372646869678667,1.1304221988679688,1.2746525452640418,3.179942443458457,4.168095420130515,3.1799424437705426,4.168095419721451,-2.6114790729033155,3.1329119118283457,-2.611479062599739,3.132911901320071,0.8523413080008784,0.8523413080008786,4.3258914055805457e-11,4.325891405580547e-11,0.4806486064708631,0.4806486064708632
high,0.388,0.390,0,0,0,1.2264459151535467,1.2402185581703482,1.1307894564976588,1.2740438104899254,3.1843241857289595,4.167930936249374,3.1843241860271814,4.167930935859034,-2.5712449884075923,3.1083452114909247,-2.5712449787380462,3.1083452016201742,0.8520903599474079,0.8520903599474081,4.139945287252431e-11,4.139945287252432e-11,0.48074445635683116,0.4807444563568313
high,0.390,0.392,0,0,0,1.2294142940010755,1.2431792602743357,1.131136296269871,1.2734263248264022,3.188724509676641,4.167840301169501,3.18872450996171,4.167840300796901,-2.531775138792878,3.084337629297919,-2.5317751296523494,3.084337619959797,0.851841312286695,0.8518413122866952,3.963329739449998e-11,3.963329739449999e-11,0.4808395487422657,0.4808395487422658
high,0.392,0.394,0,0,0,1.2323895304492376,1.2461467717858314,1.131463134944464,1.2728002665180833,3.1931435819053204,4.1678226087942525,3.193143582177905,4.167822608438463,-2.4930458942097187,3.0608698128098824,-2.4930458855369433,3.0608698039432163,0.8515941442968763,0.8515941442968765,3.7955160827539804e-11,3.795516082753982e-11,0.4809338935976483,0.48093389359764843
high,0.394,0.396,0,0,0,1.2353715957627507,1.249121079032239,1.1317703119389708,1.2721658869933459,3.197581254277329,4.1678773516456955,3.1975812545380617,4.167877351305845,-2.455166276715079,3.038216220236587,-2.455166268482493,3.0382162118138316,0.8513488382640287,0.851348838264029,3.636012489812783e-11,3.636012489812784e-11,0.4810275007088279,0.481027500708828
high,0.396,0.398,0,0,0,1.2383564106355114,1.2521062447377358,1.1320209711924205,1.2715647713291915,3.201868982493074,4.168211749150585,3.201868982742677,4.168211748825651,-2.4195408226877952,3.017738737194782,-2.4195408148626747,3.017738729183131,0.8511068765561591,0.8511068765561594,3.486310390545638e-11,3.4863103905456395e-11,0.4811203796812299,0.48112037968123
high,0.398,0.400,0,0,0,1.241342820110344,1.2551033898168233,1.1321816256461943,1.2710352806679666,3.2058975171566186,4.168959466732962,3.2058975173958126,4.168959466421913,-2.387673984732765,3.0007108366892004,-2.387673977280388,3.0007108290538667,0.8508686448977288,0.8508686448977291,3.346519474929156e-11,3.3465194749291573e-11,0.4812125399439372,0.4812125399439373
high,0.400,0.402,0,0,0,1.2443355858312342,1.2581076830979132,1.1323125906814635,1.27051050792643,3.209907815491551,4.169821925439845,3.2099078157208583,4.169821925141964,-2.3569536755899962,2.9846516079916,-2.356953668488053,2.9846516007102926,0.8506323468585298,0.8506323468585301,3.213620183353501e-11,3.213620183353502e-11,0.48130399075381336,0.48130399075381347
high,0.402,0.404,0,0,0,1.2473262726021455,1.2611275721469535,1.1323476915249253,1.2700642573045813,3.2135787405776624,4.1711932098850255,3.2135787407977996,4.17119320959929,-2.329686424754888,2.971632735628114,-2.329686417971237,2.971632728668564,0.8504010505031292,0.8504010505031294,3.090681873108267e-11,3.0906818731082683e-11,0.4813947411992263,0.48139474119922643
high,0.404,0.406,0,0,0,1.2503236479530466,1.264154197108902,1.1323674385690092,1.269607650703538,3.2172742495532045,4.1726242503111,3.217274249764601,4.17262425003693,-2.303245086665352,2.959001610898683,-2.3032450801830997,2.9590016042440794,0.8501714930763409,0.8501714930763411,2.9733437799132214e-11,2.973343779913223e-11,0.4814848002040564,0.4814848002040565
high,0.406,0.408,0,0,0,1.2533276934892732,1.2671875388274447,1.132372144234705,1.269140904538419,3.2209943631272595,4.174114435208431,3.2209943633303233,4.174114434945279,-2.2771758051178246,2.9465991161561944,-2.277175798921225,2.946599109790783,0.8499436556361781,0.8499436556361784,2.8613144011503285e-11,2.861314401150329e-11,0.48157417653124635,0.48157417653124646
high,0.408,0.410,0,0,0,1.2563383911942765,1.2702275785330757,1.132362114381224,1.2686642312369887,3.2247390983656565,4.175663164795001,3.2247390985607725,4.175663164542348,-2.251470502966175,2.934418900168548,-2.2514704970404122,2.9344188940774956,0.8497175194989942,0.8497175194989944,2.7543191627137043e-11,2.754319162713705e-11,0.481662878786491,0.4816628787864911
high,0.410,0.412,0,0,0,1.2593557234227526,1.2732742978359395,1.1323376484590484,1.268177839304561,3.228508468860152,4.17726985071175,3.2285084690476857,4.177269850469106,-2.2261213512040037,2.9224548318768737,-2.2261213455351307,2.92245482604621,0.8494930662356307,0.8494930662356309,2.6520993398318627e-11,2.6520993398318633e-11,0.48175091542165427,0.4817509154216544
high,0.412,0.414,0,0,0,1.262379672893679,1.2763276787188933,1.1322990396576558,1.2676819333899787,3.232302271196542,4.178934637576317,3.2323022713768412,4.178934637343214,-2.2012865777110866,2.9108227347269606,-2.2012865722856954,2.910822729143256,0.8492702776675902,0.8492702776675904,2.5544110525419775e-11,2.554411052541978e-11,0.48183829473827106,0.48183829473827117
high,0.414,0.416,0,0,0,1.2654102226835997,1.2793877035306538,1.1322465750500723,1.2671767143501511,3.236120408190768,4.180657043856033,3.236120408364162,4.18065704363203,-2.176870116570952,2.8994529918266534,-2.1768701113765565,2.899452986477392,0.8490491358632674,0.8490491358632676,2.461024330225144e-11,2.4610243302251448e-11,0.48192502489086214,0.48192502489086225
high,0.416,0.418,0,0,0,1.2684473562200884,1.2824543549790872,1.1321805357337391,1.2666623793137741,3.2399629516931805,4.182436243096362,3.2399629518599804,4.1824362428810415,-2.152785472364242,2.88828196530599,-2.152785467389202,2.8882819601794907,0.8488296231342638,0.848829623134264,2.371722240123036e-11,2.3717222401230366e-11,0.48201111389011825,0.48201111389011836
high,0.418,0.420,0,0,0,1.271491057275215,1.285527616124649,1.1321011969671881,1.2661391217451659,3.2438299111690108,4.1842716724314295,3.2438299113295117,4.184271672224397,-2.12911258472205,2.877327444346547,-2.129112579955374,2.877327439431787,0.8486117220317383,0.8486117220317385,2.2863000751286735e-11,2.2863000751286742e-11,0.4820965696060419,0.482096569606042
high,0.420,0.422,0,0,0,1.274541309959276,1.2886074703739245,1.132008828303791,1.2656071315065838,3.2477212930523685,4.1861627796916725,3.247721293206851,4.186162779492551,-2.1058818320089348,2.866594116073684,-2.1058818274402475,2.8665941113602593,0.8483954153427363,0.8483954153427365,2.2045645964717097e-11,2.2045645964717103e-11,0.48218139977118685,0.48218139977118696
high,0.422,0.424,0,0,0,1.2775980987144577,1.2916939014733528,1.1319036937211002,1.2650665949210964,3.2516371008817058,4.188109023138361,3.2516371010304357,4.188109022946797,-2.082968688778436,2.8562048365399137,-2.0829686843979496,2.856204832017956,0.8481806860867289,0.8481806860867291,2.126333327414234e-11,2.1263333274142345e-11,0.4822656119834318,0.48226561198343193
high,0.424,0.426,0,0,0,1.2806614083089365,1.2947868935029743,1.1317860517484797,1.2645176948326788,3.2555773354402415,4.190109871194084,3.2555773355834723,4.190109871009738,-2.0603547545089116,2.846017944456431,-2.060354750307362,2.8460179401166195,0.8479675175120399,0.8479675175120401,2.0514338941076393e-11,2.05143389410764e-11,0.48234921370904005,0.48234921370904016
high,0.426,0.428,0,0,0,1.2837312238307221,1.2978864308704146,1.1316561555895805,1.2639606106680294,3.259541994879399,4.1921648021957045,3.2595419950173694,4.192164802018257,-2.0380313058973045,2.835997077901269,-2.0380313018659537,2.835997073734812,0.8477558930924469,0.8477558930924471,1.9797034103803492e-11,1.97970341038035e-11,0.48243221228540506,0.48243221228540517
high,0.428,0.430,0,0,0,1.2868075306819335,1.3009924983049057,1.13151425324319,1.263395518495653,3.2635310748462234,4.194273304144429,3.2635310749791624,4.194273303973576,-2.0159926587722734,2.8261378396775294,-2.015992654903221,2.826137835676473,0.847545796523729,0.8475457965237292,1.9109879031709785e-11,1.910987903170979e-11,0.4825146149239355,0.4825146149239356
high,0.430,0.432,0,0,0,1.2898903145729474,1.3041050808514623,1.1313605876200141,1.26282259108562,3.2675445685987157,4.196434874472168,3.26754456872684,4.196434874307621,-1.9942332887714274,2.8164359816720697,-1.9942332850573776,2.816435977829062,0.8473372117203546,0.8473372117203548,1.8451417758205978e-11,1.8451417758205985e-11,0.48259642871266534,0.48259642871266545
high,0.432,0.434,0,0,0,1.2929795615169024,1.3072241638651374,1.1311953966574921,1.262241997967143,3.271582467122402,4.198649019808318,3.271582467245918,4.198649019649802,-1.972756851232061,2.8068924131672306,-1.9727568476660273,2.8068924094752288,0.8471301228121662,0.8471301228121664,1.782027306460468e-11,1.7820273064604685e-11,0.4826776606188933,0.4826776606188934
high,0.434,0.436,0,0,0,1.2960752578240713,1.3103497330054488,1.1310189134306126,1.2616539054868687,3.2756447592363256,4.200915255760918,3.275644759355429,4.200915255608171,-1.9515603229289948,2.7975043899774423,-1.9515603195043243,2.7975043864297366,0.8469245141411376,0.8469245141411378,1.7215141790842484e-11,1.721514179084249e-11,0.48275831749175385,0.48275831749175396
high,0.436,0.438,0,0,0,1.2991773900964945,1.313481774230849,1.1308313662608083,1.2610584768653446,3.2797314316994375,4.203233106698895,3.2797314318143154,4.203233106551671,-1.9306267119996576,2.7882614589958914,-1.9306267087100946,2.7882614555861682,0.8467203702581284,0.8467203702581286,1.663479044957031e-11,1.6634790449570318e-11,0.48283840606481043,0.48283840606481054
high,0.438,0.440,0,0,0,1.3022859452226987,1.3166202737933506,1.1306329788218115,1.260455872252966,3.2838424693096466,4.205602105544985,3.283842469420476,4.205602105403046,-1.9099511017403954,2.7791599250992665,-1.9099510985799897,2.7791599218215177,0.8465176759197865,0.8465176759197868,1.607805112302965e-11,1.6078051123029655e-11,0.4829179329583462,0.4829179329583463
high,0.440,0.442,0,0,0,1.3054009103724757,1.319765218233225,1.1304239702429053,1.2598462487852515,3.2879778549999075,4.208021793573543,3.2879778551068575,4.208021793436666,-1.8895287076662153,2.770196214802274,-1.889528704629307,2.7701962116507817,0.8463164160854179,0.8463164160854181,1.5543817622607995e-11,1.5543817622608002e-11,0.482996904681789,0.48299690468178913
high,0.442,0.444,0,0,0,1.3085222729917536,1.3229165943738321,1.1302045552094218,1.2592297606374745,3.2921375699298276,4.210491720215344,3.2921375700330597,4.210491720083314,-1.86938061350144,2.761383045830394,-1.86938061058264,2.7613830427997113,0.8461165759139009,0.8461165759139011,1.5031041893159002e-11,1.503104189315901e-11,0.48307532763610916,0.4830753276361093
high,0.444,0.446,0,0,0,1.3116500207976798,1.3260743893165097,1.1299749440613776,1.258606559077734,3.296321593574844,4.213011442866828,3.296321593674512,4.213011442739444,-1.8498613984936578,2.7527444748044223,-1.849861395687777,2.7527444718893435,0.845918140760724,0.8459181407607242,1.453873064531906e-11,1.4538730645319064e-11,0.4831532081159163,0.4831532081159164
high,0.446,0.448,0,0,0,1.3147841417736295,1.3292385904356252,1.1297353428887444,1.257976792520375,3.3005299038098896,4.215580526707342,3.3005299039061384,4.215580526584408,-1.8307579360303752,2.744252007186277,-1.8307579333325104,2.7442520043818557,0.8457210961749477,0.845721096174948,1.4065942200064564e-11,1.4065942200064567e-11,0.4832305523118907,0.4832305523118908
high,0.448,0.450,0,0,0,1.3179246241644775,1.3324091853736502,1.1294859536253594,1.2573406065774542,3.304762476991099,4.218198544520139,3.304762477084069,4.2181985444014725,-1.8118764812203212,2.7358819103355736,-1.8118764786258332,2.7358819076371086,0.8455254278963467,0.8455254278963469,1.3611783531326726e-11,1.361178353132673e-11,0.4833073663127102,0.4833073663127103
high,0.450,0.452,0,0,0,1.3210713915420613,1.3355862273520573,1.1292264588439935,1.2566987130781264,3.309016811738525,4.2208680711532125,3.309016811828349,4.220868071038636,-1.7932303868168182,2.727647529262911,-1.7932303843212556,2.7276475266658884,0.8453311441011935,0.8453311441011937,1.3175515379022166e-11,1.3175515379022169e-11,0.48338365610731526,0.4833836561073154
high,0.452,0.454,0,0,0,1.3242244836469999,1.3387696532443456,1.1289574629117782,1.2560507986946041,3.313294841850782,4.223586319400555,3.313294841937587,4.223586319289901,-1.7748023255464265,2.7195329520525284,-1.7748023231455747,2.7195329495526726,0.8451382132921791,0.8451382132921793,1.2756240785421187e-11,1.275624078542119e-11,0.4834594275868163,0.4834594275868164
high,0.454,0.456,0,0,0,1.3273839039663768,1.3419594368970604,1.1286792712394698,1.2553968734931487,3.3175970931993684,4.226352214071917,3.3175970932832755,4.2263522139650265,-1.7565849374302567,2.7115317617019774,-1.7565849351201068,2.7115317592952195,0.8449466167888253,0.8449466167888255,1.2353172440238966e-11,1.2353172440238969e-11,0.4835346865466279,0.483534686546628
high,0.456,0.458,0,0,0,1.3305496417386722,1.3451555669841662,1.128392069834512,1.254737072603404,3.3219235361541557,4.229165357631697,3.3219235362352797,4.229165357528418,-1.7385747868575732,2.7036412910544634,-1.7385747846343034,2.703641288736923,0.8447563410698081,0.8447563410698083,1.1965586496374332e-11,1.1965586496374335e-11,0.4836094386883085,0.48360943868830863
high,0.458,0.460,0,0,0,1.3337216864413326,1.3483580324245672,1.1280960409866887,1.2540715285956494,3.3262741399400735,4.23202535930929,3.326274140018525,4.2320253592094765,-1.7207685201150194,2.6958589563399995,-1.7207685179749856,2.6958589541079747,0.8445673727904702,0.8445673727904704,1.159279546296673e-11,1.1592795462966733e-11,0.4836836896214871,0.4836836896214872
high,0.460,0.462,0,0,0,1.3369000277863372,1.3515668223778132,1.1277874465054925,1.253404738207593,3.3306382599100472,4.234949423579712,3.3306382599859305,4.234949423483225,-1.7033892175209346,2.6884633080388016,-1.7033892154604002,2.6884633058884937,0.8443796987801432,0.8443796987801434,1.1234208682491205e-11,1.1234208682491208e-11,0.48375744486580613,0.48375744486580624
high,0.462,0.464,0,0,0,1.3400846557161272,1.354781926239795,1.1274651770504356,1.2527382354081429,3.3350125872619723,4.237943178859375,3.3350125873353877,4.237943178766083,-1.6865069318460362,2.681546081084576,-1.6865069298613657,2.6815460790122883,0.8441933060395761,0.8441933060395763,1.0889115979356869e-11,1.0889115979356872e-11,0.483830709852581,0.4838307098525811
high,0.464,0.466,0,0,0,1.34327556039938,1.358003333638599,1.1271352112009623,1.2520656617152723,3.339412912355769,4.240980262719152,3.3394129124268113,4.24098026262893,-1.669782506528406,2.674688935622268,-1.6697825046165247,2.674688933624873,0.8440081817383082,0.8440081817383084,1.0556801594075234e-11,1.0556801594075237e-11,0.48390348992673565,0.48390348992673576
high,0.466,0.468,0,0,0,1.3464727322270962,1.3612310344303593,1.1267977019521007,1.2513871580120026,3.3438391647859396,4.24406036059562,3.3438391648546997,4.244060360508349,-1.6532137196511263,2.6678905063048863,-1.6532137178090969,2.667890504379397,0.8438243132121733,0.8438243132121735,1.0236719733358669e-11,1.0236719733358672e-11,0.48397579034838323,0.48397579034838334
high,0.468,0.470,0,0,0,1.349676161808564,1.364465018695265,1.1264527993931834,1.2507028623482535,3.3482912742805424,4.2471831625392715,3.3482912743471065,4.247183162454837,-1.636798393575077,2.661149468244125,-1.6367983918000923,2.6611494663876836,0.8436416879607888,0.843641687960789,9.928350805162933e-12,9.928350805162936e-12,0.48404761629456894,0.48404761629456905
high,0.470,0.472,0,0,0,1.3528858399674748,1.3677052767336038,1.126100650765562,1.25001291000008,3.3527691707220653,4.250348363132303,3.352769170786517,4.2503483630505965,-1.6205363164846511,2.654472409720909,-1.6205363147740224,2.654472407930777,0.8434602936450953,0.8434602936450956,9.63120002973611e-12,9.631200029736113e-12,0.48411897286092975,0.48411897286092986
high,0.472,0.474,0,0,0,1.356101757738197,1.3709517990618691,1.1257414005194648,1.2493174335271469,3.3572727841691212,4.253555661406099,3.3572727842315397,4.253555661327017,-1.6044376979254602,2.6479084783510634,-1.6044376962766183,2.6479084766246204,0.8432801180849248,0.843280118084925,9.344796130881285e-12,9.344796130881289e-12,0.4841898650633143,0.4841898650633144
high,0.474,0.476,0,0,0,1.359323906361953,1.3742045764089912,1.125375190368913,1.248616562829928,3.3618017924736523,4.256805070315056,3.3618017925341133,4.2568050702384985,-1.5884872224798559,2.64139708507131,-1.5884872208903411,2.64139708340605,0.8431011642875013,0.8431011642875015,9.068709342208483e-12,9.068709342208486e-12,0.48426022971445915,0.48426022971445926
high,0.476,0.478,0,0,0,1.3625522772831786,1.3774635997125995,1.1250021593460413,1.2479104252049897,3.3661998938982753,4.2602865428005385,3.366199893956938,4.260286542726295,-1.5737556186085389,2.635954834865252,-1.573755617072442,2.6359548332551115,0.8429324741990952,0.8429324741990954,8.813768368334388e-12,8.813768368334391e-12,0.48430956885716375,0.48430956885716386
high,0.478,0.480,0,0,0,1.3657868621460072,1.3807288601153374,1.124622443854562,1.2471991453987363,3.3704329902278256,4.264041392751589,3.3704329902848564,4.264041392679437,-1.5604256237932697,2.631759927530687,-1.5604256223044046,2.63175992596931,0.8427760872531997,0.8427760872532,8.581112149578141e-12,8.581112149578144e-12,0.4843332913433998,0.4843332913433999
high,0.480,0.482,0,0,0,1.3690276527906309,1.3840003489613197,1.1242361777211953,1.2464828456611219,3.3746679024927064,4.267865708435135,3.374667902548174,4.267865708364987,-1.547358357248157,2.6277332932415485,-1.547358355804375,2.6277332917267366,0.8426222610588696,0.8426222610588698,8.357840211572534e-12,8.357840211572537e-12,0.4843534967915325,0.4843534967915326
high,0.482,0.484,0,0,0,1.3722746412499247,1.3872780577925798,1.1238434922470026,1.2457616457970158,3.3789295692577173,4.271728564762878,3.378929569311673,4.271728564694665,-1.5343935723525737,2.62372310399952,-1.5343935709523495,2.6237231025297163,0.8424694949988992,0.8424694949988994,8.14181034491331e-12,8.141810344913313e-12,0.4843735658167486,0.48437356581674873
high,0.484,0.486,0,0,0,1.3755278197460317,1.3905619783456296,1.123444516257126,1.2450356632170816,3.3832179051308544,4.275629714197393,3.3832179051833493,4.275629714131051,-1.5215300753846506,2.619728924375211,-1.5215300740265163,2.6197289229489167,0.8423177780682141,0.8423177780682143,7.932746088376998e-12,7.932746088377002e-12,0.48439350075555576,0.4843935007555559
high,0.486,0.488,0,0,0,1.378787180687051,1.3938521025480672,1.1230393761497093,1.244305012987304,3.387532825323298,4.279568912561672,3.3875328253743797,4.2795689124971386,-1.5087666909477284,2.615750331679219,-1.5087666896302698,2.61575033029499,0.8421670994070012,0.8421670994070014,7.730383004733381e-12,7.730383004733384e-12,0.4844133038981655,0.4844133038981656
high,0.488,0.490,0,0,0,1.3820527166637304,1.3971484225152597,1.1226281959435807,1.243569807877752,3.3918742456543205,4.283545918986984,3.391874245704036,4.283545918924198,-1.496102261669326,2.6117869156334197,-1.4961022603911838,2.611786914289866,0.8420174482984584,0.8420174482984586,7.534468097499423e-12,7.534468097499426e-12,0.48443297748957537,0.4844329774895755
high,0.490,0.492,0,0,0,1.3853244204463193,1.400450930547067,1.1222110973253476,1.242830158409743,3.3962420825566197,4.287560495860745,3.396242082605013,4.287560495799651,-1.4835356479018666,2.607838278048125,-1.4835356466617315,2.607838276743909,0.8418688141666625,0.8418688141666627,7.344759258823094e-12,7.344759258823098e-12,0.48445252373044445,0.48445252373044456
high,0.492,0.494,0,0,0,1.388602284981385,1.4037596191246557,1.1217881996950947,1.2420861729025263,3.4006362530808785,4.291612408775591,3.4006362531279923,4.291612408716133,-1.4710657274324086,2.6039040325120713,-1.4710657262290205,2.6039040312459036,0.8417211865743459,0.8417211865743461,7.1610247465413725e-12,7.161024746541374e-12,0.4844719447782257,0.4844719447782258
high,0.494,0.496,0,0,0,1.3918863033887576,1.4070744809073517,1.1213596202114613,1.2413379575185524,3.405056674899844,4.295701426479479,3.40505667494572,4.295701426421603,-1.4586913951993765,2.59998380409288,-1.4586913940315218,2.5999838028635196,0.8415745552208164,0.8415745552208166,6.98304268891994e-12,6.9830426889199416e-12,0.4844912427480346,0.48449124274803473
high,0.496,0.498,0,0,0,1.3951764689585087,1.4103955087295545,1.1209254738356829,1.2405856163078919,3.409503266311989,4.299827320826679,3.4095032663566665,4.299827320770334,-1.4464115630158803,2.5960772290475576,-1.4464115618823898,2.596077227853807,0.8414289099398752,0.8414289099398754,6.81060061537042e-12,6.810600615370422e-12,0.4845104197135804,0.4845104197135805
high,0.498,0.500,0,0,0,1.3984727751479555,1.413722695597715,1.120485873374638,1.239829251251837,3.413975946244181,4.303989866730271,3.413975946287698,4.303989866675409,-1.4342251593027622,2.592183954545851,-1.4342251582025103,2.592183953386558,0.8412842406977673,0.8412842406977675,6.643495011698794e-12,6.643495011698796e-12,0.4845294777080739,0.48452947770807403
high,0.500,0.502,0,0,0,1.4017752155787189,1.4170560346873882,1.1200409295228924,1.2390689623056277,3.418474634253745,4.308188842115864,3.4184746342961385,4.308188842062435,-1.4221311288293268,2.588303638404346,-1.4221311277612283,2.5883036372783987,0.8411405375911607,0.8411405375911609,6.481530898486454e-12,6.481530898486456e-12,0.48454841872514476,0.48454841872514487
high,0.502,0.504,0,0,0,1.4050837840340171,1.4203955193402638,1.1195907509047685,1.2383048474391967,3.4229992505351645,4.312424027870167,3.4229992505764706,4.312424027818127,-1.4101284324292294,2.5844359487995683,-1.4101284313922389,2.584435947705895,0.8409977908451121,0.8409977908451123,6.324521431196206e-12,6.324521431196208e-12,0.4845672447197746,0.4845672447197747
high,0.504,0.506,0,0,0,1.4083984744556697,1.4237411430613796,1.1191354441139814,1.2375370026789565,3.427549715915647,4.316695207803237,3.427549715955899,4.3166952077525425,-1.3982160467878486,2.5805805640532147,-1.3982160457809583,2.5805805629907828,0.840855990811252,0.8408559908112522,6.172287521155169e-12,6.17228752115517e-12,0.48458595760891554,0.48458595760891565
high,0.506,0.508,0,0,0,1.4117192809414851,1.4270928995162557,1.1186751137540052,1.2367655221468075,3.432125951862668,4.321002168596778,3.4321259519018987,4.321002168547387,-1.386392964159988,2.5767371723528223,-1.3863929631822263,2.5767371713206355,0.8407151279657027,0.8407151279657029,6.024657475600454e-12,6.024657475600456e-12,0.48460455646348355,0.48460455646348366
high,0.508,0.510,0,0,0,1.4150461977424513,1.4304507825281865,1.1182098624764243,1.235990498099725,3.4367278804806225,4.32534469976594,3.4367278805188644,4.32534469971781,-1.3746581921570697,2.572905471542294,-1.3746581912075004,2.5729054705393914,0.8405751929073342,0.8405751929073344,5.881466656442375e-12,5.881466656442377e-12,0.4846229618636978,0.4846229618636979
high,0.510,0.512,0,0,0,1.418379219260189,1.4338147860755002,1.1177397910194744,1.235212020967295,3.441355424515077,4.329722593612447,3.44135542455236,4.329722593565539,-1.3630107534915445,2.5690851688735,-1.3630107525692647,2.5690851678989546,0.840436176355856,0.8404361763558562,5.7425571561265e-12,5.7425571561265016e-12,0.4846412603419533,0.48464126034195343
high,0.512,0.514,0,0,0,1.4217183400442681,1.4371849042889324,1.1172649982449887,1.234430179389451,3.4460085073524627,4.334135645183474,3.446008507388816,4.334135645137751,-1.351449685751932,2.565275980790027,-1.3514496848560706,2.5652759798429448,0.8402980691499436,0.8402980691499439,5.6077774899424405e-12,5.607777489942442e-12,0.48465945366489793,0.48465945366489804
high,0.514,0.516,0,0,0,1.4250635547897141,1.4405611314490043,1.1167855811751695,1.2336450602526494,3.450687053020197,4.338583652230585,3.4506870530556495,4.338583652186011,-1.339974041178167,2.5614776327133164,-1.3399740403078846,2.5614776317928345,0.8401608622455524,0.8401608622455526,5.476982303904017e-12,5.476982303904018e-12,0.48467754356521553,0.48467754356521564
high,0.516,0.518,0,0,0,1.4284148583345027,1.443943461983472,1.1163016350283494,1.2328567487255855,3.455390986188062,4.343066415167477,3.4553909862226404,4.3430664151240155,-1.3285828864325975,2.5576898588268335,-1.3285828855870834,2.55768985793212,0.8400245467140735,0.8400245467140737,5.350032097127123e-12,5.3500320971271246e-12,0.48469553174252067,0.4846955317425208
high,0.518,0.520,0,0,0,1.4317722456569777,1.4473318904648402,1.1158132532536054,1.2320653282947258,3.46012023216475,4.347583737033796,3.4601202321984816,4.347583736991413,-1.3172753024019481,2.553912401892353,-1.3172753015804206,2.5539124010226035,0.8398891137406593,0.8398891137406596,5.226792958182841e-12,5.2267929581828425e-12,0.48471341986396665,0.48471341986396677
high,0.520,0.522,0,0,0,1.4351357118736485,1.4507264116078478,1.115320527565895,1.231270880797418,3.4648747169028518,4.35213542344959,3.4648747169357614,4.352135423408253,-1.3060503839528266,2.55014501302279,-1.30605038315453,2.5501450121772278,0.8397545546224603,0.8397545546224605,5.107136314369733e-12,5.107136314369734e-12,0.48473120956501997,0.4847312095650201
high,0.522,0.524,0,0,0,1.438505252236631,1.4541270202670966,1.1148235479789634,1.230473486456303,3.4696543669938062,4.356721282581798,3.4696543670259183,4.356721282541476,-1.2949072397484986,2.5463874515166314,-1.2949072389727034,2.546387450694506,0.8396208607669817,0.839620860766982,4.990938693530527e-12,4.9909386935305285e-12,0.48474890245010166,0.48474890245010177
high,0.524,0.526,0,0,0,1.4418808621314072,1.4575337114346671,1.1143224028385708,1.22967322391163,3.4744591096682327,4.361341125105029,3.474459109699571,4.361341125065691,-1.2838449920368722,2.5426394846658753,-1.283844991282876,2.5426394838664637,0.8394880236904727,0.8394880236904729,4.878081497519175e-12,4.8780814975191765e-12,0.4847665000931637,0.4847665000931638
high,0.526,0.528,0,0,0,1.4452625370745704,1.4609464802377534,1.1138171788549884,1.228870170253073,3.479288872797032,4.365994764161591,3.4792888728276194,4.365994764123208,-1.2728627764363334,2.538900887563501,-1.2728627757034578,2.5389008867861045,0.8393560350162265,0.8393560350162267,4.768450786682444e-12,4.7684507866824455e-12,0.4847840040384695,0.4847840040384696
high,0.528,0.530,0,0,0,1.4486502727115007,1.4643653219364285,1.1133079611341508,1.2280644010515769,3.484143584886923,4.370682015328741,3.4841435849167817,4.370682015291285,-1.261959741756693,2.535171442946698,-1.2619597410442835,2.5351714421906433,0.8392248864730614,0.8392248864730616,4.661937074979433e-12,4.6619370749794345e-12,0.48480141580110725,0.48480141580110736
high,0.530,0.532,0,0,0,1.4520440026782293,1.467790294411335,1.1127944249749941,1.227256438342603,3.489021028446409,4.375405250968165,3.4890210284755607,4.375405250931608,-1.2511474128848457,2.531463153999935,-1.2511474121922619,2.531463153264562,0.8390945889771707,0.8390945889771709,4.5584670334846e-12,4.558467033484602e-12,0.4848187368676798,0.4848187368676799
high,0.532,0.534,0,0,0,1.4554437655480432,1.4712213502608293,1.1122769369124283,1.2264460423727896,3.4939226182523986,4.380162522772203,3.493922618280864,4.3801625227365175,-1.2404162921248552,2.5277672751855627,-1.240416291451485,2.52776727447024,0.8389651212391341,0.8389651212391344,4.457915777388978e-12,4.45791577738898e-12,0.484835968696872,0.4848359686968721
high,0.534,0.536,0,0,0,1.4588495779232613,1.474658464429368,1.111755713116828,1.2256331354265506,3.4988487757746176,4.384952833772925,3.4988487758024163,4.384952833738086,-1.229840031788208,2.52421672378364,-1.2298400311334308,2.524216723087727,0.8388364689599103,0.8388364689599105,4.360175348891831e-12,4.360175348891833e-12,0.48485311271994636,0.48485311271994647
high,0.536,0.538,0,0,0,1.4622614359251727,1.4781016327043262,1.1112308323279014,1.224817787582976,3.503799787710068,4.389775595487102,3.50379978773722,4.389775595453085,-1.2193491536309031,2.520694565813944,-1.2193491529941474,2.5206945651368513,0.8387086242837698,0.83870862428377,4.265152355647075e-12,4.2651523556470764e-12,0.4848701703414967,0.4848701703414968
high,0.538,0.540,0,0,0,1.4656793357936464,1.4815508509946722,1.1107023718360127,1.224000067542302,3.508775639749099,4.394630604267014,3.508775639775622,4.394630604233795,-1.2089272079019666,2.517173461034926,-1.2089272072826867,2.5171734603760902,0.8385815794527215,0.8385815794527217,4.172756965598869e-12,4.1727569655988706e-12,0.4848871429398357,0.4848871429398358
high,0.540,0.542,0,0,0,1.4691032738850516,1.4850061153290994,1.1101704075091852,1.2231800426544042,3.513776259066713,4.399517699263029,3.5137762590926247,4.399517699230586,-1.1985735743198422,2.513653405244648,-1.1985735737175105,2.513653404603525,0.8384553268050784,0.8384553268050786,4.082902754824074e-12,4.082902754824076e-12,0.4849040318676323,0.4849040318676324
high,0.542,0.544,0,0,0,1.4725332466703298,1.4884674218538811,1.109635013820967,1.2223577789452842,3.518801573581685,4.404436721587099,3.518801573607003,4.404436721555409,-1.1882876404705132,2.5101343964686365,-1.1882876398846194,2.5101343958446996,0.8383298587740201,0.8383298587740203,3.995506562472954e-12,3.995506562472955e-12,0.4849208384524104,0.4849208384524105
high,0.544,0.546,0,0,0,1.4759692507330036,1.4919347668310252,1.1090962638765514,1.221533341144165,3.523851511947739,4.409387514290825,3.52385151197248,4.4093875142598655,-1.178068801766169,2.5066164349569973,-1.1780688011962202,2.5066164343497372,0.8382051678862549,0.8382051678862551,3.910488352615188e-12,3.91048835261519e-12,0.4849375639970351,0.4849375639970352
high,0.546,0.548,0,0,0,1.4794112827673234,1.495408146636215,1.1085542294395196,1.2207067927088786,3.5289260035512178,4.414369922336007,3.528926003575398,4.41436992230576,-1.1679164613658364,2.503099523144214,-1.167916460811356,2.5030995225531383,0.8380812467605872,0.8380812467605874,3.827771082430239e-12,3.827771082430241e-12,0.4849542097802747,0.4849542097802748
high,0.548,0.550,0,0,0,1.482859339576373,1.4988875577569483,1.1080089809572582,1.2198781958514826,3.534024978504388,4.419383792570809,3.534024978528023,4.419383792541252,-1.157830030119527,2.4995836656327413,-1.1578300295800539,2.499583665057374,0.8379580881065792,0.8379580881065795,3.747280576604926e-12,3.747280576604928e-12,0.48497077705730407,0.4849707770573042
high,0.550,0.552,0,0,0,1.4863134180701882,1.5023729967907522,1.107460587585647,1.2190476115635385,3.539148367636844,4.424428973708546,3.5391483676599496,4.42442897367966,-1.1478089265215454,2.496068869186071,-1.1478089259966335,2.4960688686259505,0.8378356847233035,0.8378356847233037,3.66894540759317e-12,3.668945407593171e-12,0.48498726706008705,0.48498726706008716
high,0.552,0.554,0,0,0,1.4897735152640468,1.5058644604431664,1.1069091172145993,1.218215099639563,3.5442961024948483,4.4295053162970754,3.5442961025174387,4.429505316268844,-1.1378525766180285,2.4925551426767156,-1.1378525761072464,2.4925551421313963,0.8377140294979551,0.8377140294979554,3.592696781263587e-12,3.5926967812635877e-12,0.4850036809979116,0.4850036809979117
high,0.554,0.556,0,0,0,1.4932396282765594,1.5093619455262086,1.1063546364908197,1.217380718702161,3.5494681153295415,4.434612672702141,3.54946811535163,4.434612672674544,-1.1279604139760573,2.4890424970958915,-1.1279604134789878,2.4890424965649416,0.8375931154046046,0.8375931154046048,3.51846842794541e-12,3.5184684279454108e-12,0.4850200200579396,0.4850200200579397
high,0.556,0.558,0,0,0,1.4967117543280601,1.5128654489563211,1.1057972108428142,1.2165445262240127,3.5546643390967048,4.439750897076897,3.554664339118306,4.439750897049917,-1.1181318795865112,2.4855309454971675,-1.1181318791027508,2.485530944980169,0.8374729355029451,0.8374729355029453,3.4461964983428644e-12,3.4461964983428652e-12,0.48503628540547883,0.48503628540547894
high,0.558,0.560,0,0,0,1.5001898907388092,1.5163749677528322,1.1052369045030845,1.215706578551641,3.5598847074473627,4.444919845342899,3.55988470746849,4.4449198453165195,-1.10836642181741,2.482020502991089,-1.1083664213465683,2.4820205024876376,0.837353482937037,0.8373534829370373,3.375819464260952e-12,3.375819464260953e-12,0.4850524781845773,0.4850524781845774
high,0.560,0.562,0,0,0,1.5036740349273559,1.5198904990361288,1.1046737805313451,1.2148669309272462,3.565129154723777,4.450119375164901,3.565129154744443,4.4501193751391055,-1.0986634963360173,2.478511186708516,-1.0986634958777157,2.4785111862182205,0.8372347509341089,0.8372347509341092,3.307278023796162e-12,3.3072780237961627e-12,0.48506859951833464,0.48506859951833475
high,0.562,0.564,0,0,0,1.5071641844088515,1.52341204002608,1.1041079008363017,1.2140256375110339,3.5703976159518143,4.455349345930286,3.570397615972031,4.455349345905059,-1.0890225660499784,2.475003015783433,-1.0890225656038512,2.4750030153059144,0.8371167328033629,0.8371167328033631,3.2405150108323416e-12,3.2405150108323425e-12,0.4850846505093833,0.48508465050938343
high,0.564,0.566,0,0,0,1.5106603367934615,1.5269395880403025,1.1035393261978177,1.2131827514022688,3.575690026837398,4.460609618723924,3.5756900268571776,4.46060961869925,-1.0794431010252747,2.4714960113126008,-1.079443100590968,2.4714960108474924,0.836999421934747,0.8369994219347472,3.175475308551312e-12,3.1754753085513126e-12,0.4851006322403369,0.485100632240337
high,0.566,0.568,0,0,0,1.5141624897847574,1.5304731404925707,1.1029681162881124,1.2123383246603952,3.5810063237591363,4.465900056307942,3.5810063237784906,4.465900056283805,-1.0699245784239606,2.467990196335073,-1.0699245780011313,2.467990195882019,0.8368828117978603,0.8368828117978605,3.1121057668830703e-12,3.112105766883071e-12,0.4851165457740855,0.4851165457740856
high,0.568,0.570,0,0,0,1.5176706411781418,1.5340126948912627,1.1023943296925254,1.2114924083257306,3.5863464437626744,4.4712205230996975,3.586346443781615,4.4712205230760835,-1.0604664824317886,2.4644855958018943,-1.060466482020105,2.464485595360551,0.8367668959407577,0.8367668959407579,3.0503551235803044e-12,3.050355123580305e-12,0.48513239215431103,0.48513239215431114
high,0.570,0.572,0,0,0,1.5211847888593357,1.5375582488377275,1.1018180239303188,1.2106450524392793,3.591710324555653,4.476570885149363,3.59171032457419,4.476570885126259,-1.0510683041816047,2.460982236541385,-1.0510683037807453,2.460982236111419,0.8366516679888603,0.8366516679888605,2.9901739288176532e-12,2.990173928817654e-12,0.4851481724057679,0.485148172405768
high,0.572,0.574,0,0,0,1.5247049308028253,1.5411098000248378,1.1012392554743353,1.209796306062841,3.597097904500075,4.481951010120952,3.59709790451822,4.481951010098344,-1.0417295416900358,2.4574801472379835,-1.0417295412996899,2.4574801468190715,0.836537121643852,0.8365371216438522,2.931514473130621e-12,2.931514473130622e-12,0.48516388753470285,0.48516388753470296
high,0.574,0.576,0,0,0,1.5282310650704596,1.544667346235345,1.1006580797713883,1.2089462172976213,3.6025091226098356,4.487360767267293,3.602509122627598,4.487360767245168,-1.0324496997654413,2.45397935838221,-1.032449699385307,2.4539793579740397,0.836423250682571,0.8364232506825712,2.8743307184800335e-12,2.8743307184800343e-12,0.4851795385291928,0.48517953852919293
high,0.576,0.578,0,0,0,1.5317631898098598,1.5482308853406197,1.1000745512604155,1.2080948333042023,3.6079439185399167,4.492800027415617,3.607943918557307,4.492800027393963,-1.0232282899602927,2.4504799022653057,-1.0232282895900782,2.450479901867574,0.836310048955953,0.8363100489559532,2.8185782324045893e-12,2.81857823240459e-12,0.4851951263595985,0.4851951263595986
high,0.578,0.580,0,0,0,1.535301303253147,1.5518004152989127,1.0994887233927948,1.207242200319686,3.613402232586434,4.4982686629400375,3.613402232603461,4.49826866291884,-1.0140648304641355,2.446981812913983,-1.0140648301035582,2.446981812526396,0.8361975103879845,0.8361975103879847,2.7642141249675626e-12,2.7642141249675634e-12,0.48521065197874635,0.48521065197874647
high,0.580,0.582,0,0,0,1.5388454037154224,1.5553759341541193,1.0989006486498913,1.2063883636767425,3.6188840056772573,4.503766547745974,3.6188840056939315,4.503766547725222,-1.0049588460470602,2.4434851260761246,-1.004958845695846,2.4434851256983983,0.836085628974639,0.8360856289746392,2.7111969884976762e-12,2.711196988497677e-12,0.4852261163224457,0.48522611632244583
high,0.582,0.584,0,0,0,1.542395489593392,1.5589574400343784,1.0983103785612427,1.2055333678213227,3.624389179365205,4.509293557251624,3.6243891793815353,4.509293557231307,-0.9959098679878826,2.439989879190918,-0.9959098676457664,2.439989878822776,0.8359743987829261,0.8359743987829263,2.6594868399443427e-12,2.6594868399443436e-12,0.48524152030968104,0.48524152030968115
high,0.584,0.586,0,0,0,1.545951559364071,1.5625449311505581,1.0977179637229617,1.204677256329445,3.629917695826726,4.514849568363111,3.6299176958427206,4.514849568343218,-0.9869174339735928,2.4364961113300683,-0.9869174336403171,2.4364961109712437,0.8358638139497734,0.8358638139497736,2.6090450656286782e-12,2.609045065628679e-12,0.4852568648431051,0.4852568648431052
high,0.586,0.588,0,0,0,1.5495136115833927,1.5661384057950005,1.0971234538146952,1.2038200719246692,3.6354694978515716,4.520434459460868,3.635469497867239,4.520434459441387,-0.9779810880449692,2.4330038631852084,-0.9779810877202851,2.433003862835442,0.835753868681202,0.8357538686812023,2.5598343684987983e-12,2.559834368498799e-12,0.4852721508090939,0.485272150809094
high,0.588,0.590,0,0,0,1.5530816448849223,1.5697378623401457,1.0965268976169318,1.202961856494557,3.6410445288408657,4.526048110376113,3.6410445288562148,4.526048110357034,-0.9691003804984923,2.42951317701153,-0.9691003801821583,2.42951317667057,0.8356445572511714,0.8356445572511716,2.5118187174901603e-12,2.511818717490161e-12,0.4852873790784036,0.4852873790784037
high,0.590,0.592,0,0,0,1.5566556579785529,1.5733432992372471,1.0959283430276379,1.2021026511071031,3.6466427327983864,4.5316904023758395,3.6466427328134245,4.531690402357152,-0.9602748678223226,2.4260240966052287,-0.9602748675141045,2.4260240962728328,0.835535874000785,0.8355358740007852,2.464963299174416e-12,2.4649632991744167e-12,0.4853025505061747,0.4853025505061748
high,0.592,0.594,0,0,0,1.5602356496492458,1.57695471501507,1.0953278370787554,1.20124249602665,3.652264054326512,4.53736121814245,3.6522640543412472,4.537361218124143,-0.9515041126081866,2.4225366672567934,-0.9515041123078575,2.4225366669327246,0.8354278133372668,0.835427813337267,2.4192344713625243e-12,2.419234471362525e-12,0.48531766593239295,0.48531766593239306
high,0.594,0.596,0,0,0,1.5638216187557978,1.5805721082785822,1.0947254259524732,1.2003814307293732,3.6579084386213054,4.543060441754732,3.6579084386357454,4.543060441736798,-0.9427876834672944,2.4190509357080336,-0.9427876831746342,2.4190509353920633,0.8353203697330357,0.8353203697330359,2.3745997186924597e-12,2.3745997186924605e-12,0.4853327261821601,0.4853327261821602
high,0.596,0.598,0,0,0,1.5674135642295814,1.5841954777078018,1.0941211549966239,1.1995194939189893,3.6635758314645814,4.548787958672748,3.6635758314787332,4.5487879586551765,-0.9341251549611405,2.415566950124085,-0.9341251546759363,2.41556694981599,0.8352135377248396,0.8352135377248399,2.331027610111378e-12,2.331027610111379e-12,0.48534773206595005,0.48534773206595017
high,0.598,0.600,0,0,0,1.571011485073401,1.5878248220564484,1.093515068740725,1.198656723541222,3.6692661792210957,4.554543655716791,3.669266179234967,4.5545436556995735,-0.9255161075058872,2.4120847600384026,-0.925516107227932,2.412084759737968,0.8351073119128336,0.8351073119128338,2.288487758088483e-12,2.288487758088484e-12,0.4853626843798658,0.4853626843798659
high,0.600,0.602,0,0,0,1.5746153803602454,1.5914601401508686,1.0929072109105624,1.1977931567990745,3.674979428831083,4.560327421052313,3.67497942884468,4.56032742103544,-0.9169601273004689,2.408604416321758,-0.9169601270295622,2.4086044160287754,0.835001686959666,0.8350016869596663,2.2469507795538347e-12,2.2469507795538355e-12,0.4853775839060597,0.4853775839060598
high,0.602,0.604,0,0,0,1.5782252492321862,1.5951014308887146,1.092297624443667,1.1969288301666539,3.6807155278059893,4.566139144171204,3.680715527819319,4.5661391441546675,-0.9084568062377077,2.405125971133487,-0.9084568059736551,2.4051259708477533,0.8348966575896893,0.8348966575896896,2.206388258464523e-12,2.206388258464524e-12,0.48539243141276506,0.48539243141276517
high,0.604,0.606,0,0,0,1.5818410908991665,1.5987486932379615,1.0916863515031539,1.1960637794039946,3.686474424220805,4.5719787158774725,3.6864744242338743,4.571978715861264,-0.900005741832736,2.401649477890525,-0.9000057415753487,2.4016494776118438,0.8347922185880481,0.8347922185880483,2.1667727099058146e-12,2.1667727099058154e-12,0.4854072276547782,0.4854072276547783
high,0.606,0.608,0,0,0,1.5854629046379487,1.60240192623559,1.0910734334927532,1.1951980395701727,3.6922560667115505,4.5778460282669675,3.692256066724365,4.57784602825108,-0.8916065371252158,2.3981749912092245,-0.891606536874311,2.3981749909374046,0.8346883647998496,0.8346883647998499,2.1280775456569748e-12,2.1280775456569756e-12,0.4854219733735979,0.485421973373598
high,0.608,0.610,0,0,0,1.5890906897910004,1.606061128986481,1.0904589110707381,1.1943316450369321,3.6980604044699925,4.583740974710738,3.698060404482559,4.5837409746951625,-0.8832588005956207,2.394702566861389,-0.883258800351021,2.3947025665962456,0.8345850911293035,0.8345850911293037,2.090277041174256e-12,2.090277041174257e-12,0.4854366692977537,0.4854366692977538
high,0.610,0.612,0,0,0,1.592724445765344,1.60972630066246,1.0898428241630338,1.1934646295025535,3.703887387233367,4.589663449844677,3.703887387245691,4.5896634498294056,-0.8749621461056247,2.3912322617545265,-0.8749621458671579,2.3912322614958796,0.8344823925390479,0.8344823925390481,2.0533463039852813e-12,2.053346303985282e-12,0.4854513161428629,0.485451316142863
high,0.612,0.614,0,0,0,1.596364172031568,1.613397440501068,1.0892252119773478,1.1925970260042213,3.7097369652851437,4.595613349546059,3.7097369652972314,4.595613349531085,-0.8667161927843853,2.3877641338570195,-0.8667161925518844,2.3877641336046946,0.8343802640491382,0.8343802640491385,2.0172612432359225e-12,2.0172612432359233e-12,0.48546591461220345,0.48546591461220356
high,0.614,0.616,0,0,0,1.600009868122752,1.6170745478044874,1.0886061130163203,1.1917288669308075,3.7156090894472347,4.601590570920767,3.715609089459091,4.601590570906083,-0.8585205649568065,2.3842982421653356,-0.8585205647301094,2.384298241919163,0.8342787007363961,0.8342787007363963,1.9819985405885367e-12,1.9819985405885375e-12,0.48548046539667766,0.4854804653966778
high,0.616,0.618,0,0,0,1.603661533633403,1.620757621938636,1.0879855650899626,1.1908601840358402,3.7215037110720965,4.607595012290785,3.7215037110837277,4.607595012276385,-0.8503748920719598,2.380834646671555,-0.8503748918509091,2.380834646431371,0.834177697733663,0.8341776977336632,1.9475356222712587e-12,1.9475356222712595e-12,0.48549496917506924,0.48549496917506935
high,0.618,0.620,0,0,0,1.6073191682185168,1.6244466623319254,1.0873636053291869,1.189991008448927,3.727420782043066,4.613626573172101,3.7274207820544767,4.613626573157977,-0.8422788085920443,2.377373408290189,-0.8422788083764875,2.3773734080558344,0.8340772502289044,0.8340772502289047,1.913850632176555e-12,1.913850632176556e-12,0.4855094266144081,0.4855094266144082
high,0.620,0.622,0,0,0,1.6109827715924907,1.6281416684744627,1.0867402701973696,1.1891213706885808,3.7333602547635953,4.619685154266241,3.7333602547747913,4.619685154252387,-0.8342319539349706,2.3739145888395057,-0.8342319537247594,2.373914588610825,0.833977353464568,0.8339773534645682,1.880922406139517e-12,1.8809224061395177e-12,0.48552383837010016,0.48552383837010027
high,0.622,0.624,0,0,0,1.6146523435282372,1.631842639916832,1.086115595503472,1.1882513006730806,3.7393220821569466,4.625770657439408,3.739322082167933,4.625770657425817,-0.8262339723666531,2.3704582509711054,-0.8262339721616438,2.3704582507479484,0.8338780027367819,0.8338780027367821,1.848730447157095e-12,1.848730447157096e-12,0.48553820508614265,0.48553820508614276
high,0.624,0.626,0,0,0,1.6183278838561426,1.6355495762693146,1.0854896164132084,1.1873808277327365,3.745306217656746,4.631882985712918,3.745306217667527,4.631882985699585,-0.8182845129374499,2.3670044581445024,-0.8182845127375029,2.3670044579267233,0.8337791933946785,0.8337791933946788,1.8172549016561058e-12,1.8172549016561062e-12,0.48555252739534494,0.48555252739534505
high,0.626,0.628,0,0,0,1.6220093924631747,1.639262477200778,1.084862367461371,1.186509980620595,3.751312615205043,4.638022043244835,3.7513126152156233,4.638022043231753,-0.8103832293829263,2.363553274564776,-0.8103832291879061,2.3635532743522325,0.8336809208396355,0.8336809208396357,1.7864765366468992e-12,1.7864765366468996e-12,0.4855668059195398,0.48556680591953993
high,0.628,0.630,0,0,0,1.6256968692919092,1.642981342437818,1.0842338825629616,1.1856387875238437,3.7573412292454944,4.64418773531774,3.75734122925588,4.644187735304903,-0.8025297800482271,2.3601047651441904,-0.802529779858002,2.3601047649367453,0.8335831805245716,0.8335831805245718,1.7563767178075323e-12,1.7563767178075327e-12,0.48558104126982915,0.48558104126982926
high,0.630,0.632,0,0,0,1.6293903143396755,1.6467061717637146,1.0836041950249777,1.1847672760741523,3.76339201472013,4.650379968322365,3.7633920147303237,4.650379968309769,-0.7947238277955951,2.3566589954461366,-0.7947238276100376,2.3566589952436554,0.8334859679532793,0.8334859679532796,1.726937388416994e-12,1.7269373884169943e-12,0.4855952340466773,0.4855952340466774
high,0.632,0.634,0,0,0,1.633089727657547,1.6504369650177277,1.0829733375565769,1.1838954733591402,3.769464927060487,4.656598649748373,3.7694649270704943,4.656598649736011,-0.7869660018494316,2.353218357446786,-0.7869660016684173,2.353218357249139,0.8333892786797275,0.8333892786797277,1.6981410491275206e-12,1.698141049127521e-12,0.4856093848402402,0.4856093848402403
high,0.634,0.636,0,0,0,1.636795109349615,1.6541737220938673,1.0823413422813106,1.1830234059314506,3.7755599221894602,4.662843688162293,3.775559922199285,4.662843688150159,-0.7792574466820313,2.3497864814404372,-0.7792574465054402,2.3497864812474987,0.8332931083073395,0.8332931083073397,1.66997073847404e-12,1.6699707384740403e-12,0.4856234942304759,0.485623494230476
high,0.636,0.638,0,0,0,1.6405064595719667,1.657916442940316,1.0817082407464793,1.1821510998201656,3.7816769565088277,4.669114993203131,3.781676956518474,4.669114993191221,-0.7715953458391126,2.3463574097586237,-0.7715953456668273,2.346357409570271,0.8331974524884479,0.8331974524884481,1.642410014227377e-12,1.6424100142273774e-12,0.4856375627872743,0.48563756278727443
high,0.638,0.640,0,0,0,1.644223778531894,1.661665127558419,1.0810740639341485,1.181278580540238,3.787815986899043,4.675412475563327,3.787815986908515,4.675412475551635,-0.7639793802758075,2.342931212156003,-0.7639793801077145,2.3429312119721164,0.8331023069234998,0.8331023069235001,1.6154429353725582e-12,1.6154429353725586e-12,0.48565159107083444,0.48565159107083455
high,0.640,0.642,0,0,0,1.6479470664871068,1.6654197760017173,1.0804388422718563,1.1804058731018234,3.7939769707150997,4.68173604697465,3.793976970724401,4.681736046963172,-0.7564092350326492,2.3395079587644694,-0.756409234868638,2.3395079585849334,0.8330076673605039,0.8330076673605041,1.5890540448367888e-12,1.5890540448367892e-12,0.4856655796316207,0.4856655796316208
high,0.642,0.644,0,0,0,1.6516763237447567,1.6691803883754106,1.0798026056413939,1.1795330020210744,3.800159865775995,4.68808562020216,3.80015986578513,4.68808562019089,-0.7488845991801959,2.3360877200740453,-0.7488845990201594,2.3360877198987473,0.8329135295943961,0.8329135295943964,1.5632283528881484e-12,1.5632283528881488e-12,0.48567952901069483,0.48567952901069494
high,0.644,0.646,0,0,0,1.655411550660805,1.6729469648351418,1.0791653833902382,1.1786599913280233,3.8063646303678302,4.6944611090218,3.806364630376802,4.694461109010735,-0.7415286550522214,2.3331272027882752,-0.7415286548960529,2.3331272026171006,0.8328198894663663,0.8328198894663665,1.537951321107877e-12,1.5379513211078774e-12,0.4856934397397892,0.4856934397397893
high,0.646,0.648,0,0,0,1.6591527476390688,1.6767195055864748,1.0785272043399863,1.1777868645769658,3.812591223233462,4.700862428214598,3.8125912232422743,4.700862428203732,-0.7343010790586492,2.3304662465556416,-0.7343010789062457,2.33046624638848,0.8327267428632514,0.8327267428632517,1.5132088470333782e-12,1.5132088470333786e-12,0.4857073123416194,0.4857073123416195
high,0.648,0.650,0,0,0,1.6628999151305464,1.6804980108839038,1.0778880967966606,1.1769136448546937,3.8188396035703938,4.707289493550954,3.818839603579051,4.707289493540284,-0.7271201364514177,2.327801139039279,-0.7271201363026814,2.3278011388760285,0.832634085716997,0.8326340857169973,1.4889872493606517e-12,1.4889872493606521e-12,0.48572114732981664,0.48572114732981675
high,0.650,0.652,0,0,0,1.6666530536325272,1.6842824810302492,1.07724805900931,1.1760404128383748,3.825109487427135,4.713742611899101,3.8251094874356397,4.7137426118886205,-0.7199879205834554,2.3251347639592246,-0.7199879204382905,2.3251347637997846,0.8325419140039827,0.8325419140039829,1.4652733196697469e-12,1.4652733196697473e-12,0.48573494520934346,0.48573494520934357
high,0.652,0.654,0,0,0,1.6704121636879408,1.688072916375696,1.0766071395941477,1.1751671487600606,3.831401009197368,4.720221420827356,3.8314010092057234,4.720221420817062,-0.7129022154510642,2.322465222990814,-0.7129022153093781,2.3224652228350875,0.8324502237444845,0.8324502237444847,1.4420541268341444e-12,1.4420541268341448e-12,0.4857487064764636,0.48574870647646373
high,0.654,0.656,0,0,0,1.674177245884557,1.6918693173170771,1.0759653739721384,1.1742938574392972,3.8377142002088953,4.726725725510634,3.837714200217105,4.726725725500523,-0.7058618987715706,2.3197918164510214,-0.7058618986332732,2.3197918162989137,0.8323590110020632,0.8323590110020634,1.4193171502848626e-12,1.419317150284863e-12,0.4857624316189978,0.4857624316189979
high,0.656,0.658,0,0,0,1.6779483008542364,1.6956716842971846,1.075322788473468,1.1734205601880126,3.8440490214184093,4.733255445589436,3.8440490214264766,4.733255445579503,-0.6988665843555875,2.317114654354851,-0.6988665842205912,2.31711465420627,0.8322682718830409,0.8322682718830411,1.3970502563085906e-12,1.397050256308591e-12,0.4857761211164062,0.48577612111640633
high,0.658,0.660,0,0,0,1.6817253292722274,1.6994800178039795,1.0746793717341605,1.172547304684199,3.850405175369014,4.739810691028401,3.8504051753769417,4.739810691018642,-0.6919183708218346,2.31443578097051,-0.6919183706900542,2.3144357808253666,0.8321780025358559,0.8321780025358562,1.375241697128932e-12,1.3752416971289323e-12,0.4857897754400897,0.48578977544008983
high,0.660,0.662,0,0,0,1.6855083318564383,1.7032943183698548,1.07403516965262,1.1716740965928023,3.8567827651860855,4.746391280207038,3.856782765193877,4.74639128019745,-0.6850159434366035,2.3117592986123503,-0.6850159433079563,2.311759298470558,0.8320881991506355,0.8320881991506357,1.3538800193249698e-12,1.3538800193249702e-12,0.4858033950532878,0.4858033950532879
high,0.662,0.664,0,0,0,1.689297309366736,1.7071145865709547,1.0733902244965412,1.170800943497922,3.8631818733638763,4.752997047579571,3.863181873371534,4.752997047570149,-0.6781583210513399,2.3090906877864157,-0.6781583209257452,2.3090906876478896,0.8319988579585399,0.8319988579585401,1.332954105037041e-12,1.3329541050370415e-12,0.48581698041145926,0.4858169804114594
high,0.664,0.666,0,0,0,1.6930922626042921,1.710940823026374,1.0727445607567478,1.1699278650653469,3.8696024625361853,4.759627916447939,3.869602462543712,4.7596279164386806,-0.6713441189329146,2.306418292341889,-0.6713441188102945,2.3064182922065473,0.8319099752312649,0.8319099752312651,1.3124531720347588e-12,1.3124531720347592e-12,0.48583053196230347,0.4858305319623036
high,0.666,0.668,0,0,0,1.6968931924108126,1.7147730283976477,1.072098202485436,1.1690548805675218,3.8760444957482107,4.76628381100189,3.8760444957556097,4.766283810992791,-0.6645729806264492,2.3037422318570284,-0.6645729805067276,2.30374223172479,0.8318215472805518,0.831821547280552,1.2923667486273376e-12,1.292366748627338e-12,0.4858440501459185,0.48584405014591864
high,0.668,0.670,0,0,0,1.700700099667993,1.7186112033878171,1.0714511733049923,1.1681820088900008,3.8825079364576403,4.772964656301533,3.882507936464914,4.772964656292591,-0.6578445549918925,2.301062625826498,-0.6578445548749955,2.3010626256972864,0.8317335704576166,0.8317335704576169,1.2726846635002815e-12,1.272684663500282e-12,0.4858575353949108,0.4858575353949109
high,0.670,0.672,0,0,0,1.7045129852967535,1.7224553487409673,1.070803496414841,1.1673092685394877,3.8889927485259665,4.779670378271992,3.888992748533118,4.779670378263202,-0.6511584961026099,2.2983795936415343,-0.6511584959884655,2.2983795935152735,0.8316460411526733,0.8316460411526735,1.2533970359636503e-12,1.2533970359636507e-12,0.4858709881345657,0.4858709881345658
high,0.672,0.674,0,0,0,1.708331850256649,1.7263054652414682,1.0701551945993932,1.1664366776505501,3.895498896216995,4.7864009036894855,3.895498896224027,4.786400903680845,-0.6445144631148325,2.295693254537682,-0.6445144630033709,2.295693254414299,0.8315589557943825,0.8315589557943828,1.2344942665210406e-12,1.234494266521041e-12,0.4858844087830246,0.4858844087830247
high,0.674,0.676,0,0,0,1.7121566955452032,1.7301615537133348,1.0695062902353396,1.1655642539926876,3.902026344190741,4.793156160173216,3.902026344197655,4.793156160164722,-0.6379121201591029,2.2930037275635695,-0.6379121200502561,2.293003727442992,0.8314723108494358,0.8314723108494361,1.2159670278084426e-12,1.215967027808443e-12,0.48589779775125536,0.48589779775125547
high,0.676,0.678,0,0,0,1.7159875221973198,1.7340236150195723,1.0688568052990377,1.1646920149770335,3.908575057501979,4.799936076171788,3.908575057508778,4.799936076163438,-0.6313511362139917,2.290311131529633,-0.6313511361076936,2.2903111314117917,0.8313861028219494,0.8313861028219496,1.1978062558211107e-12,1.197806255821111e-12,0.4859111554434063,0.4859111554434064
high,0.678,0.680,0,0,0,1.7198243312845996,1.737891650061615,1.0682067613732917,1.1638199776633833,3.915145001592051,4.8067405809579995,3.915145001598737,4.80674058094979,-0.6255814799489758,2.2877745327898835,-0.625581479845156,2.287774532674709,0.8313003282531262,0.8313003282531264,1.1800031415061644e-12,1.1800031415061648e-12,0.48592448225668,0.4859244822566801
high,0.680,0.682,0,0,0,1.7236671239148174,1.7417656597785742,1.067556179654892,1.1629481587662347,3.921736142289473,4.813569604613139,3.9217361422960493,4.8135696046050676,-0.6198573693752749,2.28523617533091,-0.6198573692738709,2.285236175218336,0.8312149837206578,0.831214983720658,1.1625491225972488e-12,1.1625491225972492e-12,0.48593777858162945,0.48593777858162956
high,0.682,0.684,0,0,0,1.7275159012312327,1.7456456451468076,1.0669050809607739,1.1620765746618895,3.928348445801868,4.820423078022003,3.9283484458083358,4.820423078014066,-0.6141613076735954,2.282692532895769,-0.6141613075745468,2.2826925327857315,0.8311300658383031,0.8311300658383033,1.1454358757850142e-12,1.1454358757850147e-12,0.48595104480227386,0.48595104480227397
high,0.684,0.686,0,0,0,1.7313706644120908,1.7495316071791005,1.0662534857355357,1.1612052413940255,3.934981878714699,4.827300932859797,3.9349818787210613,4.827300932851992,-0.6084931540965448,2.2801437543232974,-0.6084931539997926,2.280143754215734,0.8310455712554857,0.831045571255486,1.1286553091471454e-12,1.1286553091471458e-12,0.4859642812960009,0.485964281296001
high,0.686,0.688,0,0,0,1.7352314146699923,1.7534235469242467,1.0656014140574648,1.1603341746804274,3.9416364079870703,4.8342031015828395,3.941636407993329,4.834203101575164,-0.6028527699963904,2.277589987740397,-0.6028527699018774,2.2775899876352477,0.8309614966566942,0.8309614966566944,1.112199554830063e-12,1.1121995548300635e-12,0.48597748843404026,0.48597748843404037
high,0.688,0.690,0,0,0,1.7390981532513323,1.7573214654663751,1.0649488856452751,1.159463389918827,3.9483120009465122,4.841129517420619,3.948312000952669,4.84112951741307,-0.5972400187713902,2.2750313805342497,-0.5972400186790606,2.275031380431455,0.8308778387611843,0.8308778387611845,1.096060962024817e-12,1.0960609620248175e-12,0.4859906665812496,0.48599066658124973
high,0.690,0.692,0,0,0,1.7429708814357294,1.7612253639244446,1.064295919864268,1.158592902193037,3.9550086252849432,4.848080114366604,3.9550086252910006,4.8480801143591785,-0.591654765807745,2.2724680793202827,-0.5916547657175446,2.272468079219785,0.8307945943224916,0.8307945943224918,1.0802320901634769e-12,1.0802320901634773e-12,0.48600381609634,0.48600381609634014
high,0.692,0.694,0,0,0,1.7468496005354999,1.7651352434515974,1.0636425357328478,1.157722726278539,3.9617262490572327,4.855054827166118,3.961726249063193,4.855054827158813,-0.5860968784116383,2.269900229899334,-0.5860968783235141,2.2699002298010775,0.8307117601279314,0.8307117601279316,1.0647057023443017e-12,1.0647057023443021e-12,0.4860169373320766,0.48601693733207674
high,0.694,0.696,0,0,0,1.7507343118951182,1.7690511052346214,1.0629887519286079,1.1568528766482442,3.9684648406757774,4.862053591309134,3.9684648406816416,4.862053591301948,-0.5805662257582137,2.2673279772324837,-0.5805662256721145,2.2673279771364143,0.8306293329982591,0.8306293329982594,1.0494747590136275e-12,1.0494747590136279e-12,0.4860300306352209,0.486030030635221
high,0.696,0.698,0,0,0,1.7546250168906214,1.7729729504934866,1.0623345867939862,1.1559833674784534,3.975224368906124,4.869076343022072,3.975224368911895,4.869076343015004,-0.5750626788370468,2.264751465412268,-0.5750626787529225,2.264751465318332,0.8305473097871802,0.8305473097871804,1.034532411846085e-12,1.0345324118460855e-12,0.4860430963468052,0.4860430963468053
high,0.698,0.700,0,0,0,1.7585217169291545,1.7769007804807286,1.0616800583425359,1.1551142126540077,3.982004802863702,4.876123019258283,3.982004802869381,4.876123019251329,-0.5695861103935638,2.2621708376291556,-0.5695861103113656,2.2621708375373015,0.8304656873810184,0.8304656873810187,1.0198719978507329e-12,1.0198719978507333e-12,0.48605613480203597,0.4860561348020361
high,0.700,0.702,0,0,0,1.762424413448444,1.7808345964808512,1.0610251842648666,1.1542454257735602,3.988806112012422,4.883193557686576,3.9888061120180107,4.883193557679735,-0.5641363948640454,2.2595862361312506,-0.5641363947837262,2.2595862360414287,0.8303844626982063,0.8303844626982065,1.0054870336553026e-12,1.005487033655303e-12,0.4860691463305552,0.4860691463305553
high,0.702,0.704,0,0,0,1.7663331079162388,1.7847743998099532,1.0603699819338355,1.153377020155339,3.9956282661572797,4.890287896687074,3.9956282661627807,4.8902878966803405,-0.5587135489375373,2.256998387347988,-0.5587135488590508,2.2569983872601487,0.8303036326889687,0.8303036326889689,9.913712100213143e-13,9.913712100213147e-13,0.48608213125644156,0.4860821312564417
high,0.704,0.706,0,0,0,1.7702478018298233,1.788720191815194,1.0597144684102189,1.152509008842255,4.002471235442233,4.8974059753408765,4.002471235447647,4.897405975334252,-0.553318271976787,2.2544108538577694,-0.5533182719000881,2.2544108537718652,0.8302231943348621,0.8302231943348624,9.77518386518115e-13,9.775183865181153e-13,0.4860950898984154,0.4860950898984155
high,0.706,0.708,0,0,0,1.7741684967156,1.7926719738740935,1.0590586604488517,1.151641404606379,4.0093349903494655,4.904547733418189,4.0093349903547955,4.904547733411669,-0.5479494519812471,2.251819651907343,-0.5479494519062923,2.251819651823328,0.8301431446484011,0.8301431446484013,9.63922586383625e-13,9.639225863836253e-13,0.4861080225698082,0.4861080225698083
high,0.708,0.710,0,0,0,1.7780951941284795,1.7966297473943107,1.0584025745030265,1.1507742199548643,4.016219501690326,4.91171311137669,4.016219501695573,4.911713111370274,-0.5426069701176,2.2492249215796565,-0.5426069700443464,2.2492249214974844,0.8300634806727242,0.8300634806727244,9.505779915822864e-13,9.505779915822868e-13,0.4861209295786864,0.4861209295786865
high,0.710,0.712,0,0,0,1.7820278956515123,1.800593513812906,1.057746226730641,1.1499074671340337,4.0231247406076225,4.918902050346324,4.023124740612788,4.918902050340008,-0.5372907089646972,2.246626801840413,-0.5372907088931037,2.2466268017600406,0.8299841994811121,0.8299841994811124,9.374789379886498e-13,9.374789379886502e-13,0.4861338112280147,0.4861338112280148
high,0.712,0.714,0,0,0,1.785966602895331,1.804563274596067,1.0570896329986637,1.14904115813486,4.030050678567484,4.926114492126838,4.03005067857257,4.926114492120622,-0.5320005524806488,2.244025430531145,-0.5320005524106749,2.2440254304525293,0.8299052981766932,0.8299052981766935,9.246199107753043e-13,9.246199107753047e-13,0.4861466678156963,0.48614666781569643
high,0.714,0.716,0,0,0,1.789911317497759,1.8085390312384406,1.0564328088888633,1.1481753046970866,4.0369972873590925,4.933350379175962,4.0369972873641,4.933350379169843,-0.5267363859396639,2.2414209443297675,-0.5267363858712703,2.2414209442528663,0.8298267738920632,0.8298267738920634,9.119955399286734e-13,9.119955399286738e-13,0.486159499634584,0.4861594996345841
high,0.716,0.718,0,0,0,1.7938620411232853,1.812520785262847,1.0557757697021906,1.1473099183144275,4.043964539088777,4.940609654604564,4.043964539093708,4.940609654598539,-0.521498095892166,2.2388134787359504,-0.5214980958253143,2.2388134786607234,0.829748623788898,0.8297486237888982,8.996005959266171e-13,8.996005959266173e-13,0.486172306972696,0.4861723069726961
high,0.718,0.720,0,0,0,1.7978187754626667,1.8165085382196813,1.0551185304641444,1.1464450102386754,4.050952406178723,4.947892262166358,4.050952406183579,4.947892262160428,-0.5162855701077796,2.2362031680378402,-0.5162855700424326,2.2362031679642476,0.8296708450576038,0.829670845057604,8.874299855529646e-13,8.874299855529648e-13,0.48618509011321914,0.48618509011321925
high,0.720,0.722,0,0,0,1.8017815222324745,1.8205022916864735,1.0544611059295166,1.1455805914842223,4.057960861363936,4.95519814624989,4.057960861368718,4.955198146244052,-0.5110986975262999,2.2335901452871996,-0.5110986974624212,2.233590145215203,0.8295934349169256,0.8295934349169258,8.754787478509229e-13,8.754787478509231e-13,0.48619784933466964,0.48619784933466975
high,0.722,0.724,0,0,0,1.8057502831746288,1.8245020472675477,1.0538035105867951,1.1447166728327263,4.064989877685502,4.962527251875072,4.06498987769021,4.962527251869322,-0.5059373682239273,2.2309745422905665,-0.5059373681614816,2.2309745422201277,0.8295163906137146,0.8295163906137148,8.637420502321866e-13,8.637420502321868e-13,0.4862105849108019,0.486210584910802
high,0.724,0.726,0,0,0,1.8097250600560082,1.8285078065934208,1.0531457586632786,1.1438532648369646,4.072039428491963,4.969879524680158,4.072039428496601,4.969879524674497,-0.5008014733492907,2.228356489568033,-0.5008014732882435,2.2283564894991157,0.8294397094224368,0.829439709422437,8.522151846734692e-13,8.522151846734694e-13,0.48622329711088996,0.4862232971108901
high,0.726,0.728,0,0,0,1.8137058546680096,1.8325195713205047,1.0524878641292628,1.14299037782537,4.079109487433084,4.977254910917959,4.079109487437652,4.977254910912386,-0.49569090508990665,2.225736116344308,-0.4956909050302244,2.225736116276876,0.8293633886449197,0.8293633886449199,8.408935640755816e-13,8.408935640755818e-13,0.4862359861997116,0.4862359861997117
high,0.728,0.730,0,0,0,1.8176926688261137,1.8365373431306187,1.0518298407026156,1.1421280219060779,4.086200028456808,4.98465335744839,4.086200028461308,4.984653357442901,-0.4906055566274225,2.2231135505274784,-0.49060555656907245,2.223113550461497,0.829287425610026,0.8292874256100262,8.297727187273352e-13,8.297727187273354e-13,0.4862486524375758,0.4862486524375759
high,0.730,0.732,0,0,0,1.8216855043695097,1.8405611237305706,1.0511717018532416,1.1412662069708925,4.093311025807619,4.992074811729438,4.093311025812051,4.992074811724032,-0.48554532208864254,2.220488918683237,-0.48554532203159295,2.2204889186186727,0.829211817673265,0.8292118176732652,8.188482928772725e-13,8.188482928772727e-13,0.48626129608051466,0.48626129608051477
high,0.732,0.734,0,0,0,1.825684363160677,1.8445909148517154,1.050513460807421,1.1404049426992438,4.100442454022581,4.999519221811066,4.100442454026947,4.999519221805742,-0.48051009650656856,2.2178623460194076,-0.48051009645078824,2.2178623459562266,0.8291365622165199,0.8291365622165201,8.081160414307654e-13,8.081160414307656e-13,0.48627391738024484,0.48627391738024495
high,0.734,0.736,0,0,0,1.8296892470849568,1.8486267182496545,1.0498551305517214,1.1395442385623804,4.107594287926992,5.006986536329734,4.107594287931294,5.00698653632449,-0.4754997757840056,2.2152339563731624,-0.4754997757294644,2.2152339563113332,0.8290616566477114,0.8290616566477116,7.97571826749361e-13,7.975718267493612e-13,0.48628651658431893,0.48628651658431904
high,0.736,0.738,0,0,0,1.833700158050232,1.8526685357036443,1.0491967238377569,1.1386841038266344,4.114766502634463,5.014476704497672,4.114766502638702,5.014476704492507,-0.47051425664158447,2.212603872181202,-0.47051425658825285,2.2126038721206926,0.8289870984004681,0.8289870984004684,7.872116155452788e-13,7.87211615545279e-13,0.4862990939361352,0.4862990939361353
high,0.738,0.740,0,0,0,1.8377170979864472,1.8567163690164383,1.0485382531855003,1.1378245475578903,4.121959073539808,5.021989676101009,4.121959073543985,5.021989676095921,-0.46555343659409837,2.2099722144801617,-0.46555343654194764,2.2099722144209415,0.8289128849338366,0.8289128849338369,7.770314758926604e-13,7.770314758926606e-13,0.4863116496750771,0.48631164967507723
high,0.740,0.742,0,0,0,1.8417400688453283,1.860770220013662,1.047879730888059,1.1369655786245505,4.129171976320105,5.029525401488101,4.12917197632422,5.029525401483089,-0.4606172138972046,2.2073391028749163,-0.4606172138462068,2.2073391028169556,0.8288390137319586,0.8288390137319588,7.670275743165123e-13,7.670275743165125e-13,0.4863241840365075,0.4863241840365076
high,0.742,0.744,0,0,0,1.8457690725999258,1.86483009054358,1.047221169015078,1.136107205701652,4.136405186928846,5.037083831566401,4.1364051869329,5.037083831561462,-0.4557054875213379,2.2047046555358962,-0.45570548747146566,2.2047046554791656,0.828765482303777,0.8287654823037772,7.571961729893649e-13,7.571961729893651e-13,0.4863366972518812,0.48633669725188133
high,0.744,0.746,0,0,0,1.8498041112442862,1.868895982476698,1.0465625794167281,1.1352494372742847,4.143658681593361,5.044664917795421,4.143658681597357,5.044664917790556,-0.4508181571143433,2.202068989184079,-0.45081815706557016,2.20206898912855,0.8286922881827615,0.8286922881827617,7.475336270129153e-13,7.475336270129155e-13,0.4863491895487628,0.4863491895487629
high,0.746,0.748,0,0,0,1.8538451867931074,1.872967897705277,1.045903973727812,1.1343922816407948,4.1509324368147915,5.052268612176828,4.15093243681873,5.052268612172035,-0.44595512295611045,2.199432219067148,-0.44595512290841044,2.1994322190127935,0.8286194289265273,0.8286194289265275,7.380363817726776e-13,7.380363817726778e-13,0.48636166115100005,0.48636166115100016
high,0.748,0.750,0,0,0,1.8578923012813127,1.8770458381431678,1.0452453633708665,1.133535746916771,4.158226429360208,5.0598948672540605,4.158226429364089,5.059894867249337,-0.44111628594323443,2.1967944589676227,-0.4411162858965823,2.1967944589144155,0.828546902116664,0.8285469021166643,7.287009704065444e-13,7.287009704065446e-13,0.48637411227865907,0.4863741122786592
high,0.750,0.752,0,0,0,1.8619454567637785,1.8811298057252248,1.0445867595605147,1.1326798410377596,4.165540636264598,5.067543636100191,4.165540636268424,5.067543636095537,-0.4363015475385207,2.1941558211730254,-0.4363015474928918,2.194155821120939,0.8284747053583638,0.828474705358364,7.195240113200936e-13,7.195240113200938e-13,0.48638654314814656,0.48638654314814667
high,0.752,0.754,0,0,0,1.8660046553149445,1.8852198024071156,1.0439281733065824,1.1318245717629867,4.172875034825171,5.075214872315178,4.172875034828942,5.075214872310592,-0.4315108097499406,2.1915164164774805,-0.43151080970531097,2.1915164164264893,0.8284028362801704,0.8284028362801706,7.105022058025676e-13,7.105022058025678e-13,0.48639895397227967,0.4863989539722798
high,0.754,0.756,0,0,0,1.8700698990284677,1.8893158301649,1.0432696154177805,1.1309699466784557,4.180229602599529,5.082908530018573,4.180229602603246,5.082908530014053,-0.4267439750965821,2.1888763541690204,-0.4267439750529283,2.1888763541190994,0.8283312925336898,0.82833129253369,7.016323357077008e-13,7.01632335707701e-13,0.4864113449603488,0.48641134496034893
high,0.756,0.758,0,0,0,1.874141190016885,1.8934178909947315,1.0426110965050601,1.130115973200212,4.187604317401475,5.090624563845156,4.187604317405139,5.090624563840702,-0.4220009465842704,2.1862357420270855,-0.4220009465415697,2.18623574197821,0.8282600717933645,0.8282600717933647,6.92911261215398e-13,6.929112612153982e-13,0.486423716318094,0.4864237163180941
high,0.758,0.760,0,0,0,1.8782185304113437,1.8975259869123688,1.0419526269854837,1.1292626585770174,4.194999157302436,5.098362928933961,4.194999157306048,5.098362928929571,-0.4172816276621631,2.1835946862993563,-0.4172816276203933,2.1835946862515025,0.8281891717561015,0.8281891717561017,6.843359186432981e-13,6.843359186432983e-13,0.48643606824789715,0.48643606824789726
high,0.760,0.762,0,0,0,1.8823019223611603,1.9016401199530704,1.041294217084802,1.1284100098941234,4.202414100622973,5.106123580929351,4.202414100626535,5.106123580925024,-0.4125859222162532,2.18095329171796,-0.4125859221753925,2.1809532916711047,0.8281185901411121,0.8281185901411123,6.759033183571353e-13,6.759033183571355e-13,0.4864484009487347,0.4864484009487348
high,0.762,0.764,0,0,0,1.8863913680336144,1.9057602921710757,1.040635876841404,1.1275580340756288,4.209849125934797,5.113906475969499,4.209849125938308,5.113906475965234,-0.4079137345260717,2.178311661475932,-0.4079137344860991,2.178311661430053,0.8280483246895814,0.8280483246895817,6.676105427168997e-13,6.676105427168999e-13,0.4864607146162827,0.4864607146162828
high,0.764,0.766,0,0,0,1.8904868696135497,1.9098865056393457,1.039977616109227,1.1267067378877365,4.217304212055748,5.121711570683527,4.21730421205921,5.121711570679322,-0.40326496924797617,2.175669897231925,-0.40326496920887095,2.175669897187,0.8279783731644412,0.8279783731644415,6.594547441041063e-13,6.594547441041065e-13,0.4864730094429359,0.48647300944293603
high,0.766,0.768,0,0,0,1.894588429303117,1.9140187624492533,1.0393194445610032,1.1258561279415404,4.224779338048067,5.129538822184719,4.22477933805148,5.1295388221805736,-0.3986395313876301,2.1730280991031745,-0.3986395313493722,2.1730280990591817,0.8279087333501001,0.8279087333501003,6.514331430020107e-13,6.514331430020109e-13,0.48648528561789767,0.4864852856178978
high,0.768,0.770,0,0,0,1.8986960493214087,1.918157064710261,1.0386613716912734,1.1250062106959742,4.2322744832152415,5.137388188065628,4.232274483218608,5.137388188061541,-0.3940373262787919,2.170386365664883,-0.39403732624136173,2.170386365621801,0.8278394030521792,0.8278394030521794,6.435430261363371e-13,6.435430261363373e-13,0.48649754332724626,0.4864975433272464
high,0.770,0.772,0,0,0,1.9028097319042123,1.9223014145496027,1.0380034068195678,1.1241569924604513,4.2397896270994035,5.14525962639253,4.239789627102724,5.145259626388501,-0.3894582595610956,2.167744793948347,-0.38945825952447405,2.167744793906156,0.8277703800973165,0.8277703800973167,6.357817446771084e-13,6.357817446771086e-13,0.48650978275388973,0.48650978275388984
high,0.772,0.774,0,0,0,1.9069294793036835,1.9264518141119478,1.0373455590934162,1.123308479397604,4.247324749480294,5.153153095698202,4.2473247494835675,5.15315309569423,-0.3849022371535996,2.165103479434256,-0.384902237117768,2.165103479392936,0.8277016623328277,0.8277016623328279,6.281467124825755e-13,6.281467124825757e-13,0.4865220040777797,0.4865220040777798
high,0.774,0.776,0,0,0,1.9110552937880685,1.9306082655591048,1.0366878374913149,1.1224606775259383,4.254879830370933,5.161068554978655,4.254879830374161,5.161068554974738,-0.38036916524083686,2.162462516059166,-0.38036916520577707,2.162462516018697,0.8276332476265789,0.8276332476265791,6.206354044154552e-13,6.206354044154554e-13,0.4865342074757478,0.48653420747574794
high,0.776,0.778,0,0,0,1.9151871776413665,1.9347707710698288,1.036030250825291,1.1216135927227704,4.262454850015059,5.169005963687966,4.262454850018243,5.169005963684104,-0.3758589502537727,2.159821996216352,-0.37585895021946697,2.159821996176715,0.8275651338666501,0.8275651338666503,6.132453546934471e-13,6.132453546934473e-13,0.4865463931217804,0.4865463931217805
high,0.778,0.780,0,0,0,1.9193251331631105,1.9389393328393745,1.0353728077442235,1.1207672307263674,4.270049788886452,5.17696528173082,4.270049788889594,5.1769652817270115,-0.37137149884523163,2.1571820107503177,-0.37137149881166265,2.157182010711494,0.8274973189611423,0.8274973189611425,6.059741552961009e-13,6.059741552961011e-13,0.4865585611869269,0.48655856118692703
high,0.780,0.782,0,0,0,1.9234691626680596,1.9431139530792376,1.0347155167365127,1.1199215971386023,4.277664627685907,5.184946469458046,4.277664627689005,5.18494646945429,-0.36690671787459955,2.1545426489611086,-0.3669067178417505,2.1545426489230803,0.8274298008379403,0.8274298008379405,5.988194544198358e-13,5.98819454419836e-13,0.48657071183937145,0.48657071183937156
high,0.782,0.784,0,0,0,1.9276192684859006,1.9472946340169563,1.0340583861325927,1.1190766974276525,4.285299347337217,5.192949487663427,4.285299347340273,5.192949487659723,-0.36246451439684746,2.1519039986130633,-0.36246451436470184,2.1519039985758126,0.8273625774445049,0.8273625774445051,5.917789549821994e-13,5.917789549821996e-13,0.48658284524446827,0.4865828452444684
high,0.784,0.786,0,0,0,1.9317754529609814,1.9514813778957938,1.0334014241077252,1.1182325369303536,4.292953928986075,5.2009742975771145,4.292953928989091,5.200974297573462,-0.35804479564252467,2.1492661459335607,-0.35804479561106645,2.1492661458970708,0.8272956467476026,0.8272956467476028,5.848504131628126e-13,5.848504131628128e-13,0.4865949615648596,0.4865949615648597
high,0.786,0.788,0,0,0,1.9359377184520545,1.9556741869744134,1.032744638684775,1.1173891208544857,4.300628353997756,5.2090208608605595,4.300628354000731,5.209020860856957,-0.3536474690029293,2.1466291756170612,-0.35364746897214283,2.1466291755813147,0.8272290067331173,0.8272290067331175,5.780316369943294e-13,5.780316369943296e-13,0.48660706096043743,0.48660706096043754
high,0.788,0.790,0,0,0,1.9401060673320505,1.9598730635265778,1.0320880377369495,1.1165464542809873,4.308322603956145,5.21708913959993,4.30832260395908,5.217089139596378,-0.349272442011674,2.143993170825066,-0.34927244198154395,2.143993170790046,0.8271626554057961,0.8271626554057964,5.713204849893273e-13,5.713204849893275e-13,0.48661914358843567,0.4866191435884358
high,0.790,0.792,0,0,0,1.9442805019877125,1.9640780098410324,1.0314316289898209,1.1157045421667795,4.3160366606576765,5.225179096305805,4.316036660660572,5.225179096302299,-0.34491962234451934,2.1413582132055144,-0.3449196223150308,2.1413582131712054,0.8270965907890833,0.8270965907890835,5.647148648195236e-13,5.647148648195238e-13,0.48663120960344936,0.48663120960344947
high,0.792,0.794,0,0,0,1.9484610248194334,1.9682890282210872,1.030775420024358,1.1148633893465407,4.323770506112485,5.233290693904177,4.323770506115341,5.233290693900719,-0.34058891779552075,2.138724382886376,-0.3405889177666592,2.1387243828527627,0.8270308109248645,0.8270308109248647,5.582127320190734e-13,5.582127320190736e-13,0.48664325915748063,0.48664325915748075
high,0.794,0.796,0,0,0,1.9526476382409683,1.972506120984394,1.0301194182792386,1.1140230005350855,4.331524122541299,5.241423895732759,4.331524122544117,5.241423895729349,-0.3362813461963025,2.136094636524093,-0.3362813461680535,2.1360946364911593,0.8269653138732607,0.8269653138732609,5.518120887344128e-13,5.51812088734413e-13,0.486655292399999,0.4866552923999991
high,0.796,0.798,0,0,0,1.9568403446791818,1.976729290462722,1.0294636310532033,1.1131833803296123,4.3392974923726655,5.249578665536934,4.339297492375446,5.249578665533568,-0.33199639466575553,2.133467963060632,-0.33199639463810504,2.133467963028363,0.8269000977124266,0.8269000977124268,5.455109825103752e-13,5.455109825103754e-13,0.4866673094779748,0.48666730947797493
high,0.798,0.800,0,0,0,1.9610391465738013,1.9809585390016777,1.0288080655074932,1.1123445332118047,4.347090598240803,5.257754967465039,4.347090598243549,5.25775496746172,-0.3277332534419864,2.130842577444977,-0.32773325341492093,2.1308425774133575,0.8268351605383562,0.8268351605383564,5.393075051110523e-13,5.393075051110525e-13,0.4866793105358897,0.4866793105358898
high,0.800,0.802,0,0,0,1.9652440463771772,1.9851938689604907,1.0281527286681176,1.1115064635499992,4.354903422983426,5.265952766063802,4.354903422986135,5.2659527660605265,-0.3234918310906859,2.1282185547702492,-0.32349183106419227,2.1282185547392656,0.8267705004646643,0.8267705004646645,5.331997913739408e-13,5.33199791373941e-13,0.4866912957158266,0.4866912957158267
high,0.802,0.804,0,0,0,1.969455046554018,1.9894352827117183,1.0274976274282135,1.1106691756012204,4.36273594963971,5.274172026273655,4.362735949642382,5.274172026270424,-0.3192720362457873,2.125595968640667,-0.3192720362198526,2.125595968610305,0.8267061156223827,0.8267061156223829,5.271860180973071e-13,5.271860180973073e-13,0.4867032651574891,0.4867032651574892
high,0.804,0.806,0,0,0,1.9736721495812357,1.9936827826409786,1.0268427685505062,1.1098326735129966,4.370588161449174,5.282412713423022,4.3705881614518125,5.282412713419833,-0.3150737775986501,2.1229748911779187,-0.3150737775732618,2.122974891148165,0.8266420041597808,0.8266420041597811,5.212644029605697e-13,5.212644029605699e-13,0.48671521899819636,0.4867152189981965
high,0.806,0.808,0,0,0,1.9778953579475969,1.9979363711468046,1.0261881586691153,1.1089969613257724,4.378460041847707,5.290674793226206,4.37846004185031,5.29067479322306,-0.3108969638975324,2.120355393038372,-0.31089696387267834,2.1203553930092136,0.8265781642421371,0.8265781642421374,5.154332034757797e-13,5.154332034757799e-13,0.4867271573730273,0.4867271573730274
high,0.808,0.810,0,0,0,1.9821246741535874,2.0021960506403125,1.0255338042921107,1.1081620429744994,4.386351574466602,5.298958231777612,4.386351574469172,5.298958231774507,-0.3067415039377389,2.1177375434199748,-0.3067415039134071,2.1177375433913985,0.8265145940516037,0.8265145940516039,5.09690715971084e-13,5.096907159710842e-13,0.4867390804147077,0.4867390804147078
high,0.810,0.812,0,0,0,1.9863601007111449,2.006461823545004,1.0248797118035073,1.1073279222907086,4.39426274313083,5.3072629955470925,4.394262743133367,5.307262995544028,-0.3026073065551804,2.115121410072607,-0.3026073065313592,2.1151214100446003,0.8264512917869469,0.8264512917869471,5.040352745972248e-13,5.04035274597225e-13,0.48675098825379154,0.48675098825379165
high,0.812,0.814,0,0,0,1.9906016401434374,2.010733692296581,1.0242258874652823,1.1064946030044756,4.402193531855736,5.315589051377187,4.40219353185824,5.315589051374163,-0.29849428062566735,2.1125070593144253,-0.29849428060234534,2.1125070592869757,0.826388255663409,0.8263882556634092,4.984652503707404e-13,4.984652503707406e-13,0.4867628810186263,0.4867628810186264
high,0.814,0.816,0,0,0,1.994849294984639,2.01501165934267,1.0235723374195376,1.1056620887462005,4.41014392484543,5.323936366478433,4.410143924847902,5.323936366475449,-0.2944023350594036,2.109894556042728,-0.29440233503656965,2.1098945560158238,0.8263254839125208,0.826325483912521,4.929790502395551e-13,4.929790502395553e-13,0.486774758835372,0.48677475883537213
high,0.816,0.818,0,0,0,1.999103067779736,2.019295727142568,1.0229190676906423,1.104830383048327,4.418113906491938,5.332304908423833,4.418113906494379,5.332304908420888,-0.29033137879371684,2.107283963742705,-0.2903313787713601,2.1072839637163336,0.8262629747818875,0.8262629747818877,4.875751161729568e-13,4.87575116172957e-13,0.48678662182807975,0.48678662182807986
high,0.818,0.820,0,0,0,2.003362961084298,2.023585898167058,1.0222660841871296,1.1039994893472251,4.426103461372473,5.340694645145673,4.426103461374883,5.340694645142766,-0.28628132079253726,2.1046753445032698,-0.2862813207706472,2.10467534447742,0.8262007265350242,0.8262007265350244,4.822519242820311e-13,4.822519242820314e-13,0.48679847011871974,0.48679847011871985
high,0.820,0.822,0,0,0,2.0076289774642664,2.0278821748982505,1.021613392703532,1.1031694109850578,4.434112574246172,5.349105544933038,4.434112574248551,5.349105544930169,-0.28225207004806807,2.102068759035075,-0.2822520700266343,2.102068759009736,0.8261387374512057,0.8261387374512059,4.770079839657196e-13,4.770079839657198e-13,0.48681030382717,0.4868103038271701
high,0.822,0.824,0,0,0,2.011901119495766,2.03218455982922,1.0209609989226667,1.1023401512111988,4.442141230054951,5.35753757642446,4.4421412300573,5.3575375764216275,-0.2782435355700558,2.099464266674748,-0.2782435355490683,2.099464266649909,0.826077005825247,0.8260770058252472,4.71841837073318e-13,4.718418370733182e-13,0.4868221230712945,0.48682212307129463
high,0.824,0.826,0,0,0,2.016179389764843,2.0364930554640006,1.0203089084169914,1.1015117131844119,4.450189413918088,5.36599070860822,4.450189413920407,5.365990708605424,-0.27425562639549844,2.096861925411217,-0.2742556263749472,2.096861925386867,0.8260155299673543,0.8260155299673545,4.667520571001908e-13,4.66752057100191e-13,0.4868339279669935,0.4868339279669936
high,0.826,0.828,0,0,0,2.0204637908673546,2.0408076643171333,1.0196571266511498,1.1006840999738945,4.458257111134083,5.374464910813867,4.458257111136373,5.374464910811106,-0.2702882515758589,2.0942617918872597,-0.2702882515557344,2.094261791863388,0.8259543082029565,0.8259543082029567,4.617372483976113e-13,4.617372483976115e-13,0.4868457186281451,0.4868457186281452
high,0.828,0.830,0,0,0,2.024754325408672,2.0451283889137217,1.0190056589830792,1.0998573145615735,4.466344307175013,5.382960152712988,4.466344307177274,5.382960152710263,-0.2663414474709796,2.091664047618481,-0.26634144745127236,2.0916640475950774,0.825893338872525,0.8258933388725253,4.567960454116054e-13,4.567960454116056e-13,0.48685749516675975,0.48685749516675986
high,0.830,0.832,0,0,0,2.0290509960035625,2.049455231788989,1.018354510666454,1.0990313598431294,4.474450987687907,5.391476404311446,4.4744509876901395,5.391476404308755,-0.2624208682568168,2.0890686687064406,-0.2624208682375177,2.0890686686834954,0.825832620331414,0.8258326203314142,4.5192711193648207e-13,4.5192711193648217e-13,0.4868692576928946,0.4868692576928947
high,0.832,0.834,0,0,0,2.0333538052759845,2.0537881954881785,1.0177036868522247,1.098206238629771,4.482577138492433,5.40001363594625,4.482577138494638,5.400013635943593,-0.2585254384225014,2.0864756575648333,-0.2585254384036015,2.0864756575423367,0.8257721509496673,0.8257721509496675,4.471291403917027e-13,4.471291403917028e-13,0.48688100631479336,0.4868810063147935
high,0.834,0.836,0,0,0,2.037662755858838,2.058127282566463,1.0170531925900377,1.0973819536500846,4.490722745575982,5.40857181828557,4.490722745578159,5.408571818282948,-0.2546501203913572,2.0838850701633,-0.2546501203728476,2.0838850701412426,0.8257119291119173,0.8257119291119175,4.4240085112497073e-13,4.4240085112497083e-13,0.4868927411388274,0.4868927411388275
high,0.836,0.838,0,0,0,2.0419778503938373,2.062472495588573,1.0164030328304183,1.0965585075511257,4.498887795095049,5.4171509223212215,4.4988877950972,5.417150922318632,-0.2507949548782213,2.0812970885004036,-0.25079495486009357,2.0812970884787756,0.8256519532171951,0.8256519532171953,4.3774099172426e-13,4.377409917242601e-13,0.48690446226952055,0.48690446226952067
high,0.838,0.840,0,0,0,2.0462990915313215,2.066823837128655,1.0157532124263366,1.0957359029000104,4.507072273373955,5.425750919364494,4.507072273376079,5.425750919361937,-0.24695971349880408,2.0787116234250607,-0.24695971348104984,2.0787116234038536,0.8255922216787137,0.8255922216787139,4.331483363502712e-13,4.331483363502713e-13,0.48691616980970825,0.48691616980970837
high,0.840,0.842,0,0,0,2.050626481930021,2.0711813097702154,1.0151037361345083,1.0949141421857012,4.515276166898776,5.434371781047729,4.515276166900874,5.434371781045204,-0.24314430561760503,2.076128722673974,-0.24314430560021616,2.076128722653179,0.8255327329238389,0.8255327329238391,4.286216850999885e-13,4.2862168509998863e-13,0.48692786386037235,0.48692786386037246
high,0.842,0.844,0,0,0,2.054960024256946,2.0755449161057262,1.0144546086175525,1.0940932278199664,4.523499462321233,5.443013479314046,4.523499462323305,5.443013479311553,-0.23934864062308836,2.0735484327600293,-0.23934864060605684,2.0735484327396367,0.8254734853937848,0.8254734853937851,4.241598633657122e-13,4.241598633657123e-13,0.486939544520873,0.4869395445208731
high,0.844,0.846,0,0,0,2.059299721187166,2.079914658736585,1.0138058344452272,1.0932731621391174,4.531742146452282,5.4516759864194535,4.531742146454328,5.451675986416991,-0.23557262794460868,2.070970799004501,-0.23557262792792671,2.0709707989845034,0.8254144775436171,0.8254144775436173,4.197617212350118e-13,4.197617212350119e-13,0.48695121188874624,0.48695121188874635
high,0.846,0.848,0,0,0,2.063645575403642,2.084290540272905,1.0131574180960699,1.092453947405334,4.540004206263294,5.460359274926004,4.5400042062653165,5.460359274923572,-0.23181617704656038,2.0683958655441086,-0.23181617703022042,2.068395865524497,0.825355707841961,0.8253557078419612,4.1542613288665946e-13,4.1542613288665956e-13,0.4869628660599799,0.48696286605998
high,0.848,0.850,0,0,0,2.0679975895970704,2.0886725633332675,1.0125093639591038,1.091635585807885,4.5482856288837725,5.469063317699051,4.548285628885769,5.46906331769665,-0.2280791974334504,2.065823675349804,-0.228079197417445,2.0658236753305705,0.8252971747709316,0.8252971747709318,4.111519960157437e-13,4.111519960157438e-13,0.4869745071288629,0.48697450712886303
high,0.850,0.852,0,0,0,2.0723557664656878,2.093060730544673,1.0118616763350563,1.0908180794647275,4.556586401598127,5.477788087905794,4.5565864016001,5.477788087903422,-0.22436159865803815,2.063254270248796,-0.22436159864236008,2.063254270229933,0.8252388768259936,0.8252388768259938,4.069382312722684e-13,4.069382312722685e-13,0.4869861351880612,0.48698613518806133
high,0.852,0.854,0,0,0,2.0767201087151204,2.097455044542239,1.0112143594381395,1.090001430423574,4.564906511846074,5.4865335590094775,4.564906511848022,5.4865335590071345,-0.22066329031894114,2.060687690934763,-0.22066329030358328,2.060687690916262,0.8251808125157797,0.8251808125157799,4.027837817093328e-13,4.027837817093329e-13,0.4869977503286511,0.4869977503286512
high,0.854,0.856,0,0,0,2.0810906190582044,2.1018555079691277,1.0105674173972852,1.089185640663384,4.573245947219643,5.495299704767773,4.573245947221569,5.495299704765459,-0.2169841820686781,2.0581239769893847,-0.21698418205363354,2.0581239769712387,0.82512298036196,0.8251229803619602,3.9868761225165116e-13,3.9868761225165126e-13,0.4870093526401675,0.4870093526401676
high,0.856,0.858,0,0,0,2.0854673002148574,2.1062621234763013,1.0099208542578044,1.0883707120954305,4.581604695462701,5.504086499228148,4.581604695464605,5.504086499225862,-0.21332418361450448,2.0555631668957486,-0.2133241835997665,2.0555631668779504,0.8250653788991062,0.8250653788991065,3.946487091756286e-13,3.946487091756287e-13,0.4870209422105847,0.4870209422105848
high,0.858,0.860,0,0,0,2.0898501549118738,2.110674893722383,1.0092746739826621,1.0875566465646942,4.589982744468241,5.512893916725998,4.589982744470121,5.51289391672374,-0.20968320472610993,2.053005298059098,-0.2096832047116719,2.05300529804164,0.8250080066745628,0.825008006674563,3.906660796053158e-13,3.906660796053159e-13,0.4870325191263373,0.48703251912633744
high,0.860,0.862,0,0,0,2.0942391858827816,2.1150938213735464,1.008628880453803,1.0867434458511267,4.598380082277118,5.521721931881146,4.598380082278975,5.521721931878916,-0.20606115523926932,2.0504504068230043,-0.2060611552251248,2.0504504068058793,0.8249508622482803,0.8249508622482805,3.867387510192734e-13,3.867387510192735e-13,0.48704408347241596,0.48704408347241607
high,0.862,0.864,0,0,0,2.098634395867726,2.1195189091032254,1.0079834774738219,1.0859311116705888,4.606796697077945,5.530570519592916,4.60679669707978,5.530570519590713,-0.20245794505637904,2.04789852848188,-0.2024579450425217,2.0478985284650815,0.8248939441926918,0.824893944192692,3.828657707709154e-13,3.828657707709155e-13,0.4870556353323238,0.48705563533232393
high,0.864,0.866,0,0,0,2.1030357876132335,2.1239501595920998,1.0073384687669005,1.0851196456764125,4.615232577202445,5.539439655040794,4.615232577204259,5.539439655038617,-0.19887348416043946,2.045349697308137,-0.19887348414686315,2.045349697291658,0.8248372510926155,0.8248372510926157,3.790462056264263e-13,3.790462056264264e-13,0.4870671747880845,0.4870671747880846
high,0.866,0.868,0,0,0,2.1074433638721177,2.1283875755278756,1.0066938579803422,1.0843090494603542,4.623687711126385,5.5483293136784395,4.623687711128177,5.548329313676289,-0.19530785270673626,2.0428041171571487,-0.19530785269343498,2.0428041171409825,0.8247807815450588,0.8247807815450591,3.752791413062789e-13,3.75279141306279e-13,0.4870787019203556,0.4870787019203557
high,0.868,0.870,0,0,0,2.1118571274033338,2.1328311596050713,1.0060496486859887,1.0834993245536388,4.632162087467683,5.557239471231072,4.632162087469454,5.5572394712289475,-0.19176423369777118,2.040265102740236,-0.19176423368473441,2.040265102724372,0.8247245341591445,0.8247245341591447,3.7156368204587653e-13,3.7156368204587663e-13,0.4870902168083325,0.4870902168083326
high,0.870,0.872,0,0,0,2.1162770809718228,2.137280914524941,1.00540584438134,1.082690472428212,4.640655694984927,5.566170103692534,4.640655694986678,5.5661701036904345,-0.18823904928193,2.037729186906364,-0.18823904926914986,2.037729186890793,0.8246685075559353,0.8246685075559356,3.6789895016346624e-13,3.6789895016346635e-13,0.4871017195298805,0.48710171952988063
high,0.872,0.874,0,0,0,2.120703227348311,2.1417368429953196,1.004762448490729,1.081882494497943,4.649168522574591,5.575121187323879,4.649168522576321,5.5751211873218045,-0.18473221025980835,2.0351964004566194,-0.18473221024727943,2.035196400441336,0.8246127003683384,0.8246127003683387,3.642840856430683e-13,3.642840856430684e-13,0.48711321016149717,0.4871132101614973
high,0.874,0.876,0,0,0,2.125135569309268,2.1461989477304297,1.0041194643668012,1.0810753921194438,4.657700559271349,5.584092698648332,4.65770055927306,5.584092698646282,-0.1812436275269857,2.0326667732427106,-0.18124362751470274,2.032666773227709,0.8245571112409795,0.8245571112409797,3.6071824572516316e-13,3.6071824572516326e-13,0.4871246887783191,0.4871246887783192
high,0.876,0.878,0,0,0,2.1295741096366863,2.1506672314507425,1.0034768952915913,1.0802691665932924,4.666251794246133,5.593084614449017,4.666251794247823,5.593084614446992,-0.1777732120811342,2.0301403341855306,-0.17777321206909205,2.030140334170805,0.8245017388300414,0.8245017388300416,3.5720060450779943e-13,3.5720060450779953e-13,0.48713615545420835,0.48713615545420846
high,0.878,0.880,0,0,0,2.134018851117941,2.1551416968829304,1.0028347444775287,1.0794638191652282,4.674822216802827,5.60209691176837,4.674822216804498,5.602096911766368,-0.1743215829236045,2.0276178098669435,-0.17432158291179542,2.0276178098524857,0.8244465818031996,0.8244465818031999,3.537303525631711e-13,3.537303525631712e-13,0.4871476102617144,0.4871476102617145
high,0.880,0.882,0,0,0,2.138469796545712,2.159622346759544,1.0021930150690463,1.0786593510267912,4.683411816379818,5.611129567901727,4.6834118163814695,5.611129567899749,-0.17089098147966403,2.025101526922724,-0.17089098146807988,2.025101526908525,0.8243916388394674,0.8243916388394676,3.5030669655662145e-13,3.5030669655662156e-13,0.4871590532720801,0.4871590532720802
high,0.882,0.884,0,0,0,2.1429269487178013,2.164109183819028,1.0015517101433655,1.077855763316652,4.692020582547182,5.620182560396326,4.692020582548815,5.620182560394371,-0.16747823397349254,2.02258846709582,-0.16747823396212877,2.0225884670818752,0.8243369086290423,0.8243369086290425,3.469288588790361e-13,3.469288588790362e-13,0.48717048455538425,0.48717048455538436
high,0.884,0.886,0,0,0,2.147390310437005,2.1686022108054734,1.0009108327118417,1.0770530571214318,4.700648505004862,5.629255867048986,4.700648505006476,5.629255867047053,-0.164083252362842,2.0200786562396953,-0.1640832523516942,2.0200786562259996,0.8242823898732701,0.8242823898732703,3.43596077291955e-13,3.435960772919551e-13,0.48718190418037316,0.48718190418037327
high,0.886,0.888,0,0,0,2.1518598845109795,2.1731014304685825,1.0002703857208883,1.076251233476829,4.709295573581688,5.638349465903024,4.709295573583283,5.638349465901115,-0.16070594873281013,2.0175721193570624,-0.16070594872187396,2.017572119343611,0.8242280812844542,0.8242280812844545,3.4030760457572936e-13,3.4030760457572946e-13,0.4871933122146516,0.48719331221465173
high,0.888,0.890,0,0,0,2.1563356737521366,2.177606845563465,0.9996303720532393,1.0754502933684233,4.717961778234194,5.647463335245314,4.717961778235771,5.647463335243427,-0.15734623530140374,2.0150688806158814,-0.15734623529067499,2.0150688806026698,0.8241739815857835,0.8241739815857837,3.370627081908998e-13,3.370627081908999e-13,0.48720470872459914,0.48720470872459926
high,0.890,0.892,0,0,0,2.1608176809774866,2.1821184588504687,0.9989907945290494,1.0746502377326155,4.726647109045674,5.6565974536031565,4.726647109047232,5.65659745360129,-0.15400402442449598,2.0125689633645307,-0.15400402441397046,2.012568963351554,0.8241200895111929,0.8241200895111931,3.338606699455192e-13,3.338606699455193e-13,0.4872160937754208,0.4872160937754209
high,0.892,0.894,0,0,0,2.1653059090085125,2.1866362730951767,0.9983516559067184,1.0738510674577393,4.735351556223035,5.665751799743881,4.735351556224576,5.665751799742037,-0.15067922860690053,2.0100723901536646,-0.15067922859657418,2.010072390140918,0.8240664038052868,0.8240664038052871,3.307007856749077e-13,3.307007856749078e-13,0.4872274674311487,0.4872274674311488
high,0.894,0.896,0,0,0,2.16980036067106,2.191160291068124,0.9977129588842373,1.0730527833847139,4.744075110098386,5.674926352668763,4.744075110099909,5.67492635266694,-0.14737176050042125,2.0075791827434637,-0.1473717604902901,2.007579182730943,0.8240129232231563,0.8240129232231566,3.2758236492212676e-13,3.2758236492212686e-13,0.4872388297547358,0.4872388297547359
high,0.896,0.898,0,0,0,2.1743010387951984,2.19569051554481,0.9970747060999318,1.0722553863081687,4.752817761124482,5.684121091614373,4.752817761125988,5.684121091612571,-0.14408153291885925,2.0050893621295782,-0.14408153290891942,2.005089362117279,0.8239596465303655,0.8239596465303657,3.24504730636969e-13,3.245047306369691e-13,0.487250180807949,0.48725018080794913
high,0.898,0.900,0,0,0,2.1788079462151293,2.200226949305436,0.9964369001337674,1.0714588769770619,4.761579499876676,5.693335996046162,4.761579499878166,5.6933359960443815,-0.14080845883515497,2.0026029485491166,-0.14080845882540263,2.002602948537035,0.8239065725027568,0.823906572502757,3.214672188714916e-13,3.214672188714917e-13,0.48726152065149597,0.4872615206514961
high,0.900,0.902,0,0,0,2.1833210857690113,2.204769595134927,0.9957995435079852,1.070663256095858,4.770360317048187,5.7025710456601395,4.77036031704966,5.702571045658379,-0.13755245139683095,2.0001199615068095,-0.13755245138726238,2.000119961494941,0.8238536999264175,0.8238536999264178,3.184691784933616e-13,3.184691784933617e-13,0.48727284934496007,0.4872728493449602
high,0.902,0.904,0,0,0,2.1878404602989128,2.2093184558226477,0.9951626386884783,1.0698685243250063,4.779160203452592,5.7118262203758805,4.779160203454048,5.71182622037414,-0.13431342392175485,1.9976404197792257,-0.13431342391236642,1.9976404197675663,0.8238010275975001,0.8238010275975003,3.1550997089643965e-13,3.1550997089643975e-13,0.48728416694689314,0.48728416694689325
high,0.904,0.906,0,0,0,2.1923660726506315,2.213873534162404,0.9945261880854304,1.0690746822820671,4.787979150019838,5.721101500337403,4.787979150021278,5.721101500335682,-0.13109128991153282,1.9951643414384057,-0.13109128990232094,1.9951643414269513,0.8237485543221666,0.8237485543221669,3.125889697272636e-13,3.125889697272637e-13,0.48729547351479835,0.48729547351479846
high,0.906,0.908,0,0,0,2.196897925673592,2.2184348329523194,0.9938901940542868,1.0682817305424932,4.796817147794866,5.730396865910921,4.796817147796291,5.73039686590922,-0.1278859630577165,1.9926917438674345,-0.12788596304867766,1.9926917438561813,0.823696278916492,0.8236962789164922,3.097055606148277e-13,3.097055606148278e-13,0.4873067691051122,0.48730676910511234
high,0.908,0.910,0,0,0,2.2014360222207805,2.223002354994617,0.9932546588969272,1.0674896696402056,4.805674187938759,5.73971229767962,4.805674187940167,5.739712297677938,-0.12469735724131811,1.990222643768449,-0.12469735723244893,1.9902226437573933,0.8236442002063283,0.8236442002063286,3.068591409045313e-13,3.068591409045314e-13,0.48731805377327003,0.48731805377327014
high,0.910,0.912,0,0,0,2.2059803651485836,2.22757610309558,0.9926195848623691,1.0666985000685774,4.814550261725705,5.749047776443502,4.814550261727097,5.74904777644184,-0.12152538654347857,1.9877570571829057,-0.12152538653477568,1.9877570571720438,0.8235923170272238,0.823592317027224,3.0404911940285093e-13,3.0404911940285103e-13,0.4873293275736993,0.4873293275736994
high,0.912,0.914,0,0,0,2.210530957316669,2.232156080065455,0.9919849741476182,1.0659082222812477,4.82344536054171,5.758403283217191,4.823445360543087,5.758403283215547,-0.11837015824271593,1.985295216745012,-0.11837015823417604,1.9852952167343398,0.8235406282243138,0.8235406282243141,3.012749161264325e-13,3.012749161264326e-13,0.48734059055986195,0.48734059055986206
high,0.914,0.916,0,0,0,2.215087801587938,2.2367422887182395,0.9913508288988123,1.0651188366926336,4.832359475884935,5.767778799225778,4.832359475886297,5.767778799224152,-0.11523255438450986,1.9828382262782156,-0.11523255437612977,1.9828382262677298,0.8234891326522336,0.8234891326522338,2.9853596205697193e-13,2.9853596205697203e-13,0.4873518427842193,0.4873518427842194
high,0.916,0.918,0,0,0,2.2196509008283405,2.2413347318717154,0.9907171512117227,1.0643303436790155,4.8412925993621325,5.777174305905461,4.84129259936348,5.777174305903854,-0.11211257792684329,1.9803861991671747,-0.11211257791861985,1.9803861991568719,0.8234378291750238,0.8234378291750241,2.958316989042977e-13,2.958316989042978e-13,0.48736308429828795,0.48736308429828806
high,0.918,0.920,0,0,0,2.224220257906837,2.2459334123472026,0.990083943132937,1.0635427435789655,4.85024472269017,5.786589784898072,4.850244722691502,5.786589784896482,-0.10901009214801952,1.9779390907594423,-0.10901009213994965,1.9779390907493188,0.8233867166660033,0.8233867166660035,2.9316157887100265e-13,2.9316157887100275e-13,0.48737431515267055,0.48737431515267066
high,0.920,0.922,0,0,0,2.2287958756952397,2.2505383329695228,0.9894512066604971,1.0627560366942606,4.859215837692565,5.796025218051615,4.859215837693883,5.796025218050043,-0.10592496208252568,1.975496857580847,-0.10592496207460636,1.9754968575708993,0.8233357940077272,0.8233357940077274,2.9052506442856887e-13,2.90525064428569e-13,0.4873855353969962,0.4873855353969963
high,0.922,0.924,0,0,0,2.2333777570681717,2.2551494965668293,0.9888189437449195,1.0619702232903967,4.868205936300879,5.80548058741508,4.868205936302182,5.805480587413526,-0.10285705447972192,1.973059457293592,-0.10285705447195022,1.9730594572838172,0.8232850600918254,0.8232850600918257,2.879216280922372e-13,2.879216280922373e-13,0.4873967450800305,0.4873967450800306
high,0.924,0.926,0,0,0,2.2379659049028637,2.2597669059706598,0.9881871562895825,1.0611853035976815,4.877215010549456,5.814955875241238,4.877215010550745,5.8149558752397015,-0.0998062377808247,1.970626848674755,-0.09980623777319773,1.9706268486651495,0.823234513818996,0.8232345138189963,2.8535075221014493e-13,2.8535075221014503e-13,0.4874079442496067,0.4874079442496068
high,0.926,0.928,0,0,0,2.2425603220791785,2.2643905640155686,0.987555846152161,1.0604012778113374,4.886243052579793,5.824451063977886,4.886243052581069,5.824451063976365,-0.096772382071764,1.9681989915680158,-0.0967723820642789,1.9681989915585767,0.8231841540988208,0.8231841540988211,2.828119287462485e-13,2.828119287462486e-13,0.48741913295269845,0.48741913295269856
high,0.928,0.930,0,0,0,2.247161011479402,2.2690204735393302,0.9869250151447185,1.0596181460927871,4.895290054633916,5.833966136272435,4.895290054635178,5.833966136270932,-0.09375535906545122,1.9657758468681943,-0.09375535905810525,1.9657758468589184,0.8231339798497537,0.8231339798497539,2.8030465908035597e-13,2.803046590803561e-13,0.4874303112354061,0.4874303112354062
high,0.930,0.932,0,0,0,2.2517679759882423,2.2736566373825178,0.9862946650351736,1.0588359085697046,4.904356009058593,5.843501074963368,4.904356009059841,5.843501074961881,-0.09075504205689876,1.9633573764755765,-0.09075504204968919,1.9633573764664607,0.8230839899989691,0.8230839899989694,2.7782845380228033e-13,2.7782845380228043e-13,0.4874414791429753,0.4874414791429754
high,0.932,0.934,0,0,0,2.2563812184926344,2.2782990583886837,0.9856647975474244,1.0580545653372264,4.913440908299344,5.853055863084136,4.913440908300578,5.853055863082665,-0.08777130590542946,1.9609435432805007,-0.08777130589835365,1.9609435432715419,0.823034183482329,0.8230341834823293,2.7538283252040644e-13,2.7538283252040654e-13,0.4874526367198029,0.487452636719803
high,0.934,0.936,0,0,0,2.2610007418817446,2.2829477394040354,0.9850354143626291,1.0572741164581037,4.922544744903765,5.862630483855816,4.922544744904986,5.862630483854361,-0.0848040269938313,1.9585343111222857,-0.08480402698688663,1.958534311113481,0.8229845592442392,0.8229845592442394,2.7296732366622353e-13,2.7296732366622364e-13,0.4874637840094746,0.4874637840094747
high,0.936,0.938,0,0,0,2.2656265490467673,2.2876026832775898,0.9844065171193467,1.0564945619638646,4.931667511515342,5.872224920691277,4.931667511516551,5.872224920689838,-0.08185308321253532,1.9561296447760999,-0.08185308320571925,1.9561296447674466,0.8229351162376424,0.8229351162376426,2.705814643129148e-13,2.705814643129149e-13,0.48747492105472695,0.48747492105472706
high,0.938,0.940,0,0,0,2.2702586428809504,2.292263892860771,0.9837781074149515,1.0557159018548106,4.940809200878615,5.881839157185705,4.94080920087981,5.881839157184282,-0.07891835391572914,1.9537295099085557,-0.07891835390903919,1.953729509900051,0.8228858534238276,0.8228858534238278,2.6822479998645955e-13,2.6822479998645965e-13,0.48748604789754096,0.4874860478975411
high,0.940,0.942,0,0,0,2.2748970262794157,2.2969313710075707,0.9831501868057781,1.054938136101118,4.9499698058332715,5.8914731771205116,4.949969805834455,5.891473177119104,-0.07599971990626625,1.9513338730654801,-0.07599971989969996,1.9513338730571208,0.8228367697724223,0.8228367697724225,2.658968844927674e-13,2.658968844927675e-13,0.4874971645791052,0.4874971645791053
high,0.942,0.944,0,0,0,2.2795417021391065,2.3016051205742913,0.9825227568081513,1.0541612646431513,4.959149319315078,5.9011269644589746,4.959149319316249,5.901126964457581,-0.07309706340399968,1.9489427016411984,-0.07309706339755466,1.9489427016329823,0.8227878642613117,0.8227878642613119,2.635972797428876e-13,2.635972797428877e-13,0.4875082711397732,0.4875082711397733
high,0.944,0.946,0,0,0,2.2841926733586844,2.306285144419573,0.9818958188988433,1.0533852873922334,4.968347734354652,5.910800503344674,4.9683477343558105,5.910800503343296,-0.07021026802023246,1.946555963854692,-0.07021026801390637,1.9465559638466163,0.8227391358764955,0.8227391358764957,2.6132555558184755e-13,2.6132555558184765e-13,0.4875193676192186,0.4875193676192187
high,0.946,0.948,0,0,0,2.288849942838449,2.3109714454042174,0.9812693745159111,1.0526102042310872,4.9775650440760835,5.92049377809994,4.977565044077229,5.920493778098577,-0.06733921873324142,1.9441736287269626,-0.06733921872703197,1.9441736287190248,0.8226905836120794,0.8226905836120796,2.590812896253329e-13,2.59081289625333e-13,0.4875304540562962,0.4875304540562963
high,0.948,0.950,0,0,0,2.29351351348026,2.3156640263911217,0.9806434250593222,1.0518360150144246,4.986801241696822,5.930206773222974,4.986801241697957,5.9302067732216255,-0.0644838018612734,1.9417956660555995,-0.06448380185517831,1.9417956660477969,0.8226422064701353,0.8226422064701355,2.568640670958527e-13,2.568640670958528e-13,0.4875415304891616,0.4875415304891617
high,0.950,0.952,0,0,0,2.298183388187443,2.320362890245172,0.980017971891627,1.051062719569492,4.996056320526187,5.939939473386567,4.99605632052731,5.939939473385233,-0.06164390503965617,1.9394220463939522,-0.061643905033673285,1.9394220463862824,0.8225940034606571,0.8225940034606574,2.546734806661155e-13,2.546734806661156e-13,0.4875525969552225,0.48755259695522263
high,0.952,0.954,0,0,0,2.302859569864682,2.3250680398332544,0.9793930163384037,1.0502903176967817,5.005330273963086,5.949691863437872,5.005330273964196,5.949691863436552,-0.058819417200389384,1.9370527410331086,-0.05881941719451653,1.937052741025569,0.822545973601487,0.8225459736014872,2.5250913030565575e-13,2.5250913030565585e-13,0.4875636534911705,0.4875636534911706
high,0.954,0.956,0,0,0,2.3075420614179794,2.3297794780240153,0.9787685596892051,1.0495188091702947,5.014623095497677,5.959463928393387,5.014623095498775,5.95946392839208,-0.0560102285426267,1.9346877219736767,-0.056010228536861356,1.9346877219662646,0.8224981159181941,0.8224981159181943,2.503706231275719e-13,2.50370623127572e-13,0.4875747001330099,0.48757470013301
high,0.956,0.958,0,0,0,2.3122308657545703,2.334497207687852,0.9781446031980411,1.048748193738177,5.023934778709196,5.969255653438658,5.0239347787102835,5.969255653437366,-0.0532183904958012,1.9323526963951785,-0.053218390490141286,1.9323526963878914,0.8224504294440357,0.8224504294440359,2.4825757324328376e-13,2.4825757324328387e-13,0.48758573691604884,0.48758573691604895
high,0.958,0.960,0,0,0,2.3169259857827726,2.339221231696858,0.9775211480838544,1.047978471123386,5.033265317263364,5.979067023928444,5.033265317264441,5.979067023927165,-0.050450598975217344,1.9300766500732687,-0.050450598969660844,1.9300766500661044,0.8224029132199009,0.8224029132199011,2.46169601620019e-13,2.461696016200191e-13,0.4875967638748692,0.48759676387486933
high,0.960,0.962,0,0,0,2.321627424412002,2.343951552924722,0.97689819553127,1.0472096410240217,5.042614704913765,5.988898025382257,5.04261470491483,5.988898025380992,-0.04770107442317455,1.927816929681975,-0.04770107441771949,1.9278169296749315,0.8223555662941844,0.8223555662941846,2.4410633593806794e-13,2.4410633593806804e-13,0.48760778104342595,0.48760778104342606
high,0.962,0.964,0,0,0,2.326335184552655,2.348688174246552,0.9762757466912974,1.0464417031137643,5.051982935501492,5.998748643481884,5.051982935502546,5.998748643480632,-0.04496628904417641,1.9255603735542037,-0.04496628903882087,1.9255603735472784,0.822308387722709,0.8223083877227092,2.420674104532661e-13,2.420674104532662e-13,0.4876187884550415,0.4876187884550416
high,0.964,0.966,0,0,0,2.331049269115993,2.353431098538945,0.9756533993826991,1.0456748023902231,5.061370002950653,6.008618864073957,5.061370002951696,6.008618864072718,-0.04224856040831297,1.923309178873756,-0.042248560403055024,1.923309178866947,0.8222613765687338,0.822261376568734,2.4005246586688816e-13,2.4005246586688826e-13,0.48762978614230795,0.48762978614230806
high,0.966,0.968,0,0,0,2.3357696810141393,2.358180328679797,0.9750309865006077,1.0449089991669673,5.070775901271287,6.018508673163732,5.07077590127232,6.018508673162506,-0.03954879320951914,1.9210642523252184,-0.03954879320435691,1.9210642523185235,0.8222145319027923,0.8222145319027925,2.3806114919070324e-13,2.3806114919070334e-13,0.4876407741372354,0.4876407741372355
high,0.968,0.970,0,0,0,2.34049642315993,2.3629358675483068,0.9744090917592476,1.0441440830852575,5.080200624555602,6.0284180569168075,5.080200624556625,6.028418056915594,-0.03686338948115167,1.918822389465987,-0.03686338947608335,1.918822389459404,0.8221678528026729,0.8221678528026731,2.360931136216734e-13,2.360931136216735e-13,0.4876517524711796,0.4876517524711797
high,0.970,0.972,0,0,0,2.3452294984668756,2.367697718024802,0.9737877160691539,1.0433800537622988,5.088608011751391,6.038348022114334,5.088608011752402,6.0383480221131345,-0.03428719298351384,1.9172229330306907,-0.034287192978536565,1.917222933024216,0.8221213383533184,0.8221213383533186,2.341480184153249e-13,2.34148018415325e-13,0.4876627211748985,0.4876627211748986
high,0.972,0.974,0,0,0,2.349968909849121,2.3724658829907295,0.9731668603111048,1.042616910792991,5.096919783014887,6.04829992992944,5.096919783015888,6.048299929928253,-0.03174228643003445,1.916634438530104,-0.0317422864251464,1.916634438523735,0.8220749876467703,0.8220749876467706,2.3222552876435473e-13,2.3222552876435483e-13,0.4876736802785333,0.4876736802785334
high,0.974,0.976,0,0,0,2.354714660221319,2.377240365328541,0.9725465253366351,1.0418546537504239,5.105222970542893,6.058273773191675,5.105222970543884,6.058273773190499,-0.029220768859827644,1.9168886872973574,-0.02922076885502712,1.9168886872910917,0.8220287997821094,0.8220287997821096,2.303253156796317e-13,2.303253156796318e-13,0.4876846298116026,0.4876846298116027
high,0.976,0.978,0,0,0,2.3594667524985513,2.382021167921677,0.9719265379468196,1.0410938463699118,5.113504203075018,6.068417625362759,5.1135042030759985,6.068417625361596,-0.026821375662479184,1.9172265544836846,-0.026821375657764306,1.9172265544775198,0.8219827738653749,0.8219827738653751,2.2844705587350657e-13,2.2844705587350667e-13,0.48769556980305573,0.48769556980305584
high,0.978,0.980,0,0,0,2.3642251895963216,2.386808293654425,0.9713069381388565,1.0403343613143596,5.121771001401499,6.078640284664149,5.12177100140247,6.078640284662997,-0.02448414657651717,1.9176081513969427,-0.02448414657188622,1.9176081513908771,0.8219369090094951,0.8219369090094953,2.2659043164515988e-13,2.2659043164515993e-13,0.48770650028125495,0.48770650028125506
high,0.980,0.982,0,0,0,2.368989974430418,2.3916017454119167,0.9706878650864258,1.0395757494376585,5.130028246910237,6.088884774954961,5.1300282469111975,6.088884774953821,-0.023817981967078555,1.9180098319748489,-0.023817981962528722,1.9180098319688805,0.8218912043342176,0.8218912043342178,2.2475513076969628e-13,2.2475513076969633e-13,0.48771742127402046,0.48771742127402057
high,0.982,0.984,0,0,0,2.3737611099168987,2.3964015260799343,0.9700693194943772,1.038818010340888,5.138279730716722,6.099732267858496,5.138279730717672,6.099732267857367,-0.02340092639098322,1.9184681628963973,-0.023400926386512373,1.9184681628905242,0.8218456589660704,0.8218456589660706,2.22940846389367e-13,2.2294084638936704e-13,0.48772833280854655,0.48772833280854666
high,0.984,0.986,0,0,0,2.378538598971991,2.4012076385449848,0.9694513020410093,1.038061143604415,5.146546795307914,6.1111282092909445,5.146546795308855,6.111128209289827,-0.02309485954080536,1.9189588378583988,-0.02309485953641114,1.9189588378526183,0.8218002720382488,0.821800272038249,2.2114727690634934e-13,2.211472769063494e-13,0.4877392349115492,0.4877392349115493
high,0.986,0.988,0,0,0,2.383322444512027,2.4060200856941627,0.9688338133786513,1.0373051487882237,5.154832672933165,6.122543526282735,5.154832672934096,6.122543526281629,-0.022787744561225242,1.919436699390237,-0.022787744556906166,1.9194366993845475,0.8217550426906103,0.8217550426906105,2.1937412588026952e-13,2.1937412588026957e-13,0.4877501276091441,0.4877501276091442
high,0.988,0.990,0,0,0,2.388112649453399,2.4108388704150414,0.968216854134214,1.0365500254322493,5.163137358677958,6.133978206448383,5.16313735867888,6.133978206447288,-0.022479576303747594,1.919901817233807,-0.022479576299502212,1.9199018172282067,0.8217099700695616,0.8217099700695618,2.1762110192461168e-13,2.1762110192461173e-13,0.4877610109269273,0.4877610109269274
high,0.990,0.992,0,0,0,2.3929092167124573,2.415663995595644,0.9676004249095289,1.0357957730568956,5.171460847734096,6.145432237509842,5.171460847735008,6.145432237508757,-0.022170349893035072,1.920354260889414,-0.022170349888861962,1.9203542608839015,0.8216650533280062,0.8216650533280064,2.15887918607917e-13,2.1588791860791705e-13,0.48777188488998624,0.48777188488998635
high,0.992,0.994,0,0,0,2.397712149205478,2.4204954641244654,0.966984526281697,1.0350423911634887,5.179803135397481,6.156905607296708,5.179803135398385,6.156905607295635,-0.02186006072379282,1.9207940996175945,-0.021860060719690596,1.920794099612168,0.8216202916253068,0.821620291625307,2.1417429435755123e-13,2.1417429435755128e-13,0.4877827495228864,0.4877827495228865
high,0.994,0.996,0,0,0,2.4025214498486145,2.4253332788901902,0.9663691588038813,1.03428987923439,5.188164217069274,6.168398303742328,5.1881642170701685,6.168398303741265,-0.021548704450096944,1.9212214024320573,-0.021548704446064246,1.9212214024267154,0.8215756841272062,0.8215756841272064,2.1247995236302475e-13,2.124799523630248e-13,0.4877936048496408,0.4877936048496409
high,0.996,0.998,0,0,0,2.4073371215577617,2.4301774427818708,0.9657543230052672,1.0335382367337898,5.196544088251904,6.179910314886213,5.1965440882527885,6.17991031488516,-0.021236276986548744,1.9216362381063266,-0.021236276982584245,1.9216362381010674,0.8215312300057545,0.8215312300057547,2.1080462048397194e-13,2.10804620483972e-13,0.4878044508938276,0.48780445089382773
high,0.998,1.000,0,0,0,2.4121591672485976,2.4350279586886434,0.9651400193919543,1.0327874631076635,5.20494274455063,6.191441628869733,5.204942744551506,6.1914416288686915,-0.020922774497000304,1.9220386751658667,-0.020922774493102706,1.922038675160689,0.8214869284392651,0.8214869284392653,2.0914803115836034e-13,2.0914803115836039e-13,0.4878152876784873,0.4878152876784874
high,1.000,1.002,0,0,0,2.4169875898364066,2.439884829499844,0.9645262484469506,1.0320375577845426,5.213360181669272,6.202992233938826,5.21336018167014,6.202992233937794,-0.020609621872918028,1.922442420405927,-0.020609621869086058,1.922442420400829,0.8214427786122553,0.8214427786122556,2.0750992131472725e-13,2.075099213147273e-13,0.4878261152261944,0.4878261152261945
high,1.002,1.004,0,0,0,2.4218223922361464,2.4447480581048007,0.963913010630965,1.0312885201755089,5.221796395412005,6.214562118439572,5.221796395412864,6.2145621184385496,-0.020295417015600455,1.9228338712934738,-0.02029541701183286,1.9228338712884545,0.8213987797153858,0.821398779715386,2.0589003228402793e-13,2.0589003228402798e-13,0.487836933559021,0.48783693355902114
high,1.004,1.006,0,0,0,2.426663577362268,2.4496176473929148,0.9633003063824358,1.0305403496749188,5.230251381679454,6.226151270820491,5.230251381680304,6.2261512708194795,-0.019980156067061952,1.9232130918351587,-0.019980156063357523,1.9232130918302166,0.8213549309453915,0.8213549309453917,2.04288109715302e-13,2.0428810971530205e-13,0.4878477426986108,0.4878477426986109
high,1.006,1.008,0,0,0,2.431511148128746,2.4544936002534428,0.9626881361182841,1.0297930456604276,5.238725136470031,6.237759679628671,5.238725136470873,6.237759679627669,-0.019663835745475724,1.9235801491144346,-0.019663835741833266,1.9235801491095683,0.8213112315050316,0.8213112315050318,2.0270390349161932e-13,2.0270390349161937e-13,0.4878585426661251,0.4878585426661252
high,1.008,1.010,0,0,0,2.4363651074489647,2.4593759195755722,0.9620765002340173,1.029046607493597,5.24721765587619,6.24938733351192,5.247217655877024,6.249387333510927,-0.01934645300293949,1.923935109980477,-0.01934645299935784,1.923935109975685,0.8212676806030518,0.821267680603052,2.0113716765003118e-13,2.0113716765003123e-13,0.4878693334822509,0.48786933348225103
high,1.010,1.012,0,0,0,2.441225458235694,2.4642646082482886,0.9614653991042721,1.0283010345200905,5.255728936085343,6.261034221215506,5.255728936086168,6.261034221214523,-0.01902800501651317,1.9242780410424738,-0.01902800501299119,1.924278041037755,0.8212242774540933,0.8212242774540935,1.9958766030044277e-13,1.9958766030044282e-13,0.48788011516726193,0.48788011516726204
high,1.012,1.014,0,0,0,2.446092203401054,2.469159669160272,0.9608548330832829,1.0275563260699316,5.26425897337893,6.272700331581018,5.264258973379747,6.272700331580044,-0.01870848918342722,1.924609008668696,-0.01870848917996379,1.924609008664049,0.8211810212786473,0.8211810212786476,1.9805514354773782e-13,1.9805514354773787e-13,0.4878908877409751,0.4878908877409752
high,1.014,1.016,0,0,0,2.4509653458563676,2.474061105200036,0.9602448025048381,1.0268124814582078,5.272807764127845,6.2843856535495775,5.272807764128654,6.284385653548613,-0.01838790312432724,1.9249280789949204,-0.01838790312092127,1.9249280789903438,0.8211379113030312,0.8211379113030314,1.9653938341755032e-13,1.9653938341755037e-13,0.4879016512227855,0.4879016512227856
high,1.016,1.018,0,0,0,2.455844888512214,2.478968919255584,0.9596353076832138,1.0260694999848952,5.281375304796147,6.2960901761552845,5.281375304796948,6.29609017615433,-0.018066244668539493,1.9252353179117758,-0.018066244665189916,1.9252353179072685,0.8210949467592865,0.8210949467592867,1.9504014977876953e-13,1.9504014977876958e-13,0.4879124056316507,0.48791240563165084
high,1.018,1.020,0,0,0,2.460730834278299,2.4838831142146067,0.9590263489130578,1.0253273809355874,5.289961591935952,6.307813888529146,5.289961591936746,6.307813888528199,-0.017743511858694834,1.9255307910746873,-0.0177435118554006,1.9255307910702482,0.8210521268851652,0.8210521268851654,1.9355721627293485e-13,1.935572162729349e-13,0.48792315098611755,0.48792315098611766
high,1.020,1.022,0,0,0,2.4656231860634747,2.4888036929642383,0.9584179264701064,1.0245861235814895,5.298566622189684,6.3195567798943095,5.298566622190472,6.319556779893371,-0.017419702939458485,1.9258145638951625,-0.0174197029362018,1.9258145638907713,0.8210094509240377,0.8210094509240379,1.9209036024075932e-13,1.9209036024075937e-13,0.4879338873043321,0.48793388730433224
high,1.022,1.024,0,0,0,2.4705219467755866,2.493730658391145,0.9578100406112061,1.0238457271800354,5.307190392285368,6.331318839569442,5.3071903922861505,6.3313188395685085,-0.017098610720993834,1.9260876504955482,-0.017098610717759994,1.9260876504911886,0.8209669181248904,0.8209669181248906,1.9063936265450147e-13,1.9063936265450152e-13,0.48794461460400484,0.48794461460400496
high,1.024,1.026,0,0,0,2.475427119321512,2.4986640133814024,0.9572026915748565,1.0231061909749835,5.315832899038712,6.343100056964358,5.315832899039489,6.343100056963431,-0.01678201586643178,1.926364647279603,-0.016782015863220572,1.926364647275275,0.8209245277422121,0.8209245277422124,1.8920400804728384e-13,1.892040080472839e-13,0.48795533290251,0.4879553329025101
high,1.026,1.028,0,0,0,2.4803387066070712,2.503603760820385,0.9565958795815923,1.0223675141967046,5.324494139350756,6.354900421580564,5.324494139351529,6.354900421579642,-0.016469744952442397,1.9266567792917666,-0.016469744949253604,1.9266567792874696,0.820882279036,0.8208822790360002,1.8778408444764245e-13,1.877840844476425e-13,0.48796604221676565,0.48796604221676576
high,1.028,1.030,0,0,0,2.4852567115369872,2.508549903592862,0.9559896048340978,1.0216296960626325,5.333174110205886,6.366719923011717,5.333174110206653,6.3667199230108,-0.016156319372024122,1.9269370834534318,-0.016156319368857544,1.9269370834491655,0.8208401712716935,0.8208401712716937,1.8637938331410753e-13,1.8637938331410758e-13,0.4879767425633134,0.4879767425633135
high,1.030,1.032,0,0,0,2.4901811370148135,2.513502444582821,0.955383867517695,1.0208927357774427,5.341872808672652,6.3785585509406175,5.341872808673415,6.378558550939706,-0.015841738924614428,1.927205629872251,-0.015841738921469856,1.927205629868015,0.8207982037200802,0.8207982037200804,1.849896994694574e-13,1.8498969946945745e-13,0.4879874339583682,0.4879874339583683
high,1.032,1.034,0,0,0,2.4951119859429247,2.518461386673416,0.9547786678007109,1.0201566325332754,5.350590231902153,6.3904162951391,5.350590231902911,6.390416295138195,-0.015526003593687897,1.9274624883207019,-0.015526003590565132,1.927462488316496,0.8207563756573004,0.8207563756573006,1.8361483103930853e-13,1.8361483103930858e-13,0.48799811641773055,0.48799811641773067
high,1.034,1.036,0,0,0,2.5000492612224208,2.5234267327470055,0.9541740058345991,1.019421385510191,5.359326377125709,6.40229314546883,5.359326377126462,6.40229314546793,-0.015209113545762843,1.9277077282412205,-0.015209113542661681,1.9277077282370443,0.8207146863647852,0.8207146863647854,1.822545793907766e-13,1.8225457939077665e-13,0.4880087899568391,0.4880087899568392
high,1.036,1.038,0,0,0,2.5049929657531314,2.5283984856850408,0.9535698817544057,1.0186869938762921,5.368081241655653,6.414189091878488,5.368081241656402,6.414189091877594,-0.014891069122981718,1.927941418743688,-0.014891069119901967,1.9279414187395416,0.8206731351291825,0.8206731351291827,1.809087490712513e-13,1.8090874907125136e-13,0.4880194545907957,0.4880194545907958
high,1.038,1.040,0,0,0,2.5099431024335215,2.5333766483679856,0.9529662956790642,1.0179534567880295,5.376854822883691,6.426104124403692,5.376854822884434,6.426104124402803,-0.014571870840856326,1.928163628608833,-0.014571870837797785,1.9281636286047157,0.8206317212423297,0.82063172124233,1.7957714775008027e-13,1.7957714775008032e-13,0.48803011033433913,0.48803011033433924
high,1.040,1.042,0,0,0,2.51489967416066,2.5383612236753907,0.9523632477115268,1.017220773390584,5.385647118278189,6.438038233168329,5.385647118278928,6.438038233167445,-0.01425151938835316,1.92837442629434,-0.014251519385315634,1.9283744262902518,0.8205904440012337,0.8205904440012339,1.7825958616201734e-13,1.782595861620174e-13,0.4880407572018296,0.4880407572018297
high,1.042,1.044,0,0,0,2.5198626838302176,2.543352214485661,0.9517607379393856,1.0164889428178532,5.394458125387456,6.449991408378886,5.394458125388191,6.449991408378008,-0.013930015615589677,1.9285738799263006,-0.013930015612572977,1.9285738799222412,0.8205493027079401,0.8205493027079404,1.7695587804778723e-13,1.7695587804778728e-13,0.48805139520734847,0.4880513952073486
high,1.044,1.046,0,0,0,2.524832134336347,2.5483496236761716,0.9511587664348294,1.015757964193005,5.403287841834005,6.461963640329215,5.403287841834735,6.461963640328342,-0.013607360540334134,1.9287620573126179,-0.013607360537338069,1.9287620573085866,0.820508296669586,0.8205082966695862,1.7566584010219183e-13,1.7566584010219188e-13,0.4880620243645827,0.4880620243645828
high,1.046,1.048,0,0,0,2.5298080285716757,2.55335345412315,0.9505573332550816,1.015027836628589,5.412136265316307,6.473954919396729,5.412136265317033,6.473954919395861,-0.013283555339055092,1.9289390259382315,-0.01328355533607947,1.9289390259342287,0.8204674251982843,0.8204674251982845,1.743892919178e-13,1.7438929191780004e-13,0.4880726446869263,0.4880726446869264
high,1.048,1.050,0,0,0,2.5347903694272786,2.558363708701598,0.949956438442744,1.0142985592267262,5.421003393607784,6.4859652360417215,5.421003393608506,6.485965236040858,-0.01295860134379083,1.9291048529670398,-0.012958601340835468,1.929104852963065,0.8204266876111054,0.8204266876111056,1.7312605593247633e-13,1.7312605593247638e-13,0.4880832561874308,0.4880832561874309
high,1.050,1.052,0,0,0,2.5397791597926203,2.563380390285358,0.9493560820258888,1.0135701310794982,5.429889224554463,6.497994580808387,5.42988922455518,6.4979945808075295,-0.012632500041862477,1.9292596052471254,-0.01263250003892719,1.929259605243178,0.820386083230036,0.8203860832300363,1.718759573780018e-13,1.7187595737800186e-13,0.48809385887883483,0.48809385887883494
high,1.052,1.054,0,0,0,2.5447744025554937,2.5684035017469045,0.9487562640185523,1.0128425512690293,5.438793756076442,6.5100429443212615,5.438793756077154,6.510042944320409,-0.012305253067772874,1.9294033493066518,-0.012305253064857477,1.929403349302732,0.8203456113818928,0.820345611381893,1.7063882422766385e-13,1.706388242276639e-13,0.48810445277360187,0.488104452773602
high,1.054,1.056,0,0,0,2.5497761006020108,2.5734330459574486,0.9481569844208171,1.012115818867841,5.4477169861636545,6.522110317288396,5.447716986164362,6.522110317287548,-0.011976862206914983,1.9295361513635971,-0.011976862204019296,1.9295361513597047,0.820305271398373,0.8203052713983732,1.694144871492398e-13,1.6941448714923985e-13,0.4881150378837915,0.4881150378837916
high,1.056,1.058,0,0,0,2.554784256816525,2.5784690257868452,0.9475582432191083,1.011389932939076,5.456658912877632,6.53419669049768,5.456658912878336,6.534196690496837,-0.011647329387082905,1.929658077321093,-0.011647329384206713,1.9296580773172274,0.8202650626158982,0.8202650626158984,1.6820277945335542e-13,1.6820277945335548e-13,0.4881256142212566,0.4881256142212567
high,1.058,1.060,0,0,0,2.55979887408163,2.583511444103474,0.9469600403866033,1.010664892536589,5.465619534350607,6.546302054816073,5.4656195343513065,6.546302054815235,-0.0113166566755111,1.9297691927691027,-0.011316656672654052,1.9297691927652634,0.8202249843756297,0.82022498437563,1.6700353704680693e-13,1.6700353704680698e-13,0.4881361817975275,0.4881361817975276
high,1.060,1.062,0,0,0,2.564819955278089,2.5885603037743286,0.9463623758832623,1.0099406967053535,5.474598848782322,6.558426401191644,5.4745988487830175,6.558426401190811,-0.01098484628056338,1.9298695629915696,-0.010984846277725377,1.9298695629877567,0.8201850360234407,0.820185036023441,1.6581659838663208e-13,1.6581659838663213e-13,0.48814674062381025,0.48814674062381036
high,1.062,1.064,0,0,0,2.5698475032847825,2.5936156076648946,0.9457652496561799,1.009217344481611,5.483596854440767,6.570569720651036,5.483596854441459,6.570569720650208,-0.010651900545583268,1.9299592529642247,-0.010651900542764211,1.929959252960438,0.8201452169098433,0.8201452169098435,1.646418044332859e-13,1.6464180443328595e-13,0.488157290711045,0.48815729071104513
high,1.064,1.066,0,0,0,2.57488152097874,2.598677358639048,0.9451686616399944,1.008494834892921,5.4926135496634405,6.582732004296401,5.492613549664128,6.582732004295576,-0.010317821941867693,1.9300383273512938,-0.010317821939067481,1.930038327347533,0.8201055263899183,0.8201055263899185,1.634789986046798e-13,1.6347899860467985e-13,0.48816783206993364,0.48816783206993375
high,1.066,1.068,0,0,0,2.579922011235029,2.6037455595591723,0.9445726117568218,1.0077731669586456,5.501648932851446,6.5949132433105,5.50164893285213,6.594913243309681,-0.009982613075906822,1.9301068505189252,-0.009982613073125354,1.9301068505151902,0.820065963823378,0.8200659638233783,1.6232802673536828e-13,1.6232802673536833e-13,0.4881783647108047,0.48817836471080484
high,1.068,1.070,0,0,0,2.584968976926713,2.6088202132860205,0.9439770999166296,1.0070523396900577,5.5107030024723604,6.607113428951864,5.510703002473039,6.607113428951051,-0.009646276679221934,1.9301648865280832,-0.009646276676459106,1.9301648865243737,0.8200265285744044,0.8200265285744046,1.6118873703025902e-13,1.6118873703025908e-13,0.4881888886438029,0.488188888643803
high,1.070,1.072,0,0,0,2.5900224209249014,2.6139013226786068,0.9433821260176659,1.006332352090343,5.5197757570598895,6.619332552553517,5.519775757060565,6.619332552552708,-0.009308815604764445,1.930212499135024,-0.009308815602020154,1.93021249913134,0.8199872200116748,0.819987220011675,1.6006098002350036e-13,1.600609800235004e-13,0.4881994038787633,0.4881994038787634
high,1.072,1.074,0,0,0,2.595082346098592,2.618988890594367,0.9427876899462699,1.0056132031551908,5.528867195209207,6.631570605526827,5.528867195209878,6.631570605526022,-0.00897023283180173,1.930249751801804,-0.008970232829075877,1.9302497517981454,0.8199480375083257,0.8199480375083259,1.589446085381202e-13,1.5894460853812025e-13,0.4882099104252663,0.4882099104252664
high,1.074,1.076,0,0,0,2.600148755314741,2.624082919888886,0.942193791577549,1.004894891872585,5.537977315581059,6.643827579355166,5.537977315581726,6.643827579354366,-0.008630531453626395,1.9302767076863763,-0.00863053145091888,1.930276707682743,0.8199089804418639,0.8199089804418641,1.57839477643333e-13,1.5783947764333306e-13,0.48822040829265445,0.48822040829265456
high,1.076,1.078,0,0,0,2.6052216514381503,2.6291834134160297,0.9416004307752734,1.0041774172232913,5.547106116896543,6.656103465598362,5.547106116897207,6.656103465597567,-0.00828971468365537,1.9302934296543652,-0.008289714680966094,1.9302934296507568,0.8198700481941978,0.8198700481941981,1.5674544461715638e-13,1.5674544461715643e-13,0.488230897489967,0.4882308974899671
high,1.078,1.080,0,0,0,2.6103010373314666,2.6342903740278536,0.9410076073922111,1.0034607781809382,5.556253597939168,6.668398255888883,5.556253597939828,6.668398255888092,-0.007949203171156457,1.9303002820451487,-0.007949203168485318,1.9303002820415651,0.8198312401515245,0.8198312401515248,1.5566236890549296e-13,1.55662368905493e-13,0.4882413780260624,0.4882413780260625
high,1.080,1.082,0,0,0,2.615386915855171,2.639403804574505,0.9404153212704537,1.0027449737121057,5.565419757553425,6.680711941931838,5.56541975755408,6.680711941931051,-0.0076312483893279425,1.9303020868823537,-0.007631248386674829,1.930302086878795,0.8197925557043513,0.8197925557043515,1.5459011208510585e-13,1.545901120851059e-13,0.48825184990948944,0.48825184990948955
high,1.082,1.084,0,0,0,2.6204792898674665,2.644523707904317,0.93982357224136,1.002030002776756,5.574604594642623,6.693044515506078,5.574604594643274,6.693044515505296,-0.007312003173788157,1.930293847760341,-0.007312003171152967,1.9302938477568068,0.8197539942474221,0.8197539942474223,1.5352853782599528e-13,1.5352853782599533e-13,0.48826231314860474,0.48826231314860485
high,1.084,1.086,0,0,0,2.625578162224335,2.649650086863662,0.9392323601260165,1.001315864328171,5.583808108169971,6.705395968461417,5.5838081081706195,6.705395968460639,-0.00699147398799913,1.9302756261888783,-0.0069914739853817656,1.9302756261853684,0.8197155551796957,0.819715555179696,1.524775118545179e-13,1.5247751185451796e-13,0.488272767751507,0.48827276775150713
high,1.086,1.088,0,0,0,2.630683535779437,2.654782944296925,0.9386416847353587,1.0006025573132307,5.593030297157054,6.7177662927188795,5.593030297157699,6.717766292718106,-0.006669667360544927,1.9302474833970082,-0.006669667357945288,1.9302474833935226,0.8196772379043045,0.8196772379043047,1.514369019175741e-13,1.5143690191757416e-13,0.4882832137260626,0.4882832137260627
high,1.088,1.090,0,0,0,2.635795413384123,2.6599222830465297,0.938051545870333,0.9998900806725904,5.6022711606827045,6.730155480270617,5.602271160683345,6.730155480269848,-0.006346589884323721,1.9302094803352026,-0.006346589881741708,1.930209480331741,0.8196390418285182,0.8196390418285184,1.5040657774746011e-13,1.5040657774746016e-13,0.48829365107990186,0.48829365107990197
high,1.090,1.092,0,0,0,2.6409137978873565,2.6650681059528054,0.9374619433221847,0.999178433340811,5.611530697883865,6.7425635231774175,5.611530697884501,6.742563523176653,-0.006022248211947943,1.9301616776729456,-0.006022248209383457,1.9301616776695079,0.8196009663636797,0.81960096636368,1.4938641102656336e-13,1.493864110265634e-13,0.48830407982048357,0.4883040798204837
high,1.092,1.094,0,0,0,2.64603869213574,2.670220415854109,0.9368728768724985,0.9984676142466056,5.620808907951786,6.754990413571725,5.620808907952418,6.754990413570964,-0.005696649060153802,1.9301041358069935,-0.005696649057606743,1.9301041358035795,0.8195630109252439,0.8195630109252441,1.4837627535543633e-13,1.4837627535543638e-13,0.48831449995497583,0.48831449995497594
high,1.094,1.096,0,0,0,2.651170098973406,2.6753792155866156,0.9362843462935486,0.9977576223129354,5.630105790134248,6.767436143653561,5.630105790134877,6.767436143652804,-0.005369991003566887,1.930037635813253,-0.0053699910010371575,1.9300376358098623,0.8195251749326539,0.8195251749326541,1.4737604621741672e-13,1.4737604621741677e-13,0.4883249114903806,0.4883249114903807
high,1.096,1.098,0,0,0,2.6563080212420442,2.6805445079844477,0.9356963513483294,0.9970484564572508,5.639421343732641,6.779900705692625,5.639421343733266,6.7799007056918725,-0.005042235745051293,1.9299620622160665,-0.005042235742538793,1.9299620622126996,0.819487457809364,0.8194874578093643,1.4638560094764808e-13,1.4638560094764813e-13,0.488335314433477,0.4883353144334771
high,1.098,1.100,0,0,0,2.661452461780854,2.68571629587944,0.9351088917909967,0.9963401155914727,5.648755568103824,6.792384092024604,5.648755568104447,6.792384092023856,-0.004713245173077597,1.9298769280352384,-0.004713245170582228,1.9298769280318946,0.8194498589827763,0.8194498589827766,1.4540481870005197e-13,1.4540481870005202e-13,0.4883457087908282,0.48834570879082834
high,1.100,1.102,0,0,0,2.6666034234265563,2.6908945821012744,0.9345219673668633,0.9956325986222615,5.658108462657935,6.804886295052519,5.658108462658554,6.804886295051775,-0.004383026186706334,1.9297822924593222,-0.004383026184227998,1.9297822924560017,0.8194123778842148,0.8194123778842151,1.4443358041662845e-13,1.444335804166285e-13,0.4883560945688025,0.48835609456880263
high,1.102,1.104,0,0,0,2.6717609090132606,2.696079369477474,0.9339355778124413,0.9949259044513334,5.667480026855699,6.817407307248351,5.667480026856315,6.817407307247612,-0.004051585742325138,1.929678214412077,-0.004051585739863735,1.9296782144087794,0.8193750139489046,0.8193750139489048,1.4347176879736076e-13,1.4347176879736082e-13,0.48836647177356707,0.4883664717735672
high,1.104,1.106,0,0,0,2.676924921372517,2.7012706608332286,0.9333497228558939,0.9942200319753585,5.67687026021048,6.82994712114932,5.676870260211092,6.829947121148583,-0.003718930847163364,1.9295647525475537,-0.003718930844718798,1.929564752544279,0.8193377666159335,0.8193377666159337,1.425192682694829e-13,1.4251926826948295e-13,0.48837684041106166,0.4883768404110618
high,1.106,1.108,0,0,0,2.6820954633333005,2.70646845899139,0.9327644022171847,0.99351498008612,5.686279162289041,6.842505729355799,5.686279162289649,6.842505729355067,-0.0033850685553278364,1.929441965248214,-0.003385068552900009,1.929441965244962,0.8193006353281593,0.8193006353281596,1.415759649568041e-13,1.4157596495680415e-13,0.4883872004871164,0.48838720048711654
high,1.108,1.110,0,0,0,2.6872725377218982,2.7116727667725793,0.9321796156079786,0.9928107476709083,5.695706732705238,6.855083124537131,5.695706732705843,6.855083124536404,-0.0030500059769103484,1.9293099106384632,-0.0030500059744991612,1.9293099106352336,0.8192636195322919,0.8192636195322921,1.4064174665374395e-13,1.40641746653744e-13,0.48839755200728274,0.48839755200728285
high,1.110,1.112,0,0,0,2.6924561473619497,2.716883586994964,0.931595362732138,0.9921073336123796,5.70515297112533,6.867679299424289,5.705152971125932,6.867679299423565,-0.0027137502655948855,1.929168646572678,-0.0027137502632002416,1.929168646569471,0.8192267186787421,0.8192267186787423,1.3971650279387856e-13,1.397165027938786e-13,0.48840789497699494,0.48840789497699505
high,1.112,1.114,0,0,0,2.697646295074419,2.722100922474413,0.9310116432856387,0.9914047367888833,5.714617877262893,6.880294246814464,5.714617877263491,6.880294246813745,-0.0023763086256277256,1.9290182306461787,-0.0023763086232495272,1.9290182306429937,0.8191899322216892,0.8191899322216895,1.3880012442465112e-13,1.3880012442465117e-13,0.48841822940144936,0.48841822940144947
high,1.114,1.116,0,0,0,2.7028429836775296,2.7273247760242927,0.9304284569569282,0.990702956074474,5.724101450881456,6.892927959566682,5.724101450882051,6.8929279595659665,-0.002037688304407639,1.928858720189083,-0.0020376883020457896,1.9288587201859202,0.8191532596189721,0.8191532596189723,1.3789250417816645e-13,1.378925041781665e-13,0.4884285552857014,0.4884285552857015
high,1.116,1.118,0,0,0,2.7080462159867578,2.7325551504555667,0.9298458034269329,0.9900019903391503,5.733603691791498,6.905580430604064,5.73360369179209,6.905580430603352,-0.0016978965956300164,1.9286901722727,-0.0016978965932844187,1.928690172269559,0.8191167003320975,0.8191167003320977,1.3699353624555003e-13,1.3699353624555008e-13,0.48843887263461444,0.48843887263461455
high,1.118,1.120,0,0,0,2.7132559948147943,2.737792048576731,0.9292636823692514,0.9893018384489666,5.743124599850786,6.918251652912191,5.743124599851374,6.918251652911482,-0.001356940836281813,1.9285126437085667,-0.0013569408339523699,1.9285126437054476,0.8190802538261982,0.8190802538261984,1.3610311635041655e-13,1.361031163504166e-13,0.48844918145290495,0.48844918145290506
high,1.120,1.122,0,0,0,2.718472322971569,2.7430354731937427,0.928682093450419,0.9886024992660526,5.752664174964203,6.930941619538037,5.752664174964789,6.9309416195373315,-0.001014828404570483,1.928326191048559,-0.0010148284022570974,1.9283261910454614,0.8190439195700043,0.8190439195700046,1.3522114172296428e-13,1.3522114172296433e-13,0.4884594817450856,0.4884594817450857
high,1.122,1.124,0,0,0,2.7236952032641395,2.7482854271100416,0.9281010363299058,0.9879039716489054,5.762222417082159,6.943650323590585,5.762222417082741,6.9436503235898845,-0.0006715667205103698,1.9281308705881635,-0.0006715667182129458,1.9281308705850877,0.8190076970358039,0.8190076970358041,1.3434751107486778e-13,1.3434751107486783e-13,0.4884697735155362,0.48846977351553633
high,1.124,1.126,0,0,0,2.728924638496725,2.7535419131264787,0.9275205106603829,0.9872062544523958,5.771799326200697,6.956377758239481,5.7717993262012754,6.956377758238784,-0.0003271632434299286,1.92792673836603,-0.00032716324114837053,1.9279267383629755,0.8189715856994226,0.8189715856994229,1.334821245744757e-13,1.3348212457447575e-13,0.4884800567684572,0.4884800567684573
high,1.126,1.128,0,0,0,2.734160631470676,2.7588049340414127,0.9269405160877053,0.9865093465280137,5.78139490235942,6.969123916716326,5.781394902359995,6.969123916715632,1.5243005433189046e-05,1.9277138501683524,1.5243007312836884e-05,1.927713850165319,0.8189355850402023,0.8189355850402025,1.3262488382297802e-13,1.3262488382297807e-13,0.4884903315078934,0.4884903315078935
high,1.128,1.130,0,0,0,2.739403184984433,2.7640744926504413,0.9263610522513522,0.9858132467237836,5.791009145644022,6.981888792310391,5.791009145644595,6.981888792309701,0.00030277544791295496,1.9274922615230945,0.00030277544977951217,1.9274922615200825,0.8188996945409335,0.8188996945409337,1.3177569182929846e-13,1.3177569182929852e-13,0.4885005977377389,0.488500597737739
high,1.130,1.132,0,0,0,2.7446523018334834,2.7693505917466403,0.925782118784206,0.9851179538846608,5.8006420561815695,6.994672378373037,5.800642056182139,6.994672378372351,0.000586658474747858,1.9272642595714093,0.0005866584766014059,1.927264259568418,0.8188639136878733,0.8188639136878735,1.309344529882961e-13,1.3093445298829616e-13,0.4885108554617325,0.4885108554617326
high,1.132,1.134,0,0,0,2.749907984810402,2.7746332341203486,0.9252037153130008,0.984423466852385,5.810293634143538,7.007474668312996,5.810293634144104,7.007474668312314,0.0008526038276550082,1.9270370578949942,0.0008526038294956235,1.927037057892024,0.8188282419706802,0.8188282419706804,1.301010730565323e-13,1.3010107305653235e-13,0.4885211046834619,0.488521104683462
high,1.134,1.136,0,0,0,2.7551702367047777,2.7799224225592485,0.9246258414582749,0.9837297844657591,5.819963879743164,7.020295655598311,5.819963879743727,7.020295655597631,0.0011195147985189992,1.9268013239172666,0.0011195148003467644,1.926801323914317,0.8187926788824048,0.818792678882405,1.2927545913049019e-13,1.2927545913049024e-13,0.4885313454063757,0.4885313454063758
high,1.136,1.138,0,0,0,2.7604390603031677,2.7852181598482795,0.92404849683456,0.9830369055607368,5.829652793234879,7.0331353337557285,5.829652793235439,7.033135333755053,0.001387383341520013,1.9265571120394736,0.0013873833433350098,1.9265571120365443,0.8187572239194586,0.8187572239194588,1.2845751962432299e-13,1.2845751962432304e-13,0.4885415776337581,0.4885415776337582
high,1.138,1.140,0,0,0,2.7657144583891533,2.7905204487696387,0.9234716810505607,0.982344828970452,5.83936037491574,7.04599369636814,5.839360374916297,7.045993696367469,0.0016562014188763346,1.926304476423073,0.0016562014206786444,1.926304476420164,0.8187218765815579,0.8187218765815582,1.2764716424755906e-13,1.2764716424755911e-13,0.4885518013688032,0.48855180136880333
high,1.140,1.142,0,0,0,2.770996433743222,2.7958292921027783,0.9228953937091611,0.9816535535254762,5.849086625121427,7.05887073707785,5.8490866251219815,7.058870737077181,0.0019259609961599436,1.9260434709976995,0.001925960997949648,1.9260434709948109,0.8186866363717508,0.818686636371751,1.268443039850948e-13,1.2684430398509485e-13,0.488562016614514,0.4885620166145141
high,1.142,1.144,0,0,0,2.7762849891428605,2.8011446926243204,0.9223196344077449,0.9809630780537166,5.858831544229312,7.071766449582114,5.858831544229862,7.071766449581449,0.002196654047768355,1.9257741494545542,0.0021966540495455345,1.9257741494516856,0.8186515027963441,0.8186515027963444,1.260488510750936e-13,1.2604885107509364e-13,0.48857222337376816,0.48857222337376827
high,1.144,1.146,0,0,0,2.781580127362401,2.806466653108069,0.9217444027381493,0.9802734013807247,5.86859513265583,7.084680827634953,5.868595132656378,7.084680827634292,0.0024682725542022415,1.9254965652515708,0.002468272555966977,1.9254965652487224,0.8186164753648729,0.8186164753648731,1.252607189887869e-13,1.2526071898878696e-13,0.48858242164934884,0.48858242164934895
high,1.146,1.148,0,0,0,2.7868818511730713,2.8117951763250564,0.9211696982867656,0.9795845223297753,5.87837739085477,7.0976138650481175,5.878377390855315,7.097613865047459,0.0027408085005687145,1.9252107716168152,0.0027408085023210866,1.9252107716139866,0.8185815535901213,0.8185815535901215,1.244798224112582e-13,1.2447982241125824e-13,0.4885926114438704,0.4885926114438705
high,1.148,1.150,0,0,0,2.7921901633430006,2.817130265043338,0.9205955206349231,0.9788964397217597,5.8881783193205015,7.11056555568624,5.888178319321044,7.110565555685586,0.003014253882313214,1.9249168215414416,0.0030142538840533025,1.9249168215386327,0.8185467369880407,0.8185467369880409,1.2370607722023954e-13,1.237060772202396e-13,0.4886027927598257,0.4886027927598258
high,1.150,1.152,0,0,0,2.797505066637131,2.8224719220281678,0.9200218693586886,0.9782091523755596,5.897997918583785,7.123535893470682,5.897997918584325,7.123535893470031,0.0032886007001201307,1.9246147677883076,0.003288600701848015,1.9246147677855183,0.8185120250777527,0.8185120250777529,1.2293940046784138e-13,1.2293940046784143e-13,0.4886129655996058,0.48861296559960593
high,1.152,1.154,0,0,0,2.8028265638172694,2.827820150041883,0.9194487440291728,0.9775226591079654,5.9078361892128335,7.1365248723772305,5.90783618921337,7.136524872376583,0.0035638409624523734,1.924304662889519,0.003563840964168133,1.9243046628867493,0.818477417381524,0.8184774173815242,1.2217971036121659e-13,1.2217971036121664e-13,0.48862312996544865,0.48862312996544877
high,1.154,1.156,0,0,0,2.8081546576419765,2.833174951843806,0.918876144212656,0.9768369587338163,5.917693131813852,7.149532486434359,5.917693131814386,7.149532486433715,0.0038399666873345883,1.923986559145075,0.003839966689038302,1.9239865591423246,0.8184429134246992,0.8184429134246994,1.2142692624316147e-13,1.2142692624316152e-13,0.48863328585952615,0.48863328585952626
high,1.156,1.158,0,0,0,2.8134893508666425,2.838536330190385,0.9183040694705883,0.9761520500661236,5.9275687470277,7.162558729726157,5.92756874702823,7.162558729725515,0.004116969898457059,1.923660508629714,0.004116969900148804,1.9236605086269827,0.8184085127357498,0.81840851273575,1.2068096857529553e-13,1.2068096857529558e-13,0.48864343328382565,0.48864343328382576
high,1.158,1.160,0,0,0,2.818830646243369,2.8439042878350898,0.9177325193597112,0.9754679319162123,5.937463035531036,7.175603596389931,5.9374630355315645,7.175603596389293,0.004394842627821428,1.9233265631903174,0.004394842629501285,1.9233265631876049,0.8183742148461824,0.8183742148461827,1.1994175891890208e-13,1.1994175891890213e-13,0.488653572240278,0.4886535722402781
high,1.160,1.162,0,0,0,2.8241785465210714,2.8492788275283822,0.9171614934322941,0.9747846030936497,5.947375998036361,7.188667080615229,5.947375998036886,7.188667080614595,0.004673576916671341,1.9229847744457564,0.004673576918339386,1.922984774443063,0.8183400192905455,0.8183400192905457,1.1920921991757556e-13,1.1920921991757562e-13,0.4886637027306685,0.4886637027306686
high,1.162,1.164,0,0,0,2.829533054445318,2.854659952017645,0.9165909912361723,0.9741020624064677,5.957307635290683,7.2017491766441735,5.9573076352912055,7.201749176643542,0.004953164814609932,1.9226351937893573,0.004953164816266243,1.9226351937866828,0.8183059256063903,0.8183059256063905,1.184832752798064e-13,1.1848327527980645e-13,0.488673824756679,0.4886738247566791
high,1.164,1.166,0,0,0,2.83489417275846,2.8600476640473014,0.9160210123148156,0.9734203086611928,5.967257948075554,7.214849878770771,5.967257948076075,7.214849878770143,0.005233598380386039,1.9222778723889973,0.005233598382030694,1.9222778723863414,0.8182719333342476,0.8182719333342479,1.1776384976200677e-13,1.1776384976200682e-13,0.4886839383199079,0.48868393831990803
high,1.166,1.168,0,0,0,2.840261904199475,2.8654419663586657,0.91545155620747,0.9727393406629821,5.977226937205541,7.227969181341355,5.977226937206058,7.22796918134073,0.005514869680790141,1.9219128611898497,0.005514869682423216,1.9219128611872125,0.8182380420176153,0.8182380420176155,1.1705086915196738e-13,1.1705086915196743e-13,0.48869404342182166,0.48869404342182177
high,1.168,1.170,0,0,0,2.845636251504011,2.8708428616899893,0.9148826224492294,0.9720591572156982,5.98721460352848,7.241107078753507,5.987214603528995,7.241107078752885,0.0057969707918118785,1.9215402109139235,0.00579697079343345,1.9215402109113044,0.8182042512029138,0.8182042512029141,1.1634426025214625e-13,1.163442602521463e-13,0.4887041400638092,0.4887041400638093
high,1.170,1.172,0,0,0,2.8510172174044413,2.8762503527764296,0.9143142105712252,0.9713797571218824,5.997220947925841,7.254263565454761,5.997220947926353,7.254263565454142,0.006079893799927083,1.921159972059365,0.006079893801537229,1.9211599720567645,0.8181705604394842,0.8181705604394844,1.1564395086375034e-13,1.156439508637504e-13,0.4887142282471481,0.4887142282471482
high,1.172,1.174,0,0,0,2.856404804629667,2.8816644423499964,0.913746320100596,0.9707011391830359,6.007245971309659,7.2674386359448695,6.007245971310168,7.267438635944254,0.006363630798863938,1.920772194906309,0.006363630800462734,1.9207721949037264,0.81813696927955,0.8181369692795503,1.1494986977094104e-13,1.149498697709411e-13,0.4887243079729987,0.4887243079729988
high,1.174,1.176,0,0,0,2.8617990159052726,2.8870851331396077,0.9131789505606577,0.9700233021995461,6.017289674624683,7.280632284772774,6.017289674625189,7.280632284772161,0.006648173893203287,1.920376929512851,0.006648173894790808,1.9203769295102866,0.8181034772781969,0.8181034772781971,1.142619467251695e-13,1.1426194672516954e-13,0.48873437924246077,0.4887343792424609
high,1.176,1.178,0,0,0,2.8671998539534553,2.89251242787096,0.912612101471081,0.9693462449707378,6.027352058847865,7.293844506536056,6.027352058848368,7.2938445065354465,0.006933515198588078,1.9199742257158847,0.006933515200164399,1.919974225713338,0.8180700839933369,0.8180700839933371,1.1358011242960228e-13,1.135801124296023e-13,0.48874444205652984,0.48874444205652995
high,1.178,1.180,0,0,0,2.872607321492911,2.8979463292666243,0.9120457723477629,0.9686699662951657,6.037433124984667,7.307075295884195,6.037433124985168,7.307075295883589,0.007219646837465959,1.9195641331384348,0.007219646839031157,1.919564133135906,0.8180367889857163,0.8180367889857165,1.1290429852502576e-13,1.1290429852502578e-13,0.48875449641609525,0.48875449641609536
high,1.180,1.182,0,0,0,2.8780214212390214,2.9033868400459335,0.9114799627032135,0.9679944649703622,6.047532874073862,7.320324647512429,6.047532874074361,7.320324647511826,0.007506795832768609,1.9191463294845965,0.007506795834322756,1.9191463294820852,0.8180035918188534,0.8180035918188536,1.1223443757395303e-13,1.1223443757395305e-13,0.4887645423219855,0.48876454232198563
high,1.182,1.184,0,0,0,2.8834421559035968,2.908833962925073,0.910914672046302,0.9673197397932969,6.057651307180775,7.333592556168276,6.057651307181271,7.333592556167675,0.007795240300362244,1.918720412488837,0.007795240301905414,1.9187204124863435,0.8179704920590555,0.8179704920590557,1.115704630474326e-13,1.1157046304743263e-13,0.48877457977491406,0.4887745797749142
high,1.184,1.186,0,0,0,2.8888695281950767,2.914287700616909,0.9103498998827264,0.9666457895600526,6.06778842540346,7.346879016643819,6.067788425403954,7.346879016643221,0.008084973321467577,1.9182864313382826,0.008084973322999844,1.9182864313358066,0.8179374892753531,0.8179374892753534,1.1091230930947893e-13,1.1091230930947895e-13,0.4887846087755376,0.4887846087755377
high,1.186,1.188,0,0,0,2.894303540818347,2.9197480558311106,0.9097856457147807,0.9659726130662223,6.077944229866757,7.360184023781459,6.077944229867248,7.360184023780865,0.008375987254823726,1.9178444361274152,0.008375987256345164,1.9178444361249563,0.817904583039514,0.8179045830395142,1.102599116042628e-13,1.1025991160426282e-13,0.48879462932441203,0.48879462932441214
high,1.188,1.190,0,0,0,2.8997441964748356,2.9252150312740786,0.9092219090416126,0.9653002091067918,6.088118721724657,7.373507572470459,6.088118721725145,7.373507572469867,0.008668274412202252,1.917394476790483,0.008668274413712932,1.9173944767880413,0.8178717729260138,0.817871772926014,1.0961320604199619e-13,1.0961320604199622e-13,0.48880464142200536,0.48880464142200547
high,1.190,1.192,0,0,0,2.905191497862456,2.930688629648917,0.9086586893592771,0.9646285764762563,6.098311902160073,7.386849657646327,6.0983119021605585,7.3868496576457385,0.008961827059309311,1.9169366031017403,0.008961827060809306,1.9169366030993158,0.8178390585119854,0.8178390585119856,1.0897212958506605e-13,1.0897212958506608e-13,0.4888146450687462,0.48881464506874633
high,1.192,1.194,0,0,0,2.910645447675532,2.936168853655446,0.908095986160738,0.9639577139687794,6.108523772381663,7.400210274293449,6.1085237723821475,7.4002102742928635,0.009256637412771693,1.9164708646813382,0.009256637414261077,1.9164708646789306,0.8178064393772433,0.8178064393772435,1.0833662003569944e-13,1.0833662003569946e-13,0.48882464026494166,0.48882464026494177
high,1.194,1.196,0,0,0,2.9161060486049704,2.9416557059901436,0.9075337989361647,0.9632876203779985,6.118754333628126,7.413589417439635,6.118754333628607,7.413589417439052,0.009552697646947564,1.9159973109869513,0.009552697648426405,1.9159973109845603,0.8177739151042236,0.8177739151042238,1.0770661602196798e-13,1.07706616021968e-13,0.4888346270108451,0.48883462701084524
high,1.196,1.198,0,0,0,2.921573303337981,2.94714918934618,0.906972127172716,0.9626182944974541,6.129003587162639,7.4269870821612916,6.129003587163118,7.426987082160711,0.009849999887855242,1.9155159913240984,0.009849999889323616,1.9155159913217243,0.8177414852779775,0.8177414852779777,1.0708205698580235e-13,1.0708205698580237e-13,0.488844605306651,0.48884460530665114
high,1.198,1.200,0,0,0,2.927047214558277,2.9526493064133486,0.9064109703548733,0.9619497351203488,6.139271534275785,7.440403263579461,6.139271534276261,7.440403263578884,0.010148536218178026,1.9150269548403451,0.010148536219636002,1.9150269548379875,0.8177091494861591,0.8177091494861594,1.0646288317013534e-13,1.0646288317013536e-13,0.4888545751524455,0.4888545751524456
high,1.200,1.202,0,0,0,2.9325277849459557,2.958156059878101,0.9058503279643672,0.9612819410397778,6.149558176284144,7.453837956860595,6.149558176284617,7.453837956860021,0.010448298676600921,1.9145302505277553,0.010448298678048569,1.9145302505254143,0.817676907318979,0.8176769073189792,1.0584903560645122e-13,1.0584903560645125e-13,0.4888645365482898,0.48886453654828993
high,1.202,1.204,0,0,0,2.9380150171775483,2.963669452423521,0.9052901994803196,0.9606149110487073,6.159863514529601,7.467291157216522,6.159863514530072,7.467291157215951,0.010749279258081654,1.914025927223938,0.010749279259519044,1.9140259272216134,0.8176447583692243,0.8176447583692246,1.0524045610319701e-13,1.0524045610319704e-13,0.4888744894941401,0.4888744894941402
high,1.204,1.206,0,0,0,2.943508913925954,2.9691894867292166,0.9047305843793871,0.9599486439400156,6.170187550380422,7.480762859902319,6.170187550380892,7.480762859901749,0.011051469916546567,1.9135140336095722,0.01105146991797377,1.9135140336072638,0.8176127022321867,0.817612702232187,1.0463708723300456e-13,1.0463708723300458e-13,0.48888443398990084,0.48888443398990095
high,1.206,1.208,0,0,0,2.949009477860403,2.974716165471494,0.904171482135587,0.9592831385067412,6.1805302852279524,7.49425306021944,6.18053028522842,7.494253060218873,0.011354862561643501,1.9129946182145883,0.011354862563060588,1.912994618212296,0.8175807385056761,0.8175807385056764,1.0403887232191238e-13,1.040388723219124e-13,0.4888943700354458,0.4888943700354459
high,1.208,1.210,0,0,0,2.954516711646545,2.980249491323178,0.9036128922206568,0.9586183935418796,6.190891720488579,7.507761753512575,6.190891720489043,7.507761753512011,0.011659449062605381,1.9124677294139298,0.01165944906401242,1.9124677294116537,0.817548866790012,0.8175488667900123,1.0344575543759199e-13,1.0344575543759202e-13,0.4889042976305188,0.4889042976305189
high,1.210,1.212,0,0,0,2.96003061794633,2.9857894669536424,0.9030548141039763,0.9579544078386052,6.201271857603398,7.521288935169303,6.20127185760386,7.521288935168743,0.011965221248984087,1.9119334154279153,0.011965221250381143,1.911933415425655,0.817517086687955,0.8175170866879552,1.0285768137758686e-13,1.0285768137758688e-13,0.4889142167748755,0.4889142167748756
high,1.212,1.214,0,0,0,2.965551199418071,2.99133609502881,0.9024972472526913,0.9572911801902464,6.211670698036521,7.534834600621217,6.211670698036981,7.534834600620659,0.01227217090965469,1.9113917243250687,0.012272170911041836,1.9113917243228242,0.8174853978047415,0.8174853978047417,1.0227459565894315e-13,1.0227459565894318e-13,0.4889241274681525,0.4889241274681526
high,1.214,1.216,0,0,0,2.9710784587163848,2.996889378211166,0.9019401911317074,0.9566287093904204,6.222088243275381,7.548398745342888,6.222088243275838,7.5483987453423325,0.012580289794403926,1.9108427040212075,0.012580289795781227,1.9108427040189786,0.8174537997480228,0.817453799748023,1.0169644450681365e-13,1.0169644450681368e-13,0.48893402970997507,0.4889340297099752
high,1.216,1.218,0,0,0,2.9766123984922133,3.002449319159683,0.9013836452038565,0.9559669942329966,6.2325244948304,7.561981364851401,6.232524494830856,7.5619813648508485,0.012889569614743681,1.910286402279609,0.012889569616111207,1.9102864022773958,0.8174222921278709,0.8174222921278711,1.0112317484397238e-13,1.011231748439724e-13,0.4889439234998804,0.48894392349988053
high,1.218,1.220,0,0,0,2.982153021392772,3.008015920529849,0.9008276089298862,0.9553060335122253,6.242979454234434,7.575582454706283,6.242979454234887,7.575582454705733,0.01320000204437435,1.9097228667117039,0.013200002045732165,1.9097228667095063,0.8173908745567477,0.817390874556748,1.0055473428023754e-13,1.0055473428023756e-13,0.4889538088373752,0.4889538088373753
high,1.220,1.222,0,0,0,2.987700330061546,3.013589184973636,0.9002720817685486,0.9546458260227682,6.253453123042306,7.5892020105092595,6.253453123042756,7.589202010508712,0.01351157871983638,1.9091521447774755,0.013511578721184555,1.9091521447752933,0.817359546649483,0.8173595466494832,9.999107110204254e-14,9.999107110204257e-14,0.48896368572191456,0.4889636857219147
high,1.222,1.224,0,0,0,2.99325432713837,3.019169115139482,0.8997170631767484,0.9539863705596386,6.2639455028315405,7.602840027902783,6.26394550283199,7.602840027902238,0.013824291242597951,1.9085742837837403,0.013824291243936549,1.9085742837815731,0.8173283080232734,0.8173283080232736,9.943213426239753e-14,9.943213426239756e-14,0.48897355415287624,0.48897355415287636
high,1.224,1.226,0,0,0,2.9988150152592294,3.0247557136723557,0.8991625526093616,0.953327665918528,6.274456595198669,7.616496502573371,6.274456595199116,7.616496502572828,0.014138131175624858,1.9079893308905014,0.014138131176953946,1.9079893308883495,0.8172971582976503,0.8172971582976505,9.887787337107752e-14,9.887787337107755e-14,0.48898341412961044,0.48898341412961055
high,1.226,1.228,0,0,0,3.004382397056439,3.0303489832135155,0.8986085495197145,0.9526697108954513,6.284986401765069,7.63017143024429,6.284986401765514,7.63017143024375,0.014453090052027313,1.9073973330996048,0.014453090053346957,1.9073973330974678,0.8172660970944421,0.8172660970944423,9.83282386838946e-14,9.832823868389463e-14,0.48899326565142304,0.48899326565142315
high,1.228,1.230,0,0,0,3.009956475158549,3.035948926400902,0.8980550533591165,0.9520125042872176,6.295534924168949,7.643864806684198,6.295534924169392,7.643864806683661,0.014769159365951382,1.9067983372693984,0.014769159367261647,1.9067983372672765,0.8172351240378076,0.8172351240378078,9.778318109454291e-14,9.778318109454294e-14,0.4890031087175676,0.4890031087175677
high,1.230,1.232,0,0,0,3.01553725219028,3.0415555458686674,0.8975020635773938,0.9513560448911671,6.306102164071129,7.657576627699378,6.30610216407157,7.657576627698844,0.015086330581396598,1.9061923901030864,0.015086330582697548,1.9061923901009794,0.8172042387541625,0.8172042387541627,9.724265212366166e-14,9.724265212366168e-14,0.48901294332725,0.4890129433272501
high,1.232,1.234,0,0,0,3.021124730772646,3.047168844247458,0.8969495796227273,0.9507003315053011,6.316688123152421,7.6713068891364795,6.3166881231528595,7.6713068891359475,0.015404595129871941,1.9055795381534726,0.015404595131163644,1.9055795381513803,0.8171734408721975,0.8171734408721977,9.670660391029637e-14,9.67066039102964e-14,0.48902276947963,0.48902276947963014
high,1.234,1.236,0,0,0,3.0267189135227754,3.052788824164331,0.8963976009416469,0.9500453629284641,6.327292803111925,7.685055586883476,6.327292803112361,7.685055586882947,0.01572394440963023,1.9049598278253512,0.01572394441091275,1.9049598278232733,0.81714273002284,0.8171427300228402,9.617498920255862e-14,9.617498920255864e-14,0.48903258717384335,0.48903258717384346
high,1.236,1.238,0,0,0,3.032319803054096,3.058415488242746,0.8958461269792535,0.9493911379601623,6.3379162056691225,7.698822716866853,6.337916205669557,7.698822716866325,0.01604436978939816,1.9043333053713043,0.016044369790671555,1.9043333053692413,0.8171121058392614,0.8171121058392616,9.564776134868184e-14,9.564776134868187e-14,0.489042396408958,0.48904239640895814
high,1.238,1.240,0,0,0,3.0379274019761175,3.0640488391024956,0.8952951571791614,0.9487376554007998,6.348558332562102,7.712608275052648,6.348558332562534,7.712608275052123,0.01636586260752382,1.9037000168942095,0.01636586260878816,1.9037000168921607,0.81708156795682,0.8170815679568202,9.512487428780099e-14,9.512487428780102e-14,0.48905219718404014,0.48905219718404025
high,1.240,1.242,0,0,0,3.0435417128946347,3.069688879359766,0.8947446909836524,0.9480849140515352,6.359219185548172,7.726412257445381,6.359219185548602,7.726412257444859,0.016688414173819537,1.9030600083457783,0.01668841417507488,1.903060008343744,0.81705111601309,0.8170511160130902,9.460628254170117e-14,9.460628254170119e-14,0.48906198949807306,0.48906198949807317
high,1.242,1.244,0,0,0,3.049162738411526,3.075335611627097,0.894194727833602,0.947432912714514,6.369898766402332,7.740234660088916,6.369898766402759,7.7402346600883964,0.017012015768992566,1.9024133255286355,0.017012015770238975,1.9024133255266154,0.817020749647803,0.8170207496478032,9.409194120588089e-14,9.409194120588091e-14,0.489071773350041,0.4890717733500411
high,1.244,1.246,0,0,0,3.0547904811248485,3.080989038513397,0.8936452671685896,0.9467816501928146,6.380597076917269,7.754075479065916,6.380597076917694,7.754075479065399,0.017336658645815285,1.9017600140958228,0.017336658647052826,1.901760014093817,0.8169904685028619,0.8169904685028622,9.358180594145133e-14,9.358180594145136e-14,0.4890815487388776,0.4890815487388777
high,1.246,1.248,0,0,0,3.0604249436288224,3.086649162623849,0.8930963084270389,0.9461311252904255,6.391314118904704,7.767934710495617,6.391314118905128,7.767934710495102,0.017662334032046173,1.9011001195477308,0.017662334033274905,1.9011001195457389,0.8169602722222992,0.8169602722222994,9.307583296638216e-14,9.307583296638219e-14,0.48909131566349145,0.48909131566349157
high,1.248,1.250,0,0,0,3.066066128513802,3.092315986560054,0.89254785104608,0.9454813368124301,6.402049894191684,7.7818123505374635,6.402049894192106,7.78181235053695,0.01798903312704024,1.9004336872382817,0.017989033128260227,1.9004336872363035,0.8169301604522958,0.816930160452296,9.257397904810417e-14,9.25739790481042e-14,0.48910107412273246,0.48910107412273257
high,1.250,1.252,0,0,0,3.0717140383662622,3.097989512919833,0.8919998944618048,0.9448322835648987,6.41280440462439,7.795708395386043,6.4128044046248105,7.7957083953855335,0.01831674710773476,1.8997607623673454,0.018316747108946062,1.8997607623653812,0.8169001328411092,0.8169001328411094,9.20762014944565e-14,9.207620149445652e-14,0.48911082411546103,0.48911082411546114
high,1.252,1.254,0,0,0,3.077368675768793,3.103669744297357,0.8914524381091625,0.9441839643550346,6.423577652064323,7.809622841274848,6.423577652064742,7.80962284127434,0.01864546712513967,1.8990813899870713,0.018645467126342345,1.8990813899851209,0.8168701890391133,0.8168701890391136,9.158245814677884e-14,9.158245814677887e-14,0.48912056564047673,0.48912056564047685
high,1.254,1.256,0,0,0,3.0830300433001154,3.109356683283084,0.8909054814220896,0.9435363779911365,6.4343696383898195,7.823555684473938,6.434369638390235,7.8235556844734315,0.018975168579168707,1.898395625897584,0.01897516858036282,1.8983956258956471,0.8168403286987534,0.8168403286987537,9.109270737164974e-14,9.109270737164977e-14,0.4891302986965479,0.489130298696548
high,1.256,1.258,0,0,0,3.0886981435350305,3.115050332463779,0.8903590238334842,0.9428895232827115,6.44518036549543,7.837506921290055,6.445180365495844,7.8375069212895525,0.019305556827256324,1.8977037135273414,0.019305556828441935,1.897703713525418,0.8168105514745198,0.81681055147452,9.060690805323738e-14,9.06069080532374e-14,0.48914002328246303,0.48914002328246314
high,1.258,1.260,0,0,0,3.0943729790445067,3.120750694422419,0.8898130647754275,0.9422433990403308,6.456009835292131,7.851476548065692,6.4560098352925435,7.8514765480651905,0.0196369259318555,1.8970054881163505,0.01963692593303266,1.8970054881144407,0.8167808570229753,0.8167808570229755,9.012501958613279e-14,9.012501958613281e-14,0.48914973939690093,0.48914973939690104
high,1.260,1.262,0,0,0,3.1000545523954717,3.126457771738311,0.8892676036789287,0.9415980040759849,6.466858049704724,7.865464561181425,6.4668580497051344,7.865464561180927,0.01996926697447614,1.8963009940870077,0.019969266975644922,1.8963009940851112,0.8167512450026854,0.8167512450026856,8.964700186768048e-14,8.964700186768051e-14,0.48915944703859154,0.48915944703859165
high,1.262,1.264,0,0,0,3.105742866151042,3.132171566986996,0.888722639974253,0.9409533372027895,6.477725010674547,7.879470957052389,6.4777250106749555,7.879470957051892,0.020302571018019057,1.8955902757087943,0.02030257101917951,1.8955902757069112,0.8167217150742428,0.8167217150742431,8.91728152908541e-14,8.917281529085413e-14,0.4891691462061971,0.4891691462061972
high,1.264,1.266,0,0,0,3.1114379228703632,3.137892082740241,0.888178173090847,0.9403093972351811,6.488610720158282,7.893495732128899,6.488610720158689,7.893495732128406,0.020636829106602812,1.8948733770996773,0.020636829107755,1.8948733770978072,0.8166922669002209,0.8166922669002211,8.87024207368864e-14,8.870242073688643e-14,0.4891788368983957,0.4891788368983958
high,1.266,1.268,0,0,0,3.1171397251086477,3.1436193215660904,0.8876342024573435,0.9396661829889541,6.499515180125661,7.907538882898488,6.499515180126065,7.907538882897996,0.020972032264030646,1.8941503422294856,0.020972032265174623,1.8941503422276287,0.8166629001452,0.8166629001452003,8.823577956885156e-14,8.823577956885158e-14,0.48918851911379596,0.48918851911379607
high,1.268,1.270,0,0,0,3.122848275417198,3.1493532860287674,0.8870907275017366,0.9390236932811787,6.510438392562805,7.92160040588159,6.510438392563208,7.9216004058811,0.021308171498994694,1.8934212149133882,0.02130817150013052,1.8934212149115441,0.8166336144757063,0.8166336144757065,8.777285362396748e-14,8.77728536239675e-14,0.48919819285101634,0.48919819285101646
high,1.270,1.272,0,0,0,3.1285635763433,3.155093978688767,0.886547747651228,0.9383819269304224,6.521380359467581,7.935680297636122,6.521380359467981,7.935680297635634,0.02164523780078573,1.8926860388193125,0.021645237801913464,1.8926860388174813,0.8166044095602341,0.8166044095602343,8.731360520758306e-14,8.731360520758309e-14,0.4892078581086353,0.48920785810863543
high,1.272,1.274,0,0,0,3.1342856304303273,3.160841402102763,0.8860052623324464,0.9377408827565958,6.532341082853503,7.949778554752627,6.532341082853902,7.949778554752141,0.021983222145114497,1.8919448574604936,0.021983222146234195,1.8919448574586752,0.8165752850691969,0.8165752850691971,8.685799708579169e-14,8.685799708579171e-14,0.4892175148852439,0.489217514885244
high,1.274,1.276,0,0,0,3.140014440217705,3.1665955588236576,0.8854632709714074,0.9371005595810518,6.543320564747139,7.9638951738566135,6.543320564747536,7.963895173856129,0.02232211549224853,1.891197714199308,0.02232211549336025,1.8911977141975023,0.8165462406749411,0.8165462406749413,8.640599247934599e-14,8.640599247934601e-14,0.4892271631793941,0.4892271631793942
high,1.276,1.278,0,0,0,3.1457500082408223,3.1723564514005393,0.8849217729935217,0.9364609562266776,6.554318807187149,7.9780301516089285,6.554318807187545,7.978030151608447,0.022661908787170885,1.8904446522481295,0.02266190878827468,1.8904446522463365,0.8165172760517244,0.8165172760517246,8.595755505714908e-14,8.595755505714911e-14,0.4892368029896114,0.48923680298961153
high,1.278,1.280,0,0,0,3.1514923370312027,3.178124082378639,0.8843807678238098,0.9358220715177076,6.565335812228116,7.992183484701145,6.5653358122285095,7.992183484700666,0.023002592965180833,1.889685714662172,0.023002592966276762,1.8896857146603916,0.816488390875684,0.8164883908756843,8.55126489294298e-14,8.551264892942983e-14,0.4892464343144231,0.4892464343144232
high,1.280,1.282,0,0,0,3.157241429116246,3.1838984542994435,0.8838402548866177,0.9351839042801062,6.576371581934068,8.006355169862067,6.57637158193446,8.00635516986159,0.023344158945599748,1.8889209443498345,0.023344158946687867,1.8889209443480666,0.8164595848248413,0.8164595848248415,8.507123864217825e-14,8.507123864217828e-14,0.489256057152355,0.4892560571523551
high,1.282,1.284,0,0,0,3.162997287019461,3.189679569700586,0.8833002336059458,0.9345464533412657,6.587426118382761,8.020545203852548,6.587426118383151,8.020545203852071,0.023686597637939018,1.8881503840646803,0.02368659763901938,1.8881503840629246,0.8164308575790917,0.816430857579092,8.463328917062268e-14,8.463328917062271e-14,0.48926567150187816,0.4892656715018783
high,1.284,1.286,0,0,0,3.1687599132603506,3.1954674311158278,0.8827607034054146,0.933909717530137,6.598499423665265,8.034753583465328,6.598499423665653,8.034753583464854,0.02402989994263438,1.8873740764054185,0.024029899943707043,1.887374076403675,0.8164022088201652,0.8164022088201655,8.419876591296908e-14,8.419876591296911e-14,0.48927527736148413,0.48927527736148424
high,1.286,1.288,0,0,0,3.1745293103543486,3.2012620410751373,0.8822216637081612,0.9332736956773825,6.609591499882359,8.048980305528524,6.609591499882745,8.048980305528053,0.02437405674807721,1.8865920638213336,0.024374056749142226,1.8865920638196023,0.8163736382316409,0.8163736382316411,8.376763468498307e-14,8.37676346849831e-14,0.4892848747296386,0.4892848747296387
high,1.288,1.290,0,0,0,3.1803054808129625,3.2070634021046183,0.881683113937061,0.9326383866151929,6.620702349148354,8.063225366900971,6.620702349148739,8.063225366900504,0.024719058936183216,1.8858043886051261,0.02471905893724064,1.885804388603407,0.8163451454989117,0.8163451454989119,8.333986171359741e-14,8.333986171359744e-14,0.4892944636048053,0.4892944636048054
high,1.290,1.292,0,0,0,3.186088427143651,3.212871516726505,0.8811450535146682,0.9320037891774364,6.631831973588433,8.077488764474516,6.631831973588816,8.07748876447405,0.025064897380571185,1.8850110928966326,0.025064897381621074,1.8850110928949255,0.8163167303091833,0.8163167303091835,8.291541363143772e-14,8.291541363143774e-14,0.48930404398542837,0.4893040439854285
high,1.292,1.294,0,0,0,3.1918781518498514,3.2186863874591705,0.8806074818632582,0.9313699021996602,6.6429803753391115,8.091770495173053,6.6429803753394925,8.09177049517259,0.025411562948262433,1.8842122186813577,0.025411562949304835,1.8842122186796624,0.81628839235145,0.8162883923514502,8.249425747099832e-14,8.249425747099835e-14,0.48931361586995437,0.4893136158699545
high,1.294,1.296,0,0,0,3.197674657430974,3.224508016817144,0.8800703984048363,0.9307367245191288,6.654147556547087,8.106070555953323,6.654147556547467,8.106070555952861,0.025759046499537044,1.8834078077917078,0.02575904650057202,1.8834078077900243,0.8162601313164993,0.8162601313164995,8.207636065930184e-14,8.207636065930186e-14,0.4893231792568056,0.4893231792568057
high,1.296,1.298,0,0,0,3.203477946382389,3.2303364073110488,0.8795338025612227,0.9301042549748142,6.665333519370324,8.12038894380314,6.6653335193707015,8.120388943802679,0.026107338890386113,1.882597901904397,0.02610733889141371,1.8825979019027255,0.8162319468968766,0.8162319468968768,8.166169101207653e-14,8.166169101207656e-14,0.4893327341444096,0.4893327341444097
high,1.298,1.300,0,0,0,3.209288021195479,3.2361715614476387,0.878997693754082,0.9294724924073895,6.676538265977944,8.134725655741136,6.676538265978321,8.134725655740677,0.026456430973500207,1.881782542540001,0.02645643097452048,1.881782542538341,0.8162038387868811,0.8162038387868813,8.12502167284421e-14,8.125021672844213e-14,0.48934228053119205,0.48934228053119216
high,1.300,1.302,0,0,0,3.215104884357501,3.242013481729792,0.8784620714048545,0.9288414356593879,6.68776179854693,8.149080688819733,6.687761798547305,8.149080688819277,0.026806313595796268,1.8809617710676048,0.02680631359680927,1.8809617710659563,0.8161758066825718,0.8161758066825721,8.084190638596304e-14,8.084190638596307e-14,0.48935181841553954,0.48935181841553965
high,1.302,1.304,0,0,0,3.22092853835177,3.2478621706564703,0.8779269349349657,0.9282110835750019,6.699004119267399,8.163454040119072,6.699004119267772,8.16345404011862,0.027156977605430142,1.8801356286954645,0.027156977606435925,1.8801356286938276,0.8161478502817112,0.8161478502817114,8.04367289346346e-14,8.043672893463463e-14,0.4893613477958832,0.4893613477958833
high,1.304,1.306,0,0,0,3.2267589856574794,3.2537176307227247,0.8773922837657099,0.9275814350002946,6.710265230337778,8.17784570675161,6.710265230338149,8.177845706751159,0.027508413847622055,1.8793041564781516,0.02750841384862067,1.879304156476526,0.8161199692837823,0.8161199692837825,8.003465369229522e-14,8.003465369229525e-14,0.4893708686706328,0.4893708686706329
high,1.306,1.308,0,0,0,3.2325962287497987,3.2595798644197256,0.8768581173183209,0.9269524887831382,6.721545133965335,8.192255685861223,6.721545133965704,8.192255685860772,0.02786061316634481,1.8784673953150446,0.027860613167336307,1.8784673953134305,0.8160921633899942,0.8160921633899945,7.963565033969205e-14,7.963565033969208e-14,0.48938038103815645,0.48938038103815656
high,1.308,1.310,0,0,0,3.2384402700997983,3.2654488742347487,0.8763244350139581,0.9263242437732994,6.732843832367051,8.206683974621749,6.7328438323674185,8.206683974621301,0.028213566406471484,1.8776253859481549,0.02821356640745591,1.877625385946552,0.8160644323032148,0.816064432303215,7.923968891489997e-14,7.923968891489999e-14,0.48938988489688656,0.4893898848968867
high,1.310,1.312,0,0,0,3.244291112174535,3.271324662651093,0.875791236273878,0.9256966988223116,6.744161327769418,8.221130570236646,6.744161327769785,8.2211305702362,0.028567264414717294,1.87677816896168,0.028567264415694706,1.8767781689600882,0.8160367757280174,0.8160367757280176,7.884673980891967e-14,7.88467398089197e-14,0.48939938024518764,0.48939938024518775
high,1.312,1.314,0,0,0,3.250148757436969,3.2772072321481844,0.875258520519291,0.9250698527836535,6.755497622407294,8.235595469939938,6.755497622407659,8.235595469939494,0.028921698039448926,1.8759257847832778,0.028921698040419375,1.875925784781697,0.8160091933706247,0.8160091933706249,7.845677376053361e-14,7.845677376053364e-14,0.4894088670814644,0.4894088670814645
high,1.314,1.316,0,0,0,3.2560132083460136,3.283096585201506,0.8747262871714975,0.9244437045126609,6.766852718524735,8.250078670994773,6.766852718525098,8.25007867099433,0.029276858132762963,1.8750682736819435,0.029276858133726498,1.8750682736803737,0.8159816849389137,0.8159816849389139,7.80697618516053e-14,7.806976185160532e-14,0.4894183454041147,0.48941834540411483
high,1.316,1.318,0,0,0,3.261884467356456,3.2889927242826045,0.8741945356518435,0.9238182528666344,6.778226618373526,8.264580170694526,6.778226618373888,8.264580170694085,0.02963273555001308,1.8742056757696646,0.02963273555096975,1.8742056757681058,0.8159542501423992,0.8159542501423994,7.768567550243895e-14,7.768567550243898e-14,0.48942781521154555,0.48942781521154566
high,1.318,1.320,0,0,0,3.2677625369190784,3.2948956518590853,0.8736632653818402,0.9231934967047257,6.789619324214396,8.279099966361139,6.7896193242147564,8.279099966360699,0.029989321152208925,1.873338030998819,0.02998932115315878,1.8733380309972711,0.8159268886922358,0.8159268886922361,7.730448646718304e-14,7.730448646718306e-14,0.4894372765021365,0.4894372765021366
high,1.320,1.322,0,0,0,3.273647419480502,3.3008053703946167,0.873132475783068,0.9225694348881162,6.801030838314726,8.293638055347056,6.801030838315085,8.29363805534662,0.03034660580467675,1.8724653791651023,0.030346605805619837,1.8724653791635653,0.8158996003011946,0.8158996003011948,7.692616682931941e-14,7.692616682931944e-14,0.48944672927427546,0.48944672927427557
high,1.322,1.324,0,0,0,3.279539117483321,3.3067218823489117,0.8726021662773172,0.9219460662798821,6.812461162951409,8.308194435031796,6.812461162951766,8.30819443503136,0.03070458038121869,1.8715877599023132,0.03070458038215506,1.8715877599007869,0.815872384683638,0.8158723846836382,7.655068899689212e-14,7.655068899689215e-14,0.48945617352637877,0.4894561735263789
high,1.324,1.326,0,0,0,3.2854376333659974,3.3126451901777245,0.8720723362865338,0.921323389745117,6.823910300408061,8.322769102824438,6.823910300408416,8.322769102824005,0.031063235762220167,1.8707052126860793,0.031063235763149868,1.8707052126845636,0.8158452415555237,0.815845241555524,7.617802569837602e-14,7.617802569837604e-14,0.48946560925685834,0.48946560925685845
high,1.326,1.328,0,0,0,3.291342969562918,3.318575296332904,0.8715429852328336,0.9207014041509223,6.835378252974777,8.337362056163617,6.835378252975131,8.337362056163185,0.03142256283541301,1.8698177768336526,0.031422562836336085,1.8698177768321473,0.8158181706344073,0.8158181706344075,7.58081499784941e-14,7.580814997849412e-14,0.48947503646411084,0.48947503646411095
high,1.328,1.330,0,0,0,3.297255128504403,3.324512203262255,0.871014112538664,0.9200801083663206,6.846865022950674,8.351973292514122,6.846865022951026,8.351973292513692,0.031782165591582305,1.8689258850359842,0.03178216559249881,1.8689258850344894,0.8157911716394021,0.8157911716394023,7.544103519347653e-14,7.544103519347656e-14,0.48948445514653954,0.48948445514653965
high,1.330,1.332,0,0,0,3.303174112616596,3.330455913409684,0.8704857176266037,0.9194595012624769,6.858370612639917,8.366602809370965,6.858370612640269,8.366602809370537,0.03214215919252075,1.8680294506026376,0.03214215919343073,1.8680294506011532,0.8157642442911769,0.8157642442911771,7.507665500722329e-14,7.507665500722331e-14,0.48949386530257627,0.4894938653025764
high,1.332,1.334,0,0,0,3.3090999243216115,3.3364064292150895,0.8699577999195979,0.918839581712491,6.869895024354848,8.381250604255499,6.869895024355197,8.381250604255072,0.03250280213344805,1.8671282403737377,0.03250280213435154,1.8671282403722638,0.8157373883119522,0.8157373883119524,7.471498338697806e-14,7.471498338697809e-14,0.48950326693063545,0.48950326693063556
high,1.334,1.336,0,0,0,3.315032566037432,3.3423637531144004,0.8694303588408631,0.9182203485915419,6.881438260414094,8.39591667471706,6.881438260414442,8.395916674716636,0.03286408532921491,1.8662222930247314,0.03286408533011197,1.8662222930232677,0.8157106034254844,0.8157106034254846,7.435599459935676e-14,7.435599459935679e-14,0.48951266002915134,0.48951266002915145
high,1.336,1.338,0,0,0,3.3209720401779026,3.3483278875396025,0.8689033938138825,0.917601800776919,6.893000323141735,8.41060101833352,6.893000323142082,8.410601018333097,0.0332259997061445,1.8653116470711861,0.03322599970703518,1.8653116470697324,0.8156838893570479,0.8156838893570482,7.399966320627785e-14,7.399966320627788e-14,0.48952204459657045,0.48952204459657056
high,1.338,1.340,0,0,0,3.3269183491527836,3.3542988349186453,0.86837690426255,0.9169839371479233,6.9045812148687125,8.425303632709214,6.904581214869057,8.425303632708793,0.03358853620460155,1.8643963408658593,0.03358853620548589,1.8643963408644157,0.8156572458334443,0.8156572458334446,7.364596406108832e-14,7.364596406108834e-14,0.48953142063131727,0.4895314206313174
high,1.340,1.342,0,0,0,3.332871495367722,3.360276597675534,0.8678508896110795,0.9163667565859689,6.916180937931962,8.440024515475677,6.916180937932306,8.440024515475258,0.03395168577903255,1.8634764125995362,0.03395168577991059,1.8634764125981027,0.8156306725829665,0.8156306725829667,7.329487230452444e-14,7.329487230452447e-14,0.4895407881318554,0.48954078813185553
high,1.342,1.344,0,0,0,3.338831481224288,3.3662611782302747,0.8673253492841059,0.9157502579745196,6.927799494675088,8.45476366429043,6.92779949467543,8.454763664290013,0.03431543939971288,1.8625519002993134,0.034315439400584666,1.8625519002978899,0.8156041693353957,0.8156041693353959,7.294636336087273e-14,7.294636336087275e-14,0.489550147096655,0.4895501470966551
high,1.344,1.346,0,0,0,3.344798309119845,3.3722525789988604,0.8668002827066188,0.9151344401992241,6.93943688744557,8.46952107683948,6.939436887445911,8.469521076839065,0.034679788050880955,1.8616228418322318,0.03467978805174654,1.8616228418308183,0.8155777358220054,0.8155777358220057,7.260041293446049e-14,7.260041293446051e-14,0.48955949752417494,0.48955949752417505
high,1.346,1.348,0,0,0,3.3507719814476684,3.378250802393335,0.8662756893040086,0.9145193021478475,6.951093118596628,8.484296750835158,6.951093118596967,8.484296750834744,0.035044722733594644,1.8606892749019195,0.035044722734454074,1.8606892749005157,0.8155513717755334,0.8155513717755336,7.225699700570231e-14,7.225699700570233e-14,0.4895688394129041,0.4895688394129042
high,1.348,1.350,0,0,0,3.356752500596951,3.384255850821681,0.8657515685021909,0.9139048427102053,6.962768190488066,8.499090684014618,6.962768190488403,8.499090684014206,0.03541023446768196,1.8597512370465508,0.03541023446853527,1.8597512370451568,0.8155250769301772,0.8155250769301774,7.191609182738938e-14,7.19160918273894e-14,0.48957817276132437,0.4895781727613245
high,1.350,1.352,0,0,0,3.36273986895273,3.3902677266879495,0.865227919727451,0.9132910607783308,6.974462105483899,8.513902874142229,6.9744621054842355,8.513902874141818,0.03577631429014499,1.8588087656420789,0.035776314290992234,1.8588087656406944,0.8154988510215736,0.8154988510215738,7.157767392117688e-14,7.15776739211769e-14,0.4895874975679653,0.48958749756796544
high,1.352,1.354,0,0,0,3.368734088895894,3.396286432392121,0.8647047424065962,0.9126779552463858,6.986174865952307,8.528733319008959,6.986174865952642,8.52873331900855,0.0361429532562101,1.857861897901511,0.03614295325705132,1.857861897900136,0.8154726937868246,0.8154726937868249,7.124172007426426e-14,7.124172007426429e-14,0.48959681383130443,0.48959681383130454
high,1.354,1.356,0,0,0,3.3747351628032405,3.402311970330222,0.8641820359669016,0.912065525010693,6.997906474267634,8.543582016430177,6.997906474267967,8.54358201642977,0.03651014244221364,1.8569106708714955,0.036510142443048885,1.8569106708701302,0.8154466049644266,0.8154466049644268,7.090820733532834e-14,7.090820733532836e-14,0.4896061215499058,0.4896061215499059
high,1.356,1.358,0,0,0,3.3807430930473927,3.4083443428942086,0.8636597998361796,0.9114537689697475,7.009656932807681,8.558448964247868,7.009656932808014,8.558448964247463,0.03687787294389135,1.8559551214356778,0.03687787294472065,1.855955121434322,0.8154205842943161,0.8154205842943163,7.057711301162547e-14,7.05771130116255e-14,0.48961542072228803,0.48961542072228814
high,1.358,1.360,0,0,0,3.3867578819969184,3.4143835524721027,0.8631380334427478,0.9108426860242019,7.021426243955095,8.573334160329178,7.0214262439554265,8.573334160328775,0.03724613587856249,1.8549952863123031,0.0372461358793859,1.854995286310957,0.8153946315178395,0.8153946315178398,7.024841466540975e-14,7.024841466540978e-14,0.48962471134699936,0.4896247113469995
high,1.360,1.362,0,0,0,3.3927795320161547,3.4204296014478435,0.8626167362154634,0.9102322750769475,7.033214410096489,8.588237602566553,7.033214410096819,8.58823760256615,0.03761492238534418,1.8540312020547267,0.03761492238616173,1.8540312020533896,0.8153687463777244,0.8153687463777246,6.992209011040966e-14,6.992209011040969e-14,0.4896339934226204,0.4896339934226205
high,1.362,1.364,0,0,0,3.398808045465334,3.426482492201376,0.8620959075837425,0.9096225350330577,7.04502143362235,8.603159288877768,7.0450214336226775,8.603159288877368,0.03798422362584147,1.853062905051207,0.03798422362665322,1.853062905049879,0.815342928618097,0.8153429286180972,6.959811740879654e-14,6.959811740879656e-14,0.48964326694773075,0.48964326694773086
high,1.364,1.366,0,0,0,3.4048434247006325,3.4325422271086223,0.8615755469776335,0.9090134647997332,7.056847316928533,8.618099217203962,7.0568473169288595,8.618099217203564,0.038354030786578626,1.8520904315221172,0.0383540307873846,1.8520904315207984,0.815317177984456,0.8153171779844562,6.927647486769764e-14,6.927647486769767e-14,0.48965253192092545,0.48965253192092556
high,1.366,1.368,0,0,0,3.410885672073977,3.4386088085414817,0.8610556538276998,0.9084050632864946,7.068692062412637,8.633057385513023,7.068692062412962,8.633057385512627,0.03872433507624917,1.851113817524837,0.03872433507704942,1.8511138175235273,0.815291494223673,0.8152914942236732,6.895714103627588e-14,6.895714103627591e-14,0.48966178834081575,0.48966178834081586
high,1.368,1.370,0,0,0,3.4169347899331877,3.4446822388678373,0.8605362275651242,0.9077973294050571,7.080555672475853,8.648033791797394,7.080555672476177,8.648033791796998,0.03909512772843222,1.8501330989505256,0.03909512772922678,1.850133098949225,0.8152658770839861,0.8152658770839863,6.864009470249618e-14,6.86400947024962e-14,0.489671036206011,0.4896710362060111
high,1.370,1.372,0,0,0,3.4229907806219635,3.4507625204515375,0.8600172676217315,0.907190262069341,7.092438149524157,8.663028434072407,7.0924381495244795,8.663028434072013,0.039466400003666406,1.8491483115218483,0.039466400004455324,1.849148311520557,0.8152403263149606,0.8152403263149608,6.832531488971779e-14,6.832531488971782e-14,0.4896802755151769,0.489680275515177
high,1.372,1.374,0,0,0,3.429053646479866,3.4568496556523876,0.8594987734299965,0.906583860195489,7.1043394959661885,8.678041310378195,7.10433949596651,8.678041310377802,0.03983814318817003,1.8481594907956638,0.039838143188953345,1.8481594907943812,0.8152148416675171,0.8152148416675173,6.801278085403123e-14,6.801278085403125e-14,0.4896895062669578,0.4896895062669579
high,1.374,1.376,0,0,0,3.4351233898422824,3.4629436468261936,0.8589807444229919,0.9059781227019363,7.11625971421315,8.693072418779524,7.11625971421347,8.693072418779133,0.04021034859455399,1.8471666721627615,0.04021034859533174,1.8471666721614879,0.8151894228939001,0.8151894228939003,6.770247208108825e-14,6.770247208108828e-14,0.4896987284600399,0.48969872846004003
high,1.376,1.378,0,0,0,3.441200013040504,3.469044496324705,0.8584631800345077,0.9053730485093067,7.128198806680267,8.708121757363855,7.128198806680586,8.708121757363465,0.04058300756412925,1.8461698908452155,0.04058300756490148,1.8461698908439508,0.8151640697476731,0.8151640697476733,6.739436828307258e-14,6.73943682830726e-14,0.48970794209312035,0.48970794209312046
high,1.378,1.380,0,0,0,3.4472835184016253,3.475152206495644,0.8579460796989676,0.9047686365405326,7.140156775783838,8.723189324244135,7.140156775784156,8.723189324243748,0.04095611146479708,1.8451691819002978,0.040956111465563834,1.8451691818990417,0.8151387819837244,0.8151387819837246,6.708844939603196e-14,6.708844939603198e-14,0.4897171471648874,0.4897171471648875
high,1.380,1.382,0,0,0,3.453373908248616,3.4812667796827013,0.8574294428514941,0.9041648857207912,7.152133623944034,8.738275117555558,7.1521336239443505,8.73827511755517,0.041329651694599276,1.8441645802159838,0.04132965169536059,1.8441645802147364,0.8151135593582238,0.815113559358224,6.678469557660036e-14,6.678469557660039e-14,0.4897263436740889,0.489726343674089
high,1.382,1.384,0,0,0,3.45947118490032,3.4873882182255125,0.8569132689279403,0.9035617949774967,7.16412935358369,8.753379135456466,7.164129353584006,8.753379135456083,0.04170361968132864,1.8431561205122915,0.041703619682084546,1.8431561205110525,0.8150884016286419,0.8150884016286422,6.648308719942121e-14,6.648308719942124e-14,0.4897355316194719,0.48973553161947203
high,1.384,1.386,0,0,0,3.465575350671406,3.4935165244596798,0.8563975573648486,0.9029593632403666,7.176143967127046,8.768501376129393,7.176143967127359,8.76850137612901,0.04207800688205868,1.8421438373427468,0.04207800688280922,1.8421438373415164,0.8150633085537408,0.815063308553741,6.618360485440815e-14,6.618360485440817e-14,0.48974471099979056,0.48974471099979067
high,1.386,1.388,0,0,0,3.471686407872424,3.4996517007167696,0.8558823075995031,0.9023575894413713,7.188177467001647,8.783641837778756,7.188177467001959,8.783641837778374,0.04245280478576413,1.841127765091252,0.04245280478650936,1.8411277650900304,0.8150382798935404,0.8150382798935406,6.588622934370345e-14,6.588622934370348e-14,0.4897538818138469,0.489753881813847
high,1.388,1.390,0,0,0,3.4778043588097356,3.505793749324355,0.8553675190698532,0.9017564725148332,7.200229855634836,8.798800518634335,7.200229855635148,8.798800518633955,0.04282800491061259,1.8401079379768606,0.04282800491135253,1.840107937975647,0.8150133154093475,0.8150133154093477,6.559094167942471e-14,6.559094167942473e-14,0.4897630440604353,0.4897630440604354
high,1.390,1.392,0,0,0,3.483929205785629,3.5119426726058567,0.8548531912147488,0.9011560113972233,7.21230113545937,8.813977416944713,7.21230113545968,8.813977416944333,0.04320359881029361,1.8390843900451124,0.04320359881102831,1.8390843900439073,0.8149884148637061,0.8149884148637063,6.529772308036127e-14,6.52977230803613e-14,0.48977219773838426,0.4897721977383844
high,1.392,1.394,0,0,0,3.490060951098168,3.5180984728807547,0.854339323473653,0.9005562050274413,7.224391308906591,8.829172530984597,7.2243913089069,8.82917253098422,0.04357957806793875,1.8380571551778255,0.043579578068668245,1.838057155176629,0.814963578020421,0.8149635780204212,6.500655496996067e-14,6.50065549699607e-14,0.489781342846542,0.4897813428465421
high,1.394,1.396,0,0,0,3.4961995970412914,3.524261152464444,0.8538259152868544,0.8999570523466355,7.236500378410456,8.84438585904998,7.2365003784107635,8.844385859049604,0.04395593430087031,1.8370262670867694,0.04395593430159463,1.837026267085581,0.8149388046445298,0.8149388046445301,6.471741897333829e-14,6.471741897333831e-14,0.48979047938377474,0.48979047938377485
high,1.396,1.398,0,0,0,3.502345145904824,3.530430713668247,0.8533129660954698,0.8993585522982057,7.2486283464072105,8.859617399458234,7.248628346407516,8.85961739945786,0.044332659160944886,1.835991759313881,0.04433265916166408,1.8359917593127006,0.8149140945023059,0.8149140945023061,6.443029691482501e-14,6.443029691482503e-14,0.4897996073489582,0.48979960734895833
high,1.398,1.400,0,0,0,3.508497599974423,3.5366071587994927,0.8528004753413471,0.8987607038279078,7.2607750993281845,8.874867273633413,7.26077509932849,8.87486727363304,0.04470963344900921,1.8349538298484978,0.04470963344972331,1.8349538298473256,0.8148894496893386,0.8148894496893389,6.414519262336445e-14,6.414519262336448e-14,0.4898087170415148,0.4898087170415149
high,1.400,1.402,0,0,0,3.5146569615315775,3.5427904901614196,0.8522884424671636,0.8981635058837958,7.27294042343171,8.890135709231789,7.272940423432014,8.890135709231417,0.04508664382437767,1.8339128164388516,0.045086643825086724,1.8339128164376874,0.8148648742784469,0.8148648742784471,6.386212816841253e-14,6.386212816841255e-14,0.4898177905255994,0.4898177905255995
high,1.402,1.404,0,0,0,3.520823232853673,3.5489807100532587,0.8517768669164006,0.8975669574162195,7.28512431544724,8.905422710560432,7.285124315447542,8.905422710560062,0.04546367938547659,1.8328687562705916,0.045463679386180615,1.8328687562694355,0.8148403680931071,0.8148403680931073,6.358108564511004e-14,6.358108564511007e-14,0.4898268275720772,0.4898268275720773
high,1.404,1.406,0,0,0,3.526996416213905,3.555177820770151,0.8512657481333716,0.8969710573778562,7.297326776951244,8.920728276806114,7.297326776951546,8.920728276805745,0.04584073390026198,1.8318216794761297,0.04584073390096103,1.8318216794749818,0.8148159308607686,0.8148159308607689,6.33020464417507e-14,6.330204644175073e-14,0.4898358283567165,0.48983582835671663
high,1.406,1.408,0,0,0,3.5331765138813673,3.5613818246032087,0.8507550855632328,0.8963758047236703,7.309547809524803,8.936052407173763,7.309547809525103,8.936052407173396,0.046217801164578264,1.8307716160252179,0.046217801165272375,1.8307716160240777,0.8147915623103373,0.8147915623103376,6.30249921542948e-14,6.302499215429482e-14,0.48984479305410666,0.4898447930541068
high,1.408,1.410,0,0,0,3.5393635281209437,3.5675927238394993,0.8502448786519352,0.8957811984110067,7.321787414753162,8.951395100886524,7.321787414753461,8.951395100886158,0.046594875002426185,1.8297185957253477,0.04659487500311539,1.8297185957242152,0.8147672621721398,0.81476726217214,6.274990458350231e-14,6.274990458350234e-14,0.48985372183772796,0.4898537218377281
high,1.410,1.412,0,0,0,3.5455574611934706,3.573810520762034,0.8497351268463497,0.8951872373994383,7.334045594227776,8.966756357183408,7.3340455942280744,8.966756357183044,0.04697194926850269,1.8286626482187516,0.04697194926918703,1.828662648217627,0.8147430301779244,0.8147430301779246,6.247676573223336e-14,6.247676573223339e-14,0.4898626148799194,0.4898626148799195
high,1.412,1.414,0,0,0,3.55175831535557,3.580035217649765,0.8492258295941676,0.8945939206509204,7.346322349543716,8.982136175321628,7.346322349544013,8.982136175321264,0.047349017846398604,1.8276038029858688,0.047349017847078116,1.827603802984752,0.8147188660608519,0.8147188660608521,6.220555780295019e-14,6.220555780295022e-14,0.48987147235191225,0.48987147235191236
high,1.414,1.416,0,0,0,3.5579660928597003,3.586266816777636,0.8487169863438987,0.8940012471297748,7.3586176822999585,8.997534554576166,7.358617682300254,8.997534554575804,0.04772607464944304,1.8265420893448723,0.04772607465011776,1.826542089343763,0.8146947695554695,0.8146947695554697,6.193626319499615e-14,6.193626319499618e-14,0.48988029442385356,0.48988029442385367
high,1.416,1.418,0,0,0,3.564180795954246,3.592505320416479,0.8482085965450249,0.8934092158025538,7.370931600307726,9.0129514876596,7.37093160030802,9.01295148765924,0.04810311940198083,1.8254775278588955,0.04810311940265079,1.825477527857794,0.8146707402765134,0.8146707402765136,6.166886341022552e-14,6.166886341022554e-14,0.4898890817700747,0.4898890817700748
high,1.418,1.420,0,0,0,3.5704024268834176,3.5987507308331184,0.847700659647856,0.8928178256381901,7.383264328603948,9.028386737116811,7.383264328604241,9.028386737116453,0.04848035346262093,1.8244098392130308,0.04848035346328617,1.8244098392119366,0.8146467736118465,0.8146467736118467,6.140330223568349e-14,6.140330223568351e-14,0.48989785269166203,0.48989785269166214
high,1.420,1.422,0,0,0,3.5766309878872677,3.6050030502903065,0.8471931751035986,0.8922270756079506,7.395615981267996,9.043840183195853,7.395615981268288,9.043840183195496,0.04885787310105652,1.8233389000646207,0.04885787310171706,1.8233389000635343,0.8146228671569206,0.8146228671569208,6.113954401759233e-14,6.113954401759235e-14,0.4899066162955524,0.4899066162955525
high,1.422,1.424,0,0,0,3.582866481201733,3.6112622810467685,0.8466861423643529,0.8916369646854264,7.407986560776261,9.059311824458874,7.4079865607765525,9.059311824458518,0.04923567041095163,1.8222647417925537,0.04923567041160752,1.8222647417914746,0.8145990206945066,0.8145990206945068,6.087757304817584e-14,6.087757304817586e-14,0.4899153725757453,0.4899153725757454
high,1.424,1.426,0,0,0,3.589108909058622,3.6175284253571554,0.8461795608831545,0.8910474918465158,7.420376069605893,9.07480165948709,7.420376069606182,9.074801659486734,0.0496137375274908,1.8211873956055975,0.04961373752814207,1.8211873956045257,0.8145752340084783,0.8145752340084785,6.061737378527267e-14,6.06173737852727e-14,0.48992412152630566,0.48992412152630577
high,1.426,1.428,0,0,0,3.5953582736855703,3.623801485472096,0.845673430113903,0.8904586560695,7.432784510231328,9.090309686884286,7.432784510231617,9.090309686883934,0.04999206662464496,1.820106892547132,0.049992066625291647,1.8201068925460675,0.8145515068838337,0.8145515068838339,6.035893085063673e-14,6.035893085063675e-14,0.4899328631413027,0.4899328631413028
high,1.428,1.430,0,0,0,3.6016145773061052,3.6300814636381404,0.8451677495114632,0.8898704563349508,7.445211885128677,9.105835905271837,7.445211885128964,9.105835905271485,0.050370649919730365,1.8190232634890058,0.0503706499203725,1.8190232634879486,0.814527839106648,0.8145278391066483,6.010222902746475e-14,6.010222902746478e-14,0.4899415974148994,0.4899415974148995
high,1.430,1.432,0,0,0,3.6078778221396015,3.6363683620978215,0.8446625185315865,0.8892828916258099,7.457658196771786,9.121380313292722,7.457658196772073,9.121380313292372,0.05074947967022396,1.8179365391369302,0.050749479670861575,1.8179365391358804,0.8145042304640996,0.8145042304640998,5.984725325879703e-14,5.984725325879705e-14,0.4899503243412793,0.4899503243412794
high,1.432,1.434,0,0,0,3.614148010401313,3.6426621830895884,0.8441577366309952,0.8886959609273221,7.4701234476351495,9.13694290960806,7.4701234476354355,9.136942909607711,0.05112854817693922,1.8168467500263865,0.05112854817757235,1.8168467500253438,0.8144806807444389,0.8144806807444391,5.959398864526933e-14,5.959398864526935e-14,0.4899590439146964,0.4899590439146965
high,1.434,1.436,0,0,0,3.6204251443023505,3.6489629288478858,0.8436534032673076,0.8881096632271018,7.482607640190131,9.152523692901031,7.482607640190415,9.152523692900683,0.05150784778097349,1.8157539265278149,0.05150784778160217,1.8157539265267792,0.8144571897370148,0.814457189737015,5.934242044355245e-14,5.934242044355248e-14,0.48996775612940074,0.48996775612940086
high,1.436,1.438,0,0,0,3.6267092260497127,3.6552706016030636,0.8431495178991374,0.8875239975150574,7.4951107769099306,9.16812266187117,7.495110776910215,9.168122661870823,0.05188737086872991,1.8146580988397625,0.05188737086935416,1.814658098838734,0.8144337572322121,0.8144337572322123,5.90925340638778e-14,5.909253406387783e-14,0.48997646097975817,0.4899764609797583
high,1.438,1.440,0,0,0,3.6330002578462586,3.6615852035814562,0.8426460799860173,0.8869389627834583,7.507632860264535,9.18373981523964,7.507632860264819,9.183739815239296,0.052267109867686595,1.813559296995816,0.05226710986830646,1.8135592969947945,0.8144103830215041,0.8144103830215044,5.884431506875612e-14,5.884431506875615e-14,0.48998515846012625,0.48998515846012636
high,1.440,1.442,0,0,0,3.6392982418907063,3.6679067370053517,0.8421430889884274,0.8863545580269214,7.5201738927234745,9.199375151745999,7.520173892723756,9.199375151745656,0.05264705724934013,1.8124575508608411,0.05264705724995564,1.8124575508598266,0.8143870668973996,0.8143870668973998,5.859774917070616e-14,5.859774917070619e-14,0.48999384856495054,0.48999384856495065
high,1.442,1.444,0,0,0,3.6456031803776474,3.6742352040929673,0.8416405443678332,0.8857707822423836,7.532733876754383,9.215028670149412,7.532733876754663,9.215028670149069,0.05302720552832951,1.811352890132904,0.0530272055289407,1.8113528901318963,0.8143638086534692,0.8143638086534695,5.835282223069147e-14,5.83528222306915e-14,0.4900025312886839,0.490002531288684
high,1.444,1.446,0,0,0,3.6519150754975898,3.6805706070585225,0.84113844558665,0.8851876344291099,7.545312814824756,9.230700369226783,7.545312814825036,9.230700369226442,0.05340754726430654,1.810245344341098,0.05340754726491343,1.8102453443400972,0.814340608084306,0.8143406080843062,5.810952025606064e-14,5.810952025606067e-14,0.49001120662587955,0.49001120662587966
high,1.446,1.448,0,0,0,3.658233929436854,3.6869129481121536,0.8406367921082615,0.8846051135887305,7.557910709398341,9.24639024777604,7.557910709398619,9.246390247775699,0.05378807505918847,1.8091349428502508,0.05378807505979111,1.8091349428492567,0.8143174649855621,0.8143174649855623,5.786782939915908e-14,5.78678293991591e-14,0.4900198745710713,0.49001987457107143
high,1.448,1.450,0,0,0,3.66455974437772,3.6932622294599637,0.8401355833970674,0.8840232187251478,7.570527562940186,9.262098304610783,7.570527562940463,9.262098304610445,0.0541687815619562,1.8080217148543742,0.054168781562554606,1.808021714853387,0.814294379153886,0.8142943791538862,5.762773595503261e-14,5.762773595503264e-14,0.49002853511890415,0.49002853511890426
high,1.450,1.452,0,0,0,3.670892517532089,3.69961845829012,0.8396348119518722,0.883441956159766,7.583163195066665,9.277824732455109,7.583163195066941,9.277824732454771,0.05454949697235927,1.8069059328801187,0.05454949697295348,1.8069059328791381,0.8142713509504976,0.8142713509504979,5.738923809046259e-14,5.738923809046261e-14,0.4900371882640437,0.4900371882640438
high,1.452,1.454,0,0,0,3.6772322380951947,3.7059816498313416,0.8391344591359616,0.8828613439076665,7.595817129379614,9.2935700378273,7.595817129379889,9.293570037826962,0.054929791075452275,1.805788259702797,0.05492979107604231,1.8057882597018233,0.81424838164119,0.8142483816411902,5.71523526435327e-14,5.715235264353273e-14,0.49004583400119667,0.4900458340011968
high,1.454,1.456,0,0,0,3.6835789075789798,3.71235180693801,0.8386345236974773,0.8822813817302869,7.608489342125869,9.309334247159882,7.608489342126143,9.309334247159546,0.055309638500574895,1.8046687514399762,0.055309638501160795,1.804668751439009,0.8142254710891437,0.8142254710891439,5.691706711013256e-14,5.691706711013258e-14,0.4900544723251415,0.4900544723251416
high,1.456,1.458,0,0,0,3.6899325281703477,3.718728931778735,0.838135005338906,0.8817020683903466,7.621179834534875,9.325117360408187,7.621179834535148,9.325117360407853,0.055689036165698855,1.8035474307059065,0.055689036166280646,1.803547430704946,0.8142026190814462,0.8142026190814464,5.668336752251121e-14,5.668336752251122e-14,0.49006310323066593,0.49006310323066604
high,1.458,1.460,0,0,0,3.696293102051941,3.725113026518204,0.8376359037618409,0.881123402654962,7.633888607839475,9.34091937754107,7.633888607839748,9.340919377540738,0.056067981015494664,1.8024243199692511,0.056067981016072375,1.8024243199682972,0.8141798254062328,0.814179825406233,5.6451240060829575e-14,5.645124006082959e-14,0.4900717267126507,0.4900717267126508
high,1.460,1.462,0,0,0,3.702660631402278,3.731504093317036,0.8371372186672013,0.8805453832954335,7.646615663278918,9.356740298537261,7.646615663279189,9.35674029853693,0.0564464700243194,1.8012994415493093,0.05644647002489307,1.8012994415483616,0.8141570898527184,0.8141570898527186,5.6220671051447317e-14,5.622067105144733e-14,0.49008034276599455,0.49008034276599466
high,1.462,1.464,0,0,0,3.7090351183957675,3.7379021343319434,0.8366389497551235,0.8799680090873079,7.659361002097205,9.372580123387277,7.659361002097475,9.372580123386946,0.056824500194895385,1.8001728176186949,0.05682450019546505,1.8001728176177536,0.8141344122111693,0.8141344122111696,5.5991646965056217e-14,5.599164696505623e-14,0.4900889513856533,0.4900889513856534
high,1.464,1.466,0,0,0,3.715416565202615,3.744307151715612,0.8361410967250203,0.8793912788103763,7.672124625543477,9.388438852092428,7.672124625543746,9.388438852092099,0.05720206855900319,1.7990444702029917,0.057202068559568865,1.7990444702020567,0.814111792272892,0.8141117922728922,5.5764154414832015e-14,5.576415441483203e-14,0.4900975525666505,0.4900975525666506
high,1.466,1.468,0,0,0,3.7218049799912643,3.750719141590444,0.8356436675196316,0.8788151825960874,7.684906757590913,9.404316248693785,7.684906757591182,9.404316248693458,0.057579365645019455,1.797914131083583,0.05757936564558117,1.7979141310826543,0.8140892291588058,0.814089229158806,5.553816663749768e-14,5.5538166637497693e-14,0.49010614630401345,0.49010614630401356
high,1.468,1.470,0,0,0,3.7282003772113,3.757138093764687,0.8351466786041641,0.8782397016370497,7.697707856515917,9.420211829128656,7.6977078565161845,9.420211829128329,0.05795678276384404,1.7967812307642743,0.05795678276440183,1.7967812307633522,0.8140667212937813,0.8140667212937815,5.5313643256240867e-14,5.531364325624088e-14,0.4901147325928806,0.4901147325928807
high,1.470,1.472,0,0,0,3.734602759366106,3.7635640100322516,0.8346501299509451,0.8776648344415046,7.710527938382969,9.436125577977853,7.710527938383235,9.436125577977526,0.058334324817121065,1.7956457789686786,0.05833432481767496,1.7956457789677627,0.8140442684446156,0.8140442684446159,5.509057125306937e-14,5.509057125306938e-14,0.4901233114283799,0.49012331142838
high,1.472,1.474,0,0,0,3.741012128588687,3.769996892550812,0.8341540210289288,0.8770905800494133,7.7233670056755255,9.45205749422721,7.72336700567579,9.452057494226885,0.05871198492474953,1.7945078029925106,0.05871198492529956,1.7945078029916008,0.8140218704200927,0.8140218704200929,5.4868938562836106e-14,5.486893856283612e-14,0.49013188280571096,0.49013188280571107
high,1.474,1.476,0,0,0,3.7474284870079577,3.7764367434740014,0.8336583513081545,0.8765169375029894,7.736225060874766,9.468007576879057,7.73622506087503,9.468007576878733,0.05908975625404386,1.793367329968064,0.05908975625459005,1.7933673299671602,0.8139995270299274,0.8139995270299276,5.4648733241944706e-14,5.464873324194472e-14,0.4901404467201333,0.4901404467201334
high,1.476,1.478,0,0,0,3.7538518367486966,3.7828835649514416,0.8331631202596971,0.8759439058467526,7.749102106457676,9.483975824954058,7.749102106457939,9.483975824953736,0.05946763201826963,1.7922243868669376,0.05946763201881201,1.7922243868660401,0.8139772380847741,0.8139772380847743,5.4429943467075157e-14,5.442994346707517e-14,0.49014900316695076,0.49014900316695087
high,1.478,1.480,0,0,0,3.760282179931639,3.7893373591287514,0.8326683273557184,0.8753714841274538,7.761998144898277,9.499962237489818,7.761998144898539,9.499962237489498,0.059845605477868116,1.7910790004987422,0.05984560547840671,1.7910790004978507,0.8139550033962217,0.813955003396222,5.42125575337337e-14,5.421255753373371e-14,0.49015755214149925,0.49015755214149936
high,1.480,1.482,0,0,0,3.766719518673456,3.795798128147502,0.8321739720694903,0.8747996713940698,7.7749131786685455,9.515966813539574,7.774913178668807,9.515966813539254,0.06022366994146213,1.7899311975101322,0.060223669941996974,1.7899311975092467,0.8139328227767726,0.8139328227767728,5.399656385471182e-14,5.399656385471183e-14,0.490166093639173,0.49016609363917313
high,1.482,1.484,0,0,0,3.7731638550866693,3.8022658741452537,0.8316800538753202,0.8742284666978898,7.787847210236299,9.531989552174235,7.78784721023656,9.531989552173917,0.060601818764205416,1.7887810043878032,0.060601818764736526,1.788781004386924,0.813910696039838,0.8139106960398382,5.3781950958803615e-14,5.378195095880363e-14,0.49017462765543157,0.4901746276554317
high,1.484,1.486,0,0,0,3.7796151912797273,3.80874059925564,0.831186572248529,0.8736578690924972,7.8008002420642635,9.548030452483443,7.800800242064523,9.548030452483125,0.06098004534706877,1.7876284474600794,0.06098004534759618,1.787628447459206,0.813888622999754,0.8138886229997542,5.356870748962199e-14,5.3568707489622e-14,0.49018315418576924,0.49018315418576935
high,1.486,1.488,0,0,0,3.786073529357055,3.8152223056081502,0.8306935266656555,0.8730878776336107,7.8137722766146736,9.564089513570027,7.813772276614933,9.56408951356971,0.06135834314107094,1.786473552891112,0.061358343141594676,1.7864735528902442,0.8138666034717527,0.8138666034717529,5.335682220390883e-14,5.335682220390884e-14,0.4901916732257149,0.490191673225715
high,1.488,1.490,0,0,0,3.7925388714189867,3.8217109953283575,0.8302009166042367,0.872518491379261,7.826763316345655,9.580166734554115,7.826763316345913,9.580166734553801,0.06173670564415239,1.7853163466860724,0.06173670564467247,1.7853163466852107,0.8138446372719493,0.8138446372719496,5.314628397034624e-14,5.314628397034625e-14,0.49020018477089505,0.49020018477089516
high,1.490,1.492,0,0,0,3.799011219561744,3.8282066705378144,0.8297087415428801,0.8719497093897501,7.839773363709198,9.596262114574818,7.839773363709455,9.596262114574504,0.0621147561267494,1.7841571692765512,0.06211475612726588,1.7841571692756952,0.8138227242173859,0.8138227242173861,5.2937081768580347e-14,5.293708176858036e-14,0.49020868881691093,0.49020868881691104
high,1.492,1.494,0,0,0,3.805490575877528,3.8347093333540316,0.8292170009613371,0.8713815307275623,7.852802421156786,9.612375652784099,7.852802421157042,9.612375652783786,0.062492723642423725,1.7829958466505746,0.062492723642936614,1.7829958466497244,0.8138008641259586,0.8138008641259589,5.2729204687343693e-14,5.2729204687343706e-14,0.4902171853594698,0.4902171853594699
high,1.494,1.496,0,0,0,3.8119769424544474,3.841218985890549,0.8287256943404036,0.8708139544574615,7.865850491134746,9.628507348351617,7.865850491135001,9.628507348351304,0.06287074112987602,1.7818322860369877,0.06287074113038535,1.781832286036143,0.8137790568164508,0.813779056816451,5.252264192357629e-14,5.25226419235763e-14,0.4902256743943153,0.4902256743943154
high,1.496,1.498,0,0,0,3.818470321376521,3.8477356302569405,0.8282348211619209,0.8702469796464871,7.878917576084546,9.644657200464227,7.8789175760848,9.644657200463916,0.06324880225013596,1.7806665128219057,0.06324880225064175,1.780666512821067,0.8137573021085277,0.8137573021085279,5.231738278117446e-14,5.2317382781174474e-14,0.49023415591724057,0.4902341559172407
high,1.498,1.500,0,0,0,3.8249707147238134,3.8542592685587165,0.8277443809089302,0.869680605363793,7.892003678446804,9.660825208321443,7.8920036784470575,9.660825208321134,0.06362690071460558,1.7794985522299898,0.06362690071510788,1.7794985522291566,0.8137355998227154,0.8137355998227156,5.211341666949276e-14,5.211341666949277e-14,0.490242629924083,0.49024262992408313
high,1.500,1.502,0,0,0,3.8314781245721976,3.8607899028974653,0.8272543730654279,0.8691148306809104,7.905108800654116,9.677011371142951,7.905108800654368,9.677011371142642,0.06400503027910906,1.7783284293338415,0.06400503027960787,1.778328429333014,0.8137139497804158,0.813713949780416,5.191073310250962e-14,5.191073310250963e-14,0.4902510964107208,0.4902510964107209
high,1.502,1.504,0,0,0,3.837992552993601,3.867327535370707,0.8267647971166219,0.8685496546714706,7.918232945139374,9.693215688159505,7.918232945139625,9.693215688159198,0.06438318475093381,1.7771561690439595,0.06438318475142916,1.7771561690431374,0.8136923518038648,0.813692351803865,5.1709321697107096e-14,5.170932169710711e-14,0.49025955537311317,0.4902595553731133
high,1.504,1.506,0,0,0,3.84451400205579,3.873872168072055,0.8262756525486828,0.8679850764114603,7.931376114326538,9.709438158622685,7.931376114326788,9.709438158622378,0.06476135798116789,1.7759817961206843,0.06476135798165981,1.7759817961198678,0.8136708057161809,0.8136708057161811,5.1509172172524123e-14,5.1509172172524136e-14,0.4902680068072224,0.4902680068072225
high,1.506,1.508,0,0,0,3.851042473822645,3.8804238030910563,0.8257869388490235,0.8674210949789185,7.944538310640587,9.72567878179407,7.944538310640836,9.725678781793764,0.06513954387303228,1.7748053351622157,0.0651395438735208,1.7748053351614048,0.8136493113413077,0.8136493113413079,5.131027434852642e-14,5.1310274348526434e-14,0.490276450709085,0.4902764507090851
high,1.508,1.510,0,0,0,3.857577970353835,3.886982442513334,0.8252986555060084,0.8668577094542651,7.957719536498037,9.741937556955108,7.957719536498286,9.741937556954802,0.06551773637407828,1.7736268106167696,0.06551773637456342,1.773626810615964,0.8136278685040362,0.8136278685040365,5.111261814473755e-14,5.1112618144737566e-14,0.4902848870747873,0.4902848870747874
high,1.510,1.512,0,0,0,3.8641204937050913,3.8935480884205083,0.8248108020091682,0.8662949189200403,7.970919794313946,9.758214483399609,7.970919794314193,9.758214483399305,0.0658959294819684,1.7724462467743947,0.0658959294824502,1.7724462467735944,0.8136064770299877,0.8136064770299879,5.091619357919543e-14,5.0916193579195444e-14,0.4902933159004799,0.49029331590048003
high,1.512,1.514,0,0,0,3.870670045928119,3.900120742890217,0.8243233778491333,0.8657327224609842,7.984139086498473,9.774509560437163,7.98413908649872,9.77450956043686,0.06627411724169005,1.7712636677716151,0.0662741172421685,1.7712636677708202,0.8135851367456222,0.8135851367456224,5.07209907674008e-14,5.072099076740081e-14,0.49030173718233366,0.4903017371823338
high,1.514,1.516,0,0,0,3.877226629070437,3.9067004079961722,0.8238363825175035,0.8651711191641897,7.9973774154539825,9.790822787396003,7.9973774154542285,9.790822787395703,0.0666522937432221,1.7700790975953966,0.06665229374369724,1.770079097594607,0.8135638474782226,0.8135638474782229,5.0526999921241097e-14,5.052699992124111e-14,0.4903101509165849,0.49031015091658503
high,1.516,1.518,0,0,0,3.883790245175776,3.9132870858080033,0.8233498155071897,0.8646101081187036,8.010634783584381,9.807154163612967,8.010634783584626,9.807154163612665,0.06703045312915265,1.7688925600721952,0.06703045312962451,1.768892560071411,0.8135426090558938,0.813542609055894,5.033421134760724e-14,5.033421134760725e-14,0.4903185570994958,0.4903185570994959
high,1.518,1.520,0,0,0,3.8903608962836707,3.91988077839148,0.8228636763120156,0.8640496884159627,8.023911193284624,9.823503688444564,8.023911193284867,9.823503688444264,0.06740858958607193,1.7677040788813114,0.06740858958654053,1.7677040788805323,0.8135214213075513,0.8135214213075516,5.0142615447633943e-14,5.0142615447633956e-14,0.4903269557274067,0.4903269557274068
high,1.520,1.522,0,0,0,3.8969385844296376,3.9264814878083687,0.822377964426929,0.8634898591495747,8.037206646945664,9.839871361261386,8.037206646945908,9.839871361261087,0.06778669734867837,1.7665136775491992,0.06778669734914375,1.7665136775484254,0.8135002840629182,0.8135002840629184,4.99522027154484e-14,4.995220271544841e-14,0.49033534679670165,0.49033534679670177
high,1.522,1.524,0,0,0,3.9035233116452592,3.933089216116452,0.8218926793480309,0.8629306194152605,8.050521146955388,9.85625718144708,8.050521146955631,9.856257181446784,0.06816477070045363,1.7653213794489004,0.06816477070091578,1.7653213794481317,0.8134791971525288,0.813479197152529,4.976296373715405e-14,4.976296373715406e-14,0.490343730303798,0.49034373030379813
high,1.524,1.526,0,0,0,3.91011507995804,3.939703965369576,0.8214078205724616,0.8623719683109895,8.06385469569579,9.872661148401145,8.063854695696032,9.872661148400848,0.06854280397137082,1.7641272078039347,0.0685428039718298,1.7641272078031711,0.8134581604077106,0.8134581604077108,4.957488918979287e-14,4.9574889189792885e-14,0.4903521062451781,0.4903521062451782
high,1.526,1.528,0,0,0,3.916713891391466,3.9463257376175966,0.820923387598474,0.861813904936901,8.077207295544532,9.889083261537026,8.077207295544772,9.889083261536731,0.06892079153914593,1.7629311856868672,0.06892079153960173,1.7629311856861087,0.8134371736605844,0.8134371736605847,4.9387969840296464e-14,4.938796984029648e-14,0.49036047461737264,0.49036047461737275
high,1.528,1.530,0,0,0,3.9233197479650794,3.952954534906517,0.8204393799253681,0.8612564283953154,8.090578948873421,9.905523520283985,8.090578948873661,9.90552352028369,0.0692987278278524,1.7617333360218228,0.06929872782830507,1.7617333360210694,0.8134162367440725,0.8134162367440727,4.92021965446016e-14,4.9202196544601615e-14,0.4903688354169446,0.4903688354169447
high,1.530,1.532,0,0,0,3.9299326516943305,3.95959035927824,0.819955797053603,0.8606995377907165,8.103969658050962,9.921981924083465,8.103969658051202,9.921981924083171,0.06967660731015521,1.7605336815815897,0.06967660731060477,1.7605336815808412,0.813395349491864,0.8133953494918642,4.901756024636882e-14,4.9017560246368833e-14,0.4903771886405264,0.4903771886405265
high,1.532,1.534,0,0,0,3.936552604590763,3.9662332127708124,0.819472638484706,0.8601432322297343,8.117379425440257,9.938458472391936,8.117379425440497,9.938458472391643,0.07005442450532925,1.7593322449910116,0.0700544245057757,1.7593322449902682,0.8133745117384413,0.8133745117384416,4.8834051976264174e-14,4.8834051976264186e-14,0.4903855342847771,0.4903855342847772
high,1.534,1.536,0,0,0,3.9431796086618274,3.972883097418326,0.8189899037212509,0.859587510821231,8.13080825339845,9.954953164680894,8.130808253398689,9.954953164680605,0.07043217397889481,1.7581290487279746,0.0704321739793382,1.758129048727236,0.8133537233190532,0.8133537233190534,4.865166285086292e-14,4.8651662850862933e-14,0.49039387234642856,0.49039387234642867
high,1.536,1.538,0,0,0,3.9498136659110727,3.9795400152509175,0.8185075922669576,0.8590323726761537,8.144256144279034,9.971466000434457,8.14425614427927,9.971466000434168,0.07080985034433004,1.7569241151212676,0.07080985034477039,1.756924115120534,0.8133329840697209,0.8133329840697211,4.84703840716681e-14,4.8470384071668115e-14,0.49040220282224056,0.4904022028222407
high,1.538,1.540,0,0,0,3.956454778338014,3.9862039682947823,0.8180257036266135,0.8584778169076379,8.157723100430205,9.987996979150818,8.157723100430442,9.987996979150529,0.07118744826171544,1.755717466353039,0.07118744826215274,1.7557174663523103,0.8133122938272279,0.8133122938272281,4.8290206924189245e-14,4.829020692418926e-14,0.49041052570904076,0.49041052570904087
high,1.540,1.542,0,0,0,3.96310294793817,3.992874958572187,0.8175442373060814,0.8579238426309826,8.171209124194025,10.004546100343065,8.171209124194261,10.004546100342777,0.0715649624369799,1.7545091244603521,0.07156496243741421,1.754509124459628,0.8132916524291223,0.8132916524291225,4.811112277704714e-14,4.8111122777047154e-14,0.4904188410036837,0.4904188410036838
high,1.542,1.544,0,0,0,3.9697581767030714,3.9995529881014957,0.8170631928122836,0.8573704489636543,8.184714217906894,10.021113363538594,8.184714217907128,10.021113363538309,0.071942387622166,1.753299111335202,0.0719423876225973,1.7532991113344831,0.8132710597137106,0.8132710597137108,4.793312308104604e-14,4.793312308104605e-14,0.4904271487030791,0.4904271487030792
high,1.544,1.546,0,0,0,3.9764204666203007,4.0062380588970825,0.8165825696532911,0.8568176350252072,8.198238383902268,10.037698768275892,8.1982383839025,10.037698768275604,0.07231971861753048,1.752087448721794,0.07231971861795883,1.7520874487210796,0.8132505155200342,0.8132505155200345,4.77561993680494e-14,4.775619936804941e-14,0.49043544880420475,0.49043544880420487
high,1.546,1.548,0,0,0,3.983089819673486,4.012930172969444,0.8161023673382316,0.8562653999373445,8.211781624507278,10.05430231410823,8.21178162450751,10.054302314107947,0.07269695026869641,1.7508741582212137,0.07269695026912182,1.750874158220504,0.8132300196878899,0.8132300196878901,4.758034325032573e-14,4.758034325032574e-14,0.49044374130406915,0.49044374130406926
high,1.548,1.550,0,0,0,3.9897662378422605,4.019629332325149,0.8156225853773057,0.8557137428239182,8.22534394204315,10.070924000602922,8.225343942043382,10.070924000602636,0.07307407746693195,1.7496592612914228,0.07307407746735445,1.749659261290718,0.8132095720578248,0.8132095720578251,4.740554641964553e-14,4.740554641964554e-14,0.4904520261997225,0.4904520261997226
high,1.550,1.552,0,0,0,3.9964497231022422,4.026335538966817,0.8151432232817956,0.8551626628109297,8.238925338825808,10.08756382734041,8.238925338826041,10.087563827340128,0.07345109514956215,1.7484427792470592,0.07345109514998174,1.7484427792463588,0.8131891724711041,0.8131891724711043,4.7231800646196536e-14,4.723180064619655e-14,0.49046030348828,0.4904603034882801
high,1.552,1.554,0,0,0,4.003140277425165,4.033048794893201,0.814664280564066,0.8546121590264704,8.252525817166282,10.104221793914085,8.252525817166513,10.104221793913803,0.07382799830002593,1.7472247332597393,0.07382799830044265,1.7472247332590436,0.8131688207697366,0.8131688207697368,4.7059097777913676e-14,4.705909777791369e-14,0.49046857316690085,0.49046857316690096
high,1.554,1.556,0,0,0,4.009837902778796,4.039769102099111,0.8141857567375794,0.8540622306007425,8.266145379369977,10.120897899930574,8.266145379370208,10.120897899930291,0.07420478194730151,1.7460051443593299,0.07420478194771538,1.7460051443586388,0.8131485167964626,0.8131485167964628,4.688742973955945e-14,4.6887429739559464e-14,0.49047683523277547,0.4904768352327756
high,1.556,1.558,0,0,0,4.016542601126906,4.046496462575454,0.8137076513168505,0.8535128766660954,8.279784027736422,10.137592145009966,8.279784027736651,10.137592145009686,0.07458144116555594,1.7447840334348752,0.07458144116596697,1.7447840334341889,0.8131282603947325,0.8131282603947327,4.6716788531799535e-14,4.671678853179955e-14,0.4904850896831612,0.4904850896831613
high,1.558,1.560,0,0,0,4.02325437442937,4.053230878309231,0.8132299638174985,0.8529640963569483,8.29344176456099,10.154304528783932,8.293441764561218,10.154304528783653,0.0749579710752913,1.7435614212332646,0.07495797107569951,1.7435614212325827,0.8131080514087184,0.8131080514087187,4.6547166230423166e-14,4.654716623042318e-14,0.490493336515374,0.49049333651537413
high,1.560,1.562,0,0,0,4.029973224642032,4.059972351283569,0.8127526937561549,0.8524158888098984,8.307118592129992,10.17103505090068,8.307118592130221,10.171035050900402,0.07533436683950064,1.742337328365393,0.07533436683990605,1.7423373283647154,0.8130878896833206,0.8130878896833208,4.6378554985668595e-14,4.637855498566861e-14,0.49050157572673464,0.49050157572673475
high,1.562,1.564,0,0,0,4.0366991537169445,4.066720883477648,0.8122758406506346,0.8518682531635109,8.320814512729264,10.187783711015852,8.320814512729491,10.187783711015573,0.07571062367003385,1.741111775297006,0.0757106236704365,1.7411117752963332,0.8130677750641284,0.8130677750641286,4.621094702102752e-14,4.6210947021027535e-14,0.4905098073146581,0.4905098073146582
high,1.564,1.566,0,0,0,4.0434321636020805,4.0734764768668,0.8117994040197218,0.851321188558568,8.334529528634807,10.204550508802159,8.334529528635034,10.204550508801882,0.07608673682034449,1.7398847823599615,0.07608673682074439,1.7398847823592931,0.8130477073974481,0.8130477073974484,4.604433463283513e-14,4.6044334632835143e-14,0.4905180312765863,0.4905180312765864
high,1.566,1.568,0,0,0,4.050172256241534,4.080239133422463,0.8113233833832965,0.8507746941379037,8.348263642117626,10.221335443944259,8.348263642117852,10.221335443943984,0.0764627015890011,1.7386563697473463,0.07646270158939827,1.7386563697466821,0.8130276865302886,0.8130276865302888,4.5878710189294483e-14,4.5878710189294496e-14,0.4905262476100012,0.4905262476100013
high,1.568,1.570,0,0,0,4.05691943357549,4.0870088551121855,0.810847778262323,0.8502287690464166,8.362016855444235,10.238138516138049,8.36201685544446,10.238138516137774,0.07683851331990563,1.7374265575135317,0.07683851332030008,1.737426557512872,0.813007712310347,0.8130077123103472,4.571406612963634e-14,4.5714066129636354e-14,0.49053445631245557,0.4905344563124557
high,1.570,1.572,0,0,0,4.063673697540204,4.093785643899588,0.8103725881788604,0.849683412431067,8.37578917087485,10.254959725092313,8.375789170875073,10.254959725092037,0.07721416740080869,1.7361953655767781,0.07721416740120045,1.7361953655761229,0.8129877845860235,0.8129877845860237,4.55503949634609e-14,4.555039496346091e-14,0.4905426573815124,0.49054265738151254
high,1.572,1.574,0,0,0,4.070435050067981,4.1005695017445,0.8098978126559534,0.8491386234409543,8.389580590663133,10.271799070529173,8.389580590663355,10.2717990705289,0.07758965926284749,1.7349628137203021,0.07758965926323658,1.7349628137196513,0.812967903206393,0.8129679032063932,4.538768926988849e-14,4.53876892698885e-14,0.49055085081483135,0.49055085081483146
high,1.574,1.576,0,0,0,4.077203493087291,4.107360430602805,0.8094234512178025,0.8485944012271516,8.40339111705817,10.288656552181605,8.403391117058392,10.288656552181333,0.07796498438195208,1.7337289215905383,0.07796498438233851,1.7337289215898917,0.8129480680212313,0.8129480680212315,4.522594169687607e-14,4.522594169687608e-14,0.49055903661006683,0.49055903661006695
high,1.576,1.578,0,0,0,4.083979028522565,4.1141584324265414,0.8089495033895833,0.8480507449429029,8.417220752301978,10.305532169795969,8.4172207523022,10.305532169795697,0.07834013827678005,1.7324937087006158,0.07834013827716384,1.7324937086999734,0.8129282788809684,0.8129282788809686,4.5065144960328375e-14,4.506514496032839e-14,0.4905672147649842,0.4905672147649843
high,1.578,1.580,0,0,0,4.090761658294453,4.12096350916392,0.8084759686975674,0.8475076537434356,8.43106949863005,10.322425923131592,8.43106949863027,10.322425923131322,0.07871511650887375,1.7312571944304709,0.07871511650925493,1.7312571944298327,0.8129085356367471,0.8129085356367474,4.490529184366899e-14,4.4905291843669e-14,0.49057538527731775,0.49057538527731787
high,1.580,1.582,0,0,0,4.09755138431965,4.1277756627592055,0.8080028466691153,0.8469651267860298,8.444937358274624,10.339337811956735,8.444937358274844,10.339337811956467,0.0790899146850438,1.7300193980236624,0.07908991468542238,1.7300193980230285,0.812888838140341,0.8128888381403412,4.474637519661092e-14,4.4746375196610935e-14,0.4905835481449247,0.49058354814492483
high,1.582,1.584,0,0,0,4.10434820851095,4.134594895152891,0.8075301368325779,0.8464231632300555,8.458824333458336,10.35626783605563,8.458824333458555,10.356267836055363,0.07946452845231654,1.7287803385952871,0.07946452845269254,1.7287803385946574,0.8128691862442257,0.8128691862442259,4.4588387935002774e-14,4.4588387935002786e-14,0.49059170336564717,0.4905917033656473
high,1.584,1.586,0,0,0,4.111152132777309,4.141421208281564,0.8070578387174231,0.8458817622368614,8.472730426401569,10.373215995220331,8.472730426401787,10.373215995220063,0.0798389535032828,1.7275400351243348,0.07983895350365625,1.7275400351237091,0.8128495798015111,0.8128495798015113,4.44313230395966e-14,4.4431323039596616e-14,0.4905998509374319,0.490599850937432
high,1.586,1.588,0,0,0,4.117963159023706,4.148254604077952,0.80658595185413,0.8453409229698922,8.486655639314762,10.390182289258654,8.48665563931498,10.390182289258385,0.08021318557022868,1.726298506462838,0.08021318557059959,1.7262985064622163,0.8128300186659952,0.8128300186659955,4.4275173555814373e-14,4.4275173555814386e-14,0.49060799085820245,0.49060799085820256
high,1.588,1.590,0,0,0,4.124781289151286,4.15509508447101,0.8061144757741974,0.8448006445946235,8.500599974404334,10.40716671798819,8.500599974404553,10.407166717987923,0.08058722042919056,1.7250557713301469,0.08058722042955895,1.7250557713295294,0.8128105026921059,0.8128105026921061,4.411993259267714e-14,4.4119932592677154e-14,0.49061612312600866,0.4906161231260088
high,1.590,1.592,0,0,0,4.1316065250573475,4.1619426513857505,0.8056434100102599,0.8442609262784836,8.51456343387136,10.42416928123711,8.514563433871576,10.424169281236843,0.08096105389892883,1.7238118483148253,0.08096105389929471,1.7238118483142117,0.8127910317349328,0.8127910317349331,4.3965593322273364e-14,4.3965593322273376e-14,0.49062424773889257,0.4906242477388927
high,1.592,1.594,0,0,0,4.1384388686353315,4.16879730674344,0.8051727540959343,0.8437217671909567,8.528546019909447,10.441189978846765,8.528546019909664,10.4411899788465,0.08133468183900346,1.7225667558778732,0.08133468183936686,1.7225667558772637,0.8127716056502232,0.8127716056502234,4.3812148979186873e-14,4.3812148979186886e-14,0.4906323646949492,0.4906323646949493
high,1.594,1.596,0,0,0,4.14527832177466,4.175659052461465,0.8047025075658414,0.8431831665036219,8.542547734704307,10.458228810671502,8.542547734704524,10.458228810671239,0.08170810014943425,1.7213205123536024,0.08170810014979518,1.7213205123529969,0.8127522242943539,0.8127522242943541,4.365959285967185e-14,4.365959285967186e-14,0.4906404739923332,0.4906404739923333
high,1.596,1.598,0,0,0,4.152124886361055,4.182527890453386,0.8042326699557177,0.8426451233899533,8.556568580438139,10.475285776574397,8.556568580438354,10.475285776574134,0.08208130477354109,1.7200731359457049,0.08208130477389956,1.7200731359451034,0.81273288752435,0.8127328875243502,4.350791832102504e-14,4.350791832102505e-14,0.49064857562923114,0.49064857562923125
high,1.598,1.600,0,0,0,4.158978564276352,4.189403822628931,0.8037632408023274,0.8421076370254459,8.57060855928783,10.492360876428805,8.570608559288045,10.492360876428542,0.08245429169647187,1.7188246447298126,0.08245429169682791,1.718824644729215,0.8127135951978539,0.8127135951978541,4.335711878084416e-14,4.335711878084417e-14,0.49065666960392185,0.49065666960392196
high,1.600,1.602,0,0,0,4.165839357398471,4.196286850894033,0.80329421964342,0.8415707065876459,8.584667673420107,10.509454110123412,8.58466767342032,10.509454110123151,0.08282705694146764,1.7175750566594323,0.08282705694182128,1.7175750566588386,0.8126943471731666,0.8126943471731668,4.320718771669511e-14,4.320718771669512e-14,0.4906647559146622,0.4906647559146623
high,1.602,1.604,0,0,0,4.172707267601545,4.203176977150785,0.8028256060178263,0.8410343312560358,8.598745924998285,10.526565477555017,8.598745924998498,10.526565477554756,0.08319959657452672,1.7163243895592903,0.08319959657487795,1.7163243895587006,0.8126751433092048,0.812675143309205,4.3058118665152703e-14,4.3058118665152716e-14,0.4906728345597931,0.4906728345597932
high,1.604,1.606,0,0,0,4.179582296755806,4.210074203297486,0.802357399465364,0.8404985102121336,8.612843316177726,10.5436949786332,8.612843316177939,10.54369497863294,0.08357190670090604,1.7150726611309182,0.08357190670125492,1.7150726611303322,0.8126559834655082,0.8126559834655084,4.2909905221313105e-14,4.290990522131312e-14,0.49068090553770044,0.49068090553770055
high,1.606,1.608,0,0,0,4.186464446727687,4.216978531228599,0.8018895995269169,0.839963242639396,8.626959849108186,10.560842613277723,8.626959849108397,10.560842613277464,0.08394398346659755,1.713819888950766,0.08394398346694405,1.7138198889501841,0.812636867502243,0.8126368675022432,4.27625410381515e-14,4.276254103815151e-14,0.4906889688467987,0.4906889688467988
high,1.608,1.610,0,0,0,4.193353719379753,4.223889962834843,0.8014222057443368,0.8394285277233043,8.641095525932121,10.578008381420355,8.641095525932332,10.578008381420098,0.08431582305683585,1.7125660904727744,0.08431582305718002,1.712566090472196,0.8126177952801857,0.812617795280186,4.26160198259082e-14,4.2616019825908214e-14,0.4906970244855754,0.4906970244855755
high,1.610,1.612,0,0,0,4.200250116570815,4.230808500003078,0.8009552176605733,0.8388943646512301,8.655250348787172,10.595192283001973,8.655250348787384,10.595192283001717,0.08468742169770453,1.71131128302629,0.08468742169804637,1.7113112830257153,0.8125987666607358,0.812598766660736,4.2470335351477517e-14,4.247033535147753e-14,0.4907050724525344,0.49070507245253453
high,1.612,1.614,0,0,0,4.207153640155784,4.2377341446163745,0.8004886348195569,0.8383607526125619,8.669424319804035,10.612394317974696,8.669424319804245,10.61239431797444,0.08505877565438066,1.710055483819034,0.08505877565472018,1.7100554838184632,0.8125797815058852,0.8125797815058854,4.232548143773824e-14,4.2325481437738254e-14,0.49071311274626006,0.49071311274626017
high,1.614,1.616,0,0,0,4.214064291985759,4.244666898554039,0.8000224567662192,0.8378276907986532,8.683617441104635,10.629614486303838,8.683617441104843,10.629614486303584,0.08542988122957317,1.7087987099397548,0.0854298812299104,1.7087987099391877,0.8125608396782595,0.8125608396782598,4.2181451963217455e-14,4.218145196321747e-14,0.4907211453653227,0.4907211453653228
high,1.616,1.618,0,0,0,4.220982073908047,4.2516067636915995,0.7995566830465117,0.8372951784027958,8.69782971480746,10.646852787962212,8.697829714807668,10.646852787961958,0.08580073476706085,1.707540978353253,0.0858007347673958,1.7075409783526896,0.8125419410410571,0.8125419410410574,4.2038240861129593e-14,4.2038240861129606e-14,0.49072917030842245,0.49072917030842256
high,1.618,1.620,0,0,0,4.227906987766133,4.258553741900747,0.799091313207428,0.8367632146202135,8.712061143022702,10.664109222934872,8.71206114302291,10.664109222934618,0.08617133264810971,1.7062823059060739,0.0861713326484424,1.706282305905514,0.8125230854580937,0.8125230854580939,4.1895842119089554e-14,4.189584211908957e-14,0.4907371875742305,0.4907371875742306
high,1.620,1.622,0,0,0,4.234839035399696,4.265507835049463,0.7986263467969262,0.8362317986480982,8.726311727854165,10.681383791217398,8.726311727854371,10.681383791217144,0.08654167129244503,1.7050227093253592,0.08654167129277548,1.7050227093248032,0.8125042727937782,0.8125042727937785,4.17542497784626e-14,4.175424977846261e-14,0.49074519716150283,0.49074519716150294
high,1.622,1.624,0,0,0,4.241778218644672,4.272469045001913,0.798161783364024,0.8357009296855196,8.740581471400274,10.698676492814487,8.74058147140048,10.698676492814235,0.08691174715882188,1.7037622052183161,0.08691174715915011,1.7037622052177637,0.8124855029131075,0.8124855029131077,4.161345793371633e-14,4.161345793371634e-14,0.4907531990690217,0.4907531990690218
high,1.624,1.626,0,0,0,4.248724539333075,4.279437373618527,0.7976976224586594,0.8351706069335801,8.754870375750219,10.715987327743909,8.754870375750425,10.715987327743656,0.08728155674205182,1.7025008100769852,0.08728155674237782,1.7025008100764363,0.8124667756816697,0.8124667756816699,4.147346073201789e-14,4.1473460732017905e-14,0.4907611932956319,0.490761193295632
high,1.626,1.628,0,0,0,4.25567799929328,4.286412822755926,0.7972338636318747,0.8346408295951788,8.769178442989485,10.733316296030697,8.769178442989691,10.733316296030447,0.08765109657663271,1.701238540273108,0.08765109657695652,1.7012385402725627,0.8124480909656419,0.8124480909656421,4.1334252372537736e-14,4.133425237253775e-14,0.49076917984019186,0.49076917984019197
high,1.628,1.630,0,0,0,4.262638600349748,4.2933953942670104,0.7967705064356206,0.8341115968752383,8.783505675194812,10.750663397712282,8.783505675195016,10.750663397712032,0.08802036323297792,1.6999754120640953,0.08802036323329955,1.6999754120635533,0.8124294486317718,0.812429448631772,4.1195827105973293e-14,4.1195827105973306e-14,0.4907771587016438,0.4907771587016439
high,1.630,1.632,0,0,0,4.269606344323242,4.300385090000943,0.7963075504228703,0.8335829079805447,8.79785207443711,10.768028632835488,8.797852074437314,10.76802863283524,0.08838935331917572,1.6987114415906874,0.0883893533194952,1.6987114415901492,0.8124108485473933,0.8124108485473935,4.105817923402397e-14,4.1058179234023984e-14,0.4907851298789593,0.4907851298789594
high,1.632,1.634,0,0,0,4.2765812330307265,4.307381911803066,0.7958449951476235,0.8330547621197765,8.812217642780375,10.78541200145724,8.812217642780578,10.785412001456992,0.08875806348008526,1.6974466448786254,0.08875806348040259,1.6974466448780907,0.8123922905804214,0.8123922905804216,4.092130310886172e-14,4.0921303108861735e-14,0.4907930933711249,0.49079309337112503
high,1.634,1.636,0,0,0,4.283563268285351,4.314385861515048,0.7953828401648012,0.8325271585035715,8.826602382281227,10.802813503645321,8.826602382281429,10.802813503645073,0.08912649039666418,1.6961810378399573,0.08912649039697938,1.696181037839426,0.8123737745993279,0.8123737745993281,4.0785193132546583e-14,4.0785193132546596e-14,0.4908010491772178,0.4908010491772179
high,1.636,1.638,0,0,0,4.290552451896615,4.321396940974775,0.7949210850303907,0.8320000963443677,8.841006294992194,10.820233139474688,8.841006294992397,10.82023313947444,0.08949463078802589,1.6949146362702536,0.08949463078833897,1.6949146362697256,0.812355300473156,0.8123553004731562,4.06498437565059e-14,4.064984375650591e-14,0.49080899729634603,0.49080899729634614
high,1.638,1.640,0,0,0,4.297548785670144,4.328415152016423,0.794459729301289,0.831473574856581,8.855429382955473,10.837670909033895,8.855429382955675,10.837670909033648,0.08986248140690542,1.693647455855707,0.0898624814072164,1.6936474558551826,0.8123368680715242,0.8123368680715244,4.051524948118739e-14,4.0515249481187404e-14,0.4908169377276418,0.4908169377276419
high,1.640,1.642,0,0,0,4.304552271407831,4.335440496470419,0.7939987725353984,0.8309475932564858,8.869871648208036,10.855126812419632,8.869871648208235,10.855126812419387,0.09023003904293113,1.692379512168528,0.09023003904324002,1.692379512168007,0.8123184772646016,0.8123184772646018,4.038140485534736e-14,4.038140485534737e-14,0.49082487047030215,0.49082487047030227
high,1.642,1.644,0,0,0,4.311562910907876,4.34247297616349,0.7935382142916041,0.8304221507622072,8.884333092779688,10.87260084973888,8.884333092779887,10.872600849738635,0.09059730052098351,1.6911108206696912,0.09059730052129034,1.6911108206691734,0.8123001279231316,0.8123001279231318,4.0248304475718935e-14,4.024830447571895e-14,0.49083279552353853,0.49083279552353865
high,1.644,1.646,0,0,0,4.318580705964725,4.349512592918609,0.7930780541297815,0.8298972465937361,8.89881371869509,10.890093021106432,8.898813718695289,10.890093021106189,0.09096426270239431,1.6898413967074433,0.09096426270269907,1.6898413967069288,0.8122818199183924,0.8122818199183927,4.0115942986309826e-14,4.011594298630984e-14,0.4908407128866459,0.490840712886646
high,1.646,1.648,0,0,0,4.325605658369011,4.35655934855503,0.7926182916107455,0.8293728799729746,8.91331352796948,10.907603326649332,8.91331352796968,10.907603326649088,0.09133092248177756,1.6885712555223433,0.09133092248208029,1.6885712555218322,0.8122635531222269,0.8122635531222271,3.998431507813726e-14,3.9984315078137275e-14,0.49084862255892825,0.49084862255892836
high,1.648,1.650,0,0,0,4.332637769907694,4.363613244888343,0.7921589262962713,0.8288490501236679,8.927832522612729,10.92513176650282,8.927832522612928,10.925131766502579,0.09169727678944764,1.6873004122439208,0.09169727678974833,1.687300412243413,0.8122453274070167,0.8122453274070169,3.985341548859237e-14,3.9853415488592386e-14,0.49085652453976997,0.4908565245397701
high,1.650,1.652,0,0,0,4.3396770423640625,4.370674283730379,0.7916999577491605,0.8283257562713531,8.94237070462933,10.94267834080997,8.942370704629528,10.942678340809728,0.09206332259124506,1.686028881891231,0.09206332259154375,1.6860288818907263,0.8122271426456947,0.812227142645695,3.972323900100511e-14,3.972323900100512e-14,0.4908644188285784,0.4908644188285785
high,1.652,1.654,0,0,0,4.346723477517512,4.377742466889297,0.7912413855330792,0.8278029976435396,8.956928076012181,10.960243049728108,8.956928076012378,10.960243049727868,0.09242905688408569,1.6847566793798163,0.09242905688438238,1.684756679379315,0.812208998711743,0.8122089987117432,3.959378044430604e-14,3.959378044430605e-14,0.4908723054247849,0.490872305424785
high,1.654,1.656,0,0,0,4.3537770771438895,4.384817796169545,0.7907832092127354,0.8272807734694634,8.971504638752046,10.977825893419075,8.971504638752242,10.977825893418833,0.09279447670202405,1.683483819512896,0.09279447670231876,1.6834838195123978,0.8121908954791698,0.81219089547917,3.946503469229604e-14,3.946503469229605e-14,0.4908801843278969,0.490880184327897
high,1.656,1.658,0,0,0,4.36083784301528,4.391900273371889,0.7903254283537637,0.8267590829802322,8.98610039483048,10.995426872056369,8.986100394830677,10.995426872056129,0.09315957911127377,1.6822103169891138,0.09315957911156651,1.682210316988619,0.812172832822536,0.8121728328225363,3.9336996663451923e-14,3.9336996663451936e-14,0.49088805553743153,0.49088805553743164
high,1.658,1.660,0,0,0,4.36790577689998,4.398989900293391,0.7898680425227239,0.8262379254088317,9.000715346221794,11.013045985822913,9.00071534622199,11.013045985822675,0.09352436121131924,1.6809361864011643,0.09352436121161002,1.6809361864006727,0.8121548106169173,0.8121548106169175,3.920966132026905e-14,3.920966132026906e-14,0.4908959190529823,0.4908959190529824
high,1.660,1.662,0,0,0,4.374980880562711,4.406086678727456,0.7894110512871654,0.8257172999899994,9.015349494894728,11.030683234909555,9.015349494894924,11.030683234909317,0.09388871174482627,1.6796615060809343,0.09388871174511512,1.6796615060804456,0.8121368287379321,0.8121368287379324,3.908302366893321e-14,3.908302366893322e-14,0.4909037748741626,0.4909037748741627
high,1.662,1.664,0,0,0,4.382063155764447,4.413190610463776,0.7889544542155824,0.8251972059603091,9.03000284281109,11.048338619516072,9.030002842811284,11.048338619515834,0.09425236387934618,1.6783864461171445,0.09425236387963311,1.6783864461166589,0.812118887061718,0.8121188870617182,3.8957078758796004e-14,3.8957078758796016e-14,0.4909116230006412,0.4909116230006413
high,1.664,1.666,0,0,0,4.389152604262432,4.42030169728839,0.7884982508773805,0.824677642558183,9.044675391923827,11.066012139853246,9.04467539192402,11.06601213985301,0.09461569116757382,1.677110799226377,0.09461569116785883,1.6771107992258945,0.8121009854649454,0.8121009854649456,3.8831821682054494e-14,3.8831821682054507e-14,0.4909194634321103,0.4909194634321104
high,1.666,1.668,0,0,0,4.396249227810224,4.427419940983696,0.7880424408428869,0.8241586090238607,9.059367144179856,11.083703796139924,9.059367144180047,11.083703796139687,0.09497869081364813,1.6758345795925575,0.09497869081393123,1.6758345795920784,0.8120831238247923,0.8120831238247925,3.870724757317513e-14,3.870724757317514e-14,0.49092729616834685,0.49092729616834696
high,1.668,1.670,0,0,0,4.4033530281578,4.434545343328378,0.7875870236834425,0.8236401045992968,9.074078101520316,11.101413588602535,9.074078101520508,11.1014135886023,0.09534136005483129,1.6745578012954907,0.09534136005511251,1.6745578012950144,0.8120653020189676,0.8120653020189679,3.858335160854691e-14,3.8583351608546924e-14,0.4909351212091188,0.4909351212091189
high,1.670,1.672,0,0,0,4.410464007051387,4.441677906097469,0.7871319989712839,0.8231221285282916,9.088808265878278,11.119141517477402,9.08880826587847,11.119141517477168,0.09570369615972882,1.673280478313797,0.09570369616000818,1.6732804783133237,0.8120475199256934,0.8120475199256936,3.846012900606027e-14,3.8460129006060285e-14,0.49094293855425325,0.49094293855425336
high,1.672,1.674,0,0,0,4.417582166233505,4.448817631062405,0.786677366279522,0.822604680056485,9.103557639177986,11.136887583011642,9.103557639178177,11.13688758301141,0.09606569642750303,1.6720026245263588,0.09606569642778053,1.6720026245258888,0.8120297774237036,0.8120297774237039,3.833757502470772e-14,3.8337575024707734e-14,0.4909507482036235,0.4909507482036236
high,1.674,1.676,0,0,0,4.424707507443091,4.4559645199909195,0.7862231251822663,0.8220877584312234,9.118326223340498,11.154651785457007,9.118326223340688,11.154651785456773,0.09642735819137155,1.6707242537073472,0.0964273581916472,1.67072425370688,0.8120120743922251,0.8120120743922253,3.821568496398441e-14,3.8215684963984424e-14,0.490958550157176,0.4909585501571761
high,1.676,1.678,0,0,0,4.431840032415354,4.463118574647096,0.7857692752545227,0.821571362901673,9.133114020276278,11.172434125077519,9.133114020276468,11.172434125077288,0.09678867881350658,1.6694453795341284,0.09678867881378041,1.6694453795336643,0.8119944107110162,0.8119944107110164,3.809445416379477e-14,3.8094454163794785e-14,0.4909663444148358,0.4909663444148359
high,1.678,1.680,0,0,0,4.438979742881979,4.470279796791413,0.7853158160722519,0.8210554927187033,9.147921031892169,11.190234602142453,9.14792103189236,11.19023460214222,0.09714965568924815,1.6681660155812097,0.09714965568952016,1.6681660155807485,0.811976786260325,0.8119767862603252,3.7973878003765546e-14,3.797387800376556e-14,0.49097413097660964,0.49097413097660975
high,1.680,1.682,0,0,0,4.446126640570786,4.477448188180711,0.784862747212241,0.8205401471350849,9.162747260083,11.20805321693454,9.16274726008319,11.208053216934308,0.0975102862415155,1.666886175328887,0.09751028624178572,1.6668861753284288,0.8119592009209071,0.8119592009209073,3.78539519030754e-14,3.785395190307541e-14,0.4909819098425291,0.4909819098425292
high,1.682,1.684,0,0,0,4.4532807272061365,4.484623750568211,0.7844100682522632,0.8200253254052364,9.17759270674122,11.225889969740317,9.177592706741411,11.225889969740086,0.09787056792669688,1.665605872154668,0.0978705679269653,1.6656058721542126,0.8119416545740024,0.8119416545740026,3.77346713198067e-14,3.7734671319806715e-14,0.49098968101269946,0.4909896810126996
high,1.684,1.686,0,0,0,4.460442004508684,4.491806485703466,0.7839577787710003,0.8195110267853569,9.192457373750194,11.24374486085662,9.192457373750383,11.24374486085639,0.09823049823015567,1.664325119340274,0.0982304982304223,1.6643251193398214,0.811924147101359,0.8119241471013592,3.7616031750773057e-14,3.761603175077307e-14,0.49099744448722776,0.4909974444872279
high,1.686,1.688,0,0,0,4.467610474195493,4.498996395332442,0.7835058783480394,0.8189972505333789,9.207341262986741,11.261617890588207,9.20734126298693,11.261617890587978,0.09859007466753829,1.6630439300699313,0.09859007466780315,1.663043930069482,0.8119066783852158,0.811906678385216,3.7498028731041604e-14,3.7498028731041616e-14,0.4910052002662692,0.4910052002662693
high,1.688,1.690,0,0,0,4.474786137979909,4.506193481197507,0.7830543665638214,0.8184839959090432,9.222244376319049,11.279509059249685,9.222244376319235,11.279509059249458,0.09894929478322217,1.6617623174329585,0.09894929478348528,1.6617623174325118,0.8118892483082953,0.8118892483082956,3.738065783356752e-14,3.7380657833567536e-14,0.49101294835003995,0.49101294835004006
high,1.690,1.692,0,0,0,4.481968997571806,4.513397745037388,0.7826032429997728,0.8179712621737201,9.237166715610893,11.29741836716114,9.237166715611078,11.297418367160912,0.09930815615276131,1.66048029442035,0.09930815615302269,1.6604802944199062,0.811871856753816,0.8118718567538162,3.726391466879556e-14,3.7263914668795574e-14,0.4910206887387686,0.4910206887387687
high,1.692,1.694,0,0,0,4.4891590546772795,4.5206091885872395,0.782152507238127,0.8174590485906245,9.252108282716266,11.315345814653552,9.252108282716453,11.315345814653325,0.09966665637921703,1.6591978739305375,0.09966665637947666,1.6591978739300963,0.8118545036054645,0.8118545036054647,3.7147794884287065e-14,3.714779488428708e-14,0.4910284214327612,0.4910284214327613
high,1.694,1.696,0,0,0,4.49635631099893,4.527827813578613,0.7817021588620638,0.8169473544246245,9.267069079482527,11.33329140206561,9.267069079482711,11.333291402065383,0.10002479309489055,1.6579150687670319,0.10002479309514849,1.6579150687665936,0.8118371887474356,0.8118371887474358,3.703229416446755e-14,3.7032294164467564e-14,0.49103614643230964,0.49103614643230975
high,1.696,1.698,0,0,0,4.503560768235714,4.5350536217394275,0.7812521974556611,0.8164361789423149,9.282049107752423,11.351255129741286,9.282049107752607,11.35125512974106,0.10038256396242613,1.6566318916370393,0.10038256396268237,1.6566318916366038,0.8118199120643638,0.811819912064364,3.6917408229950015e-14,3.691740822995003e-14,0.49104386373781883,0.49104386373781894
high,1.698,1.700,0,0,0,4.510772428082981,4.5422866147940875,0.7808026226038348,0.8159255214120394,9.297048369357706,11.369236998036788,9.297048369357888,11.369236998036563,0.10073996667040265,1.6553483551582944,0.1007399666706572,1.6553483551578616,0.8118026734413973,0.8118026734413976,3.680313283761997e-14,3.6803132837619984e-14,0.49105157334966976,0.49105157334966987
high,1.700,1.702,0,0,0,4.517991292232481,4.549526794463361,0.7803534338924158,0.815415381103831,9.312066866124656,11.387237007314368,9.31206686612484,11.387237007314143,0.10109699893671177,1.6540644718542636,0.10109699893696462,1.6540644718538338,0.8117854727641406,0.8117854727641408,3.668946377993073e-14,3.668946377993074e-14,0.4910592752683062,0.4910592752683063
high,1.702,1.704,0,0,0,4.525217362372473,4.556774162464437,0.7799046309081565,0.8149057572893649,9.327104599874925,11.405255157941644,9.327104599875108,11.40525515794142,0.10145365850875179,1.6527802541540935,0.10145365850900298,1.6527802541536663,0.8117683099186636,0.8117683099186638,3.6576396884606656e-14,3.657639688460667e-14,0.4910669694942256,0.49106696949422574
high,1.704,1.706,0,0,0,4.532450640187481,4.564028720510959,0.7794562132386065,0.8143966492421172,9.342161572418508,11.42329145029867,9.342161572418691,11.423291450298446,0.10180994315881262,1.651495714399773,0.10180994315906215,1.6514957143993485,0.8117511847915143,0.8117511847915145,3.646392801446624e-14,3.6463928014466254e-14,0.49107465602794304,0.49107465602794315
high,1.706,1.708,0,0,0,4.539691127358578,4.571290470313026,0.7790081804722258,0.8138880562371863,9.357237785560901,11.441345884770731,9.357237785561084,11.441345884770508,0.10216585068825713,1.6502108648401053,0.10216585068850503,1.6502108648396834,0.8117340972697034,0.8117340972697036,3.635205306691406e-14,3.635205306691407e-14,0.4910823348700273,0.4910823348700274
high,1.708,1.710,0,0,0,4.5469388255631795,4.578559413577089,0.7785605321983641,0.8133799775513745,9.372333241099732,11.459418461751195,9.372333241099913,11.459418461750973,0.10252137892531739,1.648925717634267,0.10252137892556366,1.648925717633848,0.8117170472407054,0.8117170472407056,3.624076797365306e-14,3.6240767973653074e-14,0.4910900060210722,0.49109000602107233
high,1.710,1.712,0,0,0,4.554193736475209,4.585835552006142,0.7781132680072074,0.8128724124631561,9.38744794082523,11.477509181641725,9.38744794082541,11.477509181641505,0.10287652572495451,1.6476402848522416,0.10287652572519916,1.647640284851825,0.8117000345924579,0.8117000345924581,3.613006870036952e-14,3.613006870036953e-14,0.49109766948171407,0.4910976694817142
high,1.712,1.714,0,0,0,4.561455861765004,4.593118887299582,0.7776663874898193,0.8123653602526798,9.402581886522029,11.495618044849797,9.40258188652221,11.495618044849577,0.10323128896987781,1.6463545784735463,0.10323128897012085,1.6463545784731322,0.811683059213338,0.8116830592133383,3.6019951246273404e-14,3.6019951246273416e-14,0.49110532525266704,0.49110532525266715
high,1.714,1.716,0,0,0,4.568725203099345,4.600409421153243,0.7772198902381374,0.8118588202017529,9.417735079965412,11.51374505179265,9.417735079965594,11.51374505179243,0.1035856665679463,1.645068610391356,0.10358566656818774,1.6450686103909449,0.8116661209922066,0.8116661209922068,3.5910411644011885e-14,3.59104116440119e-14,0.49111297333461357,0.4911129733346137
high,1.716,1.718,0,0,0,4.576001762141416,4.60770715525946,0.7767737758449076,0.8113527915938932,9.432907522924426,11.531890202894116,9.432907522924605,11.531890202893896,0.10393965645383331,1.6437823924102528,0.10393965645407317,1.643782392409844,0.8116492198183469,0.8116492198183471,3.5801445959077034e-14,3.5801445959077046e-14,0.4911206137283543,0.4911206137283544
high,1.718,1.720,0,0,0,4.583285540550958,4.6150120913070145,0.7763279483660419,0.8108474772341232,9.448093702661206,11.550061475933488,9.448093702661385,11.55006147593327,0.10428628981797126,1.6425040142710756,0.10428628981820956,1.6425040142706695,0.8116323555815361,0.8116323555815363,3.569305906019049e-14,3.5693059060190506e-14,0.4911282464346235,0.4911282464346236
high,1.720,1.722,0,0,0,4.590576539984093,4.622324230981136,0.7758824967018321,0.8103426861606158,9.463298738980898,11.568251462444481,9.463298738981075,11.568251462444263,0.1046315229699201,1.6412264296833121,0.10463152297015682,1.6412264296829084,0.811615528171937,0.8116155281719373,3.5585238836138957e-14,3.558523883613897e-14,0.4911358714543336,0.4911358714543337
high,1.722,1.724,0,0,0,4.597874762093476,4.62964357596356,0.7754374275158221,0.8098384026045804,9.478523040643966,11.586459573943266,9.478523040644143,11.586459573943047,0.1049746765156831,1.639950091639233,0.10497467651591827,1.639950091638832,0.8115987374802182,0.8115987374802184,3.547798080006239e-14,3.5477980800062403e-14,0.49114348878829767,0.4911434887882978
high,1.724,1.726,0,0,0,4.605180208528183,4.636970127932507,0.7749927403984616,0.8093346258683096,9.493766609406958,11.604685810901854,9.493766609407135,11.604685810901637,0.10531752147571502,1.6386734589837677,0.10531752147594865,1.6386734589833691,0.8115819833974546,0.8115819833974548,3.537128114756416e-14,3.537128114756417e-14,0.49115109843745886,0.49115109843745897
high,1.726,1.728,0,0,0,4.612492880933781,4.644303888562664,0.774548434941092,0.8088313552556352,9.509029447017305,11.62293017380132,9.509029447017483,11.622930173801103,0.10566005537507517,1.6373965436414961,0.10566005537530727,1.6373965436411,0.8115652658151823,0.8115652658151825,3.526513610572528e-14,3.526513610572529e-14,0.4911587004027404,0.4911587004027405
high,1.728,1.730,0,0,0,4.619812780952389,4.651644859525191,0.7741045107359715,0.8083285900718872,9.524311555218624,11.641192663126256,9.524311555218802,11.641192663126041,0.10600227576682446,1.6361193574481436,0.10600227576705505,1.63611935744775,0.8115485846253545,0.8115485846253547,3.5159541932565487e-14,3.51595419325655e-14,0.49116629468515327,0.4911662946851534
high,1.730,1.732,0,0,0,4.627139910222507,4.658993042487826,0.7736609673761295,0.8078263296240398,9.539612935742383,11.659473279373541,9.53961293574256,11.659473279373326,0.10634283670756141,1.634844209095803,0.10634283670779049,1.634844209095412,0.8115319397203743,0.8115319397203745,3.505449491701746e-14,3.505449491701747e-14,0.49117388128573,0.4911738812857301
high,1.732,1.734,0,0,0,4.634474270379259,4.6663484391146985,0.773217743473235,0.807324607243246,9.554931081128794,11.677773912062815,9.55493108112897,11.6777739120626,0.10668107176929278,1.6335722186820818,0.10668107176952037,1.6335722186816932,0.8115153309930738,0.811515330993074,3.494999289062614e-14,3.494999289062615e-14,0.49118146020552284,0.49118146020552295
high,1.734,1.736,0,0,0,4.641815863054089,4.673711051066545,0.7727747534481687,0.8068234697157424,9.570262456989242,11.696097225252606,9.570262456989418,11.696097225252391,0.10701468307646976,1.6323072675315153,0.10701468307669587,1.6323072675311292,0.811498758336725,0.8114987583367252,3.484603429787492e-14,3.484603429787493e-14,0.49118903144562714,0.49118903144562726
high,1.736,1.738,0,0,0,4.649164689875189,4.681080880000536,0.7723321446943028,0.80632283387202,9.585613129429778,11.714438654694705,9.585613129429952,11.714438654694492,0.10734792216991552,1.6310420923594748,0.10734792217014015,1.6310420923590911,0.8114822216450139,0.8114822216450142,3.4742611843987694e-14,3.4742611843987706e-14,0.49119659500718477,0.4911965950071849
high,1.738,1.740,0,0,0,4.656520752467027,4.688457927570441,0.7718899167975533,0.8058226990320922,9.600983100151629,11.732798200896433,9.600983100151803,11.732798200896221,0.1076807967728394,1.6297766947438475,0.10768079677306257,1.629776694743466,0.8114657208120655,0.8114657208120657,3.4639721938860854e-14,3.4639721938860867e-14,0.49120415089137687,0.491204150891377
high,1.740,1.742,0,0,0,4.663884052450788,4.695842195426451,0.7714480693448967,0.8053230645172833,9.616372370854217,11.751175864366163,9.616372370854391,11.751175864365951,0.1080134125458514,1.6285109779364977,0.1080134125460731,1.6285109779361187,0.8114492557324157,0.8114492557324159,3.4537361021537536e-14,3.453736102153755e-14,0.49121169909941537,0.4912116990994155
high,1.742,1.744,0,0,0,4.671254591444117,4.703233685215386,0.7710066019241315,0.8048239296504636,9.63178094322539,11.769571645623804,9.631780943225563,11.769571645623593,0.10834576676889068,1.6272449539256977,0.10834576676911095,1.6272449539253209,0.8114328263010379,0.8114328263010381,3.443552556022744e-14,3.443552556022745e-14,0.49121923963254077,0.4912192396325409
high,1.744,1.746,0,0,0,4.678632371061124,4.710632398580556,0.7705655141239659,0.8043252937559867,9.64720881894561,11.787985545195884,9.647208818945783,11.787985545195673,0.10867785674799413,1.6259786346163971,0.10867785674821297,1.6259786346160228,0.8114164324133099,0.8114164324133101,3.4334212051820257e-14,3.433421205182027e-14,0.4912267724920553,0.49122677249205543
high,1.746,1.748,0,0,0,4.6860173929125075,4.718038337161793,0.7701248055340455,0.8038271561596231,9.662655999687674,11.806417563616051,9.662655999687846,11.80641756361584,0.10900967981489024,1.6247120318310446,0.10900967981510766,1.6247120318306725,0.8114000739650413,0.8114000739650415,3.4233417021734506e-14,3.423341702173452e-14,0.4912342976792622,0.4912342976792623
high,1.748,1.750,0,0,0,4.693409658605547,4.725451502595518,0.7696844757449053,0.8033295161885888,9.678122487117632,11.824867701424237,9.678122487117804,11.824867701424028,0.10934123332734605,1.6234451573092943,0.10934123332756206,1.6234451573089246,0.8113837508524459,0.8113837508524461,3.4133137023540523e-14,3.4133137023540536e-14,0.4912418151955295,0.4912418151955296
high,1.750,1.752,0,0,0,4.7008091697439776,4.732871896514687,0.7692445243479479,0.8028323731715975,9.693608282891239,11.84333595916996,9.69360828289141,11.84333595916975,0.10967251466697883,1.6221780227115083,0.10967251466719344,1.6221780227111409,0.8113674629721597,0.8113674629721599,3.4033368638818034e-14,3.403336863881805e-14,0.49124932504224206,0.49124932504224217
high,1.752,1.754,0,0,0,4.708215927928246,4.740299520548759,0.7688049509355639,0.8023357264386903,9.709113388662304,11.861822337403762,9.709113388662475,11.861822337403554,0.11000352124399668,1.620910639611884,0.11000352124420988,1.6209106396115187,0.8113512102212075,0.8113512102212077,3.3934108476641225e-14,3.393410847664124e-14,0.4912568272208577,0.4912568272208578
high,1.754,1.756,0,0,0,4.715629934755201,4.74773437632383,0.7683657551009255,0.8018395753214674,9.724637806070177,11.880326836690232,9.724637806070348,11.880326836690024,0.11033425048961779,1.6196430195100124,0.1103342504898296,1.6196430195096496,0.8113349924970499,0.8113349924970501,3.3835353173700243e-14,3.3835353173700256e-14,0.49126432173282153,0.49126432173282164
high,1.756,1.758,0,0,0,4.72305119181828,4.755176465462553,0.7679269364381045,0.8013439191529441,9.740181536748285,11.898849457599008,9.740181536748455,11.898849457598802,0.11066449946682362,1.6183753048425036,0.11066449946703408,1.618375304842143,0.8113188096975391,0.8113188096975393,3.373709939374831e-14,3.373709939374832e-14,0.49127180857964603,0.49127180857964614
high,1.758,1.760,0,0,0,4.730479700707609,4.762625789584119,0.7674884945421201,0.8008487572674824,9.75574458232484,11.917390200704036,9.75574458232501,11.917390200703828,0.11099361398467116,1.6171083045825254,0.11099361398488025,1.617108304582167,0.8113026617209361,0.8113026617209363,3.36393438274058e-14,3.363934382740581e-14,0.4912792877628634,0.4912792877628635
high,1.760,1.762,0,0,0,4.737915463009744,4.7700823503043255,0.7670504290087939,0.8003540890009638,9.771326944416984,11.9359490665895,9.771326944417154,11.935949066589293,0.11132222103070115,1.6158413750672898,0.11132222103090891,1.6158413750669336,0.811286548465901,0.8112865484659012,3.3542083191964535e-14,3.354208319196455e-14,0.4912867592840519,0.491286759284052
high,1.762,1.764,0,0,0,4.745358480307983,4.777546149235509,0.7666127394349103,0.7998599136905787,9.786928624637945,11.954526055842466,9.786928624638113,11.954526055842262,0.11165055010607981,1.6145742442120032,0.11165055010628624,1.6145742442116493,0.8112704698314946,0.8112704698314949,3.344531423104468e-14,3.344531423104469e-14,0.49129422314481375,0.49129422314481386
high,1.764,1.766,0,0,0,4.752808754182051,4.785017187986654,0.7661754254180231,0.7993662306750486,9.802549624589473,11.973121169060654,9.802549624589641,11.973121169060448,0.11197859871024708,1.6133069231704564,0.11197859871045218,1.6133069231701045,0.8112544257171711,0.8112544257171713,3.334903371444307e-14,3.334903371444308e-14,0.49130167934681035,0.49130167934681046
high,1.766,1.768,0,0,0,4.760266286208365,4.792495468163326,0.7657384865565998,0.7988730392944401,9.818189945866571,11.991734406847558,9.81818994586674,11.991734406847353,0.11230636436752635,1.6120394230175539,0.11230636436773013,1.6120394230172044,0.8112384160227919,0.8112384160227921,3.325323843786795e-14,3.325323843786796e-14,0.49130912789170195,0.49130912789170206
high,1.768,1.770,0,0,0,4.767731077959971,4.799980991367641,0.7653019224500077,0.798380338890192,9.83384959005878,12.010365769810862,9.833849590058946,12.010365769810658,0.1126338446277448,1.610771754748606,0.11263384462794727,1.6107717547482585,0.8112224406486018,0.811222440648602,3.315792522259783e-14,3.3157925222597844e-14,0.4913165687812042,0.49131656878120433
high,1.770,1.772,0,0,0,4.7752031310064,4.807473759198401,0.7648657326983774,0.797888128805242,9.849528558744742,12.02901525856829,9.84952855874491,12.029015258568087,0.11296103706286126,1.6095039292845748,0.11296103706306243,1.6095039292842295,0.8112064994952325,0.8112064994952327,3.306309091535038e-14,3.306309091535039e-14,0.49132400201709275,0.49132400201709286
high,1.772,1.774,0,0,0,4.782682446913893,4.814973773250945,0.7644299169027774,0.7973964083838365,9.865226853496928,12.04768287374242,9.865226853497095,12.047682873742218,0.113287550242481,1.6082364337107489,0.11328755024268089,1.6082364337104056,0.8111905924637185,0.8111905924637187,3.2968732388021215e-14,3.296873238802123e-14,0.4913314276011249,0.491331427601125
high,1.774,1.776,0,0,0,4.790169027245276,4.822481035117278,0.7639944746650825,0.7969051769716525,9.880944475880154,12.066368615962418,9.88094447588032,12.066368615962215,0.1136132826370198,1.6069694001045598,0.1136132826372184,1.6069694001042187,0.8111747194554697,0.8111747194554699,3.2874846537399515e-14,3.287484653739953e-14,0.4913388455351392,0.4913388455351393
high,1.776,1.778,0,0,0,4.7976628735600935,4.829995546385996,0.7635594055880683,0.7964144339156854,9.896681427452434,12.085072485863028,9.896681427452599,12.085072485862826,0.11393872624282068,1.6057022339500993,0.11393872624301803,1.6057022339497602,0.8111588803722948,0.811158880372295,3.278143028499711e-14,3.278143028499712e-14,0.49134625582096325,0.49134625582096336
high,1.778,1.780,0,0,0,4.80516398741435,4.837517308642351,0.7631247092752721,0.7959241785644202,9.9124377097616,12.103794484087874,9.912437709761765,12.103794484087672,0.11426387869303942,1.6044349459048026,0.1142638786932355,1.6044349459044658,0.8111430751163705,0.8111430751163707,3.268848057677201e-14,3.268848057677202e-14,0.4913536584605036,0.4913536584605037
high,1.780,1.782,0,0,0,4.812672370360808,4.845046323468203,0.7626903853311306,0.795434410267638,9.928213324350459,12.122534611284289,9.928213324350622,12.122534611284088,0.1145887376456928,1.6031675465487538,0.11458873764588762,1.603167546548419,0.8111273035902569,0.8111273035902571,3.259599438288412e-14,3.259599438288413e-14,0.4913610534556884,0.49136105345568853
high,1.782,1.784,0,0,0,4.820188023948844,4.85258259244205,0.7622564333609062,0.7949451283765075,9.944008272752683,12.141292868107413,9.944008272752846,12.141292868107213,0.1149133007811696,1.6019000463886104,0.11491330078136318,1.6019000463882775,0.8111115656969038,0.811111565696904,3.250396869755977e-14,3.2503968697559784e-14,0.4913684408084578,0.49136844080845793
high,1.784,1.786,0,0,0,4.827710949724462,4.860126117139066,0.7618228529706672,0.7944563322435867,9.959822556493721,12.160069255219332,9.959822556493885,12.160069255219133,0.1152375658025701,1.600632455857296,0.11523756580276244,1.6006324558569651,0.8110958613396345,0.8110958613396347,3.241240053880515e-14,3.2412400538805164e-14,0.49137582052079737,0.4913758205207975
high,1.786,1.788,0,0,0,4.835241149230321,4.867676899131037,0.7613896437673285,0.7939680212227839,9.975656177092148,12.17886377328745,9.975656177092311,12.17886377328725,0.11556153043635717,1.5993647853132298,0.11556153043654828,1.599364785312901,0.8110801904221431,0.8110801904221433,3.232128694815706e-14,3.2321286948157074e-14,0.49138319259473,0.4913831925947301
high,1.788,1.790,0,0,0,4.842778624005771,4.875234939986443,0.760956805358623,0.7934801946693575,9.991509136060088,12.19767642298426,9.991509136060252,12.197676422984062,0.11588519243236482,1.5980970450405059,0.11588519243255473,1.598097045040179,0.8110645528484878,0.811064552848488,3.223062499045639e-14,3.2230624990456405e-14,0.49139055703233986,0.49139055703233997
high,1.790,1.792,0,0,0,4.850323375586838,4.882800241270375,0.7605243373531335,0.7929928519398973,10.007381434900429,12.216507204989945,10.007381434900593,12.216507204989746,0.11620854956212778,1.5968292452515895,0.11620854956231647,1.5968292452512647,0.8110489485231239,0.8110489485231241,3.214041175377404e-14,3.2140411753774055e-14,0.49139791383567616,0.49139791383567627
high,1.792,1.794,0,0,0,4.8578754055061415,4.8903728045446515,0.7600922393601965,0.7925059923924058,10.023273075108664,12.235356119990625,10.023273075108827,12.235356119990426,0.11653159961971639,1.5955613960862673,0.11653159961990386,1.5955613960859445,0.8110333773508484,0.8110333773508486,3.2050644349001894e-14,3.205064434900191e-14,0.49140526300689763,0.49140526300689774
high,1.794,1.796,0,0,0,4.865434715293095,4.897952631367694,0.7596605109900434,0.7920196153861409,10.039184058173895,12.254223168677125,10.039184058174056,12.254223168676928,0.11685434042217517,1.5942935076111824,0.11685434042236147,1.5942935076108615,0.8110178392368474,0.8110178392368477,3.196131990978519e-14,3.1961319909785203e-14,0.4914126045481314,0.4914126045481315
high,1.796,1.798,0,0,0,4.873001306473626,4.905539723294684,0.7592291518536053,0.791533720281822,10.055114385574267,12.273108351749816,10.055114385574427,12.273108351749618,0.11717676980677452,1.5930255898241383,0.11717676980695962,1.5930255898238195,0.8110023340866593,0.8110023340866596,3.1872435592264e-14,3.187243559226401e-14,0.4914199384615838,0.49141993846158394
high,1.798,1.800,0,0,0,4.880575180570557,4.913134081877379,0.7587981615627551,0.791048306441352,10.071064058785074,12.292011669910003,10.071064058785234,12.292011669909808,0.11749888563542603,1.5917576526476924,0.11749888563560995,1.5917576526473756,0.8109868618061956,0.8109868618061958,3.178398857482242e-14,3.178398857482243e-14,0.4914272647494504,0.49142726474945053
high,1.800,1.802,0,0,0,4.888156339103254,4.920735708664326,0.7583675397300551,0.7905633732280822,10.087033079271647,12.310933123867523,10.087033079271809,12.310933123867326,0.11782068579048122,1.5904897059356256,0.11782068579066399,1.5904897059353105,0.8109714223017086,0.8109714223017088,3.1695976057893825e-14,3.169597605789384e-14,0.49143458341402885,0.49143458341402896
high,1.802,1.804,0,0,0,4.895744783587846,4.928344605200744,0.7579372859689016,0.790078920006648,10.103021448489972,12.32987271433991,10.103021448490132,12.329872714339714,0.11814216817496681,1.5892217594727744,0.11814216817514842,1.5892217594724611,0.8109560154798469,0.8109560154798471,3.1608395263932086e-14,3.16083952639321e-14,0.49144189445756076,0.49144189445756087
high,1.804,1.806,0,0,0,4.903340515537151,4.93596077302848,0.7575073998935179,0.7895949461429905,10.119029167892055,12.348830442046555,10.119029167892215,12.34883044204636,0.11846333071547314,1.5879538229709236,0.1184633307156536,1.5879538229706123,0.8109406412475824,0.8109406412475826,3.1521243436889166e-14,3.152124343688918e-14,0.491449197882385,0.4914491978823851
high,1.806,1.808,0,0,0,4.910943536460668,4.943584213686176,0.757077881118858,0.7891114510044152,10.135056238919237,12.367806307716098,10.135056238919397,12.367806307715902,0.11878417135815712,1.586685906074945,0.11878417135833644,1.5866859060746357,0.8109252995122592,0.8109252995122594,3.143451784229808e-14,3.143451784229809e-14,0.49145649369085315,0.49145649369085326
high,1.808,1.810,0,0,0,4.918553847864688,4.9512149287091525,0.7566487292607053,0.7886284339594902,10.151102663006725,12.38680031208145,10.151102663006883,12.386800312081256,0.11910468807116456,1.5854180183593742,0.11910468807134274,1.5854180183590667,0.8109099901815804,0.8109099901815806,3.1348215766965976e-14,3.134821576696599e-14,0.4914637818853319,0.491463781885332
high,1.810,1.812,0,0,0,4.926171451252187,4.958852919629431,0.7562199439356244,0.7881458943781046,10.167168441583335,12.405812455879913,10.167168441583494,12.40581245587972,0.11942487884435128,1.5841501693290203,0.11942487884452833,1.5841501693287148,0.8108947131635833,0.8108947131635835,3.1262334518701346e-14,3.126233451870136e-14,0.49147106246825706,0.49147106246825717
high,1.812,1.814,0,0,0,4.933796348122868,4.9664981879757555,0.7557915247609567,0.7876638316314536,10.183253576069387,12.424842739855459,10.183253576069545,12.424842739855267,0.11974474168793278,1.5828823684211606,0.11974474168810871,1.5828823684208568,0.8108794683666672,0.8108794683666675,3.1176871426258416e-14,3.117687142625843e-14,0.4914783354420752,0.4914783354420753
high,1.814,1.816,0,0,0,4.941428539973149,4.974150735273657,0.7553634713547784,0.7871822450920649,10.19935806787499,12.443891164760622,10.199358067875147,12.44389116476043,0.1200642746313693,1.5816146250073861,0.12006427463154412,1.5816146250070842,0.8108642556995941,0.8108642556995943,3.109182383917635e-14,3.109182383917636e-14,0.4914856008092395,0.4914856008092396
high,1.816,1.818,0,0,0,4.949068028296229,4.981810563045305,0.7549357833360079,0.7867011341337036,10.21548191840687,12.462957731348963,10.215481918407026,12.462957731348771,0.12038347572704947,1.5803469483882997,0.12038347572722317,1.5803469483879995,0.8108490750714507,0.8108490750714509,3.1007189127366326e-14,3.100718912736634e-14,0.49149285857226555,0.49149285857226566
high,1.818,1.820,0,0,0,4.956714814582026,4.9894776728096835,0.7545084603242778,0.7862204981314687,10.231625129062365,12.482042440381743,10.231625129062524,12.482042440381553,0.12070234304672953,1.5790793477989995,0.12070234304690214,1.5790793477987013,0.8108339263916752,0.8108339263916754,3.0922964681120945e-14,3.092296468112096e-14,0.49150010873370736,0.4915001087337075
high,1.820,1.822,0,0,0,4.9643689003172735,4.997152066082482,0.7540815019400321,0.7857403364616957,10.247787701231637,12.501145292625353,10.247787701231793,12.501145292625162,0.12102087468265271,1.577811832407595,0.12102087468282424,1.5778118324072983,0.8108188095700642,0.8108188095700645,3.083914791091247e-14,3.083914791091248e-14,0.49150735129610357,0.4915073512961037
high,1.822,1.824,0,0,0,4.972030286985369,5.0048337443761595,0.7536549078044307,0.7852606485020612,10.26396963629887,12.520266288849976,10.263969636299027,12.520266288849786,0.12133906874805835,1.576544411314635,0.12133906874822879,1.5765444113143403,0.8108037245167177,0.8108037245167179,3.0755736247025984e-14,3.0755736247025997e-14,0.49151458626212047,0.4915145862621206
high,1.824,1.826,0,0,0,4.979698976066496,5.012522709199924,0.7532286775394029,0.7847814336315048,10.280170935636383,12.539405429835814,10.280170935636537,12.539405429835625,0.12165692337380735,1.575277093558313,0.12165692337397672,1.57527709355802,0.8107886711421248,0.810788671142125,3.067272713973863e-14,3.067272713973864e-14,0.4915218136343338,0.4915218136343339
high,1.826,1.828,0,0,0,4.987374969037701,5.020218962059737,0.7528028107676713,0.7843026912301853,10.29639160061405,12.558562716363287,10.296391600614205,12.558562716363097,0.12197443671333358,1.574009888107259,0.12197443671350189,1.574009888106968,0.8107736493570854,0.8107736493570856,3.0590118058772905e-14,3.059011805877292e-14,0.4915290334154174,0.49152903341541754
high,1.828,1.830,0,0,0,4.9950582673727135,5.027922504458346,0.752377307112664,0.7838244206795886,10.31263163259137,12.577738149221146,10.312631632591525,12.577738149220956,0.12229160693821726,1.572742803867329,0.12229160693838452,1.5727428038670397,0.8107586590727406,0.8107586590727408,3.050790649332263e-14,3.050790649332264e-14,0.4915362456080645,0.49153624560806464
high,1.830,1.832,0,0,0,5.002748872542067,5.035633337895211,0.7519521661986001,0.7833466213624297,10.328891032922604,12.596931729200943,10.328891032922758,12.596931729200755,0.1226084322408482,1.5714758496778083,0.1226084322410144,1.5714758496775207,0.8107437002005603,0.8107437002005605,3.04260899517746e-14,3.042608995177461e-14,0.49154345021500817,0.4915434502150083
high,1.832,1.834,0,0,0,5.010446786013086,5.043351463866697,0.7515273876503716,0.7828692926627281,10.345169802951743,12.616143457102885,10.345169802951897,12.616143457102696,0.12292491083142144,1.5702090343160549,0.12292491083158659,1.5702090343157689,0.8107287726523574,0.8107287726523577,3.034466596166718e-14,3.034466596166719e-14,0.4915506472390046,0.4915506472390047
high,1.834,1.836,0,0,0,5.0181520092499055,5.0510768838658375,0.7511029710936831,0.7823924339657076,10.361467944017532,12.635373333729744,10.361467944017686,12.635373333729556,0.12324104094067866,1.568942366493604,0.12324104094084277,1.5689423664933198,0.8107138763402771,0.8107138763402774,3.0263632069403135e-14,3.026363206940315e-14,0.491557836682825,0.4915578366828251
high,1.836,1.838,0,0,0,5.025864543713446,5.0588095993824895,0.7506789161549495,0.7819160446578654,10.377785457451273,12.65462135988961,10.377785457451425,12.654621359889424,0.1235568208184669,1.567675854858485,0.12355682081863,1.5676758548582026,0.810699011176783,0.8106990111767832,3.018298584007872e-14,3.018298584007873e-14,0.49156501854929613,0.49156501854929624
high,1.838,1.840,0,0,0,5.03358439086142,5.06654961190331,0.750255222461314,0.7814401241269522,10.394122344575464,12.673887536397157,10.394122344575617,12.67388753639697,0.12387224873289537,1.5664095079966511,0.12387224873305744,1.5664095079963702,0.8106841770746797,0.8106841770746799,3.010272485741199e-14,3.0102724857412004e-14,0.4915721928412471,0.4915721928412472
high,1.840,1.842,0,0,0,5.041311552148332,5.074296922911774,0.749831889640634,0.7809646717619785,10.410478606705402,12.693171864071992,10.410478606705555,12.693171864071806,0.12418727083762078,1.565143440014862,0.12418727083778183,1.565143440014583,0.8106693739470922,0.8106693739470924,3.0022846723497733e-14,3.0022846723497746e-14,0.4915793595615591,0.49157935956155924
high,1.842,1.844,0,0,0,5.049046029025659,5.082051533888119,0.7494089173215716,0.7804896869530953,10.426854245153669,12.712474343733998,10.426854245153821,12.712474343733813,0.12450192993992339,1.5638775692989764,0.12450192994008344,1.5638775692986988,0.8106546017074631,0.8106546017074633,2.994334905857935e-14,2.9943349058579365e-14,0.4915865187131509,0.491586518713151
high,1.844,1.846,0,0,0,5.056787822941486,5.089813446309444,0.7489863051334098,0.7800151690918193,10.443249261217996,12.73179497621573,10.443249261218147,12.731794976215545,0.12481623270732799,1.562611887352619,0.12481623270748703,1.5626118873523431,0.8106398602695768,0.810639860269577,2.9864229501115314e-14,2.986422950111533e-14,0.4915936702989282,0.4915936702989283
high,1.846,1.848,0,0,0,5.064536935340876,5.097582661649607,0.7485640527062347,0.7795411175707994,10.45966365619507,12.751133762348168,10.459663656195223,12.751133762347985,0.12513017747885946,1.5613464025204782,0.1251301774790175,1.561346402520204,0.8106251495475197,0.81062514954752,2.978548570732984e-14,2.978548570732985e-14,0.4916008143218699,0.49160081432187
high,1.848,1.850,0,0,0,5.072293367665628,5.105359181379365,0.7481421596707752,0.7790675317839856,10.476097431369073,12.770490702972738,10.476097431369224,12.770490702972554,0.12544376260912826,1.5600811230900047,0.12544376260928533,1.5600811230897322,0.8106104694557184,0.8106104694557186,2.970711535132631e-14,2.9707115351326325e-14,0.4916079507849464,0.4916079507849465
high,1.850,1.852,0,0,0,5.080057121354462,5.113143006966244,0.747720625658533,0.7785944111264886,10.492550588022015,12.789865798930295,10.492550588022166,12.789865798930112,0.125756986473687,1.558816057283602,0.12575698647384306,1.558816057283331,0.810595819908893,0.8105958199088932,2.962911612465178e-14,2.962911612465179e-14,0.4916150796912085,0.4916150796912086
high,1.852,1.854,0,0,0,5.0878281978429385,5.120934139874615,0.7472994503017124,0.778121754994642,10.509023127425582,12.809259051069738,10.509023127425731,12.809259051069555,0.1260698474645631,1.557551213265446,0.1260698474647182,1.5575512132651768,0.8105812008221062,0.8105812008221064,2.955148573640104e-14,2.955148573640105e-14,0.49162220104367144,0.49162220104367155
high,1.854,1.856,0,0,0,5.095606598563413,5.12873258156572,0.7468786332331864,0.7776495627860348,10.525515050844392,12.828670460244552,10.525515050844541,12.82867046024437,0.12638234399183643,1.5562865991393047,0.12638234399199055,1.556286599139037,0.8105666121107195,0.8105666121107197,2.9474221912894954e-14,2.9474221912894966e-14,0.4916293148454294,0.4916293148454295
high,1.856,1.858,0,0,0,5.1033923249451565,5.136538333497604,0.7464581740865757,0.7771778338994185,10.542026359537447,12.848100027311222,10.542026359537596,12.84810002731104,0.1266944744842745,1.5550222229477568,0.12669447448442767,1.5550222229474906,0.8105520536904078,0.8105520536904081,2.939732239755244e-14,2.939732239755245e-14,0.4916364210995914,0.4916364210995915
high,1.858,1.860,0,0,0,5.111185378414262,5.14435139712519,0.7460380724961699,0.7767065677347827,10.558557054753964,12.867547753133625,10.558557054754113,12.867547753133444,0.12700623738698988,1.5537580926758436,0.1270062373871421,1.553758092675579,0.8105375254771728,0.8105375254771731,2.932078495084321e-14,2.9320784950843224e-14,0.49164351980927185,0.49164351980927196
high,1.860,1.862,0,0,0,5.1189857603936995,5.152171773900282,0.7456183280969472,0.7762357636933199,10.575107137737803,12.887013638578459,10.575107137737952,12.887013638578278,0.12731763116360453,1.5524942162480104,0.1273176311637558,1.5524942162477475,0.8105230273873069,0.8105230273873071,2.9244607349976374e-14,2.9244607349976387e-14,0.49165061097766183,0.49165061097766194
high,1.862,1.864,0,0,0,5.126793472303395,5.1599994652714605,0.7451989405246514,0.7757654211773497,10.591676609726319,12.906497684516141,10.591676609726468,12.906497684515962,0.12762865429556491,1.5512306015292932,0.12762865429571524,1.5512306015290318,0.8105085593374309,0.8105085593374312,2.916878738887824e-14,2.9168787388878255e-14,0.49165769460791636,0.4916576946079165
high,1.864,1.866,0,0,0,5.134608515560069,5.167834472684283,0.744779909415629,0.7752955395904649,10.608265471948261,12.925999891823418,10.608265471948409,12.925999891823237,0.1279393052808158,1.5499672563274498,0.1279393052809652,1.54996725632719,0.8104941212444565,0.8104941212444567,2.909332287797395e-14,2.9093322877973966e-14,0.4916647707032801,0.4916647707032802
high,1.866,1.868,0,0,0,5.142430891577317,5.175676797581099,0.7443612344069501,0.7748261183374285,10.624873725623765,12.945520261382775,10.624873725623912,12.945520261382594,0.12824958263379505,1.548704188393138,0.1282495826339435,1.5487041883928798,0.8104797130256242,0.8104797130256244,2.901821164415005e-14,2.9018211644150064e-14,0.4916718392669632,0.4916718392669633
high,1.868,1.870,0,0,0,5.1502606017657255,5.183526441401179,0.7439429151363836,0.7743571568241474,10.641501371970632,12.96505879407648,10.64150137197078,12.9650587940763,0.12855948488840166,1.5474414054156491,0.1285594848885492,1.5474414054153924,0.810465334598443,0.8104653345984433,2.894345153036317e-14,2.894345153036318e-14,0.4916789003022803,0.4916789003022804
high,1.870,1.872,0,0,0,5.15809764753264,5.191383405580691,0.743524951242322,0.7738886544577873,10.658148412193535,12.984615490797347,10.65814841219368,12.984615490797168,0.12886901059239309,1.5461789150314151,0.12886901059253972,1.5461789150311598,0.810450985880756,0.8104509858807563,2.886904039582878e-14,2.886904039582879e-14,0.4916859538125149,0.491685953812515
high,1.872,1.874,0,0,0,5.16594203028242,5.199247691552628,0.7431073423639065,0.7734206106466113,10.674814847494531,13.004190352437885,10.674814847494678,13.004190352437707,0.12917815831264054,1.544916724816343,0.12917815831278628,1.544916724816089,0.8104366667906948,0.810436666790695,2.8794976115617243e-14,2.8794976115617256e-14,0.4916929998009955,0.4916929998009956
high,1.874,1.876,0,0,0,5.173793751416419,5.20711930074695,0.7426900881409444,0.7729530248000361,10.691500679067987,13.023783379895935,10.691500679068135,13.023783379895757,0.12948692663229208,1.543654842290186,0.1294869266324369,1.5436548422899337,0.8104223772467045,0.8104223772467047,2.872125658066808e-14,2.872125658066809e-14,0.49170003827105446,0.4917000382710546
high,1.876,1.878,0,0,0,5.181652812332692,5.214998234590464,0.7422731882138687,0.7724858963287378,10.708205908099416,13.04339457407507,10.708205908099561,13.043394574074892,0.12979531415023057,1.542393274917535,0.1297953141503745,1.5423932749172842,0.8104081171675065,0.8104081171675067,2.8647879697533026e-14,2.864787969753304e-14,0.4917070692260948,0.4917070692260949
high,1.878,1.880,0,0,0,5.189519214426288,5.222884494506962,0.7418566422237626,0.7720192246445462,10.724930535766287,13.063023935884544,10.724930535766433,13.063023935884367,0.1301033194811769,1.5411320301077933,0.13010331948131995,1.5411320301075442,0.8103938864721352,0.8103938864721354,2.857484338837112e-14,2.8574843388371134e-14,0.4917140926695255,0.4917140926695256
high,1.880,1.882,0,0,0,5.1973929590893455,5.230778081917072,0.7414404498124713,0.7715530091603429,10.741674563244104,13.082671466232558,10.74167456324425,13.082671466232382,0.13041094125873148,1.5398711152108187,0.13041094125887367,1.5398711152105709,0.8103796850799144,0.8103796850799146,2.8502145590660086e-14,2.85021455906601e-14,0.49172110860477863,0.49172110860477874
high,1.882,1.884,0,0,0,5.205274047710727,5.238678998238353,0.7410246106224215,0.7710872492902763,10.758437991696075,13.102337166036783,10.758437991696221,13.102337166036605,0.13071817813003805,1.5386105375250274,0.13071817813017933,1.5386105375247812,0.8103655129104685,0.8103655129104688,2.842978425721824e-14,2.842978425721825e-14,0.49172811703530683,0.49172811703530694
high,1.884,1.886,0,0,0,5.213162481676321,5.246587244885349,0.7406091242966951,0.7706219444496247,10.775220822279735,13.122021036218024,10.775220822279879,13.122021036217848,0.13102502875889419,1.537350304292905,0.13102502875903463,1.5373503042926602,0.8103513698837085,0.8103513698837087,2.835775735597017e-14,2.8357757355970175e-14,0.49173511796460634,0.49173511796460645
high,1.886,1.888,0,0,0,5.2210582623690724,5.254502823269437,0.7401939904791187,0.7701570940547247,10.792023056149885,13.141723077696629,10.792023056150029,13.141723077696454,0.13133149182720613,1.5360904226990075,0.1313314918273457,1.536090422698764,0.8103372559198346,0.8103372559198349,2.8286062869782977e-14,2.8286062869782983e-14,0.4917421113961928,0.4917421113961929
high,1.888,1.890,0,0,0,5.2289613911686335,5.262425734799034,0.7397792088140329,0.7696926975232158,10.808844694446703,13.161443291405034,10.808844694446847,13.16144329140486,0.13163756602882756,1.5348308998792795,0.13163756602896626,1.5348308998790374,0.8103231709393436,0.8103231709393438,2.8214698796500752e-14,2.8214698796500758e-14,0.49174909733360933,0.49174909733360944
high,1.890,1.892,0,0,0,5.23687186945186,5.270355980879414,0.7393647789465535,0.7692287542737261,10.825685738309692,13.181181678273292,10.825685738309836,13.181181678273118,0.1319432500764398,1.5335717429109652,0.13194325007657767,1.5335717429107247,0.8103091148630243,0.8103091148630245,2.814366314865167e-14,2.8143663148651678e-14,0.49175607578040426,0.49175607578040437
high,1.892,1.894,0,0,0,5.244789698592418,5.278293562912835,0.738950700522371,0.7687652637261094,10.842546188868864,13.200938239238063,10.842546188869006,13.200938239237889,0.1322485426970283,1.5323129588195006,0.1322485426971653,1.5323129588192614,0.8102950876119365,0.8102950876119367,2.8072953953352634e-14,2.807295395335264e-14,0.4917630467401897,0.49176304674018984
high,1.894,1.896,0,0,0,5.25271487996104,5.286238482298515,0.7385369731878493,0.7683022253013037,10.859426047247766,13.2207129752397,10.859426047247908,13.220712975239525,0.1325534426332162,1.5310545545766674,0.13255344263335236,1.5310545545764296,0.8102810891074438,0.810281089107444,2.8002569252262586e-14,2.8002569252262592e-14,0.49177001021656663,0.49177001021656674
high,1.896,1.898,0,0,0,5.260647414925285,5.294190740432647,0.7381235965899305,0.7678396384214583,10.876325314560402,13.24050588722512,10.876325314560544,13.240505887224948,0.13285794864167397,1.5297965371031212,0.1328579486418093,1.5297965371028848,0.8102671192711859,0.8102671192711861,2.7932507101406338e-14,2.7932507101406344e-14,0.4917769662131892,0.49177696621318934
high,1.898,1.900,0,0,0,5.268587304849947,5.3021503387083095,0.7377105703763203,0.7673775025096922,10.893243991920546,13.260316976138368,10.893243991920688,13.260316976138194,0.13316205949757484,1.5285389132619085,0.13316205949770935,1.5285389132616733,0.810253178025082,0.8102531780250822,2.7862765570959397e-14,2.7862765570959403e-14,0.49178391473372074,0.49178391473372085
high,1.900,1.902,0,0,0,5.276534551096514,5.3101172785156585,0.7372978941952043,0.7669158169904273,10.910182080427221,13.28014624293551,10.910182080427363,13.280146242935338,0.13346577398728254,1.5272816898694936,0.13346577398741624,1.52728168986926,0.8102392652913349,0.8102392652913352,2.779334274530835e-14,2.7793342745308357e-14,0.4917908557818716,0.4917908557818717
high,1.902,1.904,0,0,0,5.284489155023673,5.318091561241738,0.7368855676955118,0.7664545812890715,10.927139581176382,13.29999368857256,10.927139581176524,13.299993688572389,0.13376909091402453,1.5260248736874673,0.1337690909141574,1.526024873687235,0.8102253809924431,0.8102253809924433,2.7724236722833596e-14,2.7724236722833603e-14,0.49179778936131985,0.49179778936131996
high,1.904,1.906,0,0,0,5.29245111798708,5.3260731882706125,0.7364735905267699,0.765993794832172,10.94411649526055,13.31985931400593,10.94411649526069,13.319859314005758,0.13407200909753675,1.5247684714232261,0.13407200909766884,1.5247684714229952,0.8102115250511459,0.8102115250511461,2.7655445615648288e-14,2.7655445615648295e-14,0.4918047154758762,0.4918047154758763
high,1.906,1.908,0,0,0,5.300420441339308,5.334062160983343,0.736061962339095,0.7655334570474338,10.961112823757466,13.339743120203996,10.961112823757606,13.339743120203824,0.1343745273684125,1.5235124897385186,0.13437452736854374,1.523512489738289,0.810197697390509,0.8101976973905092,2.758696754984105e-14,2.7586967549841058e-14,0.49181163412925094,0.49181163412925105
high,1.908,1.910,0,0,0,5.30839712643004,5.342058480757935,0.7356506827832836,0.7650735673636008,10.978128567744479,13.35964510813223,10.97812856774462,13.35964510813206,0.1346766445750392,1.5222569352392843,0.13467664457516967,1.522256935239056,0.8101838979338428,0.810183897933843,2.7518800664976104e-14,2.751880066497611e-14,0.4918185453252486,0.4918185453252487
high,1.910,1.912,0,0,0,5.316381174605924,5.350062148969457,0.7352397515107003,0.7646141252105648,10.995163728290862,13.379565278761335,10.995163728291002,13.379565278761165,0.1349783595796536,1.5210018144816573,0.13497835957978327,1.5210018144814303,0.8101701266047266,0.8101701266047269,2.7450943114138937e-14,2.7450943114138943e-14,0.4918254490677258,0.4918254490677259
high,1.912,1.914,0,0,0,5.324372587210591,5.358073166989934,0.7348291681733351,0.7641551300193214,11.012218306455438,13.399503633069312,11.012218306455576,13.399503633069143,0.13527967125715265,1.5197471339738833,0.13527967125728155,1.5197471339736575,0.8101563833270452,0.8101563833270454,2.738339306394563e-14,2.7383393063945637e-14,0.49183234536048315,0.49183234536048326
high,1.914,1.916,0,0,0,5.332371365584864,5.366091536188398,0.7344189324238469,0.7636965812218764,11.029292303296286,13.41946017203183,11.029292303296424,13.41946017203166,0.1355805784996213,1.51849290016973,0.13558057849974942,1.5184929001695058,0.8101426680249312,0.8101426680249314,2.7316148694168055e-14,2.731614869416806e-14,0.4918392342073938,0.4918392342073939
high,1.916,1.918,0,0,0,5.340377511066381,5.374117257930939,0.7340090439154107,0.7632384782514485,11.046385719859313,13.439434896633658,11.046385719859453,13.439434896633488,0.135881080210715,1.5172391194769872,0.13588108021084233,1.517239119476764,0.8101289806227908,0.810128980622791,2.7249208197820672e-14,2.7249208197820678e-14,0.49184611561236563,0.49184611561236574
high,1.918,1.920,0,0,0,5.348391024989967,5.382150333580639,0.7335995023018708,0.7627808205422607,11.063498557186598,13.459427807860294,11.063498557186737,13.459427807860125,0.13618117530955318,1.5159857982518148,0.13618117530967974,1.515985798251593,0.8101153210453046,0.8101153210453048,2.718256978096278e-14,2.7182569780962788e-14,0.4918529895793083,0.4918529895793084
high,1.920,1.922,0,0,0,5.356411908687408,5.390190764497595,0.733190307237653,0.762323607529657,11.080630816311555,13.479438906702681,11.080630816311693,13.479438906702512,0.13648086272830787,1.5147329428024765,0.13648086272843366,1.514732942802256,0.8101016892174251,0.8101016892174253,2.711623166263538e-14,2.7116231662635388e-14,0.49185985611215055,0.49185985611215066
high,1.922,1.924,0,0,0,5.36444016348769,5.39823855203895,0.7327814583778267,0.7618668386499915,11.097782498265511,13.499468194150799,11.09778249826565,13.49946819415063,0.13678014141517714,1.5134805593850555,0.13678014141530218,1.5134805593848364,0.8100880850643574,0.8100880850643576,2.705019207463656e-14,2.7050192074636565e-14,0.49186671521487707,0.4918667152148772
high,1.924,1.926,0,0,0,5.372475790716617,5.406293697558903,0.7323729553779705,0.7614105133408179,11.114953604065255,13.519515671206019,11.114953604065391,13.519515671205852,0.1370790103283737,1.5122286542125358,0.13707901032849795,1.5122286542123178,0.810074508511593,0.8100745085115932,2.6984449261633633e-14,2.698444926163364e-14,0.4918735668914551,0.4918735668914552
high,1.926,1.928,0,0,0,5.380518791697282,5.414356202408656,0.7319647978943539,0.7609546310406365,11.132144134728525,13.539581338865489,11.132144134728662,13.539581338865322,0.13737746844338458,1.5109772334441507,0.1373774684435081,1.510977233443934,0.8100609594848698,0.81006095948487,2.691900148079012e-14,2.6919001480790127e-14,0.4918804111459085,0.49188041114590864
high,1.928,1.930,0,0,0,5.388569167749795,5.422426067936464,0.7315569855838179,0.7604991911890445,11.149354091264039,13.559665198132226,11.149354091264176,13.559665198132059,0.13767551474808978,1.509726303192777,0.13767551474821257,1.5097263031925616,0.8100474379101994,0.8100474379101996,2.685384700184225e-14,2.6853847001842257e-14,0.49188724798226274,0.49188724798226285
high,1.930,1.932,0,0,0,5.396626920191181,5.430503295487677,0.7311495181037231,0.7600441932267915,11.166583474669311,13.579767250017317,11.166583474669448,13.57976725001715,0.1379731482416375,1.5084758695267462,0.13797314824175955,1.508475869526532,0.8100339437138585,0.8100339437138587,2.678898410699133e-14,2.6788984106991335e-14,0.49189407740456403,0.49189407740456415
high,1.932,1.934,0,0,0,5.404692050335713,5.438587886404677,0.7307423951120846,0.7595896365955987,11.183832285941552,13.599887495528856,11.183832285941689,13.59988749552869,0.1382703679394847,1.507225938462493,0.13827036793960598,1.5072259384622801,0.8100204768223662,0.8100204768223664,2.6724411090633188e-14,2.6724411090633195e-14,0.49190089941692305,0.49190089941692317
high,1.934,1.936,0,0,0,5.41276455949472,5.446679842026917,0.7303356162674883,0.7591355207382607,11.201100526068215,13.62002593568157,11.201100526068352,13.620025935681404,0.13856717286879935,1.5059765159715215,0.13856717286891992,1.5059765159713099,0.810007037162523,0.8100070371625232,2.6660126259460968e-14,2.6660126259460974e-14,0.4919077140234237,0.4919077140234238
high,1.936,1.938,0,0,0,5.4208444489766165,5.454779163690906,0.7299291812291082,0.7586818450986234,11.218388196030958,13.640182571492627,11.218388196031093,13.640182571492462,0.13886356207026024,1.5047276079778749,0.1388635620703801,1.5047276079776646,0.809993624661379,0.8099936246613793,2.6596127932232473e-14,2.659612793223248e-14,0.4919145212281853,0.4919145212281854
high,1.938,1.940,0,0,0,5.42893172008691,5.462885852730223,0.7295230896566973,0.7582286091215839,11.235695296805773,13.660357403981543,11.235695296805908,13.66035740398138,0.13915953459798308,1.5034792203583798,0.1391595345981022,1.5034792203581706,0.8099802392462377,0.809980239246238,2.6532414439688235e-14,2.653241443968824e-14,0.4919213210353698,0.4919213210353699
high,1.940,1.942,0,0,0,5.437026374128189,5.4709999104755935,0.729117341210547,0.7577758122531142,11.253021829359467,13.680550434174062,11.253021829359604,13.680550434173899,0.13945508951770816,1.5022313589454659,0.13945508951782656,1.5022313589452578,0.8099668808446657,0.809966880844666,2.6468984124514174e-14,2.646898412451418e-14,0.4919281134491434,0.4919281134491435
high,1.942,1.944,0,0,0,5.445128412400178,5.479121338254747,0.7287119355515704,0.7573234539401926,11.270367794654367,13.700761663096774,11.270367794654502,13.70076166309661,0.13975022590901132,1.5009840295240326,0.13975022590912903,1.5009840295238257,0.809953549384483,0.8099535493844833,2.6405835341165637e-14,2.6405835341165643e-14,0.4919348984736906,0.4919348984736907
high,1.944,1.946,0,0,0,5.453237836199656,5.487250137392561,0.7283068723412053,0.7568715336308812,11.287733193645494,13.72099109178042,11.287733193645629,13.720991091780254,0.1400449428637813,1.4997372378338358,0.1400449428638983,1.4997372378336302,0.8099402447937512,0.8099402447937514,2.6342966455774445e-14,2.634296645577445e-14,0.491941676113254,0.4919416761132541
high,1.946,1.948,0,0,0,5.461354646820669,5.495386309210973,0.7279021512415238,0.7564200507741948,11.3051180272829,13.741238721257423,11.305118027283035,13.74123872125726,0.14033923948721994,1.4984909895681353,0.1403392394873362,1.4984909895679308,0.8099269670008036,0.8099269670008038,2.6280375846112316e-14,2.6280375846112323e-14,0.49194844637204177,0.4919484463720419
high,1.948,1.950,0,0,0,5.4694788455542,5.50352985502909,0.7274977719150709,0.7559690048202912,11.32252229650656,13.761504552567045,11.322522296506694,13.761504552566882,0.140633114895358,1.4972452903775184,0.1406331148954736,1.497245290377315,0.8099137159342168,0.809913715934217,2.62180619014737e-14,2.6218061901473705e-14,0.49195520925432873,0.49195520925432884
high,1.950,1.952,0,0,0,5.477610433688514,5.51168077616304,0.7270937340250442,0.7555183952202585,11.339946002254324,13.781788586747098,11.339946002254457,13.781788586746936,0.1409265682186944,1.496000145864639,0.1409265682188093,1.4960001458644367,0.8099004915228122,0.8099004915228124,2.6156023022495235e-14,2.6156023022495242e-14,0.49196196476439263,0.49196196476439275
high,1.952,1.954,0,0,0,5.485749412508973,5.519839073926126,0.7266900372351587,0.7550682214262482,11.35738914545613,13.80209082484016,11.357389145456263,13.802090824839999,0.1412195985993207,1.494755561588606,0.14121959859943492,1.494755561588405,0.8098872936956608,0.809887293695661,2.6094257621148903e-14,2.609425762114891e-14,0.49196871290654837,0.4919687129065485
high,1.954,1.956,0,0,0,5.49389578329802,5.528004749628779,0.7262866812096654,0.7546184828914625,11.374851727032285,13.82241126789514,11.374851727032418,13.822411267894978,0.141512205190072,1.4935115430663786,0.1415122051901855,1.4935115430661787,0.809874122382097,0.8098741223820972,2.603276412069988e-14,2.6032764120699885e-14,0.491975453685096,0.4919754536850961
high,1.956,1.958,0,0,0,5.50204954733536,5.536177804578501,0.7258836656134304,0.7541691790700549,11.392333747903018,13.842749916957379,11.392333747903152,13.842749916957217,0.14180438715885468,1.4922680957664844,0.14180438715896754,1.4922680957662857,0.8098609775116753,0.8098609775116755,2.5971540955402877e-14,2.5971540955402884e-14,0.49198218710441416,0.49198218710441427
high,1.958,1.960,0,0,0,5.510210705897731,5.54435824007997,0.7254809901118132,0.7537203094172615,11.409835208976807,13.863106773080789,11.40983520897694,13.863106773080627,0.1420961436831143,1.4910252251173484,0.14209614368322648,1.4910252251171507,0.8098478590142121,0.8098478590142123,2.5910586570642865e-14,2.591058657064287e-14,0.49198891316886617,0.4919889131688663
high,1.960,1.962,0,0,0,5.518379260259139,5.55254605743501,0.725078654370752,0.753271873389283,11.42735611115662,13.883481837321536,11.427356111156751,13.883481837321375,0.1423874739526027,1.489782936503314,0.14238747395271423,1.4897829365031177,0.8098347668197805,0.8098347668197807,2.58498994227742e-14,2.5849899422774207e-14,0.4919956318828077,0.4919956318828078
high,1.962,1.964,0,0,0,5.526555211690663,5.5607412579425715,0.7246766580567107,0.752823870443366,11.444896455340514,13.903875110737069,11.444896455340645,13.903875110736909,0.1426783771696109,1.488541235264443,0.14267837716972173,1.4885412352642475,0.8098217008586698,0.80982170085867,2.5789477978912687e-14,2.5789477978912693e-14,0.4920023432506832,0.4920023432506833
high,1.964,1.966,0,0,0,5.534738561460667,5.5689438428987215,0.7242750008367472,0.7523763000376996,11.462456242421418,13.92428659438655,11.462456242421549,13.92428659438639,0.14296885254872108,1.4873001266970012,0.14296885254883127,1.487300126696807,0.8098086610614256,0.8098086610614258,2.5729320716962037e-14,2.5729320716962043e-14,0.49200904727691513,0.49200904727691525
high,1.966,1.968,0,0,0,5.542929310834536,5.577153813596749,0.7238736823783811,0.7519291616315671,11.480035473281495,13.944716289336657,11.480035473281626,13.944716289336498,0.1432588993141262,1.4860596160575623,0.14325889931423572,1.4860596160573691,0.809795647358834,0.8097956473588342,2.5669426125540216e-14,2.5669426125540222e-14,0.49201574396595876,0.4920157439659589
high,1.968,1.970,0,0,0,5.551127461075024,5.585371171327024,0.723472702349765,0.7514824546851396,11.49763414880187,13.965164196651484,11.497634148802002,13.965164196651324,0.14354851670399535,1.484819708556667,0.14354851670410423,1.484819708556475,0.8097826596819212,0.8097826596819214,2.5609792703797848e-14,2.5609792703797854e-14,0.4920224333222767,0.4920224333222768
high,1.970,1.972,0,0,0,5.5593330134419086,5.593595917377179,0.7230720604194923,0.7510361786596865,11.515252269852972,13.985630317402645,11.515252269853104,13.985630317402487,0.14383770396592405,1.4835804093656884,0.1438377039660323,1.4835804093654974,0.8097696979619479,0.8097696979619481,2.5550418961417466e-14,2.5550418961417472e-14,0.49202911535037974,0.49202911535037985
high,1.972,1.974,0,0,0,5.567545969192265,5.601828053031935,0.7226717562567587,0.7505903330173993,11.532889837302125,14.00611465266115,11.532889837302257,14.00611465266099,0.14412646036036386,1.482341723611885,0.14412646036047144,1.4823417236116951,0.8097567621304126,0.8097567621304128,2.5491303418457265e-14,2.549130341845727e-14,0.4920357900547835,0.4920357900547836
high,1.974,1.976,0,0,0,5.575766329580313,5.610067579573217,0.7222717895312634,0.7501449172214881,11.55054685200681,14.026617203504529,11.55054685200694,14.02661720350437,0.14441478515742018,1.481103656383264,0.14441478515752715,1.4811036563830753,0.8097438521190683,0.8097438521190685,2.5432444605381486e-14,2.5432444605381493e-14,0.4920424574399855,0.4920424574399856
high,1.976,1.978,0,0,0,5.583994095857591,5.61831449828012,0.7218721599132728,0.7496999307360938,11.568223314823959,14.047137971007325,11.568223314824088,14.047137971007167,0.1447026776409462,1.479866212722644,0.1447026776410525,1.4798662127224564,0.80973096785988,0.8097309678598802,2.537384106278347e-14,2.5373841062783476e-14,0.49204911751056274,0.49204911751056285
high,1.978,1.980,0,0,0,5.592229269272612,5.626568810428994,0.7214728670734772,0.7492553730264654,11.585919226597575,14.06767695625366,11.585919226597705,14.067676956253502,0.14499013710288872,1.4786293976361589,0.1449901371029944,1.4786293976359721,0.8097181092850474,0.8097181092850476,2.5315491341471567e-14,2.5315491341471573e-14,0.49205577027111547,0.4920557702711156
high,1.980,1.982,0,0,0,5.600471851071426,5.6348305172932465,0.7210739106832508,0.7488112435586447,11.60363458817417,14.08823416032133,11.6036345881743,14.088234160321173,0.14527716285015577,1.4773932160832097,0.14527716285026085,1.477393216083024,0.8097052763270077,0.809705276327008,2.5257394002254423e-14,2.525739400225443e-14,0.49206241572623294,0.49206241572623305
high,1.982,1.984,0,0,0,5.60872184249701,5.643099620143627,0.7206752904143324,0.7483675417998249,11.621369400382365,14.10880958430303,11.621369400382493,14.108809584302874,0.14556375419528825,1.4761576729903938,0.1455637541953927,1.4761576729902093,0.8096924689184588,0.809692468918459,2.5199547616120718e-14,2.5199547616120725e-14,0.49206905388048594,0.49206905388048605
high,1.984,1.986,0,0,0,5.616979244789731,5.651376120248028,0.7202770059390574,0.7479242672180783,11.639123664053583,14.129403229284845,11.639123664053711,14.129403229284689,0.14584991046571721,1.4749227732379326,0.14584991046582102,1.4749227732377492,0.8096796869922901,0.8096796869922903,2.5141950763776403e-14,2.514195076377641e-14,0.49207568473854557,0.4920756847385457
high,1.986,1.988,0,0,0,5.625244059187166,5.659660018871528,0.719879056930282,0.7474814192824498,11.656897380011015,14.150015096357524,11.656897380011145,14.150015096357368,0.14613563099872112,1.47368852166726,0.14613563099882432,1.4736885216670774,0.8096669304816351,0.8096669304816353,2.5084602035807514e-14,2.508460203580752e-14,0.4920823083050616,0.4920823083050617
high,1.988,1.990,0,0,0,5.633516286924167,5.667951317276442,0.7194814430613758,0.7470389974629392,11.674690549072187,14.170645186614099,11.674690549072315,14.170645186613942,0.14642091514242553,1.4724549230796558,0.1464209151425281,1.4724549230794743,0.8096541993198598,0.80965419931986,2.5027500032557625e-14,2.502750003255763e-14,0.4920889245847046,0.4920889245847047
high,1.990,1.992,0,0,0,5.6417959292327104,5.676250016722314,0.7190841640061807,0.7465970012305659,11.692503172045535,14.191293501153085,11.692503172045663,14.191293501152929,0.14670576225425447,1.4712219822386692,0.14670576225435644,1.4712219822384887,0.8096414934405587,0.8096414934405589,2.497064336406191e-14,2.4970643364061915e-14,0.4920955335821653,0.4920955335821654
high,1.992,1.994,0,0,0,5.650082987342152,5.684556118465903,0.7186872194390922,0.746155430057244,11.71033524973684,14.211960041072173,11.710335249736968,14.211960041072018,0.14699017170364348,1.469989703866218,0.14699017170374487,1.4699897038660386,0.8096288127775484,0.8096288127775486,2.4914030649901058e-14,2.4914030649901064e-14,0.4921021353021564,0.4921021353021565
high,1.994,1.996,0,0,0,5.658377462479067,5.692869623761213,0.718290609034994,0.7457142834158662,11.728186782945075,14.23264480747233,11.728186782945203,14.232644807472175,0.1472741428701205,1.468758092645552,0.14727414287022128,1.4687580926453734,0.8096161572648711,0.8096161572648714,2.4857660519176526e-14,2.4857660519176533e-14,0.4921087297494201,0.4921087297494202
high,1.996,1.998,0,0,0,5.666679355867238,5.701190533859484,0.7178943324692602,0.7452735607802994,11.746057772460432,14.253347801459748,11.746057772460558,14.253347801459594,0.14755767514236917,1.467527153222759,0.14755767514246937,1.4675271532225815,0.8096035268368071,0.8096035268368074,2.480153161047841e-14,2.4801531610478415e-14,0.4921153169286857,0.4921153169286858
high,1.998,2,0,0,0,5.674988668727837,5.709518850009156,0.7174983894178207,0.7448332616252943,11.763948219071995,14.274069024138036,11.763948219072121,14.274069024137882,0.14784076792150988,1.466296890202034,0.1478407679216095,1.4662968902018574,0.8095909214278445,0.8095909214278447,2.4745642571667317e-14,2.4745642571667323e-14,0.49212189684472796,0.49212189684472807
