re_lo,re_hi,depth,a_modulus_lower,d_modulus_lower,prefactor_lower,prefactor_upper,q_a_upper,q_d_upper,root_disk_margin_lower
0,0.00025,0,1.3830249521263769,1.7212845900316427,0.5273101909986337,0.9954505762329802,0.9436333812757159,0.46854140207916317,0.4870747599068206
0.00025,0.0005,0,1.382226991680505,1.7191459036589976,0.5262736313643428,0.9971838378188663,0.9436337919428666,0.46854428042738033,0.487073411459838
0.0005,0.00075,0,1.3813778879654146,1.7168925808762685,0.5251598550157981,0.9990298689526438,0.9436332978876719,0.46854717550219377,0.48707220193809747
0.00075,0.001,0,1.380495539124252,1.714583928621206,0.5239956980414258,1.00094118450388,0.9436317567112741,0.46854970431864934,0.4870714622997048
0.001,0.00125,0,1.3795801053877235,1.7122205220364284,0.5227815153113777,1.0029179990338415,0.9436291689736057,0.46855186664896237,0.4870711925356162
0.00125,0.0015,0,1.3786306145580571,1.7098015160986297,0.521517418331408,1.0049610109014409,0.9436255354579971,0.46855366223888145,0.4870713923881896
0.0015,0.00175,0,1.377645067723152,1.70732478388211,0.5202070830737352,1.0070642447935958,0.9436208571704312,0.4685550908079554,0.48707206135173375
0.00175,0.002,0,1.3766263519896889,1.7047901884687153,0.5188474844227132,1.009225200877205,0.9436151353384643,0.468556152049819,0.4870731986735323
0.002,0.00225,0,1.375569249350415,1.7021499761536318,0.5174300292403722,1.011472818535212,0.9436083716846935,0.46855684604401243,0.4870748033554235
0.00225,0.0025,0,1.3744791288828802,1.6994469256108156,0.5159689558490339,1.0137824788948457,0.9436005687782534,0.4685571737867963,0.4870768741556064
0.0025,0.00275,0,1.3733292551383929,1.6965055980283565,0.5144433101596885,1.0162779665901833,0.9435917276228453,0.4685571335798595,0.4870794095910167
0.00275,0.003,0,1.3719967826229564,1.6930629723810495,0.5126969014703451,1.0191913891072546,0.9435818503163046,0.4685567250159856,0.4870824079397059
0.003,0.00325,0,1.370663359071172,1.6896533897291375,0.5109584029033464,1.0220745505236846,0.9435709391692653,0.4685559476636165,0.48708586724410696
0.00325,0.0035,0,1.369320369587618,1.6862590257377643,0.5092191141593245,1.0249421080941852,0.9435589967028492,0.46855480106734815,0.4870897853139347
0.0035,0.00375,0,1.3679685740762213,1.6828927002312297,0.5074869801076253,1.0277881530232695,0.9435460256460774,0.46855328474840496,0.48709415973033104
0.00375,0.004,0,1.3666167155872502,1.679478410944184,0.5057597527768958,1.0306559394129446,0.9435320289331837,0.4685513982051817,0.48709898784942046
0.004,0.00425,0,1.3652694918635466,1.6760649871667632,0.5040506663175032,1.0335101207275097,0.9435170097006512,0.4685491409137857,0.48710426680679664
0.00425,0.0045,0,1.3639275155715054,1.6726945810894434,0.5023607769270451,1.0363240455760017,0.9435009716578882,0.46854651258054714,0.4871099908791956
0.0045,0.00475,0,1.362591097382153,1.6693676476407,0.5006904919686884,1.0390967905966226,0.943483923248746,0.46854351595386934,0.4871161220809754
0.00475,0.005,0,1.3612611597564876,1.6660856646698012,0.4990407550817181,1.0418262699403609,0.9434658634946379,0.46854014728085785,0.4871226902150519
0.005,0.00525,0,1.3599383163214238,1.6628495868458055,0.4974122270490003,1.0445109813960032,0.9434467963022127,0.468536405951442,0.48712969164254666
0.00525,0.0055,0,1.3586231717247246,1.659660350669663,0.49580555261470555,1.0471494400694747,0.9434267257628072,0.4685322913360803,0.4871371225328426
0.0055,0.00575,0,1.3573163209532355,1.6565188741649337,0.4942213597829747,1.049740180222473,0.9434056561485658,0.4685278027864713,0.48714497886924907
0.00575,0.006,0,1.3560183486676178,1.6534260565429155,0.49266025914524775,1.0522817571283518,0.9433835919084055,0.4685229396362594,0.48715325645495017
0.006,0.00625,0,1.3547298285546496,1.6503827778408293,0.49112284323767924,1.0547727489427448,0.9433605376638803,0.46851770120175623,0.4871619509191837
0.00625,0.0065,0,1.353451322698697,1.647389898531838,0.48960968593011317,1.0572117585855838,0.9433364982048784,0.4685120867826731,0.4871710577236495
0.0065,0.00675,0,1.3521833809713635,1.644448259106124,0.48812134184707534,1.059597415633822,0.9433114784852836,0.46850609566290125,0.4871805721688421
0.00675,0.007,0,1.3509265404436952,1.6415586796192656,0.486658345822027,1.0619283782196844,0.9432854836184936,0.46849972711125615,0.4871904894007365
0.007,0.00725,0,1.3496813248237312,1.6387219592267226,0.485221212392478,1.0642033349182207,0.9432585188727781,0.4684929803822549,0.48720080441772506
0.00725,0.0075,0,1.3484482439111733,1.6359388756702093,0.4838104353225957,1.0664210066496431,0.9432305896667245,0.4684858547169377,0.48721151207710955
0.0075,0.00775,0,1.3472277930833043,1.6332101847546479,0.4824264871708208,1.0685801485565836,0.943201701564458,0.46847834934365606,0.4872226071022098
0.00775,0.008,0,1.3460204528072401,1.6305366197975322,0.481069818894961,1.070679551868402,0.9431718602707925,0.46847046347884436,0.4872340840896058
0.008,0.00825,0,1.3448266881732642,1.6279188910467837,0.47974085949142126,1.072718045758063,0.9431410716264779,0.46846219632789854,0.4872459375157853
0.00825,0.0085,0,1.3436469484624196,1.6253576850851754,0.478440015678551,1.0746944991630871,0.9431093416032376,0.468453547085952,0.48725816174447845
0.0085,0.00875,0,1.3424816667412969,1.6228536642176123,0.47716767161976475,1.0766078225773283,0.9430766762988172,0.46844451493872363,0.48727075103376705
0.00875,0.009,0,1.3413312594855609,1.6204074658334355,0.4759241886836399,1.0784569698132909,0.9430430819320541,0.4684350990633343,0.48728369954317247
0.009,0.00925,0,1.3401961262349373,1.6180197017655784,0.47470990524790907,1.0802409397150958,0.9430085648378325,0.46842529862915655,0.48729700134072174
0.00925,0.0095,0,1.3390766492805477,1.6156909576339615,0.4735251365423323,1.0819587778260467,0.9429731314620914,0.468415112798623,0.4873106504101934
0.0095,0.00975,0,1.3379731933814096,1.6134217921808158,0.47237017453050334,1.083609578005271,0.9429367883568102,0.46840454072807597,0.4873246406580409
0.00975,0.010,0,1.336886105514325,1.6112127366060451,0.4712452878330625,1.0851924839809701,0.9428995421749742,0.46839358156860095,0.48733896592036446
0.010,0.01025,0,1.3358157146576726,1.6090642939011808,0.4701507216903381,1.0867066908369885,0.9428613996655651,0.4683822344668369,0.4873536199700176
0.01025,0.0105,0,1.3347623316049684,1.606976938186034,0.4690866979625475,1.0881514464310347,0.9428223676685642,0.46837049856582447,0.48736859652329423
0.0105,0.01075,0,1.3337262488127504,1.6049511140511215,0.4680534151681453,1.0895260527346116,0.9427824531099873,0.4683583730058166,0.487383889246736
0.01075,0.011,0,1.3327077402831062,1.602987235921932,0.46705104856358176,1.0908298670807393,0.9427416629968949,0.4683458569250773,0.4873994917639144
0.011,0.01125,0,1.3317070614742992,1.6010856874164163,0.46607975025097087,1.092062303341373,0.9427000044125462,0.468332949460731,0.48741539766183917
0.01125,0.0115,0,1.3307244492496624,1.5992468207484576,0.4651396493318822,1.0932228329873426,0.9426574845114543,0.4683196506079098,0.487431600497561
0.0115,0.01175,0,1.3297601218529471,1.5974709561310072,0.4642308520862001,1.09431098606968,0.9426141105146244,0.46830595890890003,0.4874480938042663
0.01175,0.012,0,1.3288142789199293,1.5957583812186396,0.4633534421898757,1.0953263520839955,0.9425698897047624,0.468291873276196,0.4874648710975691
0.012,0.01225,0,1.3278871015203904,1.5941093505776267,0.46250748096351424,1.0962685807291614,0.9425248294215413,0.46827739284961684,0.48748192588156
0.01225,0.0125,0,1.3269787522296068,1.5925240851860714,0.46169300765009236,1.0971373825571682,0.9424789370569844,0.46826251677172953,0.4874992516545956
0.0125,0.01275,0,1.3260893752324567,1.5910027719762443,0.460910039724478,1.0979325295012,0.9424322200508636,0.468247244188597,0.487516841915121
0.01275,0.013,0,1.3252190964531192,1.5895455634138904,0.4601585732285652,1.0986538552904617,0.9423846858862074,0.4682315742505456,0.48753469016694
0.013,0.01325,0,1.3243680237190414,1.588152577118394,0.45943858313395747,1.0993012557389517,0.9423363420848722,0.46821550611286067,0.48755278992495177
0.01325,0.0135,0,1.3235362469485437,1.586823895539854,0.4587500237317287,1.099874688907466,0.9422871962031573,0.46819903893651316,0.48757113472011254
0.0135,0.01375,0,1.3227238383648392,1.5855595656689963,0.45809282904043785,1.100374175150474,0.942237255827607,0.4681821718888845,0.48758971810437396
0.01375,0.014,0,1.3219308527415525,1.5843595988158017,0.4574669132435932,1.1007997970186425,0.9421865285707497,0.46816490414440937,0.4876085336558316
0.014,0.01425,0,1.3211573276643866,1.5832239704234226,0.4568721711389435,1.1011516990545773,0.9421350220671002,0.46814723488529747,0.48762757498296005
0.01425,0.0145,0,1.3204032838256035,1.5821526199550542,0.45630847861536233,1.1014300874393919,0.9420827439690858,0.46812916330214394,0.48764683572945144
0.0145,0.01475,0,1.3196687253335069,1.5811454508237257,0.4557756931401813,1.1016352295291054,0.9420297019431979,0.46811068859460814,0.48766630957820584
0.01475,0.015,0,1.3189536400475967,1.5802023303861434,0.4552736542656983,1.1017674532560824,0.9419759036661821,0.4680918099720208,0.48768599025554504
0.015,0.01525,0,1.3182579999316646,1.579323089995501,0.45480218414923596,1.1018271464081653,0.9419213568213389,0.4680725266540032,0.4877058715350067
0.01525,0.0155,0,1.3175817614284129,1.5785075251160139,0.4543610880874926,1.1018147557810112,0.9418660690949024,0.46805283787103724,0.4877259472412303
0.0155,0.01575,0,1.316924865846327,1.577755395489772,0.4539501550579581,1.101730786221229,0.94181004817258,0.4680327428650791,0.4877462112531841
0.01575,0.016,0,1.3162872397688135,1.5770664253745936,0.4535691582755448,1.1015757995393693,0.9417533017361266,0.4680122408900791,0.4877666575077469
0.016,0.01625,0,1.3156687954729944,1.5764403038327504,0.4532178557529588,1.1013504133214342,0.9416958374600851,0.4679913312125533,0.4877872800026598
0.01625,0.0165,0,1.315069431365386,1.5758766850862214,0.45289599087133964,1.1010552996234038,0.9416376630085838,0.46797001311208425,0.48780807279958943
0.0165,0.01675,0,1.314489032426694,1.5753751889232916,0.45260329295310486,1.1006911835698001,0.9415787860322747,0.46794828588185194,0.48782903002677513
0.01675,0.017,0,1.313927470671385,1.5749354011796095,0.45233947784561024,1.1002588418378894,0.9415192141653255,0.46792614882908296,0.487850145881757
0.017,0.01725,0,1.3133846056110008,1.57455687424547,0.45210424849629505,1.0997591010742844,0.9414589550226199,0.4679036012755754,0.48787141463365263
0.01725,0.0175,0,1.3128602847312305,1.574239127665507,0.45189729554319796,1.099192836193014,0.94139801619693,0.46788064255809764,0.48789283062546895
0.0175,0.01775,0,1.3123543439723653,1.5739816487640645,0.4517182978961148,1.0985609686136832,0.9413364052562898,0.4678572720288576,0.48791438827618566
0.01775,0.018,0,1.311866608215031,1.5737838933341488,0.45156692332089726,1.0978644644164146,0.9412741297414533,0.4678334890559121,0.48793608208252676
0.018,0.01825,0,1.3113968917712902,1.5736452863713242,0.4514428290210256,1.097104332429558,0.9412111971634498,0.46780929302356816,0.487957906620741
0.01825,0.0185,0,1.310944998881096,1.573565222865157,0.4513456622205099,1.0962816222458724,0.9411476150011856,0.4677846833327411,0.4879798565483637
0.0185,0.01875,0,1.3105107242031664,1.5735430686158347,0.4512750607345037,1.0953974222042249,0.941083390699298,0.46775965940136516,0.48800192660526065
0.01875,0.019,0,1.31009385331687,1.573578161118029,0.45123065354660774,1.09445285729539,0.9410185316659037,0.4677342206646856,0.48802411161534287
0.019,0.01925,0,1.3096941632123071,1.5736698104578661,0.45121206136865116,1.0934490870561577,0.9409530452706604,0.46770836657564474,0.4880464064872289
0.01925,0.0195,0,1.3093114227884912,1.573817300269754,0.451218897204633,1.0923873034037102,0.9408869388427608,0.4676820966051474,0.48806880621553556
0.0195,0.01975,0,1.3089453933449637,1.5740198887152366,0.4512507669025687,1.091268728455023,0.9408202196690737,0.46765541024236984,0.4880913058817328
0.01975,0.020,0,1.3085958290675757,1.5742768094912096,0.4513072696973361,1.0900946123296587,0.9407528949924427,0.46762830699504826,0.48811390065464855
0.020,0.02025,0,1.3082624775126015,1.5745872728694674,0.4513879987470971,1.08886623093416,0.9406849720100161,0.4676007863897464,0.48813658579110036
0.02025,0.0205,0,1.3079450800872856,1.5749504667658494,0.45149254166276376,1.087584883735102,0.9406164578716367,0.46757284797206833,0.4881593566365434
0.0205,0.02075,0,1.3076433725195729,1.5753655578206933,0.4516204810230412,1.0862518915443535,0.9405473596784054,0.46754449130691644,0.48818220862522127
0.02075,0.021,0,1.307357085324365,1.5758316925044833,0.4517713948825472,1.0848685943030767,0.9404776844812799,0.46751571597869196,0.4882051372805066
0.021,0.02125,0,1.3070859442614688,1.576347998242037,0.45194485727002953,1.083436348877711,0.9404074392797428,0.4674865215914845,0.48822813821502886
0.02125,0.0215,0,1.306829670782588,1.5769135845347377,0.45214043867017545,1.0819565268871552,0.940336631020636,0.4674569077692814,0.488251207130582
0.0215,0.02175,0,1.306587982470658,1.5775275441040528,0.45235770649810264,1.0804305125458322,0.9402652665970266,0.4674268741561338,0.4882743398179448
0.02175,0.022,0,1.3063605934764198,1.5781889540506646,0.4525962255671828,1.0788597005239902,0.9401933528470432,0.4673964204162524,0.4882975321572296
0.022,0.02225,0,1.3061472149322908,1.5788968769916458,0.452855558532596,1.0772454938736826,0.9401208965530096,0.46736554623420246,0.488320780117072
0.02225,0.0225,0,1.3059475553646294,1.579650362217372,0.45313526633144,1.0755893019732439,0.9400479044404938,0.4673342513150223,0.4883440797544822
0.0225,0.02275,0,1.3057613210946581,1.5804484468447015,0.45343490860958385,1.0738925385184546,0.9399743831774537,0.4673025353842944,0.48836742721459153
0.02275,0.023,0,1.3055882166209254,1.5812901569506792,0.4537540441287605,1.0721566195799015,0.9399003393735532,0.4672703981882962,0.4883908187297168
0.023,0.02325,0,1.305427945003375,1.5821745087247863,0.4540922311731832,1.0703829616828242,0.9398257795793468,0.4672378394940136,0.4884142506194942
0.02325,0.0235,0,1.3052802082179125,1.5831005095813737,0.45444902792784103,1.0685729799814432,0.9397507102857976,0.4672048590892924,0.48843771928938856
0.0235,0.02375,0,1.3051447075171827,1.5840671592930666,0.4548239928600632,1.0667280864525048,0.9396751379235782,0.46717145678280664,0.48846122123074953
0.02375,0.024,0,1.305021143763319,1.5850734510705289,0.45521668507037727,1.0648496881930032,0.9395990688626982,0.46713763240418826,0.488484753019541
0.024,0.02425,0,1.304909217759791,1.5861183726660477,0.45562666464647084,1.0629391857451476,0.9395225094119765,0.4671033858039873,0.4885083113158403
0.02425,0.0245,0,1.3048086305645308,1.5872009074317086,0.4560534929934417,1.0609979715120867,0.939445465818682,0.467068716853739,0.4885318928629045
0.0245,0.02475,0,1.3047190837908293,1.588320035367435,0.4564967331540582,1.0590274282357026,0.9393679442682527,0.46703362544594706,0.4885554944861386
0.02475,0.025,0,1.3046402798973327,1.5894747341426783,0.45695595011505347,1.0570289275456104,0.9392899508839828,0.4669981114941143,0.4885791130922448
0.025,0.02525,0,1.3045719224658403,1.5906639801059699,0.45743071110395067,1.05500382857211,0.9392114917268168,0.4669621749326812,0.48860274566828127
0.02525,0.0255,0,1.3045137164643956,1.5918867492542004,0.4579205858674075,1.052953476643087,0.9391325727951794,0.4669258157170415,0.48862638928061036
0.0255,0.02575,0,1.3044653684981606,1.5931420181874165,0.4584251469403667,1.0508792020460587,0.9390532000248699,0.46688903382349595,0.48865004107373883
0.02575,0.026,0,1.3044265870491722,1.594428765027907,0.4589439699003102,1.048782318866925,0.938973379288987,0.46685182924921753,0.4886736982693581
0.026,0.02625,0,1.304397082702472,1.5957459703223098,0.459476633611957,1.0466641238959595,0.9388931163978883,0.46681420201219387,0.48869735816510684
0.02625,0.0265,0,1.3043765683612498,1.5970926179011538,0.46002272045581816,1.0445258956133778,0.9388124170992161,0.4667761521511623,0.48872101813357693
0.0265,0.02675,0,1.3043647594493242,1.5984676957229507,0.4605818165487627,1.042368893238599,0.9387312870779235,0.46673767972553387,0.48874467562108787
0.02675,0.027,0,1.304361374099794,1.5998701966692963,0.46115351194617504,1.0401943558641624,0.9386497319564236,0.46669878481535326,0.48876832814640925
0.027,0.02725,0,1.3043661333368761,1.6012991193317914,0.4617374008410213,1.0380035016408276,0.9385677572946483,0.46665946752115717,0.48879197329976604
0.02725,0.0275,0,1.3043787612399667,1.6027534687434308,0.46233308174171045,1.0357975270530122,0.9384853685902845,0.46661972796393475,0.48881560874137614
0.0275,0.02775,0,1.304398985103623,1.6042322571005423,0.46294015764794144,1.0335776062410382,0.9384025712788973,0.46657956628498215,0.48883923220052916
0.02775,0.028,0,1.3044265355806173,1.6057345044382987,0.46355823620890746,1.0313448904045845,0.9383193707342048,0.46653898264580207,0.48886284147414577
0.028,0.02825,0,1.3044611468154457,1.6072592392712564,0.4641869298701377,1.0291005072712165,0.9382357722683526,0.46649797722803765,0.4888864344254746
0.02825,0.0285,0,1.3045025565725121,1.6088054992198684,0.46482585601707227,1.0268455606117375,0.9381517811321428,0.4664565502332767,0.48891000898316533
0.0285,0.02875,0,1.3045505063463672,1.6103723315866927,0.465474637099937,1.0245811298354368,0.9380674025153953,0.46641470188297524,0.48893356313965325
0.02875,0.029,0,1.3046047414689947,1.6119587939072353,0.46613290075295105,1.0223082696334789,0.9379826415472642,0.46637243241829657,0.48895709495023154
0.029,0.02925,0,1.3046650112021143,1.613563954469387,0.4668002799019007,1.0200280096844816,0.9378975032966292,0.4663297420999938,0.48898060253151976
0.02925,0.0295,0,1.3047310688255849,1.6151868928073256,0.4674764128658467,1.0177413544061893,0.9378119927724261,0.46628663120823816,0.489004084060461
0.0295,0.02975,0,1.3048026717125503,1.616826700147088,0.46816094344271514,1.0154492827745252,0.9377261149241027,0.46624310004248826,0.48902753777300406
0.02975,0.030,0,1.3048795813964384,1.6184824798416664,0.4688535209922729,1.0131527481804445,0.9376398746420459,0.4661991489213333,0.48905096196265224
0.030,0.03025,0,1.3049615636332454,1.6201533477585472,0.46955380050628304,1.0108526783420626,0.9375532767580033,0.4661547781823316,0.4890743549795684
0.03025,0.0305,0,1.3050483884534658,1.6218384326611897,0.47026144267667025,1.0085499752509925,0.9374663260455157,0.46610998818181026,0.48909771522920875
0.0305,0.03075,0,1.305139830203549,1.6235368765236478,0.47097611394287403,1.0062455151875984,0.9373790272204836,0.46606477929477036,0.4891210411709988
0.03075,0.031,0,1.3052356675853352,1.6252478348579713,0.4716974865459337,1.0039401487480177,0.9372913849415829,0.4660191519146492,0.48914433131722745
0.031,0.03125,0,1.3053356836856795,1.6269704769843805,0.4724252385649157,1.0016347009305695,0.9372034038108008,0.46597310645316775,0.48916758423191536
0.03125,0.0315,0,1.305439665999887,1.628703986292893,0.47315905395194263,0.9993299712475922,0.9371150883739295,0.46592664334014133,0.4891907985295825
0.0315,0.03175,0,1.3055474064450443,1.6304475604598008,0.4738986225530716,0.9970267338865458,0.9370264431211761,0.46587976302333334,0.4892139728737827
0.03175,0.032,0,1.305658701377149,1.6322004116639262,0.47464364013378807,0.9947257378793875,0.9369374724875829,0.4658324659681901,0.48923710597653886
0.032,0.03225,0,1.3057733515888492,1.6339617667478559,0.4753938083838611,0.9924277073327286,0.9368481808536998,0.4657847526577548,0.4892601965965328
0.03225,0.0325,0,1.305891162315779,1.6357308673857447,0.47614883493046883,0.9901333416552398,0.9367585725460338,0.46573662359236134,0.48928324353863184
0.0325,0.03275,0,1.3060119432236064,1.6375069702005458,0.4769084333319139,0.9878433158402459,0.9366686518377242,0.46568807928954886,0.48930624565207786
0.03275,0.033,0,1.30613550840236,1.6392893468780403,0.4776723230759714,0.985558280749961,0.9365784229490423,0.4656391202837919,0.48932920182991735
0.033,0.03325,0,1.3062616763497643,1.6410772842539691,0.47844022956891513,0.9832788634309997,0.9364878900479827,0.46558974712630624,0.4893521110077738
0.03325,0.0335,0,1.3063902699484762,1.642870084370879,0.47921188411580945,0.9810056674572294,0.9363970572509045,0.4655399603849022,0.4893749721625269
0.0335,0.03375,0,1.3065211164443398,1.644667064532658,0.47998702390319375,0.9787392732763025,0.9363059286230724,0.4654897606437283,0.4893977843114446
0.03375,0.034,0,1.3066540474216697,1.6464675573287209,0.48076539197395624,0.9764802385786615,0.9362145081792036,0.4654391485030426,0.4894205465115497
0.034,0.03425,0,1.3067888987613052,1.6482709106302442,0.481546737189836,0.9742290986994532,0.936122799884244,0.46538812457912937,0.48944325785750636
0.03425,0.0345,0,1.3069255106184179,1.6500764876016518,0.4823308142082614,0.9719863669942723,0.9360308076537434,0.4653366895039112,0.48946591748193274
0.0345,0.03475,0,1.3070637273725167,1.6518836666515506,0.48311738343265515,0.9697525352740868,0.9359385353546609,0.4652848439249281,0.48948852455325004
0.03475,0.035,0,1.30720339759491,1.6536918414094808,0.483906210979322,0.9675280742085298,0.9358459868058194,0.46523258850497645,0.48951107827556795
0.035,0.03525,0,1.3073443739994968,1.655500420657283,0.48469706862630724,0.965313433767983,0.9357531657786049,0.4651799239219843,0.4895335778872235
0.03525,0.0355,0,1.3074865133983156,1.6573088282648547,0.4854897337673779,0.9631090436561498,0.9356600759975362,0.4651268508687652,0.4895560226600334
0.0355,0.03575,0,1.3076296766522248,1.6591165031012152,0.48628398935847456,0.9609153137576668,0.9355667211408719,0.46507337005281846,0.48957841189836154
0.03575,0.036,0,1.3077737286190971,1.6609228989354818,0.4870796238619205,0.9587326345896761,0.9354731048412506,0.4650194821961273,0.48960074493814315
0.036,0.03625,0,1.3079185381018417,1.6627274843351703,0.4878764311914684,0.9565613777506143,0.9353792306862515,0.46496518803492093,0.4896230211460531
0.03625,0.0365,0,1.3080639777945313,1.664529742542037,0.48867421065127875,0.9544018963783598,0.9352851022190019,0.46491048831945964,0.48964523991878534
0.0365,0.03675,0,1.3082099242211347,1.6663291713333332,0.48947276686914193,0.9522545256174872,0.9351907229388674,0.4648553838138909,0.489667400681681
0.03675,0.037,0,1.3083562576861258,1.668125282899366,0.4902719097406015,0.950119583061477,0.9350960963018813,0.4647998752959079,0.48968950288875424
0.037,0.03725,0,1.3085028622070058,1.6699176036778245,0.4910714543542541,0.9479973692283494,0.9350012257215093,0.46474396355666003,0.48971154602100514
0.03725,0.0375,0,1.3086496254583906,1.671705674197961,0.4918712209256266,0.9458881680143407,0.9349061145691822,0.46468764940048335,0.48973352958612565
0.0375,0.03775,0,1.3087964387107132,1.67348904892261,0.49267103472956525,0.9437922471467036,0.9348107661748483,0.46463093364467983,0.4897554531176363
0.03775,0.038,0,1.308943196767069,1.675267296067619,0.4934707260259376,0.9417098586434737,0.9347151838276133,0.4645738171193298,0.4897773161740591
0.038,0.03825,0,1.3090897979013947,1.6770399974258359,0.49427012998825426,0.9396412392623199,0.9346193707762953,0.4645163006670659,0.4897991183382563
0.03825,0.0385,0,1.309236143793068,1.6788067481772924,0.4950690866275396,0.937586610952574,0.9345233302300471,0.46445838514287685,0.48982085921648444
0.0385,0.03875,0,1.309382139465784,1.6805671567025875,0.4958674407196455,0.9355461812942597,0.9344270653588761,0.46440007141387596,0.4898425384379817
0.03875,0.039,0,1.3095276932208841,1.6823208443816227,0.49666504172666354,0.9335201439420413,0.934330579294269,0.46434136035911333,0.48986415565401153
0.039,0.03925,0,1.3096727165764088,1.6840674454008528,0.49746174372384394,0.9315086790519813,0.9342338751296765,0.464282252869317,0.4898857105375574
0.03925,0.0395,0,1.3098171241970136,1.6858066065365145,0.4982574053161736,0.9295119537209056,0.934136955921194,0.46422274984677786,0.4899072027820831
0.0395,0.03975,0,1.309960833833537,1.6875379869558187,0.49905188956477375,0.9275301224001298,0.9340398246880314,0.46416285220505676,0.4899286321013433
0.03975,0.040,0,1.310103766257496,1.6892612580026505,0.49984506390703354,0.9255633273137387,0.9339424844130768,0.464102560868807,0.48994999822867963
0.040,0.04025,0,1.3102458451955605,1.6909761029865402,0.5006368000781989,0.9236116988671332,0.9338449380434503,0.4640418767735649,0.4899713009162618
0.04025,0.0405,0,1.3103869972652538,1.6926822169569646,0.5014269740291867,0.921675356054345,0.9337471884910704,0.4639808008655684,0.4899925399345908
0.0405,0.04075,0,1.3105271519129558,1.6943793065007744,0.5022154658528969,0.9197544068432235,0.9336492386331099,0.4639193341014948,0.4900137150720586
0.04075,0.041,0,1.310666241343526,1.6960670895013807,0.5030021596955546,0.9178489485798168,0.9335510913126859,0.4638574774483785,0.4900348261337225
0.041,0.04125,0,1.3108042004671894,1.6977452949437062,0.5037869436892954,0.9159590683465837,0.9334527493391491,0.4637952318832362,0.4900558729418718
0.04125,0.0415,0,1.3109409668265097,1.6994136626733298,0.5045697098629031,0.9140848433532416,0.9333542154888068,0.46373259839301706,0.4900768553343577
0.0415,0.04175,0,1.3110764805389528,1.7010719431770984,0.5053503540653977,0.9122263412957874,0.9332554925053544,0.46366957797436104,0.4900977731647158
0.04175,0.042,0,1.3112106842350657,1.7027198973730686,0.5061287758910191,0.9103836207067446,0.9331565831003348,0.4636061716333461,0.4901186263015676
0.042,0.04225,0,1.311343522996028,1.7043572963777927,0.5069048785968739,0.9085720536442121,0.9330574899536842,0.4635423803853421,0.4901394146280863
0.04225,0.0425,0,1.3114749442904368,1.705983921284072,0.5076785690236227,0.9067949040323833,0.932958215714272,0.4634782052548516,0.490160138041192
0.0425,0.04275,0,1.3116048979200436,1.7075995629481462,0.5084497575225951,0.9050334546555151,0.9328587630002593,0.46341364727522544,0.490180796451787
0.04275,0.043,0,1.3117333359538261,1.7092040217645004,0.5092183578744665,0.903287726227461,0.9327591343997022,0.4633487074885487,0.4902013897834659
0.043,0.04325,0,1.3118602126737966,1.7107971074438881,0.5099842872134072,0.9015577322515419,0.9326593324709598,0.4632833869454284,0.49022191797269893
0.04325,0.0435,0,1.311985484514418,1.7123786388022866,0.5107474659521535,0.8998434793186227,0.9325593597431868,0.463217686704806,0.49024238096797046
0.0435,0.04375,0,1.3121091100094815,1.7139484435444032,0.5115078177081187,0.8981449673955543,0.9324592187167272,0.4631516079122543,0.4902627787298997
0.04375,0.044,0,1.3122310497295424,1.7155063580416243,0.5122652692239507,0.8964621901172373,0.9323589118636887,0.46308515169278924,0.4902831112300387
0.044,0.04425,0,1.3123512662330452,1.7170522271283415,0.5130197502990753,0.8947951350523824,0.9322584416282578,0.4630183190027087,0.4903033784512876
0.04425,0.0445,0,1.3124697240065946,1.7185859038863052,0.5137711937130514,0.8931437839776434,0.9321578104272451,0.4629511109324117,0.49032358038684054
0.0445,0.04475,0,1.3125863894146637,1.720107249435821,0.5145195351545725,0.891508113134925,0.9320570206504543,0.46288352857969933,0.49034371704028024
0.04475,0.045,0,1.3127012306451515,1.7216161327355475,0.515264713151392,0.8898880934817905,0.9319560746611208,0.46281557304959936,0.4903637884249246
0.045,0.0455,0,1.2133272204165435,1.3651648277056894,0.37779862976992296,1.219939623673142,0.9341618805572243,0.46530889250155705,0.4804890656590332
0.0455,0.046,0,1.2152185984364081,1.373087127318882,0.3807837257734834,1.208578327864029,0.9339588193589349,0.4651741636883067,0.4805699407120037
0.046,0.0465,0,1.2170663518495635,1.3808115062627146,0.38371785180527174,1.197612279183466,0.9337551549953703,0.4650379248702827,0.4806503161560073
0.0465,0.047,0,1.2188708994772288,1.3883429242098837,0.38660179976879017,1.1870241517436462,0.933550905245966,0.4649001851209669,0.4807301917342738
0.047,0.0475,0,1.2206326908077374,1.3956861452663074,0.389436349502043,1.1767976106286109,0.9333460875121963,0.464760953611884,0.48080956747443104
0.0475,0.048,0,1.2223522034412861,1.4028457531717566,0.39222227009686994,1.1671099983217506,0.9331407188296457,0.464620239607681,0.48088844366937955
0.048,0.0485,0,1.2240299405555963,1.409826164773985,0.394960320949473,1.1577661897912441,0.9329348158798081,0.46447805246137097,0.4809668208585384
0.0485,0.049,0,1.225666428426884,1.4166316420056138,0.39765125258914036,1.148733362883963,0.9327283950013581,0.4643344016095938,0.48104469981075376
0.049,0.0495,0,1.2272622140179952,1.4232663025329244,0.4002958073131262,1.1399987059759553,0.9325214722010636,0.4641892965680121,0.4811220815080493
0.0495,0.050,0,1.228806111935689,1.4297154122695648,0.4028864659364499,1.1315746030081744,0.9323140631643049,0.464042746926775,0.4811989671301349
0.050,0.0505,0,1.2302847899291958,1.4359595448175355,0.40541159957447265,1.1234845541191125,0.9321061832652021,0.4638947623461098,0.4812753580399977
0.0505,0.051,0,1.2317019794846495,1.4420072331670761,0.4078736862254101,1.115709981743292,0.9318978475763728,0.46374535255196203,0.4813512557701989
0.051,0.0515,0,1.233060248852079,1.4478652179603153,0.4102748265939921,1.1082344294761708,0.9316890708782938,0.46359452733175205,0.4814266620103053
0.0515,0.052,0,1.2343620311707875,1.4535399074026845,0.41261703273736905,1.1010425860729105,0.931479867668393,0.46344229653026836,0.48150157859442755
0.052,0.0525,0,1.235609633158911,1.4590373993020351,0.4149022320618886,1.0941201871358905,0.9312702521696616,0.4632886700455459,0.48157600749032614
0.0525,0.053,0,1.2368052431457555,1.464363501305477,0.4171322711575664,1.0874539267720473,0.9310602383390166,0.46313365782493576,0.4816499507886581
0.053,0.0535,0,1.2379509385062295,1.4695237494825324,0.4193089194712928,1.081031378074707,0.930849839875386,0.4629772698612689,0.48172341069281077
0.0535,0.054,0,1.2390486925521529,1.4745234254453725,0.42143387282956024,1.074840921390102,0.9306390702273298,0.4628195161890252,0.48179638950988335
0.054,0.0545,0,1.2401003809172395,1.4793675721141926,0.42350875680456634,1.068871679521134,0.9304279426005178,0.46266040688068794,0.48186888964160896
0.0545,0.055,0,1.2411077874848666,1.4840610082616548,0.4255351299332762,1.0631134590852132,0.930216469964798,0.4624999520431772,0.4819409135762818
0.055,0.0555,0,1.2420715711143286,1.4885173258543065,0.4274943444439266,1.057622060021724,0.930004665061047,0.46233816181430315,0.4820124638810068
0.0555,0.056,0,1.2429936321589883,1.4927624587300485,0.42939208381353894,1.0523716015034068,0.9297925404077134,0.46217504635941214,0.4820835431944638
0.056,0.0565,0,1.2438763714003847,1.4968753453894792,0.4312461410335969,1.0472997358062421,0.9295801083070732,0.46201061586803155,0.4821541542203003
0.0565,0.057,0,1.244721251723543,1.5008598674830789,0.4330578340335452,1.042398818568499,0.9293673808513508,0.46184488055069745,0.48222429972048597
0.057,0.0575,0,1.2455296684653259,1.5047197439097917,0.434828427103516,1.0376616492728796,0.9291543699283746,0.4616778506357496,0.48229398250982297
0.0575,0.058,0,1.2463029532432086,1.508458540049838,0.4365591333789109,1.0330814393029841,0.9289410872272823,0.4615095363663899,0.4823632054499554
0.058,0.0585,0,1.2470423775344208,1.5120796763636064,0.43825111721586274,1.0286517827074053,0.9287275442437003,0.4613399479976068,0.48243197144466426
0.0585,0.059,0,1.2477491560108809,1.5155864363600715,0.43990549644301635,1.0243666294511147,0.9285137522849486,0.46116909579338833,0.48250028343466306
0.059,0.0595,0,1.248424449660165,1.518981974023177,0.4415233445099039,1.0202202608775541,0.9282997224748479,0.46099699002386524,0.4825681443934899
0.0595,0.060,0,1.249069368697493,1.522269320712918,0.4431056925248075,1.016207267198476,0.9280854657585205,0.4608236409626813,0.48263555732284397
0.060,0.0605,0,1.2496849752956185,1.5254513916122967,0.4446535311994317,1.0123225267904803,0.9278709929067914,0.4606490588842999,0.4827025252490403
0.0605,0.061,0,1.2502722861366014,1.5285309917268515,0.4461678126927788,1.0085611871580857,0.9276563145205609,0.4604732540614927,0.4827690512192204
0.061,0.0615,0,1.250832274804349,1.5315108214981041,0.4476494523688,1.0049186473876142,0.927441441034887,0.4602962367628579,0.48283513829805286
0.0615,0.062,0,1.2513658740253661,1.5343934820388347,0.4490993304638376,1.001390541974734,0.9272263827230108,0.46011801725045737,0.4829007895644416
0.062,0.0625,0,1.251843514354803,1.537124213411159,0.45049191054379945,0.9980367560101873,0.927011149700116,0.45993860577747736,0.48296600810862406
0.0625,0.063,0,1.252265389317455,1.5397035760696354,0.45182684940434925,0.9948548860754581,0.926795751926969,0.459758012586006,0.4830307970296024
0.063,0.0635,0,1.2526655603972594,1.5421962183419073,0.4531335543793009,0.991771388995936,0.9265801992134366,0.4595762479048722,0.4830951594323938
0.0635,0.064,0,1.2530447383096932,1.5446042947399412,0.45441275865626196,0.9887828842846866,0.9263645012218172,0.4593933219475421,0.4831590984258279
0.064,0.0645,0,1.2534036050890975,1.5469298847020705,0.45566516770505694,0.9858861532489551,0.9261486674700865,0.45920924491013304,0.4832226171201655
0.0645,0.065,0,1.253742815539689,1.5491749961160792,0.4568914605427603,0.9830781293682181,0.925932707334909,0.4590240269694108,0.4832857186254831
0.065,0.0655,0,1.2540629985927787,1.5513415686207244,0.4580922909308137,0.9803558893672427,0.9257166300546911,0.4588376782809712,0.48334840604928236
0.0655,0.066,0,1.25436475766325,1.5534314158373632,0.459268261965646,0.977716683819792,0.9255004447323245,0.4586502089773487,0.48341068249521096
0.066,0.0665,0,1.2546487014043497,1.5554516678501948,0.46042077786661156,0.975154499454001,0.9252841603379858,0.45846162916635297,0.4834725510611419
0.0665,0.067,0,1.2549156792200011,1.5574273711488917,0.46155917917823,0.9726520984013914,0.9250677857116769,0.4582719489292964,0.48353401483799024
0.067,0.0675,0,1.255166195529319,1.5593589996670325,0.4626836403751719,0.9702080324823753,0.9248513295658065,0.4580811783194439,0.48359507690804654
0.0675,0.068,0,1.2554007370440736,1.5612470176937545,0.463794328965868,0.9678209081769473,0.9246348004875294,0.4578893273603834,0.48365574034405606
0.068,0.0685,0,1.2556197735474186,1.563091880646753,0.46489140603224227,0.9654893837526355,0.924418206941153,0.45769640604459094,0.48371600820766364
0.0685,0.069,0,1.2558239462330651,1.5648940357901113,0.4659750963438383,0.9632121665692601,0.924201557270253,0.45750242433192556,0.48377588354880663
0.069,0.0695,0,1.256016241541857,1.566653922881103,0.4670464976456471,0.9609880105676543,0.9239848596998814,0.45730739214826716,0.48383536940448874
0.0695,0.070,0,1.2561978388595403,1.56837197476444,0.4681060428507192,0.9588157139161857,0.9237681223386293,0.45711131938419103,0.4838944687977758
0.070,0.0705,0,1.2563690861458494,1.5700486179073798,0.4691538573404682,0.9566941168091464,0.9235513531805924,0.4569142158936878,0.48395318473725746
0.0705,0.071,0,1.2565303209763978,1.5716842728962215,0.4701900631233229,0.9546220993986024,0.9233345601072204,0.4567160914928931,0.4840115202162945
0.071,0.0715,0,1.2566818709074186,1.573279354871689,0.4712147791161589,0.9525985798665645,0.9231177508892633,0.4565169559589981,0.4840694782120328
0.0715,0.072,0,1.256824053828013,1.5748342739334276,0.472228121407957,0.9506225126066482,0.9229009331884525,0.4563168190290553,0.4841270616851099
0.072,0.0725,0,1.2569571782951696,1.5763516736295078,0.47323020350052664,0.9486915395522127,0.9226841145591869,0.45611569039889166,0.4841842735791571
0.0725,0.073,0,1.2570815438507392,1.5778498870187754,0.47422113652528486,0.9467939340525361,0.9224673024502992,0.4559135797221813,0.4842411168198303
0.073,0.0735,0,1.2571974413309261,1.5793329159702976,0.4752010294486622,0.9449266967402931,0.9222505042064986,0.45571049660933927,0.4842975943149362
0.0735,0.074,0,1.2573051531565276,1.580800807187822,0.4761699892529119,0.9430892357726393,0.9220337270699932,0.45550645062669143,0.4843537089536318
0.074,0.0745,0,1.2574049536144907,1.5822536107058232,0.47712812110607383,0.9412809765260887,0.92181697818193,0.4553014512955112,0.48440946360625503
0.0745,0.075,0,1.257497109126245,1.5836913799089039,0.47807552851458773,0.939501360798794,0.9216002645838145,0.45509550809119204,0.48446486112398124
0.075,0.0755,0,1.257581741694448,1.5851136846893255,0.47901158991649156,0.937751420629181,0.9213835932189424,0.45488863044247374,0.484519904338458
0.0755,0.076,0,1.2576520796875736,1.5865334650254879,0.4799378621534507,0.9360256681051713,0.9211669709336784,0.454680827730619,0.48457459606168857
0.076,0.0765,0,1.2577219683558067,1.5879534425137647,0.4808606625473212,0.9343127180343728,0.9209504044787782,0.4544721092887291,0.48462893908575516
0.0765,0.077,0,1.2577941770971286,1.589373314468998,0.48178089973607074,0.9326109189514229,0.9207339005106736,0.45426248440105876,0.4846829361824806
0.077,0.0775,0,1.257868609210003,1.5907927848249175,0.4826983970319372,0.9309204206728998,0.9205174655926094,0.4540519623023189,0.48473659010368714
0.0775,0.078,0,1.2579451719312653,1.5922115643696682,0.4836129854519577,0.9292413637270872,0.9203011061959049,0.4538405521771187,0.4847899035806017
0.078,0.0785,0,1.2580237763281348,1.5936293709571785,0.48452450351414045,0.9275738794826605,0.920084828701076,0.45362826315935645,0.4848428793240148
0.0785,0.079,0,1.2581043371909724,1.5950459296999457,0.48543279703694836,0.9259180902854784,0.9198686393989183,0.4534151043316757,0.4848955200241451
0.079,0.0795,0,1.2581867729280156,1.5964609731316728,0.48633771893891814,0.9242741096088317,0.9196525444916389,0.4532010847249629,0.4849478283505312
0.0795,0.080,0,1.2582710054635935,1.5978742413553417,0.4872391290436877,0.9226420422065844,0.9194365500938549,0.4529862133178452,0.48499980695213224
0.080,0.0805,0,1.2583569601357396,1.599285482162165,0.4881368938843377,0.921021984280562,0.9192206622337012,0.4527704990362992,0.485051458457006
0.0805,0.081,0,1.2584445655998782,1.6006944511388457,0.4890308865147283,0.9194140236465788,0.919004886853735,0.45255395075314914,0.48510278547267405
0.081,0.0815,0,1.2585337537306711,1.6021009117480052,0.4899209863201233,0.91781823991381,0.9187892298119762,0.4523365772877361,0.48515379058585384
0.0815,0.082,0,1.2586244595277114,1.6035046353898066,0.49080707883149466,0.9162347046681737,0.9185736968828566,0.45211838740555604,0.48520447636254194
0.082,0.0825,0,1.2587166210230543,1.6049054014499387,0.49168905554416453,0.9146634816581497,0.9183582937581288,0.45189938981792394,0.4852548453480688
0.0825,0.083,0,1.258810179190392,1.606302997328272,0.49256681373876243,0.9131046269863191,0.9181430260477866,0.451679593181639,0.4853049000671327
0.083,0.0835,0,1.2589050778560442,1.607697218448493,0.4934402563044969,0.9115581893060672,0.917927899280955,0.4514590060987385,0.4853546430238553
0.0835,0.084,0,1.2590012636123762,1.6090878682566931,0.49430929156714803,0.9100242100183816,0.9177129189067336,0.451237637116213,0.4854040767019286
0.084,0.0845,0,1.2590986857309256,1.6104747581999348,0.4951738331178407,0.9085027234757966,0.9174980902951141,0.4510154947258235,0.48545320356442534
0.0845,0.085,0,1.2591972960805418,1.6118577076952336,0.49603379964753613,0.9069937571833919,0.9172834187377552,0.45079258736385236,0.4855020260541797
0.085,0.0855,0,1.2592970490445634,1.613236544084456,0.4968891147833914,0.9054973320039568,0.9170689094488405,0.45056892341093263,0.48555054659369196
0.0855,0.086,0,1.2593979014410086,1.6146111025776535,0.4977397069290424,0.90401346236277,0.9168545675658493,0.4503445111918819,0.48559876758526815
0.086,0.0865,0,1.259499812444345,1.6159812261809563,0.4985855091068724,0.902542156455209,0.9166403981503778,0.45011935897557986,0.4856466914111723
0.0865,0.087,0,1.2596027435080532,1.6173467656203122,0.4994264588051209,0.901083416451507,0.916426406188921,0.44989347497483106,0.4856943204335819
0.087,0.0875,0,1.2597066582907679,1.6187075792516266,0.5002624978278525,0.8996372387017803,0.9162125965935977,0.44966686734625244,0.4857416569949197
0.0875,0.088,0,1.259811522581649,1.6200635329625184,0.5010935721474636,0.8982036139417333,0.915998974202935,0.4494395441902294,0.4857887034177485
0.088,0.0885,0,1.2599173042291265,1.6214145000645521,0.5019196317607445,0.8967825274965526,0.9157855437826238,0.4492115135508309,0.48583546200499456
0.0885,0.089,0,1.2600239730717093,1.6227603611847512,0.5027406305504151,0.8953739594791832,0.9155723100261637,0.44898278341573183,0.48588193504021826
0.089,0.0895,0,1.2601315008668124,1.6241010041370993,0.5035565261446221,0.89397788499667,0.9153592775557344,0.4487533617162783,0.48592812478731456
0.0895,0.090,0,1.2602398612263865,1.6254363238036909,0.504367279786387,0.8925942743417243,0.9151464509227579,0.44852325632737455,0.48597403349107415
0.090,0.0905,0,1.2603490295501831,1.6267662219983383,0.5051728562011998,0.8912230931914117,0.9149338346086742,0.44829247506755054,0.4860196633771034
0.0905,0.091,0,1.2604589829628658,1.6280906073320163,0.5059732234707034,0.8898643027977206,0.9147214330255862,0.4480610256989395,0.4860650166521279
0.091,0.0915,0,1.2605697002492724,1.6294093950679167,0.5067683529064608,0.8885178601810235,0.9145092505170487,0.44782891592739676,0.4861100955037192
0.0915,0.092,0,1.2606811617964677,1.6307225069831641,0.5075582189319862,0.8871837183108687,0.9142972913585976,0.44759615340242936,0.48615490210092155
0.092,0.0925,0,1.2607933495330255,1.6320298712149606,0.5083427989626206,0.8858618262932969,0.9140855597585056,0.44736274571735185,0.48619943859417736
0.0925,0.093,0,1.260906166722434,1.6332910054859697,0.5091152169130349,0.8845740673187553,0.9138740598584429,0.44712870040932573,0.48624370711537146
0.093,0.0935,0,1.261019612559242,1.6345112266712924,0.5098763478110403,0.8833173238032647,0.9136627957340901,0.44689402495946606,0.4862877097781476
0.0935,0.094,0,1.261133749182689,1.6357283551423116,0.5106325970898041,0.8820709428392287,0.9134517713958259,0.44665872679292207,0.4863314486778918
0.094,0.0945,0,1.261248563609405,1.6369422800326772,0.5113839435337736,0.8808349063281712,0.913240990789338,0.44642281327901917,0.4863749258920213
0.0945,0.095,0,1.2613640441449432,1.638152896647749,0.5121303684648583,0.879609192364141,0.9130304577962418,0.4461862917313375,0.48641814348004847
0.095,0.096,0,1.1548300853885418,1.1925007734365067,0.35865314877320636,1.3178736221158378,0.9173103168088422,0.4514758685012316,0.47232790855549883
0.096,0.097,0,1.156024948317341,1.1988744287120496,0.36132679119475214,1.3078347986707062,0.9168833895151765,0.4509981608124441,0.4725066387969323
0.097,0.098,0,1.1572315698714788,1.2051272863662,0.3639925266062666,1.298078494344873,0.9164574667546128,0.4505179291413042,0.4726832264423182
0.098,0.099,0,1.1584484202207512,1.211254451881296,0.36664844231465427,1.288603618628064,0.9160325786655784,0.45003523265955964,0.47285770424407453
0.099,0.100,0,1.1596740320812025,1.21725157103952,0.3692927341902678,1.2794084163994355,0.9156087543892798,0.44955012964628627,0.47303010446718996
0.100,0.101,0,1.1609070033039404,1.2231148068543487,0.3719237058198889,1.2704905442444234,0.9151860220887743,0.44906267749323125,0.4732004588922119
0.101,0.102,0,1.1621459988244567,1.228840815224445,0.3745397671845689,1.2618471421300528,0.9147644089680679,0.44857293271080084,0.4733687988181028
0.102,0.103,0,1.163389752020457,1.234426719733501,0.3771394329210052,1.2534749002644803,0.9143439412908756,0.4480809509345331,0.47353515506570326
0.103,0.104,0,1.1646370655194338,1.2398700859443048,0.37972132021473326,1.2453701211057617,0.9139246443992058,0.4475867869320155,0.4736995579813981
0.104,0.105,0,1.165886811503466,1.2451688954896676,0.3822841463730994,1.237528776559884,0.9135065427317528,0.44709049461023914,0.47386203744119393
0.105,0.106,0,1.16713793155561,1.2503215202286597,0.3848267261245978,1.2299465604677342,0.9130896598421071,0.44659212702334383,0.47402262285485613
0.106,0.107,0,1.168389436097064,1.2553266966883567,0.3873479686883142,1.2226189365339428,0.9126740184167442,0.44609173638068383,0.47418134317042226
0.107,0.108,0,1.169640403459657,1.260183576321982,0.38984687465381185,1.2155411092137036,0.9122596402928415,0.4455893740552048,0.4743382268789039
0.108,0.109,0,1.1708899786366467,1.2650119389571608,0.3923225327075591,1.208593180222331,0.9118465464759501,0.44508509059215373,0.47449330201894846
0.109,0.110,0,1.1721373717587251,1.2699137605719713,0.3947741162449827,1.2016765447424487,0.9114347571573979,0.4445789357179476,0.47464659618193633
0.110,0.111,0,1.1733818563318197,1.2748794657702154,0.3972008798957171,1.1948007988649518,0.9110242917315806,0.44407095834933885,0.4747981365169922
0.111,0.112,0,1.1746227672777172,1.2799000058814023,0.39960215599420373,1.1879746267544338,0.9106151688130297,0.44356120660269494,0.47494794973621135
0.112,0.113,0,1.1758594988119435,1.2849668592129584,0.4019773510197476,1.1812058364206874,0.9102074062532923,0.44304972780354784,0.47509606211992844
0.113,0.114,0,1.1770915021926427,1.2900720267944048,0.4043259420319084,1.1745013999006744,0.9098010211576457,0.44253656849619577,0.4752424995220746
0.114,0.115,0,1.1783182833705317,1.295208024324759,0.40664747312081573,1.16786749658354,0.9093960299015978,0.44202177445344315,0.4753872873755851
0.115,0.116,0,1.179539400568209,1.300367870973153,0.40894155189088244,1.16130955857835,0.9089924481471844,0.4415053906864802,0.47553045069793537
0.116,0.117,0,1.1807544618127297,1.3055450756249023,0.4112078459951373,1.1548323171819599,0.9085902908590696,0.44098746145479795,0.47567201409665144
0.117,0.118,0,1.181963122443349,1.3107336210876037,0.4134460797320232,1.1484398496676747,0.9081895723205412,0.4404680302762103,0.47581200177475574
0.118,0.119,0,1.1831650826169517,1.3159279467306477,0.4156560307199952,1.1421356257328015,0.9077903061491142,0.43994713993688617,0.47595043753647437
0.119,0.120,0,1.1843593444229865,1.3211213143330907,0.4178368975701211,1.1359246065500044,0.9073925332486408,0.4394248571155386,0.4760871500556988
0.120,0.121,0,1.1855419042464916,1.3263006813843272,0.4199853213954823,1.1298196006045893,0.9069964108216246,0.4389013509448474,0.47622115823733974
0.121,0.122,0,1.186712315871108,1.3314609903540302,0.4221009556956019,1.1238230656228698,0.9066019654400413,0.4383766754896986,0.47635239460061685
0.122,0.123,0,1.1878707381253601,1.3365988299443328,0.4241839816016833,1.117935449156008,0.9062092014749049,0.4378508650738748,0.47648094122994306
0.123,0.124,0,1.18901977483828,1.3417165552583419,0.42623669838977024,1.1121502612441208,0.9058180280815685,0.43732386971460324,0.4766075291951252
0.124,0.125,0,1.1901616756411644,1.3468161262739013,0.4282611384181303,1.1064618462158213,0.9054283652850877,0.4367956486390608,0.4767328010119324
0.125,0.126,0,1.1912963741720841,1.351894643579329,0.430257361781299,1.1008706640618202,0.9050402225790782,0.43626623984541785,0.47685677575520957
0.126,0.127,0,1.1924238301080725,1.3569495033186318,0.43222545847897237,1.0953768852473613,0.9046536089109865,0.43573568068337754,0.4769794721802872
0.127,0.128,0,1.1935440272451225,1.3619783789008508,0.43416554609623464,1.089980420318961,0.9042685326957248,0.4352040078639163,0.47710090872842453
0.128,0.129,0,1.194656971660326,1.3669792032908934,0.4360777675973429,1.0846809474400474,0.9038850018290048,0.43467125746884333,0.47722110353266906
0.129,0.130,0,1.1957626899500153,1.371950151927134,0.4379622892259902,1.0794779379274253,0.9035030237005904,0.434137464960464,0.47734007442303245
0.130,0.131,0,1.1968612275516977,1.3768896263252637,0.43981929851651724,1.0743706798391546,0.9031226052072606,0.4336026651910229,0.4774578389319154
0.131,0.132,0,1.1979526471468962,1.3817962383796987,0.4416490024087829,1.069358299711967,0.9027437527655799,0.4330668924121716,0.4775744142993669
0.132,0.133,0,1.1990370271451036,1.3866687953951848,0.4434516254677053,1.0644397825249126,0.9023664723244467,0.4325301802843072,0.4776898174782302
0.133,0.134,0,1.2001144602478844,1.3915062858428329,0.44522740820154394,1.0596139899942139,0.9019907693774541,0.43199256188586854,0.4778040651391824
0.134,0.135,0,1.2011850520923693,1.3963078658564279,0.4469766054796036,1.0548796772833726,0.9016166489750097,0.43145406972247213,0.4779171736757189
0.135,0.136,0,1.202248919972028,1.4010728464401927,0.4486994850410467,1.0502355082434205,0.901244115736273,0.43091473573606043,0.4780291592090609
0.136,0.137,0,1.203306191632427,1.4058006814025805,0.4503963260972137,1.045680069260225,0.900873173860832,0.4303745913138563,0.4781400375928823
0.137,0.138,0,1.204357004140688,1.4104909559735048,0.45206741801854244,1.0412118818228324,0.900503827140243,0.429833667297285,0.4782498244180551
0.138,0.139,0,1.2054015028256475,1.4151433761049967,0.4537130591066923,1.0368294138907812,0.900136078969283,0.4292919939907579,0.4783585350172758
0.139,0.140,0,1.206439840286393,1.4197577584224639,0.4553335554461009,1.032531090156772,0.8997699323570129,0.4287496011703579,0.4784661844696399
0.140,0.141,0,1.2074721754658617,1.4243340208026944,0.4569292198312598,1.0283153012896709,0.8994053899376703,0.42820651809244326,0.47857278760506033
0.141,0.142,0,1.2084986727878126,1.428872173559173,0.4585003707679341,1.0241804122331526,0.8990424539812999,0.42766277350210613,0.4786783590086767
0.142,0.143,0,1.2095194758783958,1.43336983206607,0.4600467705816433,1.0201265518074634,0.8986811412997402,0.42711842248869575,0.47878291302512715
0.143,0.144,0,1.2105347214430002,1.4378234152513583,0.4615678968743961,1.0161546948447815,0.8983214766743357,0.4265735346199344,0.4788864637628706
0.144,0.145,0,1.2115445921849637,1.442233452516775,0.46306414402574647,1.0122628727035,0.8979634606905617,0.42602813595804917,0.4789890250982346
0.145,0.146,0,1.212549302553176,1.446603585008637,0.4645365989437993,1.0084469799087534,0.8976070746843992,0.42548221798059904,0.4790906106795918
0.146,0.147,0,1.2135490641794318,1.4509372779609142,0.4659862984115752,1.0047031453342645,0.8972523003342899,0.42493577288926265,0.47919123393132973
0.147,0.148,0,1.2145440587746061,1.4552349284989798,0.46741357449053833,1.0010297313939613,0.8968991379385488,0.42438882652917154,0.479290908057846
0.148,0.149,0,1.2155344690526086,1.459496979158586,0.4688187598072162,0.9974251116221304,0.8965475875004772,0.42384140429128064,0.47938964604732603
0.149,0.15,0,1.2165204782696686,1.463723912973762,0.4702021870155627,0.9938876738219508,0.8961976487373295,0.4232935311199146,0.47948746067566433
0.15,0.1505,0,1.2791568270359956,1.7506836706717073,0.5676313735850856,0.7928263611921714,0.8917711465010719,0.4175343847616288,0.48996017834863087
0.1505,0.151,0,1.2793787526073848,1.7515840605022306,0.5679376989327488,0.7923415448993063,0.8916013177210572,0.4172644470642465,0.48998364906009634
0.151,0.1515,0,1.2796020623617999,1.752484372042794,0.5682415345703279,0.7918597980081955,0.8914318911744078,0.4169944327222621,0.4900070113414554
0.1515,0.152,0,1.2798267598036974,1.7533846479349904,0.568542900586308,0.7913810787202362,0.8912628666599623,0.4167243444675514,0.49003026592927684
0.152,0.1525,0,1.2800528483296196,1.754284930382928,0.5688418168765955,0.7909053457520101,0.8910942439616181,0.41645418500729564,0.4900534135542155
0.1525,0.153,0,1.2802803312276096,1.7551852611505243,0.5691383031439571,0.7904325583326164,0.8909260228486529,0.41618395702425803,0.4900764549407225
0.153,0.1535,0,1.2805092116800891,1.7560856815653514,0.5694323789008098,0.7899626761960369,0.8907582030758725,0.4159136631769238,0.4900993908074393
0.1535,0.154,0,1.28073949276408,1.7569862325163375,0.569724063469096,0.7894956595779473,0.8905907843839121,0.4156433060997495,0.49012222186706395
0.154,0.1545,0,1.2809711774524701,1.7578869544548863,0.5700133759815579,0.78903146921044,0.890423766499458,0.4153728884033647,0.4901449488264195
0.1545,0.155,0,1.2812042686157386,1.7587878873964349,0.5703003353833164,0.788570066316359,0.8902571491354453,0.4151024126747611,0.4901675723866124
0.155,0.1555,0,1.281438769022372,1.7596890709199446,0.5705849604322808,0.7881114126054001,0.8900909319913494,0.41483188147752226,0.4901900932429294
0.1555,0.156,0,1.2816746813408433,1.7605905441704663,0.5708672697010821,0.7876554702680025,0.8899251147533487,0.414561297351994,0.49021251208504063
0.156,0.1565,0,1.281912008140199,1.761492345858492,0.5711472815774932,0.7872022019715467,0.8897596970946061,0.4142906628155217,0.49023482959692866
0.1565,0.157,0,1.2821507518916821,1.7623945142632376,0.5714250142663689,0.7867515708542808,0.889594678675448,0.4140199803626128,0.4902570464570167
0.157,0.1575,0,1.2823909149697938,1.7632970872327478,0.5717004857904475,0.786303540521056,0.8894300591436047,0.4137492524651562,0.4902791633381867
0.1575,0.158,0,1.282632499653546,1.7642001021850278,0.5719737139915123,0.7858580750385505,0.8892658381344253,0.4134784815726285,0.49030118090783775
0.158,0.1585,0,1.2828755081276162,1.7651035961117423,0.572244716532197,0.7854151389294888,0.8891020152710911,0.41320767011224824,0.4903230998279149
0.1585,0.159,0,1.2831199424838868,1.7660076055789558,0.5725135108971342,0.7849746971680146,0.8889385901648118,0.41293682048919245,0.4903449207550232
0.159,0.1595,0,1.2833658047223016,1.7669121667278709,0.5727801143937897,0.7845367151755287,0.8887755624150545,0.4126659350868013,0.49036664434040045
0.1595,0.160,0,1.2836130967521449,1.7678077779992412,0.5730404689180356,0.7841053890213975,0.8886129316097583,0.41239501626673813,0.4903882712299744
0.160,0.1605,0,1.2838618203936083,1.7687002269835397,0.5732970951563262,0.7836781228951599,0.8884506973254966,0.41212406636919163,0.4904098020644766
0.1605,0.161,0,1.2841119773788046,1.769593353449611,0.5735516426520965,0.7832531941967784,0.8882888591277204,0.4118530877130552,0.490431237479449
0.161,0.1615,0,1.2843635693527926,1.7704871919746652,0.5738041273446923,0.7828305701288589,0.8881274165709393,0.41158208259612233,0.4904525781052459
0.1615,0.162,0,1.2846165978748574,1.7713817767139886,0.5740545650129716,0.7824102183190768,0.887966369198937,0.4113110532952666,0.4904738245670953
0.162,0.1625,0,1.284871064420361,1.7722771414059937,0.5743029712774613,0.7819921068139059,0.8878057165449202,0.4110400020665962,0.4904949774852681
0.1625,0.163,0,1.2851269703812103,1.7731733193728925,0.5745493616006813,0.7815762040751469,0.8876454581317559,0.41076893114566265,0.49051603747497563
0.163,0.1635,0,1.285384317067163,1.7740703435241791,0.5747937512886044,0.781162478974791,0.8874855934721473,0.41049784274763534,0.49053700514642984
0.1635,0.164,0,1.285643105707316,1.774968246359888,0.5750361554921603,0.7807509007898944,0.8873261220688231,0.4102267390674757,0.49055788110494836
0.164,0.1645,0,1.2859033374513562,1.7758670599743236,0.5752765892087304,0.7803414391974852,0.8871670434147029,0.4099556222800898,0.4905786659510053
0.1645,0.165,0,1.2861650133704279,1.7767668160577146,0.5755150672829108,0.7799340642706316,0.8870083569931072,0.4096844945405356,0.49059936028021045
0.165,0.1655,0,1.286428134458564,1.7776675459007363,0.5757516044083102,0.7795287464729861,0.8868500622779188,0.4094133579841669,0.49061996468339997
0.1655,0.166,0,1.2866927016337493,1.7785692803968458,0.5759862151285805,0.7791254566545461,0.8866921587337699,0.4091422147268185,0.49064047974665553
0.166,0.1665,0,1.2869587157390836,1.779472050045747,0.5762189138387994,0.7787241660469176,0.8865346458162195,0.40887106686497776,0.49066090605134455
0.1665,0.167,0,1.287226176262198,1.780371491419055,0.5764488627640713,0.7783267677010745,0.8863775229719124,0.4085999164759152,0.4906812441742348
0.167,0.1675,0,1.2874950826463503,1.781263159566039,0.5766752062724667,0.7779351826906931,0.8862207896387816,0.4083287656179268,0.49070149468737295
0.1675,0.168,0,1.2877654381626322,1.7821560646884136,0.5768996990117378,0.7775454519326023,0.8860644452461712,0.40805761633040394,0.490721658158331
0.168,0.1685,0,1.2880372433640261,1.7830502361497644,0.5771223549523475,0.7771575481593753,0.8859084892150456,0.407786470634072,0.4907417351500737
0.1685,0.169,0,1.2883104987347676,1.7839457028921337,0.5773431879138369,0.7767714444803879,0.8857529209581353,0.40751533053110484,0.4907617262211258
0.169,0.1695,0,1.2885852046908697,1.7848424934413427,0.5775622115662886,0.7763871143768662,0.8855977398801098,0.4072441980053152,0.4907816319254897
0.1695,0.170,0,1.2888613615818887,1.785740635911759,0.5777794394321754,0.7760045316965104,0.8854429453777182,0.4069730750222869,0.49080145281281795
0.170,0.1705,0,1.2891389696916065,1.7866401580113505,0.5779948848878093,0.7756236706486758,0.8852885368399629,0.40670196352954247,0.49082118942836395
0.1705,0.171,0,1.289418029239152,1.7875410870451258,0.5782085611645525,0.7752445058000274,0.8851345136482651,0.40643086545671653,0.490840842313029
0.171,0.1715,0,1.289698540380302,1.7884434499215387,0.5784204813509243,0.7748670120688673,0.8849808751765942,0.4061597827156792,0.490860412003441
0.1715,0.172,0,1.2899805032083298,1.789347273156443,0.5786306583938391,0.7744911647208127,0.8848276207916441,0.4058887172007061,0.4908798990319475
0.172,0.1725,0,1.290263917755328,1.7902525828775187,0.578839105100175,0.7741169393640577,0.8846747498529681,0.4056176707886278,0.4908993039267049
0.1725,0.173,0,1.2905485137797552,1.7911594048292159,0.579045712898498,0.7737447805866889,0.8845222617131414,0.4053466453389814,0.4909186272116392
0.173,0.1735,0,1.290834340139939,1.7920677643779077,0.5792505162362686,0.7733745731091419,0.8843701557178965,0.4050756426941481,0.49093786940657186
0.1735,0.174,0,1.2911216150860612,1.7929776865150318,0.57945362548842,0.773005912879026,0.8842184312062661,0.4048046646795224,0.4909570310271838
0.174,0.1745,0,1.291410338434168,1.793889195863494,0.5796550529277638,0.7726387768381169,0.8840670875107313,0.404533713103631,0.4909761125851275
0.1745,0.175,0,1.2917005099438075,1.7948023166803517,0.5798548106942447,0.7722731422485106,0.8839161239573748,0.40426278975830515,0.490995114587967
0.175,0.1755,0,1.2919921293193761,1.795717072862854,0.5800529107969952,0.7719089866874077,0.8837655398659989,0.4039918964188012,0.4910140375392807
0.1755,0.176,0,1.292285196211159,1.7966334879518655,0.5802493651155404,0.7715462880432256,0.8836153345502613,0.40372103484395466,0.4910328819387075
0.176,0.1765,0,1.2925797102161585,1.7975515851371253,0.5804441854014178,0.7711850245110778,0.8834655073178301,0.40345020677631266,0.49105164828195036
0.1765,0.177,0,1.2928756708789961,1.7984713872603149,0.5806373832792181,0.7708251745892025,0.8833160574705093,0.403179413942296,0.4910703370607952
0.177,0.1775,0,1.2931730776928987,1.799392916821078,0.5808289702484999,0.7704667170740899,0.8831669843043709,0.40290865805230314,0.49108894876315046
0.1775,0.178,0,1.2934719301012358,1.800316195980529,0.581018957685256,0.7701096310564078,0.8830182871098571,0.4026379408008646,0.4911074838732024
0.178,0.1785,0,1.2937722274972683,1.8012412465642729,0.5812073568424247,0.7697538959182154,0.8828699651719744,0.4023672638668066,0.4911259428712031
0.1785,0.179,0,1.2940739692260586,1.80216809006903,0.5813941788524077,0.7693994913273934,0.8827220177703573,0.40209662891333564,0.49114432623370496
0.179,0.1795,0,1.294377154585512,1.803096747665411,0.5815794347281134,0.7690463972342669,0.8825744441793971,0.40182603758819496,0.49116263443362096
0.1795,0.180,0,1.294681782826134,1.8040272402028164,0.5817631353640129,0.7686945938680974,0.8824272436684181,0.40155549152379444,0.491180867940018
0.180,0.1805,0,1.2949878531532426,1.8049595882118312,0.5819452915376229,0.7683440617332417,0.8822804155017389,0.40128499233736536,0.4911990272184236
0.1805,0.181,0,1.2952953647269654,1.8058938119108816,0.5821259139111693,0.7679947816048084,0.8821339589388263,0.4010145416310432,0.49121711273067253
0.181,0.1815,0,1.295604316663743,1.8068299312079241,0.5823050130325517,0.7676467345255935,0.8819878732343931,0.40074414099204664,0.49123512493506993
0.1815,0.182,0,1.2959147080364875,1.8077679657057,0.5824825993367049,0.76729990180229,0.8818421576385413,0.40047379199277056,0.49125306428627696
0.182,0.1825,0,1.2962265378760223,1.808707934705925,0.5826586831472347,0.7669542650014497,0.8816968113968535,0.40020349619092427,0.49127093123546334
0.1825,0.183,0,1.296539805171719,1.8096498572124795,0.5828332746774274,0.7666098059463528,0.8815518337505143,0.3999332551296522,0.49128872623029635
0.183,0.1835,0,1.2968545088725338,1.8105937519358648,0.58300638403178,0.7662665067131524,0.881407223936397,0.39966307033766296,0.4913064497150121
0.1835,0.184,0,1.2971706478873293,1.811539637296417,0.583178021206889,0.7659243496279413,0.8812629811872301,0.39939294332935554,0.491324102130347
0.184,0.1845,0,1.2974882210860916,1.812487531428535,0.5833481960930083,0.7655833172629429,0.8811191047316597,0.39912287560494025,0.4913416839136496
0.1845,0.185,0,1.2978072273006698,1.8134374521844017,0.5835169184752586,0.7652433924331971,0.8809755937943653,0.3988528686505528,0.49135919549889784
0.185,0.1855,0,1.2981276653255447,1.8143894171377168,0.5836841980348658,0.7649045581932418,0.880832447596171,0.3985829239383793,0.4913766373167269
0.1855,0.186,0,1.298449533918534,1.815343443588423,0.5838500443506419,0.7645667978334449,0.8806896653541445,0.39831304292675423,0.4913940097944416
0.186,0.1865,0,1.2987728318015077,1.816299548562806,0.5840144668991817,0.7642300948783058,0.8805472462817154,0.3980432270603507,0.49141131335603655
0.1865,0.187,0,1.2990975576614776,1.8172577488228612,0.5841774750578267,0.763894433080646,0.8804051895887396,0.39777347777017497,0.4914285484222921
0.187,0.1875,0,1.299423710150986,1.8182180608633924,0.584339078103886,0.7635597964214001,0.8802634944816455,0.3975037964738186,0.49144571541073223
0.1875,0.188,0,1.2997512878889195,1.8191805009219482,0.5844992852176336,0.7632261691037838,0.8801221601634921,0.39723418457544585,0.4914628147356649
0.188,0.1885,0,1.3000802894612922,1.8201450849761303,0.584658105481777,0.7628935355527994,0.8799811858341002,0.396964643466024,0.49147984680822654
0.1885,0.189,0,1.3004107134220955,1.8211118287524128,0.5848155478841612,0.7625618804099047,0.8798405706901054,0.3966951745233361,0.49149681203643325
0.189,0.190,0,1.2542366210337919,1.6110289710939298,0.5111030258190882,0.8922676405500024,0.883492099359551,0.4012479763080915,0.48276510880347456
0.190,0.191,0,1.2551739239008397,1.6143076811421153,0.5118285533509161,0.8904489670574928,0.8832054923586447,0.40069849104654315,0.48283383755205256
0.191,0.192,0,1.2561125310955183,1.6175775696506762,0.5125436565018853,0.8886523911310911,0.8829203202296875,0.40014928326716503,0.48290203037625806
0.192,0.193,0,1.257052519716437,1.6208391065955638,0.5132485059458004,0.8868773480639086,0.882636576548911,0.39960036439272584,0.48296969370739706
0.193,0.194,0,1.2579939645204565,1.6240927517815416,0.5139432689289479,0.8851232891085136,0.8823542548473716,0.39905174563387796,0.483036833879624
0.194,0.195,0,1.2589369379728736,1.6273389549724806,0.5146281093274102,0.8833896810239796,0.8820733486137758,0.3985034379926772,0.483103457131534
0.195,0.196,0,1.259881510298656,1.6305781560259252,0.5153031877047253,0.8816760056342537,0.8817938512971817,0.3979554522660168,0.48316956960793994
0.196,0.197,0,1.2608277495322282,1.6338107850325863,0.5159686613691495,0.8799817593985163,0.8815157563096699,0.3974077990490608,0.48323517736138666
0.197,0.198,0,1.2617757215676941,1.6370372624607081,0.5166246844313627,0.878306452991818,0.8812390570289165,0.3968604887385888,0.4833002863537715
0.198,0.199,0,1.2627254902084721,1.6402579993048454,0.5172714078621822,0.8766496108964111,0.8809637468006856,0.3963135315362627,0.4833649024578899
0.199,0.200,0,1.2636771172168004,1.6434733972373774,0.5179089795501646,0.875010771003885,0.8806898189412331,0.3957669374518594,0.4834290314590088
0.200,0.201,0,1.2646306623621437,1.646683848762193,0.5185375443586517,0.8733894842285107,0.8804172667396785,0.39522071630645544,0.48349267905629795
0.201,0.202,0,1.2655861834697544,1.6498897373705852,0.5191572441828265,0.8717853141305524,0.8801460834602632,0.3946748777355388,0.4835558508643623
0.202,0.203,0,1.266543736468188,1.6530914376997123,0.5197682180064613,0.8701978365496374,0.879876262344558,0.3941294311920701,0.48361855241466023
0.203,0.204,0,1.2675033754363092,1.656289315691123,0.5203706019580333,0.8686266392487512,0.8796077966136066,0.39358438594949285,0.48368078915691815
0.204,0.205,0,1.2684651526497601,1.6594837287500355,0.520964529366416,0.8670713215680779,0.879340679469998,0.3930397511046918,0.4837425664605429
0.205,0.206,0,1.269429118626818,1.6626750259054077,0.521550130816158,0.8655314940883504,0.8790749040998473,0.3924955355809185,0.48380388961602083
0.206,0.207,0,1.2703953221725783,1.6658635479704056,0.5221275342019052,0.8640067783040898,0.8788104636748046,0.39195174813062633,0.48386476383611626
0.207,0.208,0,1.2713638104243947,1.6690496277015343,0.5226968647827378,0.8624968063055913,0.8785473513538542,0.3914083973382915,0.48392519425741887
0.208,0.209,0,1.27233462889415,1.6722335899588714,0.523258245235276,0.8610012204706383,0.8782855602852033,0.39086549162316714,0.4839851859414122
0.209,0.210,0,1.2733078215117328,1.675415751863013,0.5238117957063186,0.8595196731652256,0.8780250836080183,0.3903230392420183,0.48404474387589747
0.210,0.211,0,1.2742834306664348,1.6785964229545107,0.5243576338650501,0.8580518264520197,0.877765914454138,0.38978104829175425,0.4841038729761422
0.211,0.212,0,1.2752614972485525,1.6817759053485826,0.5248958749541129,0.8565973518084877,0.877508045949718,0.38923952671208484,0.4841625780862056
0.212,0.213,0,1.2762420606891207,1.684954493891554,0.5254266318402017,0.8551559298524107,0.8772514712168475,0.3886984822880672,0.48422086398003106
0.213,0.214,0,1.2772251589997403,1.6881324763133985,0.5259500150637112,0.8537272500761109,0.8769961833750838,0.38815792265266147,0.4842787353626952
0.214,0.215,0,1.2782108288110992,1.6913101333802474,0.5264661328877642,0.8523110105880481,0.8767421755429449,0.38761785528920606,0.48433619687153634
0.215,0.216,0,1.2791991054108,1.6944877390440405,0.5269750913462673,0.850906917862493,0.8764894408393714,0.3870782875338756,0.48439325307729
0.216,0.217,0,1.2801900227805276,1.697665560591487,0.527476994291473,0.8495146864960164,0.8762379723850969,0.3865392265780745,0.4844499084852271
0.217,0.218,0,1.2811836136321428,1.7008438587896684,0.5279719434403297,0.8481340389720159,0.8759877633040235,0.3860006794708191,0.4845061675362275
0.218,0.219,0,1.28217990944307,1.7040228880307264,0.52846003842031,0.8467647054316854,0.875738806724516,0.3854626531210471,0.48456203460784747
0.219,0.220,0,1.2831789404910083,1.7072028964734558,0.5289413768142457,0.8454064234522262,0.87549109578066,0.3849251542999175,0.48461751401539477
0.220,0.221,0,1.284180735887958,1.7103841261868127,0.5294160542053676,0.8440589378296057,0.8752446236134479,0.3843881896429865,0.48467261001300255
0.221,0.222,0,1.2851853236123796,1.7135668132795585,0.5298841642183296,0.8427220003741733,0.8749993833720412,0.38385176565259965,0.48472732679448294
0.222,0.223,0,1.2861927305426908,1.716751188045584,0.5303457985645232,0.8413953697024139,0.8747553682147862,0.383315888699828,0.4847816684945601
0.223,0.224,0,1.287202982487894,1.7199374750909135,0.5308010470819507,0.8400788110439359,0.8745125713103831,0.38278056502675967,0.48483563918968997
0.224,0.225,0,1.288216104218328,1.7231258934653497,0.5312499977762766,0.8387720960504141,0.8742709858389269,0.38224580074858056,0.48488924289902596
0.225,0.226,0,1.2892321194961314,1.7263166567939525,0.5316927368618056,0.8374750026089048,0.8740306049928935,0.38171160185556735,0.4849424835854605
0.226,0.227,0,1.2902510511039247,1.729509973399981,0.5321293487997514,0.8361873146643911,0.873791421978149,0.38117797421519856,0.48499536515644487
0.227,0.228,0,1.2912729208735543,1.732706046430571,0.5325599163372622,0.8349088220447374,0.8735534300148775,0.3806449235741064,0.4850478914649466
0.228,0.229,0,1.2922977497141765,1.735905073978535,0.5329845205453317,0.8336393202915875,0.8733166223384703,0.38011245556002476,0.48510006631040203
0.229,0.230,0,1.2933255576386338,1.739107249200273,0.533403240855141,0.8323786104976864,0.8730809922004383,0.37958057568376774,0.48515189343945414
0.230,0.231,0,1.2943563637904856,1.7423127604332938,0.5338161550946798,0.831126499147342,0.872846532869218,0.37904928934109317,0.4852033765469406
0.231,0.232,0,1.2953880037457208,1.7455175483076997,0.5342216981222806,0.8298856754940276,0.8726132376309831,0.3785186018145556,0.4852545192766957
0.232,0.233,0,1.2964113223472304,1.7487039779814475,0.5346130463767537,0.8286679832380609,0.8723810997904373,0.37798851827539093,0.4853053252223477
0.233,0.234,0,1.2974380186142576,1.751894945891245,0.5349990583485287,0.8274577985457398,0.8721501126715446,0.37745904378527095,0.4853557979281853
0.234,0.235,0,1.29846810142374,1.755090608956481,0.5353798012206491,0.8262549614360525,0.8719202696182473,0.37693018329807937,0.48540594088994193
0.235,0.236,0,1.2995015753955506,1.7582613493146892,0.5357501756778986,0.8250732881908449,0.8716915639951622,0.37640194166170865,0.4854557575555474
0.236,0.237,0,1.30053845113225,1.7614298487165905,0.536114148595923,0.8239019508413639,0.8714639891882219,0.3758743236197104,0.48550525132596306
0.237,0.238,0,1.3015787368084957,1.7646044858457666,0.5364732114117191,0.8227369307167396,0.8712375386053297,0.3753473338130179,0.48555442555587197
0.238,0.239,0,1.3026224390317842,1.767785380643553,0.5368274229363328,0.8215780997533254,0.8710122056769398,0.37482097678161275,0.48560328355449034
0.239,0.240,0,1.3036695638907763,1.7709726498518255,0.5371768407932777,0.8204253333502899,0.8707879838566595,0.374295256966125,0.48565182858624845
0.240,0.241,0,1.3047201169724119,1.7741664070948182,0.537521521446087,0.8192785102712026,0.8705648666217957,0.37377017870946705,0.4857000638715223
0.241,0.242,0,1.3057741033784536,1.7773667629593148,0.537861520225248,0.8181375125484602,0.8703428474738781,0.3732457462584044,0.4857479925873349
0.242,0.243,0,1.3068315277417324,1.7805738250729932,0.5381968913546133,0.8170022253903709,0.8701219199391808,0.3727219637650991,0.48579561786808617
0.243,0.244,0,1.3078923942414271,1.783787698180537,0.5385276879768515,0.8158725370915342,0.8699020775691961,0.37219883528865993,0.48584294280615953
0.244,0.245,0,1.3089567066184906,1.7870084842192646,0.538853962178902,0.8147483389448311,0.8696833139411055,0.3716763647966075,0.4858899704526469
0.245,0.246,0,1.3100244681904485,1.7902362823902165,0.5391757650160656,0.8136295251574365,0.8694656226582045,0.37115455616639514,0.4859367038180171
0.246,0.247,0,1.3110956818653272,1.7934711892302908,0.5394931465360167,0.8125159927682587,0.8692489973503527,0.3706334131868401,0.4859831458726866
0.247,0.248,0,1.3121703501558482,1.7967132986811978,0.5398061558021681,0.8114076415681166,0.869033431674342,0.370112939559553,0.4860292995477135
0.248,0.249,0,1.3132484751928555,1.7999627021572733,0.5401148409164751,0.8103043740221838,0.8688189193142944,0.3695931389003385,0.48607516773541215
0.249,0.25,0,1.3143300587383697,1.803219488610894,0.5404192490415063,0.8092060951950821,0.8686054539820135,0.36907401474060175,0.4861207532899553
0.25,0.252,0,1.2353137173374906,1.4736036216002733,0.43893465075287874,1.048165955961734,0.8753347103952697,0.3770992892875552,0.4715404643133827
0.252,0.254,0,1.2382850892402024,1.4844670209540023,0.4405178644702975,1.0408347627274632,0.8748861555599255,0.3760155109950398,0.47172796916189846
0.254,0.256,0,1.241245016671373,1.4952549698357207,0.4420636188148828,1.033701390301889,0.8744418119878979,0.3749345619825123,0.47191317993305903
0.256,0.258,0,1.2441946234924521,1.5059727588420948,0.44357315495550953,1.0267556581762904,0.8740016302591421,0.373856472843667,0.47209614172326914
0.258,0.260,0,1.2471349718334828,1.5166254092078315,0.44504765983017314,1.019988066947043,0.8735655614074062,0.37278127276987777,0.47227689846489823
0.260,0.262,0,1.2500670655697943,1.527217686851489,0.44648826856429713,1.0133897451473628,0.8731335569287519,0.3717089895942139,0.472455492962154
0.262,0.264,0,1.252991853601494,1.537754115759759,0.44789606679400773,1.0069524007761166,0.8727055687891443,0.3706396498340717,0.4726319669254334
0.264,0.266,0,1.2559102329491432,1.5482389907218304,0.4492720928963991,1.0006682770613826,0.8722815494310376,0.36957327873247714,0.472806361004861
0.266,0.268,0,1.2588230516707632,1.5586763894317812,0.45061734012677207,0.9945301120498428,0.8718614517792215,0.3685099002981121,0.4729787148222647
0.268,0.270,0,1.2617311116137258,1.5690701839806551,0.4519327586666803,0.9885311016498676,0.8714452292457417,0.36744953734404795,0.473149067002407
0.270,0.272,0,1.2646351710071706,1.5794240517555185,0.4532192575828679,0.9826648658043408,0.8710328357341367,0.3663922115253483,0.47331745520290436
0.272,0.274,0,1.2675359469056606,1.5897414857743197,0.45447770670146925,0.9769254174930204,0.8706242256429376,0.3653379433754391,0.4734839161432523
0.274,0.276,0,1.2704341174915468,1.6000258044761138,0.45570893839894167,0.9713071343034174,0.8702193538684957,0.36428675234136765,0.4736484856328362
0.276,0.278,0,1.2733303242439857,1.6102801609914008,0.45691374931265016,0.9658047323322863,0.8698181758072003,0.36323865681800827,0.47381119859796617
0.278,0.280,0,1.276225173982291,1.6205075519179535,0.4580929019741892,0.9604132422036831,0.8694206473571223,0.3621936741811705,0.4739720891079836
0.280,0.282,0,1.2791192407915382,1.6307108256248237,0.4592471263684362,0.9551279870119441,0.8690267249190735,0.36115182081969477,0.4741311904006076
0.282,0.284,0,1.2820130678356567,1.6408926901075447,0.46037712142049875,0.9499445620183031,0.8686363653972047,0.36011311216658093,0.47428853490624484
0.284,0.286,0,1.284907169066148,1.6510557204179228,0.4614835564142238,0.9448588159439523,0.8682495261991117,0.3590775627291463,0.47444415427160275
0.286,0.288,0,1.2878020308321991,1.661202365689614,0.4625670723447986,0.9398668337199949,0.8678661652354712,0.3580451861182549,0.47459807938255966
0.288,0.290,0,1.290698113396862,1.6713349557814807,0.4636282832079761,0.9349649205678099,0.8674862409193185,0.35701599507666854,0.4747503403861049
0.290,0.292,0,1.2935958523668623,1.6814557075589036,0.46466777722939995,0.9301495872940374,0.867109712164882,0.3559900015065114,0.4749009667117652
0.292,0.294,0,1.2964956600388788,1.6915667308307887,0.4656861180354702,0.9254175366990464,0.8667365383861243,0.35496721649592355,0.47504998709209795
0.294,0.296,0,1.2993979266695386,1.7016700339644468,0.4666838457699222,0.9207656510014735,0.8663666794948922,0.35394765034487397,0.4751974295827236
0.296,0.298,0,1.3023030216715838,1.7117675291920265,0.46766147815703835,0.9161909801973421,0.866000095898823,0.35293131259023586,0.475343321581514
0.298,0.300,0,1.305211294742353,1.7218610376301855,0.468619511515517,0.9116907312727976,0.8656367484988964,0.35191821203001084,0.47548768984729756
0.300,0.302,0,1.3081230753107609,1.7319349565261397,0.4695558784126023,0.9072713412665807,0.8652765986867784,0.3509083567469304,0.4756305605179286
0.302,0.304,0,1.311038672964229,1.7419480757649917,0.4704647111622744,0.9029522344004767,0.8649196083419173,0.34990175413125,0.4757719591276455
0.304,0.306,0,1.313958387360739,1.7519517559205702,0.47135187563964814,0.8987045222257058,0.864565739828406,0.3488984109029372,0.47591191062399946
0.306,0.308,0,1.3168824883334334,1.7618938717415213,0.47220308392479887,0.8945530369831753,0.8642149559916176,0.3478983331330839,0.47605043938425284
0.308,0.310,0,1.3198112574135574,1.7718480127119465,0.4730383753470451,0.8904583937180731,0.8638672201546918,0.3469015262647907,0.4761875692311768
0.310,0.312,0,1.322744946182484,1.7818151960705149,0.4738580826817457,0.8864188922918593,0.8635224961148571,0.34590799513334464,0.47632332344828604
0.312,0.314,0,1.3256837898532308,1.7917648918267783,0.47465774401133015,0.8824484275449991,0.8631807481395404,0.34491774398580205,0.47645772479476356
0.314,0.316,0,1.3286280117529072,1.8016728239431974,0.47543380391750956,0.8785572813042652,0.8628419409623883,0.3439307765000003,0.4765907955198003
0.316,0.318,0,1.3315778310797861,1.8116003342668798,0.47619571993644594,0.8747139751184532,0.8625060397791469,0.3429470958030164,0.47672255737642183
0.318,0.320,0,1.3345334498230317,1.8215481313522395,0.47694375950931,0.8709172383359148,0.8621730102433987,0.34196670448899774,0.4768530316350687
0.320,0.322,0,1.3374950591687234,1.8315168904738648,0.4776781792477989,0.867165856098916,0.8618428184622402,0.3409896046365474,0.4769822390965265
0.322,0.324,0,1.3404628400631917,1.841507255384046,0.47839922541927926,0.8634586662090986,0.8615154309918392,0.3400157978255632,0.47711020010460536
0.324,0.326,0,1.3434369611013324,1.8515131707049306,0.47910596213979595,0.8597976546572621,0.8611908148328667,0.3390452851534718,0.4772369345584752
0.326,0.328,0,1.3463998587947157,1.8614950004216848,0.47978583992906815,0.8562070719785019,0.8608689374259858,0.3380780672512035,0.4773624619243093
0.328,0.330,0,1.349360935008829,1.8714863158434591,0.48044779166963286,0.8526665519979105,0.8605497666471131,0.3371141442984296,0.4774868012470031
0.330,0.332,0,1.3523299646015163,1.8815031777652702,0.4810978335591822,0.8491641769455854,0.8602332708027604,0.3361535160385705,0.47760997116113985
0.332,0.334,0,1.3553070398918965,1.8915460686010495,0.48173615281447346,0.845699077950966,0.8599194186252541,0.33519618179317856,0.47773198990185495
0.334,0.336,0,1.358292247628164,1.901615448007873,0.48236292914542,0.8422704211151225,0.8596081792678926,0.3342421404760015,0.4778528753154319
0.336,0.338,0,1.3612856692793969,1.9117117541455568,0.48297833509614424,0.8388774056110487,0.8592995223002167,0.33329139060663654,0.4779726448691225
0.338,0.340,0,1.364287381315315,1.9218354048691408,0.4835825363718263,0.8355192618996466,0.8589934177030204,0.3323439303236588,0.4780913156614021
0.340,0.342,0,1.3672974554669077,1.9319867988524306,0.4841756921479328,0.8321952500604027,0.8586898358635976,0.3313997573975268,0.47820890443111025
0.342,0.344,0,1.3703159589769085,1.9421663166519143,0.48475795536684546,0.8289046582221248,0.8583887475707368,0.3304588692429495,0.4783254275670737
0.344,0.346,0,1.3733429548334914,1.952374321711124,0.4853294730191106,0.8256468010924723,0.8580901240099144,0.329521262931014,0.47844090111677157
0.346,0.348,0,1.3763785019941213,1.9626111613110493,0.485890386412818,0.8224210185753308,0.8577939367583312,0.3285869352008499,0.478555340795259
0.348,0.350,0,1.3794223666820935,1.9728771674679475,0.48644072954692313,0.8192268209161451,0.8575001577800195,0.32765588247102645,0.47866876199354297
0.350,0.352,0,1.3824747922529013,1.9831726577821214,0.486980701033557,0.8160634955824491,0.8572087594209868,0.326728100850583,0.4787811797867032
0.352,0.354,0,1.3855359378504262,1.9934979362420373,0.4875104658234596,0.8129303941337644,0.8569197144042586,0.32580358614971516,0.4788926089420373
0.354,0.356,0,1.3886058477891527,2.003853293984806,0.48803014475298034,0.8098269454266713,0.8566329958250476,0.32488233625510793,0.4790030639266299
0.356,0.358,0,1.391684563322817,2.0142390100132883,0.4885398541531383,0.8067525977387241,0.856348577145899,0.32396435779143795,0.4791125589148973
0.358,0.360,0,1.3947721228045977,2.0246553518780166,0.489039706052839,0.8037068178133628,0.8560664321918316,0.3230496315744562,0.479221107795897
0.360,0.362,0,1.3978685618382964,2.0351025763204422,0.4895298083722806,0.8006890899617752,0.8557865351455501,0.32213815232824045,0.47932872418029815
0.362,0.364,0,1.4009739134230068,2.0455809298832883,0.4900102651085528,0.7976989152155132,0.8555088605426179,0.3212299145268088,0.4794354214074147
0.364,0.366,0,1.4040882080885781,2.0560906494862548,0.49048117651188017,0.7947358105297213,0.8552333832667414,0.320324912403109,0.4795412125516936
0.366,0.368,0,1.4071995544629803,2.0666141280873176,0.49093292409079015,0.7918147549268884,0.8549600785450171,0.3194231399576677,0.47964611042928507
0.368,0.370,0,1.410311126914905,2.0771567542888003,0.49136825405023477,0.7889307406514694,0.854688921943199,0.3185245909669842,0.47975012760440977
0.370,0.372,0,1.4134323542176888,2.0877329176939012,0.4917949432206595,0.7860710410346603,0.8544198893611527,0.31762925899180816,0.47985327639517206
0.372,0.374,0,1.4165632391282048,2.0983427680182563,0.49221305939193205,0.783235292237142,0.8541529570280854,0.31673713738496406,0.47995556887988555
0.374,0.376,0,1.4196864938986253,2.1089612326420584,0.4926127379296039,0.7804384680121981,0.8538881014980795,0.3158482192991239,0.4800570169025341
0.376,0.378,0,1.4228102715856386,2.1196007366521337,0.4929988055087904,0.777672572716978,0.8536252996454433,0.3149624976942255,0.4801576320786288
0.378,0.380,0,1.4259444803692505,2.130275936740053,0.49337702985809045,0.7749284203512211,0.8533645286603392,0.3140799653448107,0.4802574258002984
0.380,0.382,0,1.4290890965759249,2.140986911993798,0.49374745475713705,0.7722057333680198,0.8531057660441688,0.3132006148469595,0.48035640924205225
0.382,0.384,0,1.432244096319675,2.1517337392923,0.4941101225149905,0.7695042402198303,0.8528489896052766,0.31232443862520765,0.4804545933655243
0.384,0.386,0,1.4354094555322594,2.1625164935097496,0.49446507404778917,0.7668236751192391,0.852594177454497,0.31145142893912553,0.4805519889247483
0.386,0.388,0,1.4385851499893094,2.173335247705523,0.4948123489516827,0.7641637778151096,0.8523413080008885,0.3105815778898035,0.48064860647083624
0.388,0.390,0,1.4417711553364263,2.184189868229182,0.4951519855739058,0.7615243648798958,0.8520903599474117,0.3097148774260528,0.480744456356824
0.390,0.392,0,1.4449674471131788,2.195022047679649,0.49548402108035816,0.7589253680528485,0.8518413122866935,0.3088513193504763,0.4808395487422752
0.392,0.394,0,1.4481740007751505,2.2057858498024183,0.4958084915200521,0.7563818127379421,0.8515941442968722,0.30799089532537716,0.48093389359765887
0.394,0.396,0,1.4513907915608006,2.2164810382164726,0.4961253979015835,0.7538926862611794,0.8513488382640235,0.307133600749239,0.48102750070883943
0.396,0.398,0,1.4546177106834661,2.227025987104363,0.4964161469505325,0.7514845062304084,0.8511068765561592,0.30628155360317877,0.48112037968123167
0.398,0.400,0,1.4578546969762751,2.2373659166866613,0.49666875534885024,0.7491739543659861,0.8508686448977241,0.30543529820274634,0.48121253994395313
0.400,0.402,0,1.461101838654297,2.2476180287627585,0.4969102123366966,0.746920004512828,0.8506323468585326,0.30459230158788736,0.4813039907538054
0.402,0.404,0,1.4643589524291567,2.257627024808994,0.497105742574861,0.7447728762432392,0.8504010505031286,0.30375688346227936,0.48139474119922854
0.404,0.406,0,1.467626192210926,2.2675688313267126,0.4972953780614489,0.7426727180653986,0.8501714930763407,0.30292445801343526,0.48148480020405693
0.406,0.408,0,1.4709035329828206,2.277443303696536,0.49747914892285183,0.7406187337108525,0.8499436556361747,0.3020950162633266,0.481574176531255
0.408,0.410,0,1.4741909497980357,2.28725029396181,0.49765708449566065,0.7386101503450743,0.8497175194989897,0.3012685491476689,0.48166287878649955
0.410,0.412,0,1.4774884177915635,2.296989650930726,0.49782921336316804,0.7366462177946251,0.8494930662356331,0.30044504751991735,0.48175091542164733
0.412,0.414,0,1.4807904434506953,2.3066537108984213,0.4979923875075385,0.7347306605227218,0.8492702776675859,0.29962450215521574,0.4818382947382819
0.414,0.416,0,1.484099625681966,2.316245851540842,0.4981481579072743,0.7328605993808271,0.8490491358632595,0.2988069037542189,0.48192502489087924
0.416,0.418,0,1.4874185079142102,2.325769429593669,0.4982980460901168,0.7310332465892816,0.84882962313427,0.2979922429468167,0.4820111138901036
0.418,0.420,0,1.4907470777202516,2.3352243024447588,0.49844208886783675,0.7292479222566579,0.8486117220317388,0.2971805102956413,0.4820965696060383
0.420,0.422,0,1.4940853222970742,2.3446103238031473,0.4985803220060848,0.7275039665672259,0.8483954153427367,0.2963716962996217,0.4821813997711905
0.422,0.424,0,1.4974332284964087,2.3539273438218666,0.4987127802727422,0.7258007391303615,0.848180686086724,0.29556579139733546,0.4822656119834502
0.424,0.426,0,1.5007907828539317,2.3631752092144125,0.4988394974841446,0.7241376183575305,0.8479675175120412,0.29476278597027245,0.4823492137090358
0.426,0.428,0,1.5041579716171376,2.3723537633659917,0.49896050654941504,0.7225140008652889,0.847755893092443,0.29396267034602175,0.48243221228541616
0.428,0.430,0,1.5075347807704589,2.381462846441604,0.49874066832371905,0.7209293009031691,0.8475457965237302,0.29316543480133167,0.4825146149239351
0.430,0.432,0,1.5109211960604445,2.3905022954884236,0.49824854078542,0.7193829498048978,0.8473372117203646,0.292371069565105,0.48259642871264
0.432,0.434,0,1.5143172030186585,2.3994719445355654,0.4977567989616188,0.7178743954620257,0.8471301228121715,0.291579564821258,0.48267766061887774
0.434,0.436,0,1.5177227869828802,2.4083716246861786,0.49726543874655293,0.7164031018203199,0.8469245141411411,0.2907909107116118,0.48275831749174375
0.436,0.438,0,1.5211379331189687,2.417201164212669,0.49677445572382184,0.7149685483936449,0.8467203702581251,0.29000509733848806,0.4828384060648176
0.438,0.440,0,1.5245626264388952,2.425960388640027,0.4962838451835476,0.7135702298010549,0.8465176759197881,0.2892221147674643,0.4829179329583423
0.440,0.442,0,1.5279968518201401,2.4346491208333436,0.49579360214107315,0.7122076553191256,0.8463164160854174,0.2884419530298325,0.48299690468179324
0.442,0.444,0,1.5314405940223754,2.443267181076466,0.49530372135319056,0.7108803484544669,0.8461165759139105,0.28766460212514045,0.48307532763608096
0.444,0.446,0,1.5348938377043984,2.4518143871508635,0.494814197334692,0.7095878465316904,0.8459181407607232,0.2868900520235592,0.48315320811592116
0.446,0.448,0,1.5383565674386706,2.460290554409979,0.49432502437339537,0.708329700298704,0.8457210961749514,0.286118292668227,0.4832305523118801
0.448,0.450,0,1.541828767726879,2.468695495851729,0.49383619654534755,0.7071054735463923,0.8455254278963454,0.2853493139774771,0.483307366312713
0.450,0.452,0,1.5453104221234744,2.4770277977269237,0.4933474563331231,0.7059150920556102,0.8453311441011928,0.2845831348109245,0.4833836561073179
0.452,0.454,0,1.5488015157529984,2.4852882361157356,0.49285899654663656,0.704757864756878,0.8451382132921812,0.28381972191557964,0.4834594275868126
0.454,0.456,0,1.5523020331824242,2.493476891027025,0.4923708669640438,0.703633314176535,0.8449466167888262,0.28305905865545083,0.48353468654663045
0.456,0.458,0,1.5558119587558952,2.5015935664751456,0.4918830609235835,0.7025410530346322,0.8447563410698167,0.2823011348814007,0.4836094386882881
0.458,0.460,0,1.5593312768079075,2.509638064446131,0.4913955716163583,0.7014807053968732,0.8445673727904693,0.2815459404295585,0.4836836896214864
0.460,0.462,0,1.5628599708375772,2.517604861660851,0.49090701817901455,0.7004533877624324,0.8443796987801456,0.28079346512327746,0.483757444865799
0.462,0.464,0,1.566398026355743,2.525507719520415,0.49041693141839077,0.6994548581061182,0.8441933060395767,0.28004369877488056,0.4838307098525819
0.464,0.466,0,1.5699454295008664,2.533462201842766,0.4899273375847421,0.6984528870706297,0.8440081817383012,0.27929663118745224,0.483903489926754
0.466,0.468,0,1.5735021645805873,2.541488744616071,0.4894382256597072,0.6974419381969043,0.8438243132121735,0.27855225215653684,0.4839757903483798
0.468,0.470,0,1.577068215941279,2.5495872679715323,0.48894958458198096,0.6964221826544741,0.8436416879607916,0.27781055147175654,0.48404761629456056
0.470,0.472,0,1.5806435679745305,2.557757693461838,0.48846140325522985,0.6953937908785552,0.843460293645095,0.2770715189184146,0.4841189728609306
0.472,0.474,0,1.5842282051243644,2.565999944043731,0.4879736705560232,0.6943569325275291,0.8432801180849212,0.2763351442790359,0.4841898650633227
0.474,0.476,0,1.587821917195743,2.574313652787362,0.48748625928220213,0.6933119333581702,0.8431011642875049,0.27560142667896936,0.4842602297144563
0.476,0.478,0,1.5912975967552807,2.5825067731193863,0.4869235052964385,0.6923616105736007,0.8429324741991,0.27487596445233287,0.4843095688571516
0.478,0.480,0,1.5946299383540856,2.59053704375695,0.4862710080712478,0.6915263045798506,0.8427760872531963,0.274159954376064,0.484333291343406
0.480,0.482,0,1.597953258698672,2.598605336199994,0.4856090032628093,0.690697630687362,0.8426222610588644,0.27344732815914496,0.4843534967915426
0.482,0.484,0,1.6012868494491481,2.606740787726582,0.48494895695169005,0.6898601506930327,0.8424694949988963,0.2727371539518164,0.4843735658167547
0.484,0.486,0,1.6046306915396797,2.6149434460540797,0.4842908537343203,0.689013983632839,0.8423177780682163,0.27202942260706936,0.4843935007555506
0.486,0.488,0,1.6079847661507145,2.623213359116641,0.48363467817968586,0.6881592486806738,0.8421670994070031,0.27132412498624875,0.4844133038981614
0.488,0.490,0,1.611349054706289,2.631550575053235,0.4829804148338959,0.6872960651153073,0.842017448298457,0.27062125195995895,0.4844329774895763
0.490,0.492,0,1.6147235388706302,2.639955142195461,0.4823280482242139,0.6864245522883241,0.841868814166669,0.2699207944089805,0.4844525237304296
0.492,0.494,0,1.6181082005468808,2.6484271090594764,0.48167756286416646,0.6855448295908338,0.8417211865743464,0.26922274322506623,0.4844719447782262
0.494,0.496,0,1.621503021872866,2.656966524335139,0.4810289432570058,0.6846570164227029,0.8415745552208163,0.26852708931181607,0.4844912427480344
0.496,0.498,0,1.6249079852193038,2.6655734368772084,0.4803821739000065,0.6837612321609824,0.8414289099398782,0.2678338235854606,0.4845104197135732
0.498,0.500,0,1.628323073186842,2.674247895698156,0.4797372392884341,0.6828575961290393,0.8412842406977696,0.26714293697562236,0.4845294777080728
0.500,0.502,0,1.631748268603449,2.6829899499615446,0.47909412391946143,0.6819462275660867,0.8411405375911464,0.26645442042605527,0.4845484187251713
0.502,0.504,0,1.6351835545217768,2.6917996489738005,0.47845281229558323,0.6810272455978088,0.8409977908451078,0.2657682648953857,0.48456724471978424
0.504,0.506,0,1.63862891421644,2.700677042180737,0.47781328892856173,0.6801007692064863,0.8408559908112416,0.2650844613577668,0.48458595760893436
0.506,0.508,0,1.6420843311816404,2.7096221791607453,0.4771755383427014,0.6791669172025246,0.8407151279657002,0.2644030008035692,0.4846045564634889
0.508,0.510,0,1.645549789128293,2.7186351096215056,0.47653954507834373,0.6782258081959581,0.8405751929073285,0.26372387424001614,0.48462296186370807
0.510,0.512,0,1.6490252719811052,2.7277158833944943,0.47590529369479034,0.6772775605692061,0.8404361763558437,0.2630470726918286,0.48464126034197696
0.512,0.514,0,1.6525107638768848,2.7368645504334856,0.47527276877402314,0.6763222924490636,0.8402980691499364,0.2623725872017835,0.4846594536649104
0.514,0.516,0,1.6560062491611534,2.7460811608112197,0.4746419549234397,0.6753601216804614,0.8401608622455473,0.26170040883131146,0.48467754356522236
0.516,0.518,0,1.6595117123860557,2.755365764716675,0.47401283677888717,0.6743911658002796,0.8400245467140713,0.26103052866105564,0.4846955317425275
0.518,0.520,0,1.6630271383073583,2.76471841245401,0.4733853990075091,0.6734155420117663,0.8398891137406577,0.2603629377914078,0.48471341986396954
0.520,0.522,0,1.6665525118826567,2.7741391544414657,0.47275962631076074,0.6724333671592133,0.8397545546224542,0.259697627343003,0.48473120956503135
0.522,0.524,0,1.670087818268226,2.7836280412100165,0.4721355034268272,0.6714447577038638,0.8396208607669847,0.2590345884572474,0.48474890245009783
0.524,0.526,0,1.67363304281675,2.793185123403908,0.47151301513342786,0.6704498296997218,0.8394880236904805,0.2583738122967724,0.4847665000931471
0.526,0.528,0,1.6771881710753096,2.8028104517812484,0.4708921462505348,0.6694486987699397,0.8393560350162299,0.2577152900458858,0.48478400403846317
0.528,0.530,0,1.680753188782066,2.812504077213065,0.47027288164234426,0.6684414800847133,0.8392248864730573,0.2570590129110532,0.48480141580111574
0.530,0.532,0,1.6843280813278734,2.8222647137990196,0.46965499945891537,0.6674286046846525,0.8390945889771773,0.2564049939214225,0.48481873686767124
0.532,0.534,0,1.6879128352084172,2.8320933227403597,0.4690386287634909,0.6664099677436819,0.8389651212391436,0.2557532090536438,0.48483596869684265
0.534,0.536,0,1.6915026992096573,2.8419827687192383,0.4684210884527566,0.6653895035164415,0.8388364689599166,0.25510364232802313,0.4848531127199415
0.536,0.538,0,1.6951018181356623,2.8519398245746315,0.46780477792016945,0.6643638827208009,0.8387086242837768,0.25445628505976703,0.48487017034147534
0.538,0.540,0,1.6987111292319403,2.861966082671065,0.4671902302124169,0.6633324315408772,0.8385815794527257,0.253811128587827,0.48488714293982965
0.540,0.542,0,1.70233061484349,2.872061595456509,0.46657742578307004,0.6622952668170142,0.8384553268050728,0.2531681642752343,0.48490403186763753
0.542,0.544,0,1.7059602575752577,2.882226415301388,0.465966345226292,0.661252504799236,0.8383298587740273,0.2525273835094671,0.48492083845239636
0.544,0.546,0,1.7096000402881462,2.892460594509854,0.46535696927754594,0.6602042611259057,0.8382051678862606,0.25188877770274093,0.4849375639970312
0.546,0.548,0,1.7132499460941994,2.9027641853293384,0.46474927881374956,0.6591506508037704,0.838081246760576,0.251252338292338,0.4849542097802972
0.548,0.550,0,1.7169099583526024,2.913137239958988,0.4641432548534032,0.6580917881886649,0.8379580881065818,0.25061805674091864,0.48497077705729164
0.550,0.552,0,1.7205800606665784,2.923579810560661,0.4635388785572671,0.6570277869660092,0.8378356847233048,0.2499859245367871,0.48498726706008705
0.552,0.554,0,1.7242602368777251,2.934091949270362,0.46293613122838406,0.6559587601327727,0.8377140294979515,0.24935593319416555,0.48500368099792407
0.554,0.556,0,1.7279504710637659,2.944673708204835,0.46233499431218755,0.654884819980027,0.837593115404611,0.24872807425348892,0.48502002005793665
0.556,0.558,0,1.7316507475339282,2.955325139476534,0.4617354493971928,0.6538060780750976,0.8374729355029541,0.2481023392815927,0.4850362854054688
0.558,0.560,0,1.7353610508255746,2.9660462952008007,0.4611374782147922,0.6527226452456943,0.8373534829370366,0.24747871987200135,0.48505247818457287
0.560,0.562,0,1.7390813656997572,2.9768372275062327,0.46054106263920586,0.6516346315643352,0.837234750934119,0.24685720764516042,0.4850685995183125
0.562,0.564,0,1.7428116771389672,2.9876979885477595,0.459946184688316,0.6505421463320824,0.837116732803361,0.24623779424860504,0.4850846505093989
0.564,0.566,0,1.7465519703419403,2.9986286305158627,0.4593528265231579,0.6494452980647573,0.8369994219347485,0.24562047135720802,0.4851006322403313
0.566,0.568,0,1.7503022307219305,3.0096292056465317,0.45876097044833614,0.6483441944784493,0.8368828117978633,0.2450052306733532,0.4851165457740779
0.568,0.570,0,1.7540624439024455,3.0206997662337542,0.4581705989121271,0.6472389424759475,0.8367668959407538,0.2443920639271269,0.48513239215432635
0.570,0.572,0,1.7578325957132468,3.0318403646395238,0.4575816945062511,0.6461296481342299,0.8366516679888603,0.2437809628764965,0.4851481724057603
0.572,0.574,0,1.7616126721886791,3.0430510533032984,0.45699423996610156,0.6450164166918959,0.8365371216438552,0.24317191930748583,0.4851638875346898
0.574,0.576,0,1.7654026595631087,3.054331884755926,0.45640821817085236,0.6438993525371939,0.836423250682574,0.24256492503430319,0.48517953852920037
0.576,0.578,0,1.769202544268186,3.0656829116277793,0.4558236121431638,0.6427785591972671,0.8363100489559678,0.2419599718995289,0.48519512635957696
0.578,0.580,0,1.773012312930153,3.0771041866619266,0.45524040504956365,0.6416541393268903,0.8361975103879996,0.2413570517742103,0.4852106519787175
0.580,0.582,0,1.7768319523665286,3.088595762723452,0.45465858020011174,0.6405261946987892,0.8360856289746486,0.24075615655803018,0.4852261163224296
0.582,0.584,0,1.780661449582636,3.1001576928098706,0.4540781210481508,0.6393948261943303,0.835974398782923,0.24015727817943544,0.4852415203096874
0.584,0.586,0,1.7845007917694986,3.1117900300643386,0.45349901119073244,0.6382601337937328,0.8358638139497834,0.23956040859571806,0.485256864843088
0.586,0.588,0,1.78834996630049,3.123492827785122,0.4529212343682075,0.6371222165680025,0.8357538686812008,0.2389655397931451,0.48527215080909614
0.588,0.590,0,1.7922089607286475,3.1352661394363333,0.4523447744641209,0.6359811726709109,0.8356445572511872,0.23837266378706054,0.4852873790783771
0.590,0.592,0,1.7960777627844138,3.1471100186607286,0.4517696155054553,0.6348370993309361,0.835535874000781,0.23778177262195477,0.485302550506184
0.592,0.594,0,1.7999563603713602,3.159024519286223,0.4511957416615437,0.6336900928456298,0.8354278133372597,0.23719285837161727,0.48531766593240994
0.594,0.596,0,1.8038447415653087,3.1710096953418345,0.45062313724500525,0.6325402485734878,0.8353203697330369,0.2366059131391375,0.48533272618216383
0.596,0.598,0,1.8077428946110805,3.183065601066114,0.45005178671110596,0.6313876609285874,0.8352135377248304,0.23602092905701383,0.4853477320659574
0.598,0.600,0,1.8116508079193157,3.195192290915994,0.4494816746571824,0.630232423375582,0.8351073119128235,0.23543789828724843,0.48536268437988883
0.600,0.602,0,1.8155684700646966,3.2073898195818047,0.4489127858231694,0.6290746284234947,0.8350016869596772,0.23485681302135514,0.48537758390603586
0.602,0.604,0,1.8194958697836165,3.219658241995174,0.4483451050910551,0.6279143676215656,0.8348966575897013,0.2342776654804398,0.4853924314127472
0.604,0.606,0,1.8234329959709985,3.231997613338991,0.4477786174843972,0.6267517315553915,0.8347922185880471,0.23370044791527045,0.4854072276547879
0.606,0.608,0,1.827379837677969,3.2444079890595643,0.4472133081683012,0.6255868098428042,0.8346883647998394,0.23312515260629732,0.4854219733736074
0.608,0.610,0,1.8313363841104056,3.2568894248765505,0.44664916244929387,0.6244196911303515,0.8345850911293113,0.2325517718636922,0.4854366692977313
0.610,0.612,0,1.8353026246256179,3.2694419767926743,0.4460861657747358,0.623250463090801,0.8344823925390574,0.23198029802740214,0.48545131614284953
0.612,0.614,0,1.83927854873112,3.282065701107334,0.44552430373317736,0.6220792124196741,0.8343802640491222,0.23141072346712135,0.4854659146122197
0.614,0.616,0,1.843264146080872,3.2947606544198966,0.44496356205284954,0.6209060248349128,0.8342787007364029,0.23084304058242233,0.4854804653966641
0.616,0.618,0,1.8472594064748702,3.3075268936480637,0.4444039266027719,0.6197309850730393,0.834177697733655,0.23027724180265366,0.4854949691750777
0.618,0.620,0,1.8512643198554584,3.3203644760313136,0.44384538339126106,0.6185541768895328,0.8340772502289073,0.229713319587049,0.4855094266144149
0.620,0.622,0,1.8552788763064252,3.3332734591461297,0.44328791856650945,0.6173756830564946,0.8339773534645715,0.22915126642466868,0.48552383837009827
0.622,0.624,0,1.8593030660503331,3.3462539009125827,0.44273151841569586,0.6161955853628381,0.8338780027367817,0.22859107483444185,0.48553820508614326
0.624,0.626,0,1.8633368794462986,3.3593058596039462,0.44217616936456683,0.61501396461411,0.8337791933946813,0.22803273736518026,0.4855525273953418
0.626,0.628,0,1.8673803069884884,3.3724293938593553,0.441621857977533,0.6138309006318798,0.8336809208396312,0.22747624659553295,0.48556680591954776
0.628,0.630,0,1.8714333393037632,3.385624562690409,0.44106857095683827,0.6126464722548329,0.8335831805245727,0.22692159513401797,0.48558104126982005
0.630,0.632,0,1.8754959671500513,3.398891425492696,0.44051629514247737,0.6114607573390554,0.8334859679532869,0.22636877561898733,0.48559523404666977
0.632,0.634,0,1.8795681814143061,3.4122300420544556,0.43996501751167305,0.6102738327592799,0.8333892786797289,0.22581778071862504,0.4856093848402328
0.634,0.636,0,1.8836499731106315,3.4256404725664202,0.4394147251785235,0.6090857744101693,0.8332931083073465,0.22526860313092187,0.4856234942304606
0.636,0.638,0,1.8877413333781599,3.4391227776293345,0.43886540539332386,0.6078966572083747,0.8331974524884573,0.2247212355836753,0.48563756278726294
0.638,0.640,0,1.891842253480135,3.4526770182664976,0.4383170455427275,0.6067065550936314,0.8331023069235012,0.22417567083442452,0.48565159107082795
0.640,0.642,0,1.8959527248009103,3.466303255928799,0.43776963314857825,0.6055155410320743,0.8330076673605162,0.2236319016704679,0.4856655796316126
0.642,0.644,0,1.9000727388453633,3.4800015525071393,0.43722315586812327,0.6043236870177972,0.8329135295943986,0.22308992090879667,0.48567952901069666
0.644,0.646,0,1.9042022872362616,3.493771970339139,0.4366776014931132,0.6031310640762829,0.8328198894663523,0.2225497213960809,0.48569343973981344
0.646,0.648,0,1.9083413617132285,3.507614572217944,0.4361329579494962,0.6019377422672336,0.8327267428632449,0.22201129600863082,0.48570731234161924
0.648,0.650,0,1.9124899541309899,3.521529421402658,0.4355892132971312,0.6007437906875778,0.8326340857169816,0.22147463765233893,0.4857211473298424
0.650,0.652,0,1.916648056453741,3.5355164040070775,0.435046331879949,0.5995493075967232,0.8325419140039721,0.22093973926267366,0.4857349452093646
0.652,0.654,0,1.9208156607635727,3.5495757110892425,0.43450431935549694,0.5983543382572435,0.8324502237444799,0.22040659380459462,0.4857487064764627
0.654,0.656,0,1.9249927592514293,3.5637074589692137,0.43396317114432376,0.5971589401006245,0.8323590110020738,0.21987519427253027,0.48576243161897553
0.656,0.658,0,1.9291793442157839,3.577911712871855,0.433422875832777,0.5959631784131116,0.8322682718830364,0.2193455336903068,0.48577612111641144
0.658,0.660,0,1.9333754080603864,3.5921883681427813,0.43288340913058476,0.5947671457500399,0.8321780025358564,0.21881760511112952,0.48578977544009017
0.660,0.662,0,1.9375809432970732,3.606537583684886,0.432344767123033,0.5935708897609464,0.8320881991506368,0.21829140161749894,0.48580339505328496
0.662,0.664,0,1.9417959425423046,3.620959505377799,0.431806944856265,0.592374459748107,0.8319988579585262,0.2177669163211568,0.4858169804114887
0.664,0.666,0,1.9460203985134692,3.6354542005258073,0.4312699314358226,0.5911779172624937,0.8319099752312654,0.21724414236304365,0.48583053196230974
0.666,0.668,0,1.950254304030316,3.6500217369694914,0.43073371609667577,0.5899813229320012,0.8318215472805545,0.21672307291321524,0.4858440501459221
0.668,0.670,0,1.954497652011503,3.6646621830933173,0.4301982882022704,0.5887847364673385,0.8317335704576263,0.21620370117079407,0.48585753539489074
0.670,0.672,0,1.9587504354749887,3.6793756078320494,0.42966363724423756,0.5875882166672041,0.8316460411526648,0.2156860203638971,0.48587098813457036
0.672,0.674,0,1.9630126475351626,3.6941620806771005,0.4291297528414395,0.5863918214245007,0.8315589557943894,0.21517002374959174,0.4858844087830071
0.674,0.676,0,1.9672842814026892,3.709021671687725,0.42859662474007454,0.5851956077311874,0.8314723108494392,0.2146557046137805,0.48589779775124314
0.676,0.678,0,1.9715653303830685,3.723954451494773,0.4280642428127371,0.5839996316847972,0.83138610282194,0.2141430562711567,0.48591115544342145
0.678,0.680,0,1.9758557878738559,3.7389604913057823,0.4275325970573588,0.5828039484952175,0.8313003282531217,0.21363207206516693,0.4859244822566845
0.680,0.682,0,1.980155647365661,3.7540398629169305,0.427001677597624,0.5816086124894996,0.8312149837206563,0.21312274536786824,0.4859377785816346
0.682,0.684,0,1.984464902439652,3.769192638715891,0.4264714746817364,0.5804136771191494,0.831130065838309,0.21261506957989856,0.48595104480226375
0.684,0.686,0,1.9887835467659014,3.784418891689198,0.42594197868182954,0.579219194966589,0.8310455712554808,0.21210903813039386,0.4859642812960053
0.686,0.688,0,1.9931115741034866,3.79971869542951,0.4254131800937169,0.5780252177512657,0.8309614966566927,0.21160464447689636,0.4859774884340432
0.688,0.690,0,1.9974489782979765,3.815092124140895,0.4248850695359207,0.5768317963368644,0.830877838761201,0.21110188210529116,0.48599066658122425
0.690,0.692,0,2.0017957532812796,3.8305392526457647,0.4243576377493412,0.5756389807377227,0.8307945943225072,0.21060074452971025,0.4860038160963187
0.692,0.694,0,2.006151893070113,3.84606015639195,0.4238308755966691,0.5744468201256785,0.8307117601279249,0.21010122529244907,0.4860169373320706
0.694,0.696,0,2.0105173917643837,3.861654911453656,0.4233047740611661,0.5732553628379328,0.8306293329982536,0.20960331796392617,0.48603003063522926
0.696,0.698,0,2.0148922435471395,3.8773235945455053,0.4227793242470788,0.5720646563826142,0.8305473097871793,0.20910701614251895,0.4860430963468112
0.698,0.700,0,2.0192764426823544,3.8930662830213767,0.4222545173780955,0.5708747474472546,0.8304656873810172,0.20861231345455267,0.4860561348020336
0.700,0.702,0,2.023669983514647,3.908883054883602,0.42173034479722965,0.5696856819052689,0.8303844626982156,0.20811920355417113,0.48606914633053205
0.702,0.704,0,2.0280728604680878,3.9247739887873045,0.4212067979660366,0.5684975048234628,0.8303036326889707,0.20762768012325877,0.4860821312564378
0.704,0.706,0,2.0324850680447617,3.9407391640453446,0.42068386846385675,0.5673102604695487,0.8302231943348605,0.20713773687136633,0.4860950898984146
0.706,0.708,0,2.0369066008240524,3.956778660635493,0.4201615479874106,0.5661239923192142,0.8301431446484068,0.2066493675355966,0.48610802256979824
0.708,0.710,0,2.041337453461588,3.9728925592033,0.41963982834991587,0.5649387430639359,0.8300634806727275,0.20616256588053553,0.48612092957868164
0.710,0.712,0,2.0457776206883667,3.9890809410702217,0.41911870148075425,0.5637545546180303,0.829984199481106,0.2056773256981345,0.4861338112280232
0.712,0.714,0,2.0502270973094463,4.005343888234299,0.41859815942433315,0.5625714681269163,0.8299052981766956,0.2051936408076584,0.4861466678156855
0.714,0.716,0,2.054685878203361,4.021681483379233,0.4180781943399039,0.5613895239740266,0.8298267738920678,0.20471150505555144,0.4861594996345784
0.716,0.718,0,2.059153958320747,4.0380938098769485,0.41755879850060973,0.560208761788861,0.8297486237889068,0.2042309123153679,0.4861723069726822
0.718,0.720,0,2.0636313326840257,4.054580951793119,0.4170399642930052,0.5590292204543982,0.8296708450576018,0.203751856487664,0.48618509011322014
0.720,0.722,0,2.0681179963858844,4.071142993891096,0.4165216842162234,0.5578509381150235,0.8295934349169343,0.20327433149991325,0.48619784933465404
0.722,0.724,0,2.072613944588555,4.087780021636564,0.41600395088134806,0.556673952184186,0.829516390613721,0.20279833130640781,0.4862105849107904
0.724,0.726,0,2.0771191725231435,4.10449212120303,0.4154867570108848,0.5554982993519387,0.8294397094224356,0.20232384988815147,0.48622329711089274
0.726,0.728,0,2.081633675488378,4.121279379474362,0.41497009543784774,0.5543240155930276,0.829363388644921,0.20185088125277986,0.48623598619970326
0.728,0.730,0,2.086157448850176,4.138141884049676,0.4144539591052233,0.5531511361744638,0.8292874256100218,0.20137941943445248,0.48624865243758314
0.730,0.732,0,2.0906904880403197,4.155079723248042,0.41393834106525573,0.5519796956633438,0.829211817673263,0.20090945849375405,0.4862612960805167
0.732,0.734,0,2.0952327885561206,4.172092986111999,0.41342323447880375,0.5508097279345816,0.8291365622165148,0.2004409925175966,0.4862739173802588
0.734,0.736,0,2.0997843459590793,4.189181762411359,0.41290863261455335,0.5496412661788349,0.8290616566476987,0.19997401561912456,0.48628651658433225
0.736,0.738,0,2.1043451558743547,4.206346142645865,0.41239452884826217,0.5484743429103921,0.8289870984004688,0.19950852193762109,0.4862990939361377
0.738,0.740,0,2.1089152139903082,4.223586218052277,0.411880916662442,0.5473089899744272,0.8289128849338409,0.1990445056383792,0.48631164967507573
0.740,0.742,0,2.1134945160570604,4.240902080605104,0.4113677896452698,0.5461452385553331,0.8288390137319551,0.19858196091263142,0.48632418403651706
0.742,0.744,0,2.118083057885683,4.2582938230193905,0.4108551414898217,0.5449831191845913,0.8287654823037875,0.19812088197745242,0.48633669725186585
0.744,0.746,0,2.122680835348318,4.275761538757258,0.41034296599380504,0.543822661747929,0.8286922881827649,0.19766126307562937,0.4863491895487549
0.746,0.748,0,2.127287844376703,4.293305322029473,0.40983125705855916,0.5426638954934782,0.8286194289265284,0.19720309847557724,0.4863616611510034
0.748,0.750,0,2.131904080961287,4.310925267798518,0.4093200086883115,0.5415068490395601,0.8285469021166555,0.19674638247124238,0.4863741122786608
0.750,0.752,0,2.1365295411510097,4.328621471780801,0.40880921498946626,0.5403515503824076,0.828474705358365,0.19629110938200475,0.48638654314814295
0.752,0.754,0,2.141164221052502,4.346394030454006,0.40829887017025795,0.5391980269033441,0.8284028362801689,0.1958372735525394,0.4863989539722807
0.754,0.756,0,2.1458081168291048,4.364243041054906,0.4077889685395296,0.5380463053771657,0.8283312925336953,0.19538486935276225,0.4864113449603422
0.756,0.758,0,2.1504612247000936,4.382168601584503,0.4072795045061976,0.5368964119795304,0.8282600717933746,0.19493389117770696,0.48642371631807835
0.758,0.760,0,2.155123540940723,4.40017081081313,0.4067704725788601,0.5357483722941254,0.8281891717561065,0.19448433344740032,0.48643606824788904
0.760,0.762,0,2.1597950618805144,4.418249768278138,0.4062618673644533,0.534602211321118,0.8281185901411161,0.19403619060680796,0.4864484009487288
0.762,0.764,0,2.1644757839033026,4.436405574291001,0.40575368356803976,0.5334579534840032,0.8280483246895898,0.19358945712569073,0.4864607146162668
0.764,0.766,0,2.16916570344654,4.454638329938471,0.4052459159919527,0.5323156226373116,0.8279783731644415,0.1931441274985126,0.4864730094429359
0.766,0.768,0,2.1738648170000188,4.472948137084253,0.4047385595348885,0.5311752420743406,0.8279087333501002,0.19270019624435056,0.48648528561789584
0.768,0.770,0,2.178573121106305,4.491335098372669,0.4042316091914726,0.5300368345342127,0.8278394030521822,0.1922576579067731,0.4864975433272415
0.770,0.772,0,2.1832906123590297,4.509799317230501,0.4037250600512963,0.5289004222095935,0.8277703800973106,0.19181650705374903,0.48650978275389817
0.772,0.774,0,2.188017287403009,4.528340897869315,0.4032189072983215,0.5277660267538893,0.8277016623328268,0.1913767382775395,0.4865220040777805
0.774,0.776,0,2.192753142932998,4.546959945287718,0.40271314621004617,0.5266336692887101,0.8276332476265802,0.19093834619459835,0.486534207475751
0.776,0.778,0,2.1974981756939336,4.565656565273896,0.4022077721569426,0.5255033704109251,0.8275651338666445,0.19050132544546003,0.4865463931217909
0.778,0.780,0,2.2022523824795015,4.584430864406783,0.40170278060151354,0.5243751502001845,0.8274973189611398,0.1900656706946499,0.48655856118692864
0.780,0.782,0,2.2070157601320632,4.603282950059152,0.4011981670977307,0.5232490282258836,0.8274298008379483,0.18963137663056734,0.4865707118393601
0.782,0.784,0,2.211788305541878,4.6222129303994315,0.4006939272902605,0.5221250235543581,0.8273625774445073,0.18919843796538863,0.4865828452444677
0.784,0.786,0,2.2165700156465316,4.641220914391794,0.40019005691357606,0.5210031547561891,0.8272956467476051,0.18876684943497296,0.48659496156486526
0.786,0.788,0,2.2213608874303388,4.660307011800823,0.3996865517914584,0.5198834399129278,0.8272290067331179,0.18833660579874198,0.4866070609604383
0.788,0.790,0,2.2261609179241053,4.679471333191604,0.39918340783616674,0.5187658966242163,0.8271626554058005,0.1879077018395844,0.4866191435884338
0.790,0.792,0,2.230970104204299,4.698713989931502,0.39868062104767016,0.5176505420147763,0.8270965907890798,0.18748013236375516,0.48663120960346296
0.792,0.794,0,2.2357884433920625,4.7180350941916185,0.3981781875128222,0.5165373927414154,0.8270308109248653,0.1870538922007772,0.48664325915747925
0.794,0.796,0,2.240615932653933,4.737434758949779,0.3976761034049421,0.5154264649994376,0.8269653138732573,0.18662897620332075,0.48665529240000094
0.796,0.798,0,2.24545256919993,4.756913097989521,0.39717436498264685,0.5143177745300017,0.8269000977124403,0.18620537924712552,0.48666730947795145
0.798,0.800,0,2.250298350284384,4.776470225905803,0.39667296858967416,0.513211336626095,0.8268351605383536,0.1857830962308605,0.4866793105358945
0.800,0.802,0,2.255153273203738,4.796106258099721,0.39617191065334384,0.5121071661402821,0.8267705004646625,0.18536212207608194,0.48669129571583075
0.802,0.804,0,2.2600173352977566,4.8158213107861085,0.3956711876845884,0.511005277490282,0.8267061156223892,0.18494245172707086,0.48670326515748313
0.804,0.806,0,2.264890533948146,4.835615500993221,0.3951707962769474,0.5099056846658876,0.8266420041597757,0.18452408015075225,0.4867152189982071
0.806,0.808,0,2.26977286657796,4.855488946560896,0.3946707331055742,0.5088084012358053,0.8265781642421433,0.18410700233661398,0.4867271573730148
0.808,0.810,0,2.2746643306517527,4.875441766145863,0.3941709949269237,0.5077134403535264,0.8265145940516054,0.18369121329657073,0.4867390804147024
0.810,0.812,0,2.279564923674503,4.895474079220573,0.39367157857773816,0.5066208147640764,0.8264512917869424,0.1832767080648851,0.48675098825380086
0.812,0.814,0,2.2844746431912095,4.915586006073881,0.3931724809742954,0.5055305368103572,0.8263882556634161,0.18286348169806374,0.4867628810186212
0.814,0.816,0,2.289393486786955,4.935777667814377,0.39267369911193106,0.5044426184390655,0.8263254839125236,0.18245152927474298,0.4867747588353647
0.816,0.818,0,2.294321452085942,4.9560491863685705,0.3921752300640085,0.5033570712072825,0.8262629747818836,0.18204084589560332,0.4867866218280848
0.818,0.820,0,2.299258536750979,4.976400684483809,0.3916770709813289,0.5022739062884229,0.8262007265350256,0.18163142668326385,0.48679847011871297
0.820,0.822,0,2.3042047384834388,4.996832285727918,0.39117921909136166,0.5011931344783591,0.8261387374512158,0.18122326678217673,0.4868103038271486
0.822,0.824,0,2.3091600550228724,5.017344114491896,0.39068167169766477,0.5001147662012402,0.8260770058252441,0.18081636135852394,0.48682212307130046
0.824,0.826,0,2.3141244841457214,5.03793629598751,0.39018442617877175,0.4990388115159426,0.82601552996735,0.18041070560013794,0.48683392796699576
0.826,0.828,0,2.319098023665783,5.058608956250266,0.3896874799877764,0.49796528012155833,0.8259543082029616,0.18000629471638427,0.48684571862814063
0.828,0.830,0,2.3240806248267463,5.079362132278548,0.3891908150530453,0.4968942019418709,0.8258933388725245,0.17960312393805217,0.4868574951667619
0.830,0.832,0,2.329072314012358,5.100196006695022,0.3886944386619895,0.4958255731421447,0.825832620331408,0.17920118851728464,0.4868692576929031
0.832,0.834,0,2.3340731076823262,5.121110743750837,0.38819835471317354,0.49475939415576775,0.8257721509496656,0.17880048372745086,0.4868810063148012
0.834,0.836,0,2.3390830016239694,5.1421064684829565,0.38770256037930184,0.4936956740533103,0.8257119291119218,0.1784010048630641,0.48689274113881725
0.836,0.838,0,2.3441019302672146,5.163183185087545,0.3872070369025617,0.4926344425929001,0.8256519532171905,0.17800274723968124,0.48690446226952083
0.838,0.840,0,2.349129957942029,5.184341155824369,0.38671179958522706,0.4915756845083621,0.8255922216787138,0.17760570619379706,0.48691616980970986
0.840,0.842,0,2.3541670827073276,5.205580512505276,0.38621684637534964,0.49051940715163017,0.825532732923838,0.1772098770827596,0.4869278638603771
0.842,0.844,0,2.3592133026563897,5.226901387770938,0.3857221752898406,0.4894656175595926,0.8254734853937897,0.17681525528464886,0.48693954452086463
0.844,0.846,0,2.3642686159154835,5.248303915088033,0.3852277844133785,0.4884143224599185,0.8254144775436155,0.17642183619821086,0.4869512118887502
0.846,0.848,0,2.3693330206441714,5.269788228751834,0.38473367189794044,0.48736552827600005,0.8253557078419644,0.17602961524273628,0.48696286605996913
0.848,0.850,0,2.3744065150350013,5.291354463886705,0.38423983596211386,0.4863192411321305,0.8252971747709394,0.17563858785796754,0.486974507128851
0.850,0.852,0,2.379489097312473,5.31300275644469,0.3837462748901531,0.4852754668589501,0.8252388768260007,0.17524874950401473,0.48698613518804873
0.852,0.854,0,2.3845807657333222,5.334733243206818,0.383252987031438,0.48423421099831176,0.8251808125157784,0.17486009566124525,0.48699775032865644
0.854,0.856,0,2.3896815185856286,5.356546061782684,0.3827599707996368,0.4831954788084699,0.8251229803619646,0.17447262183020218,0.4870093526401587
0.856,0.858,0,2.3947913541893606,5.378441350611963,0.38226722467221286,0.48215927526876573,0.8250653788991086,0.17408632353148748,0.4870209422105807
0.858,0.860,0,2.399910270894901,5.40041924896284,0.381774747189434,0.48112560508490154,0.8250080066745553,0.17370119630568948,0.4870325191263532
0.860,0.862,0,2.405038267083333,5.422479896932217,0.38128253695376074,0.4800944726936608,0.8249508622482771,0.17331723571327967,0.4870440834724256
0.862,0.864,0,2.410175341166381,5.444623435448463,0.38079059262936316,0.47906588226740915,0.8248939441926888,0.17293443733450356,0.4870556353323287
0.864,0.866,0,2.4153214915852557,5.466850006266646,0.3802989129409634,0.4780398377194048,0.8248372510926183,0.1725527967693162,0.487067174788081
0.866,0.868,0,2.420476716811321,5.48915975197323,0.37980749667359825,0.4770163427078697,0.8247807815450597,0.17217230963725802,0.487078701920352
0.868,0.870,0,2.4256410153447123,5.5115528159827445,0.3793163426715385,0.4759954006410879,0.8247245341591398,0.17179297157738493,0.48709021680833575
0.870,0.872,0,2.430814385714774,5.53402934253932,0.37882544983780475,0.4749770146816752,0.8246685075559362,0.171414778248161,0.48710171952987963
0.872,0.874,0,2.435996826479604,5.556589476716923,0.3783348171334694,0.4739611877510799,0.8246127003683408,0.17103772532736808,0.48711321016148545
0.874,0.876,0,2.4411883362256748,5.579233364417458,0.3778444435768299,0.47294792253417756,0.8245571112409749,0.17066180851201654,0.4871246887783227
0.876,0.878,0,2.446388913567291,5.601961152372314,0.3773543282427992,0.4719372214835482,0.8245017388300434,0.17028702351825253,0.48713615545421596
0.878,0.880,0,2.4515985571465846,5.624772988141564,0.37686447026220754,0.4709290868238019,0.8244465818032057,0.1699133660812642,0.48714761026170655
0.880,0.882,0,2.4568172656332385,5.647669020113506,0.37637486882109983,0.4699235205558526,0.8243916388394688,0.1695408319551909,0.48715905327207804
0.882,0.884,0,2.4620450377242307,5.670649397504972,0.37588552316009133,0.4689205244610777,0.8243369086290455,0.16916941691303103,0.48717048455538137
0.884,0.886,0,2.467281872142977,5.693714270360689,0.3753964325735734,0.4679201001056053,0.8242823898732704,0.1687991167465548,0.48718190418037316
0.886,0.888,0,2.472527767639862,5.716863789552802,0.3749075964091354,0.46692224884426947,0.8242280812844567,0.1684299272662124,0.48719331221465423
0.888,0.890,0,2.4777827229913285,5.740098106781554,0.37441901406685746,0.4659269718246905,0.8241739815857839,0.1680618443010386,0.48720470872459676
0.890,0.892,0,2.48304673699997,5.763417374573555,0.3739306849985962,0.4649342699912982,0.8241200895111985,0.16769486369857206,0.4872160937754191
0.892,0.894,0,2.48831980849384,5.786821746282573,0.37344260870732227,0.4639441440892513,0.8240664038052903,0.16732898132476087,0.4872274674311434
0.894,0.896,0,2.4936019363269835,5.810311376089335,0.37295478474656985,0.46295659466814726,0.8240129232231588,0.16696419306386764,0.4872388297547298
0.896,0.898,0,2.498893119378159,5.833886418999061,0.3724672127194962,0.4619716220861937,0.823959646530364,0.16660049481839842,0.48725018080795074
0.898,0.900,0,2.5041933565510965,5.8575470308435875,0.3719798922784471,0.4609892265136776,0.8239065725027658,0.16623788250899793,0.4872615206514831
0.900,0.902,0,2.5095026467743518,5.881293368279867,0.37149282312424253,0.46000940793674167,0.8238536999264258,0.1658763520743665,0.487272849344944
0.902,0.904,0,2.5148209890010254,5.905125588790111,0.37100600500554076,0.459032166161011,0.823801027597495,0.16551589947116813,0.4872841669469027
0.904,0.906,0,2.5201483822078243,5.929043850679376,0.37051943771797896,0.45805750081546287,0.823748554322163,0.1651565206739612,0.4872954735148035
0.906,0.908,0,2.525484825395808,5.953048313076953,0.37003312110375486,0.4570854113556727,0.8236962789164887,0.16479821167509304,0.4873067691051223
0.908,0.910,0,2.5308303175893854,5.977139135935952,0.3695470550508901,0.4561158970674379,0.8236442002063266,0.16444096848461678,0.48731805377327775
0.910,0.912,0,2.536184857836494,6.001316480032046,0.3690612394925852,0.4551489570702198,0.823592317027219,0.1640847871302095,0.4873293275737074
0.912,0.914,0,2.5415484452081434,6.025580506962142,0.3685756744064959,0.45418459032064523,0.8235406282243172,0.16372966365709063,0.4873405905598542
0.914,0.916,0,2.5469210787984005,6.049931379146361,0.3680903598142797,0.45322279561562684,0.8234891326522378,0.16337559412792052,0.48735184278421423
0.916,0.918,0,2.552302757723737,6.074369259824622,0.3676052957807189,0.45226357159596225,0.8234378291750216,0.16302268438066217,0.4873630842982931
0.918,0.920,0,2.5576934811231062,6.098894313057561,0.36712048241322337,0.45130691674941703,0.8233867166660042,0.1626716043362889,0.48737431515266644
0.920,0.922,0,2.5630932481576845,6.123506703725502,0.36663591986116556,0.4503528294139708,0.8233357940077287,0.1623224558402658,0.4873855353969915
0.922,0.924,0,2.5685020580107127,6.148206597529219,0.3661516083153369,0.4494013077808714,0.8232850600918257,0.16197885147378477,0.4873967450800305
0.924,0.926,0,2.573919909886776,6.1729941609856285,0.36566754800704165,0.4484523498980909,0.8232345138190006,0.16164067995688308,0.48740794424959827
0.926,0.928,0,2.579346803012457,6.197869561432062,0.3651837392078779,0.4475059536728932,0.8231841540988258,0.16130433910559577,0.48741913295269845
0.928,0.930,0,2.584782736635209,6.222832967021722,0.3647001822287645,0.4465621168752868,0.8231339798497526,0.1609696375346409,0.4874303112354105
0.930,0.932,0,2.5902277100236257,6.247884546724556,0.3642168774194855,0.44562083714080186,0.8230839899989727,0.1606359223992879,0.4874414791429738
0.932,0.934,0,2.5956817224672264,6.273024470326819,0.3637338251680862,0.4446821119734042,0.8230341834823292,0.16030313170643137,0.487452636719801
0.934,0.936,0,2.601144773276027,6.298252908429334,0.3632510259001731,0.4437459387484896,0.8229845592442513,0.15997126224637406,0.4874637840094608
0.936,0.938,0,2.606616861780546,6.323570032447878,0.36276848007840207,0.4428123147156065,0.8229351162376449,0.15964031082343658,0.48747492105472334
0.938,0.940,0,2.612097987331413,6.34897601461155,0.36228618820179403,0.44188123700134924,0.8228858534238268,0.15931027425588642,0.48748604789754635
0.940,0.942,0,2.6175881492992397,6.374471027962931,0.3618041508051997,0.44095270261203257,0.8228367697724251,0.15898114937585725,0.48749716457910014
0.942,0.944,0,2.6230873470744442,6.400055246356353,0.3613223684586484,0.4400267084364659,0.8227878642613067,0.15865293302927694,0.4875082711397841
0.944,0.946,0,2.628595580066954,6.425728844458021,0.36084084176679526,0.4391032512485722,0.8227391358764903,0.1583256220757885,0.48751936761922654
0.946,0.948,0,2.634112847705995,6.451491997743842,0.3603595713682445,0.4381823277101168,0.8226905836120796,0.1579992133886831,0.4875304540562936
0.948,0.950,0,2.6396391494403435,6.47734488250105,0.3598785579351653,0.43726393437304745,0.8226422064701326,0.1576737038548093,0.4875415304891673
0.950,0.952,0,2.6451744847372387,6.503287675825103,0.3593978021724616,0.4363480676823391,0.8225940034606571,0.15734909037451636,0.4875525969552314
0.952,0.954,0,2.6507188530828336,6.529320555619686,0.35891730481731693,0.4354347239783427,0.8225459736014867,0.15702536986157342,0.48756365349117214
0.954,0.956,0,2.6562722539822134,6.555443700596447,0.3584370666386806,0.4345238994991744,0.8224981159181861,0.15670253924309077,0.4875747001330209
0.956,0.958,0,2.661834686958263,6.5816572902727986,0.357957088436504,0.4336155903833742,0.822450429444043,0.1563805954594621,0.48758573691603413
0.958,0.960,0,2.667406151552627,6.607961504972854,0.35747737104140487,0.4327097926720033,0.822402913219906,0.15605953546427437,0.48759676387486267
0.960,0.962,0,2.6729866473245294,6.634356525825171,0.3569979153139151,0.43180650231122514,0.8223555662941828,0.15573935622424961,0.4876077810434269
0.962,0.964,0,2.678576173851409,6.660842534763013,0.35651872214406705,0.43090571515442466,0.8223083877227105,0.15542005471916268,0.48761878845503914
0.964,0.966,0,2.684174730727947,6.687419714521708,0.3560397924506578,0.4300074269647091,0.8222613765687359,0.15510162794178717,0.48762978614230534
0.966,0.968,0,2.6897823175666455,6.714088248639899,0.35556112718089306,0.42911163341688807,0.8222145319027925,0.15478407289780483,0.4876407741372413
0.968,0.970,0,2.6953989339969904,6.740848321457316,0.35508272730969326,0.42821833009985516,0.8221678528026717,0.1544673866057498,0.4876517524711915
0.970,0.972,0,2.7010245796657957,6.767319995423059,0.3545560647980983,0.4273515156519721,0.8221213383533122,0.15415156609693048,0.487662721174911
0.972,0.974,0,2.70665925423672,6.793864115968141,0.35402596893896426,0.42648811706451656,0.8220749876467695,0.1538366084153696,0.4876736802785319
0.974,0.976,0,2.712302957390239,6.820513805129421,0.3534965900598313,0.42562605550366583,0.8220287997821132,0.15352251061772415,0.48768462981159627
0.976,0.978,0,2.71795568882337,6.847269290378149,0.35296792841071395,0.4247653416062273,0.8219827738653805,0.1532092697732286,0.48769556980304685
0.978,0.980,0,2.7236174482495694,6.874130799381067,0.3524399842311018,0.4239059858227803,0.8219369090094979,0.15289688296361773,0.48770650028124896
0.980,0.982,0,2.729288235398695,6.90109856000316,0.35191275775005687,0.42304799841913665,0.8218912043342201,0.15258534728306564,0.4877174212740172
0.982,0.984,0,2.734968043856519,6.9275694358915905,0.3513751110540681,0.4222281607098226,0.8218456589660709,0.15227465983811453,0.4877283328085439
0.984,0.986,0,2.7406520353568387,6.953595094884072,0.35082790032188427,0.4214427302393323,0.8218002720382535,0.15196481774761195,0.4877392349115371
0.986,0.988,0,2.7463360213423558,6.979723443149404,0.3502808664758816,0.42065814813132685,0.8217550426906116,0.15165581814264043,0.4877501276091384
0.988,0.990,0,2.7520200030202244,7.005954765379196,0.34973401679716337,0.41987442281576676,0.8217099700695604,0.15134765816645895,0.48776101092692875
0.990,0.992,0,2.7577039815841258,7.0322893463214395,0.34918735846868876,0.4190915626467009,0.8216650533280049,0.15104033497442568,0.487771884889987
0.992,0.994,0,2.7633879582142673,7.058727470779392,0.34864089857639113,0.41830957590220064,0.8216202916253103,0.1507338457339462,0.48778274952287715
0.994,0.996,0,2.769071934077398,7.085269423614117,0.3480946441104931,0.417528470784083,0.8215756841272064,0.15042818762440163,0.48779360484963935
0.996,0.998,0,2.7747559103271997,7.11191548974471,0.34754860196670506,0.41674825541772664,0.8215312300057482,0.15012335783708286,0.4878044508938357
0.998,1.000,0,2.780439888103928,7.138665954148711,0.34700277894734877,0.4159689378520097,0.8214869284392646,0.14981935357513737,0.4878152876784879
1.000,1.002,0,2.786123868535306,7.16552110186454,0.34645718176270596,0.41519052605895385,0.8214427786122536,0.14951617205349127,0.48782611522619324
1.002,1.004,0,2.791807852735875,7.1924812179906565,0.34591181703199986,0.4144130279338031,0.8213987797153857,0.1492138104987996,0.4878369335590227
1.004,1.006,0,2.7974918418077004,7.219546587688494,0.3453666912847215,0.4136364512946981,0.8213549309453906,0.14891226614937264,0.4878477426986102
1.006,1.008,0,2.803175836840218,7.246717496181486,0.34482181096163467,0.412860803882719,0.8213112315050359,0.1486115362551248,0.4878585426661198
1.008,1.010,0,2.8088598389102875,7.2739942287577,0.34427718241597577,0.4120860933616995,0.8212676806030557,0.14831161807750612,0.48786933348224376
1.010,1.012,0,2.8145438490827317,7.301377070770246,0.3437328119145764,0.41131232731811546,0.8212242774540899,0.14801250888944126,0.4878801151672682
1.012,1.014,0,2.8202278684096704,7.328866307638613,0.3431887056388898,0.4105395132611076,0.8211810212786499,0.1477142059752711,0.4878908877409693
1.014,1.016,0,2.8259118979317885,7.35646222484913,0.3426448696861707,0.4097676586222854,0.821137911303034,0.14741670663069362,0.48790165122278195
1.016,1.018,0,2.8315959386773324,7.384165107957967,0.34210131007051053,0.40899677075573593,0.8210949467592883,0.14712000816269474,0.487912405631648
1.018,1.020,0,2.837279991662951,7.411975242589897,0.3415580327238598,0.40822685693800936,0.8210521268851579,0.14682410788950154,0.487923150986125
1.020,1.022,0,2.8429640578933393,7.439892914440801,0.34101504349708595,0.4074807126941931,0.8210094509240388,0.1465290031405182,0.487933887304328
1.022,1.024,0,2.848648138361892,7.467918409279517,0.34047234816109234,0.40675472928740514,0.8209669181248912,0.14623469125625801,0.48794461460400856
1.024,1.026,0,2.8543322340504593,7.496052012948541,0.33992995240777174,0.406029418885512,0.8209245277422098,0.14594116958829406,0.4879553329025119
1.026,1.028,0,2.8600163459291816,7.524294011363782,0.3393878618509171,0.40530479009433557,0.8208822790360099,0.1456484354992066,0.4879660422167488
1.028,1.030,0,2.8657004749574804,7.552644690518869,0.33884608202744265,0.4045808514397074,0.8208401712716915,0.14535648636250856,0.4879767425633156
1.030,1.032,0,2.8713846220830663,7.581104336483359,0.33830461839811204,0.4038576113677189,0.8207982037200853,0.1450653195626065,0.487987433958357
1.032,1.034,0,2.87706878824321,7.6096732354073815,0.33776347634878023,0.4031350782443627,0.8207563756573022,0.14477493249472276,0.48799811641772445
1.034,1.036,0,2.8827529743638105,7.638351673519443,0.3372226611910752,0.40241326035582664,0.8207146863647825,0.14448532256486288,0.48800878995684427
1.036,1.038,0,2.888437181359999,7.667139937130645,0.336682178163532,0.40169216590826334,0.820673135129184,0.14419648718973954,0.48801945459079027
1.038,1.040,0,2.894121410136553,7.696038312634949,0.3361420324325004,0.4009718030278081,0.8206317212423381,0.14390842379672386,0.48803011033432964
1.040,1.042,0,2.8998056615872776,7.725047086510724,0.33560222909300613,0.4002521797606673,0.8205904440012307,0.14362112982379058,0.488040757201834
1.042,1.044,0,2.9054899365955755,7.754166545321634,0.33506277316966754,0.3995333040731149,0.8205493027079442,0.14333460271946397,0.4880513952073435
1.044,1.046,0,2.911174236034609,7.783396975719427,0.3345236696176837,0.3988151838514309,0.820508296669586,0.14304883994275655,0.4880620243645849
1.046,1.048,0,2.9168585607670883,7.812738664444022,0.3339849233236122,0.39809782690205975,0.8204674251982794,0.1427638389631225,0.48807264468693234
1.048,1.050,0,2.922542911645527,7.842191898325787,0.3334465391062961,0.3973812409515999,0.8204266876111019,0.14247959726039855,0.4880832561874336
1.050,1.052,0,2.9282272895125407,7.871756964286783,0.3329085217177475,0.39666543364684553,0.8203860832300301,0.14219611232475035,0.4880938588788431
1.052,1.054,0,2.9339116952006705,7.9014341493434195,0.3323708758440179,0.39595041255483954,0.8203456113818964,0.14191338165661507,0.4881044527735895
1.054,1.056,0,2.939596129532533,7.93122374060513,0.33183360610591894,0.3952361851630894,0.8203052713983746,0.141631402766663,0.48811503788378774
1.056,1.058,0,2.9452806871972985,7.961126025279107,0.33129672761958284,0.39452275887948796,0.8202650626159018,0.14135017317572604,0.4881256142212514
1.058,1.060,0,2.9509710555304443,7.991141290670702,0.33076088214331223,0.39381014103245604,0.8202249843756353,0.14106969041475426,0.48813618179751583
1.060,1.062,0,2.956670585556017,8.021269824183902,0.3302264414091184,0.39309833887114537,0.8201850360234499,0.1407899520247654,0.4881467406237985
1.062,1.064,0,2.962379278918365,8.051511913324621,0.3296933990859788,0.3923873595654352,0.820145216909841,0.14051095555678925,0.4881572907110479
1.064,1.066,0,2.968097137262158,8.081867845701384,0.3291617488715158,0.3916772102061216,0.820105526389922,0.14023269857181586,0.48816783206992603
1.066,1.068,0,2.9738241622322072,8.112337909026925,0.3286314844920207,0.39096789780506547,0.8200659638233799,0.13995517864075033,0.4881783647108001
1.068,1.070,0,2.9795603554738332,8.142922391120353,0.32810259970252836,0.3902594292952694,0.820026528574405,0.13967839334435186,0.4881888886437991
1.070,1.072,0,2.985305718632277,8.173621579908483,0.32757508828678406,0.38955181153109975,0.8199872200116823,0.13940234027319146,0.4881994038787548
1.072,1.074,0,2.991060253353079,8.20443576342784,0.32704894405731444,0.38884505128838,0.8199480375083275,0.13912701702759536,0.4882099104252632
1.074,1.076,0,2.996823961281757,8.235365229825938,0.3265241608553941,0.3881391552646136,0.8199089804418641,0.1388524212176001,0.4882204082926545
1.076,1.078,0,3.002596844063606,8.266410267362334,0.3260007325510206,0.387434130079207,0.8198700481941931,0.13857855046290526,0.4882308974899809
1.078,1.080,0,3.008378903343956,8.2975711644117,0.3254786530430081,0.3867299822735533,0.819831240151525,0.13830540239281613,0.48824137802606127
1.080,1.082,0,3.014170140768179,8.328848209465464,0.32495791625899173,0.38602671831121915,0.8197925557043494,0.13803297464619538,0.48825184990949505
1.082,1.084,0,3.0199705579811504,8.360241691131776,0.32443851615531816,0.38532434457828657,0.8197539942474208,0.13776126487142443,0.48826231314860585
1.084,1.086,0,3.0257801566276883,8.391741259625244,0.32392044671716297,0.3846233549837344,0.8197155551796956,0.137490270726343,0.48827276775150735
1.086,1.088,0,3.0315989383520705,8.423267835065849,0.3234037019584386,0.3839273651597612,0.819677237904307,0.1372199898782096,0.4882832137260535
1.088,1.090,0,3.037426904798478,8.454805051418539,0.32288827592187286,0.38323706797582935,0.8196390418285133,0.13695042000364704,0.48829365107990885
1.090,1.092,0,3.0432640576104175,8.486352648160885,0.32237416267891333,0.38255241460305095,0.8196009663636833,0.13668155878860067,0.48830407982048274
1.092,1.094,0,3.049110398431032,8.51791036428061,0.321861356329772,0.3818733568332231,0.8195630109252404,0.13641340392828594,0.48831449995498205
1.094,1.096,0,3.0549659289028392,8.549477938275324,0.32134985100336083,0.38119984706949844,0.8195251749326526,0.13614595312714833,0.48832491149038854
1.096,1.098,0,3.060830650667818,8.581055108152977,0.3208396408573161,0.38053183831715165,0.8194874578093628,0.1358792040988107,0.4883353144334792
1.098,1.100,0,3.0667045653673566,8.612641611432274,0.32033072007797553,0.3798692841745301,0.8194498589827747,0.1356131545660263,0.4883457087908304
1.100,1.102,0,3.0725876746421106,8.644237185142277,0.31982308288033445,0.37921213882421906,0.8194123778842122,0.13534780226063772,0.4883560945688099
1.102,1.104,0,3.0784799801317466,8.675841565821436,0.3193167235079613,0.3785603570243977,0.8193750139489127,0.13508314492353296,0.4883664717735577
1.104,1.106,0,3.0843814834755348,8.70745448952038,0.31881163623312936,0.3779138941001035,0.8193377666159327,0.13481918030458773,0.48837684041106477
1.106,1.108,0,3.090292186311714,8.739075691799782,0.31830781535664743,0.37727270593499845,0.8193006353281642,0.13455590616263222,0.48838720048710704
1.108,1.110,0,3.0962120902777674,8.77070490773069,0.3177432843025189,0.37663674896307336,0.819263619532289,0.1342933202654026,0.48839755200728896
1.110,1.112,0,3.1021411970099173,8.80234187189505,0.3171702451751563,0.3760059801605961,0.819226718678747,0.1340314203894984,0.4884078949769869
1.112,1.114,0,3.1080795081437635,8.83398631838629,0.31659865362204864,0.3753803570380429,0.8191899322216927,0.1337702043203295,0.48841822940144336
1.114,1.116,0,3.114027025313697,8.865637980808065,0.31602850602368876,0.3747598376324279,0.8191532596189736,0.13350966985208507,0.48842855528569634
1.116,1.118,0,3.119983750153076,8.897296592275605,0.3154597987550155,0.3741443804995417,0.8191167003320977,0.1332498147876794,0.48843887263461444
1.118,1.120,0,3.125949684294185,8.928961885414404,0.31489252818563945,0.37353394470647655,0.8190802538262014,0.1329906369387156,0.48844918145290045
1.120,1.122,0,3.1319248293681516,8.960633592362395,0.314326690680164,0.3729284898241532,0.8190439195700042,0.13273213412543405,0.4884594817450856
1.122,1.124,0,3.13790918700487,8.992311444767578,0.31376228259836664,0.3723279759201463,0.8190076970358044,0.13247430417667944,0.488469773515533
1.124,1.126,0,3.1439027588330903,9.023995173790176,0.31319930029553616,0.37173236355144795,0.8189715856994251,0.13221714492984837,0.4884800567684545
1.126,1.128,0,3.1499055464801673,9.055684510100617,0.3126377401226364,0.37114161375756094,0.8189355850402045,0.1319606542308576,0.48849033150788873
1.128,1.130,0,3.1559175515722795,9.087379183882382,0.3120775984266755,0.3705556880534652,0.8188996945409353,0.13170482993408827,0.4885005977377343
1.130,1.132,0,3.1619387757341806,9.119078924829175,0.3115188715508294,0.3699745484229858,0.8188639136878714,0.1314496699023571,0.4885108554617289
1.132,1.134,0,3.167969220589181,9.150806367871995,0.310961555834731,0.36939723265774016,0.818828241970684,0.13119517200686992,0.48852110468345417
1.134,1.136,0,3.1740088877593244,9.182633459119815,0.3104056476147745,0.3688208168931694,0.8187926788824106,0.13094133412717418,0.4885313454063638
1.136,1.138,0,3.180057778865149,9.214565728425804,0.3098511432242584,0.3682450897994878,0.8187572239194563,0.1306881541511269,0.4885415776337624
1.138,1.140,0,3.186115895525596,9.246603480102143,0.3092980389936471,0.36767005207471753,0.8187218765815585,0.13043562997484984,0.48855180136880233
1.140,1.142,0,3.1921832393582124,9.278747018999507,0.3087463312508204,0.36709570441487915,0.8186866363717503,0.13018375950268954,0.48856201661451387
1.142,1.144,0,3.1982598119788124,9.310996650505714,0.30819601632127686,0.36652204751395967,0.8186515027963419,0.12993254064717508,0.48857222337377304
1.144,1.146,0,3.204345615001846,9.343352680544589,0.307647090528391,0.36594908206380417,0.8186164753648747,0.12968197132897882,0.48858242164934945
1.146,1.148,0,3.210440650039919,9.375815415573435,0.30709955019355795,0.3653768087541417,0.818581553590127,0.1294320494768816,0.4885926114438597
1.148,1.150,0,3.21654491870426,9.408385162584311,0.30655339163654,0.364805228272371,0.8185467369880409,0.12918277302772121,0.4886027927598257
1.150,1.152,0,3.222658422604023,9.441062229099316,0.30600861117550604,0.364234341303699,0.8185120250777546,0.12893413992636807,0.488612965599603
1.152,1.154,0,3.2287811633469214,9.473846923172545,0.30546520512740055,0.36366414853088885,0.8184774173815186,0.12868614812567264,0.4886231299654551
1.154,1.156,0,3.234913142538888,9.506739553386868,0.3049231698080768,0.36309465063429147,0.8184429134246969,0.12843879558643417,0.4886332858595264
1.156,1.158,0,3.241054361783947,9.539740428853,0.3043825015324837,0.3625258482917904,0.81840851273575,0.12819208027736134,0.4886434332838296
1.158,1.160,0,3.2472048226843726,9.572849859208233,0.3038431966148976,0.36195774217871546,0.8183742148461856,0.1279460001750328,0.4886535722402696
1.160,1.162,0,3.253364526840775,9.606068154616532,0.3033052513691646,0.3613903329677102,0.8183400192905472,0.12770055326385324,0.4886637027306629
1.162,1.164,0,3.259533475851593,9.63939562576447,0.3027686621087696,0.3608236213288382,0.8183059256063899,0.12745573753602987,0.48867382475667964
1.164,1.166,0,3.2657116713135768,9.672832583862887,0.30223342514715845,0.36025760792934763,0.8182719333342479,0.1272115509915187,0.4886839383199079
1.166,1.168,0,3.27189911482149,9.70637934064399,0.3016995367978598,0.3596922934337004,0.8182380420176134,0.12696799163799677,0.4886940434218256
1.168,1.170,0,3.278095807968194,9.740036208360705,0.3011669933746907,0.359127678503479,0.8182042512029141,0.12672505749082116,0.4887041400638131
1.170,1.172,0,3.2843017523445703,9.773803499784888,0.30063579119192074,0.35856376379735316,0.8181705604394817,0.1264827465729939,0.4887142282471499
1.172,1.174,0,3.290516949539267,9.807681528206595,0.300105926564445,0.3580005499710165,0.8181369692795547,0.12624105691512577,0.48872430797299327
1.174,1.176,0,3.296741401139431,9.841670607433562,0.2995773958080558,0.35743803767702637,0.8181034772781964,0.1259999865553939,0.4887343792424634
1.176,1.178,0,3.30297510872958,9.875771051788242,0.29905019523945836,0.3568762275649211,0.818070083993341,0.12575953353951388,0.48874444205652195
1.178,1.180,0,3.3092180738925805,9.90998317610849,0.2985243211765942,0.3563151202809812,0.8180367889857193,0.1255196959206956,0.48875449641608876
1.180,1.182,0,3.315470298209078,9.944307295745332,0.2979997699387291,0.35575471646826734,0.818003591818857,0.1252804717596128,0.4887645423219803
1.182,1.184,0,3.321731783257467,9.978743726561332,0.2974765378465987,0.35519501676658033,0.8179704920590571,0.12504185912436824,0.4887745797749104
1.184,1.186,0,3.3280025306141807,10.0132324053106,0.29695437549462356,0.3546381602614568,0.8179374892753558,0.12480385609045054,0.4887846087755303
1.186,1.188,0,3.3342825418535673,10.047728657205555,0.29643308363883647,0.35408570098327363,0.8179045830395105,0.12456646074070464,0.488794629324416
1.188,1.190,0,3.3405718185473106,10.082337711850116,0.2959130800205593,0.35353390543251484,0.8178717729260102,0.12432967116530222,0.48880464142201047
1.190,1.192,0,3.3468703622655247,10.117059891995146,0.29539436130347074,0.3529827742645052,0.8178390585119835,0.12409348546169176,0.4888146450687489
1.192,1.194,0,3.353178174575717,10.151895520898119,0.2948769241500511,0.3524323081339887,0.8178064393772391,0.12385790173457903,0.48882464026494665
1.194,1.196,0,3.3594952570432386,10.186844922324358,0.2943607652218801,0.351882507694885,0.8177739151042189,0.12362291809588305,0.4888346270108564
1.196,1.198,0,3.3658216112311057,10.221908420544015,0.2938458811797391,0.3513333736002815,0.817741485277977,0.12338853266470726,0.4888446053066475
1.198,1.200,0,3.372157238700266,10.257086340331794,0.2933322686838414,0.35078490650225896,0.8177091494861618,0.12315474356730216,0.48885457515244446
1.200,1.202,0,3.3785021410092577,10.292379006966659,0.2928199243940003,0.35023710705180533,0.817676907318982,0.12292154893702892,0.4888645365482898
1.202,1.204,0,3.384856319714098,10.327786746227208,0.29230884496968745,0.34968997589883993,0.8176447583692246,0.12268894691433681,0.4888744894941379
1.204,1.206,0,3.3912197763686867,10.363309884394054,0.29179902707033734,0.34914351369195545,0.817612702232187,0.12245693564671722,0.48888443398990084
1.206,1.208,0,3.397592512524751,10.398948748246795,0.29129046735545844,0.34859772107838344,0.8175807385056746,0.12222551328867591,0.4888943700354479
1.208,1.210,0,3.40397452973107,10.434703665062392,0.2907831624847087,0.3480525987039967,0.8175488667900096,0.12199467800170297,0.4889042976305239
1.210,1.212,0,3.4103658295345567,10.470574962614917,0.2902771091181807,0.3475081472130693,0.8175170866879596,0.12176442795423484,0.48891421677486957
1.212,1.214,0,3.4167664134795377,10.50656296917549,0.2897723039165262,0.34696436724821594,0.8174853978047427,0.12153476132161886,0.4889241274681488
1.214,1.216,0,3.4231762831079786,10.542668013507113,0.2892687435410101,0.3464212594504141,0.8174537997480225,0.12130567628609404,0.4889340297099733
1.216,1.218,0,3.429595439959211,10.57889042486764,0.288766424653766,0.34587882445879187,0.8174222921278725,0.12107717103674391,0.48894392349988053
1.218,1.220,0,3.436023885570321,10.61523053300683,0.2882653439179228,0.34533706291056365,0.8173908745567465,0.12084924376947122,0.4889538088373752
1.220,1.222,0,3.442461621475962,10.65168866816439,0.2877654979977129,0.3447959754409778,0.8173595466494832,0.12062189268696852,0.48896368572191456
1.222,1.224,0,3.4489086492080325,10.688265161070085,0.287266883558628,0.34425556268322155,0.8173283080232749,0.12039511599868226,0.48897355415287536
1.224,1.226,0,3.4553649702961358,10.724960342942088,0.2867694972675818,0.34371582526829675,0.8172971582976527,0.12016891192078225,0.48898341412960783
1.226,1.228,0,3.4618305862674275,10.761774545486492,0.28627333579306363,0.3431767638249295,0.8172660970944452,0.11994327867612925,0.4889932656514207
1.228,1.230,0,3.468305498646456,10.79870810089432,0.28577839580519804,0.3426383789795547,0.8172351240378068,0.11971821449424722,0.4890031087175683
1.230,1.232,0,3.474789708955094,10.83576134184178,0.28528467397592583,0.34210067135619265,0.8172042387541666,0.11949373248251531,0.4890129433272453
1.232,1.234,0,3.4812832187129343,10.872934601490668,0.2847921669792071,0.3415636415762737,0.8171734408721971,0.11926983576430253,0.4890227694796324
1.234,1.236,0,3.487786029436727,10.910228213482885,0.2843008714909867,0.34102729025874756,0.8171427300228441,0.11904653637441799,0.4890325871738389
1.236,1.238,0,3.494298142640924,10.947642511944009,0.28381078418949063,0.34049161801979955,0.8171121058392595,0.11882379857601486,0.48904239640896213
1.238,1.240,0,3.5008195598371445,10.9851778314786,0.2833219017552263,0.33995662547292443,0.8170815679568209,0.11860162063266878,0.4890521971840368
1.240,1.242,0,3.507350282534531,11.022834507171885,0.28283422087119225,0.33942231322873184,0.8170511160130904,0.11838000081444212,0.48906198949807095
1.242,1.244,0,3.5138903122396394,11.06061287458626,0.2823477382229462,0.3388886818949428,0.8170207496478044,0.11815893739786222,0.48907177335003954
1.244,1.246,0,3.520439650456347,11.098513269762453,0.28186245049875996,0.33835573207625236,0.816990468502862,0.11793842866588677,0.4890815487388761
1.246,1.248,0,3.5269982986859305,11.136536029216508,0.28137835438971304,0.3378234643742944,0.8169602722223035,0.11771847290787717,0.48909131566348574
1.248,1.250,0,3.5335662584270033,11.174681489939596,0.2808954465898061,0.3372918793875541,0.8169301604522952,0.11749906841956778,0.4891010741227359
1.250,1.252,0,3.540143531175482,11.212949989397622,0.2804137237961101,0.33676097771125835,0.8169001328411087,0.1172802135173684,0.48911082411546103
1.252,1.254,0,3.546730118424716,11.251341865528122,0.2799331827088243,0.33623075993735574,0.8168701890391153,0.11706190650171693,0.48912056564047485
1.254,1.256,0,3.5533260216652875,11.28985159614527,0.2794531745669298,0.3357014009179144,0.8168403286987534,0.1168441456807293,0.48913029869655233
1.256,1.258,0,3.559931242385251,11.328457564234819,0.27897136882863466,0.33517354823948015,0.8168105514745218,0.11662692937533808,0.4891400232824561
1.258,1.260,0,3.566545782069741,11.367186809330008,0.27849076639322684,0.3346464041673713,0.816780857022977,0.11641025591270483,0.489149739396902
1.260,1.262,0,3.573169642201265,11.406039669445676,0.2780113638247434,0.3341199689167235,0.8167512450026907,0.11619412362618942,0.4891594470385844
1.262,1.264,0,3.5798028242598945,11.445016483090642,0.27753315769072373,0.33359424270160754,0.8167217150742406,0.11597853085531679,0.48916914620620316
1.264,1.266,0,3.5864453297226015,11.484117589263679,0.27705614456220923,0.3330692257351052,0.816692266900221,0.11576347594576161,0.48917883689839725
1.266,1.268,0,3.5930971600637562,11.523343327456146,0.27658032101398256,0.33254491822908067,0.8166629001451978,0.1155489572493054,0.4891885191137956
1.268,1.270,0,3.59975831675507,11.562694037647386,0.27610568362460014,0.33202132039421234,0.8166336144757083,0.11533497312382264,0.48919819285101396
1.270,1.272,0,3.6064288012653525,11.60217006030705,0.27563222897656475,0.33149843243984545,0.8166044095602366,0.11512152193323895,0.48920785810863177
1.272,1.274,0,3.613108615061048,11.641771736392046,0.27515995365643514,0.33097625457392255,0.8165752850691955,0.11490860204751177,0.4892175148852494
1.274,1.276,0,3.619797759605218,11.681499407345363,0.2746888542548499,0.3304547870030115,0.816546240674945,0.11469621184260351,0.48922716317938686
1.276,1.278,0,3.6264962363587947,11.721353415095917,0.27421892736675796,0.3299340299320936,0.8165172760517236,0.11448434970045081,0.4892368029896102
1.278,1.280,0,3.6332040467794746,11.76133410205714,0.27375016959142257,0.3294139835646048,0.8164883908756829,0.1142730140089382,0.4892464343144231
1.280,1.282,0,3.639921192322607,11.801441811126315,0.2732825775326131,0.328894648102269,0.8164595848248365,0.1140622031618709,0.4892560571523587
1.282,1.284,0,3.6466476744401475,11.84167688568163,0.27281614779857305,0.3283760237451828,0.8164308575790928,0.11385191555895434,0.4892656715018757
1.284,1.286,0,3.653383494581866,11.88203966958552,0.27235087700231897,0.32785811069151627,0.8164022088201672,0.11364214960575217,0.48927527736147863
1.286,1.288,0,3.6601286541944837,11.92253050717867,0.27188676176155535,0.32734090913765546,0.8163736382316417,0.11343290371367663,0.4892848747296368
1.288,1.290,0,3.6668831547219627,11.963149743282564,0.27142379869887356,0.3268244192780172,0.8163451454989081,0.1132241762999508,0.4892944636048119
1.290,1.292,0,3.673646997605185,12.0038977231959,0.2709619844417681,0.32630864130507864,0.8163167303091807,0.11301596578759121,0.48930404398542937
1.292,1.294,0,3.680420184282764,12.04477479269651,0.27050131562284946,0.32579357540916065,0.8162883923514486,0.11280827060537052,0.4893136158699585
1.294,1.296,0,3.687202716189956,12.085781298038043,0.2700417888798097,0.3252792217785217,0.8162601313164982,0.11260108918780191,0.4893231792568086
1.296,1.298,0,3.6939945947594657,12.12691758594917,0.26958340085556676,0.3247655805992219,0.8162319468968792,0.1123944199751105,0.48933273414440653
1.298,1.300,0,3.7007958214212695,12.168184003634881,0.26912614819839464,0.3242526520550083,0.8162038387868873,0.1121882614132026,0.4893422805311832
1.300,1.302,0,3.7076063976023264,12.209580898772446,0.2686700275619216,0.32374043632736244,0.8161758066825697,0.11198261195364659,0.48935181841554615
1.302,1.304,0,3.7144263247266944,12.25110861951241,0.26821503560525906,0.3232289335953767,0.8161478502817066,0.111777470053646,0.4893613477958915
1.304,1.306,0,3.72125560421572,12.292767514477493,0.2677611689931018,0.3227181440356789,0.8161199692837849,0.11157283417601085,0.4893708686706241
1.306,1.308,0,3.7280942374880723,12.334557932760987,0.2673084243957939,0.32220806782238753,0.8160921633899921,0.11136870278913724,0.4893803810381617
1.308,1.310,0,3.7349422259592475,12.376480223926055,0.26685679848937494,0.32169870512708953,0.816064432303217,0.11116507436698016,0.48938988489688806
1.310,1.312,0,3.741799571041866,12.418534738005858,0.26640628795570737,0.3211900561187257,0.81603677572802,0.1109619473890287,0.48939938024518365
1.312,1.314,0,3.748666274146116,12.46072182550096,0.2659568894825414,0.3206821209635398,0.8160091933706234,0.11075932034027973,0.489408867081468
1.314,1.316,0,3.7555423366789364,12.50304183737927,0.26550859976355673,0.320174899825068,0.8159816849389091,0.11055719171121957,0.4894183454041239
1.316,1.318,0,3.7624277600444676,12.54549512507548,0.26506141549846784,0.31966839286403526,0.8159542501424014,0.11035555999779166,0.4894278152115403
1.318,1.320,0,3.7693225456442208,12.588082040490276,0.26461533339311766,0.319162600238281,0.8159268886922387,0.1101544237013754,0.4894372765021304
1.320,1.322,0,3.7762266948764918,12.630802935988243,0.2641703501594717,0.3186575221027883,0.8158996003011929,0.10995378132876686,0.48944672927427585
1.322,1.324,0,3.783140209136913,12.673658164397894,0.26372646251575216,0.31815315860955284,0.8158723846836364,0.10975363139214737,0.4894561735263814
1.324,1.326,0,3.790063089818262,12.716648079011154,0.2632836671864963,0.3176495099075427,0.8158452415555255,0.1095539724090637,0.48946560925685617
1.326,1.328,0,3.7969953383103974,12.75977303358197,0.2628419609026075,0.31714657614265707,0.8158181706344076,0.10935480290240275,0.48947503646411106
1.328,1.330,0,3.803936956000089,12.803033382325433,0.26240134040140106,0.3166443574576984,0.8157911716394017,0.10915612140037029,0.4894844551465395
1.330,1.332,0,3.810887944271557,12.84642947991605,0.26196180242669975,0.31614285399228714,0.8157642442911794,0.10895792643646922,0.4894938653025731
1.332,1.334,0,3.8178483045060294,12.88996168149075,0.26152334372892777,0.3156420658827608,0.815737388311951,0.10876021654946383,0.4895032669306378
1.334,1.336,0,3.8248180380817307,12.933630342642585,0.26108596106507365,0.31514199326224973,0.8157106034254822,0.10856299028337503,0.4895126600291577
1.336,1.338,0,3.831797146374063,12.9774358194235,0.26064965119882205,0.31464263626053773,0.8156838893570494,0.10836624618744456,0.48952204459656723
1.338,1.340,0,3.8387856307555372,13.021378468342492,0.2602144109005937,0.3141439950040324,0.8156572458334485,0.10816998281611692,0.48953142063130994
1.340,1.342,0,3.8457834925959546,13.065458646365625,0.2597802369476275,0.3136460696156887,0.8156306725829655,0.10797419872901286,0.48954078813185364
1.342,1.344,0,3.852790733261979,13.10967671091433,0.2593471261239859,0.31314886021501503,0.8156041693353945,0.10777889249090994,0.48955014709665323
1.344,1.346,0,3.8598073541173514,13.15403301986292,0.25891507522060053,0.3126523669180512,0.8155777358220087,0.10758406267172509,0.48955949752417044
1.346,1.348,0,3.866833356523281,13.198527931543454,0.2584840810354458,0.3121565898371581,0.8155513717755303,0.1073897078464775,0.4895688394129091
1.348,1.350,0,3.8738687418374442,13.24316180473687,0.258054140373381,0.31166152908124056,0.8155250769301762,0.10719582659528396,0.48957817276132704
1.350,1.352,0,3.8809135114153746,13.287934998680653,0.2576252500464408,0.3111671847553978,0.8154988510215776,0.10700241750331868,0.4895874975679604
1.352,1.354,0,3.8879676666091223,13.33284787306128,0.25719740687368015,0.3106735569611426,0.8154726937868249,0.10680947916081032,0.48959681383130443
1.354,1.356,0,3.8950312087682284,13.377900788017435,0.25677060768134974,0.31018064579618926,0.815446604964428,0.10661701016300251,0.48960612154990174
1.356,1.358,0,3.9021041392390696,13.423094104137322,0.2563448493028705,0.30968845135450895,0.8154205842943196,0.10642500911014541,0.4896154207222835
1.358,1.360,0,3.909186459365181,13.468428182459066,0.2559201285789154,0.3091969737262356,0.8153946315178415,0.10623347460746635,0.4896247113469994
1.360,1.362,0,3.916278170487256,13.513903384469579,0.2554964423574521,0.3087062129976351,0.8153687463777272,0.10604240526514966,0.4896339934226178
1.362,1.364,0,3.923379273943168,13.559520072103922,0.2550737874937834,0.3082161692510613,0.8153429286180988,0.1058517996983164,0.4896432669477284
1.364,1.366,0,3.930489771067742,13.60527860774451,0.25465216085057546,0.3077268425649383,0.8153171779844569,0.1056616565270019,0.48965253192092173
1.366,1.368,0,3.9376096631929154,13.651179354220016,0.2542315592979025,0.30723823301371395,0.8152914942236756,0.10547197437613844,0.4896617883408053
1.368,1.370,0,3.94473895164781,13.697222674803841,0.2538119797132767,0.30675034066783813,0.8152658770839869,0.10528275187552932,0.4896710362060095
1.370,1.372,0,3.9518776377586113,13.743408933217482,0.2533934189817501,0.3062631655936437,0.8152403263149598,0.10509398765982758,0.4896802755151769
1.372,1.374,0,3.9590257228485113,13.789738493624583,0.25297587399585264,0.30577670785343314,0.8152148416675172,0.10490568036852102,0.4896895062669578
1.374,1.376,0,3.966183208238027,13.836211720633655,0.2525593416557169,0.3052909675053384,0.8151894228938993,0.10471782864590234,0.48969872846003987
1.376,1.378,0,3.9733500952446628,13.882828979296127,0.25214381886906234,0.304805944603343,0.8151640697476752,0.10453043114105871,0.48970794209311824
1.378,1.380,0,3.9805263851828525,13.92959063510554,0.251729302551226,0.30432163919725785,0.8151387819837247,0.10434348650784514,0.4897171471648891
1.380,1.382,0,3.987712079364474,13.976497053998294,0.2513157896252543,0.3038380513326134,0.8151135593582188,0.1041569934048615,0.48972634367409734
1.382,1.384,0,3.9949071790980977,14.023548602350338,0.25090327702184356,0.3033551810507403,0.8150884016286416,0.10397095049544249,0.48973553161947164
1.384,1.386,0,4.0021116856898065,14.070745646979631,0.2504917616794689,0.30287302838861613,0.8150633085537401,0.1037853564476248,0.4897447109997925
1.386,1.388,0,4.009325600442639,14.118088555144583,0.2500812405443746,0.30239159337888616,0.8150382798935403,0.10360020993413326,0.48975388181384877
1.388,1.390,0,4.016548924656606,14.165577694538968,0.2496717105705213,0.3019108760499354,0.815013315409348,0.10341550963236802,0.4897630440604353
1.390,1.392,0,4.023781659628997,14.213213433301004,0.2492631687198029,0.3014308764256182,0.814988414863707,0.10323125422436667,0.4897721977383841
1.392,1.394,0,4.031023806654172,14.26099614000207,0.24885561196187772,0.30095159452548303,0.8149635780204212,0.10304744239680372,0.489781342846542
1.394,1.396,0,4.038275367023598,14.308926183652753,0.24844903727431172,0.3004730303645926,0.8149388046445288,0.10286407284095846,0.48979047938377634
1.396,1.398,0,4.045536342025739,14.357003933700557,0.24804344164257328,0.29999518395353747,0.8149140945023028,0.10268114425270018,0.48979960734896755
1.398,1.400,0,4.052806676018969,14.405229550095257,0.24763881519088218,0.29951806379275236,0.8148894496893411,0.10249865585422771,0.4898087170415138
1.400,1.402,0,4.0600862644172855,14.453603009854994,0.24723514224511406,0.2990416855656761,0.8148648742784472,0.10231660731253638,0.4898177905255977
1.402,1.404,0,4.0673751060847145,14.50212466968304,0.24683241969930303,0.2985660494249569,0.8148403680931041,0.1021349973445348,0.48982682757208446
1.404,1.406,0,4.0746732022627405,14.550794895473024,0.24643064474260873,0.29809115516316864,0.8148159308607708,0.1019538246498655,0.48983582835671213
1.406,1.408,0,4.081980554193001,14.599614053561924,0.24602981457154546,0.29761700256860635,0.8147915623103391,0.10177308793275024,0.48984479305410455
1.408,1.410,0,4.089297163116556,14.64858251072985,0.24562992638996795,0.29714359142531444,0.8147672621721418,0.10159278590197823,0.4898537218377236
1.410,1.412,0,4.0966230302743005,14.697700634200219,0.2452309774091085,0.2966709215130411,0.8147430301779294,0.10141291727087791,0.48986261487990995
1.412,1.414,0,4.10395815690717,14.746968791640382,0.24483296484764278,0.29619899260717525,0.8147188660608501,0.10123348075730115,0.4898714723519184
1.414,1.416,0,4.111302544255337,14.796387351157541,0.24443588593158153,0.29572780447888064,0.8146947695554697,0.10105447508361048,0.48988029442385356
1.416,1.418,0,4.118656196583507,14.845956692740497,0.24403973824972416,0.2952573564548658,0.8146707402765099,0.10087589894973309,0.4898890817700813
1.418,1.420,0,4.126019223913398,14.895677597967651,0.2436445317809397,0.2947876325185658,0.8146467736118443,0.10069775012235746,0.48989785269166636
1.420,1.422,0,4.133391681941105,14.945550646824904,0.2432502700160747,0.29431862468638503,0.8146228671569198,0.10052002686548422,0.48990661629555343
1.422,1.424,0,4.140773571934466,14.995576214484014,0.24285695004144486,0.2938503329109429,0.8145990206945062,0.1003427279333743,0.4899153725757485
1.424,1.426,0,4.148164895158307,15.045754676547448,0.24246456895155205,0.2933827571400856,0.8145752340084808,0.1001658520846112,0.48992412152630327
1.426,1.428,0,4.155565652874349,15.096086409046407,0.24207312384905746,0.2929158973169096,0.8145515068838334,0.0999893980820858,0.4899328631413039
1.428,1.430,0,4.162975846341436,15.146571788439998,0.24168261184482318,0.29244975337972245,0.8145278391066486,0.09981336469297859,0.48994159741489596
1.430,1.432,0,4.1703954768155835,15.197211191616192,0.24129303005793604,0.29198432526200085,0.8145042304640997,0.09963775068873926,0.48995032434128366
1.432,1.434,0,4.177824545549554,15.248004995889447,0.24090437561567277,0.2915196128924425,0.8144806807444405,0.09946255484507249,0.4899590439146941
1.434,1.436,0,4.185263053793159,15.298953579001477,0.24051664565354625,0.2910556161948956,0.8144571897370116,0.09928777594191872,0.48996775612940585
1.436,1.438,0,4.192711002793517,15.350057319120921,0.24012983731533388,0.29059233508833043,0.8144337572322082,0.09911341276343352,0.4899764609797666
1.438,1.440,0,4.200168393794185,15.40131659484062,0.23974394775300661,0.2901297694869236,0.8144103830215035,0.09893946409797914,0.48998515846012286
1.440,1.442,0,4.207635228036617,15.452731785181363,0.23935897412688384,0.2896679192998608,0.8143870668974021,0.0987659287380918,0.4899938485649404
1.442,1.444,0,4.215111506758787,15.504303269588195,0.238974913605515,0.289206784431484,0.8143638086534654,0.09859280548047851,0.4900025312886894
1.444,1.446,0,4.222597231195593,15.556031427929007,0.2385917633656976,0.2887463647812644,0.814340608084306,0.09842009312599559,0.4900112066258782
1.446,1.448,0,4.230092402579056,15.607916640496397,0.23820952059253236,0.28828666024373334,0.8143174649855629,0.0982477904796313,0.49001987457106955
1.448,1.450,0,4.237597022138634,15.659959288008462,0.23782818247946375,0.2878276707084264,0.8142943791538871,0.09807589635048224,0.4900285351189055
1.450,1.452,0,4.2451110910969,15.712159579118708,0.2374477438003951,0.28736939921492066,0.8142713509504962,0.09790440980502314,0.49003718826404574
1.452,1.454,0,4.252634610667844,15.76451744172713,0.23706819545073693,0.2869118538536191,0.8142483816411871,0.09773333031820802,0.49004583400120155
1.454,1.456,0,4.26016758207154,15.817033229278929,0.2366895343872154,0.2864550348485821,0.8142254710891436,0.09756265673655327,0.49005447232514177
1.456,1.458,0,4.267710006525373,15.869707319166448,0.23631175790741527,0.2859989419864797,0.8142026190814464,0.09739238787595653,0.49006310323066404
1.458,1.460,0,4.275261885244234,15.922540089216637,0.23593486331714822,0.285543575048732,0.814179825406234,0.09722252255641006,0.49007172671265053
1.460,1.462,0,4.282823219439572,15.975531917688906,0.23555884793037304,0.2850889338116104,0.8141570898527198,0.0970530596019883,0.4900803427659889
1.462,1.464,0,4.29039401032037,16.028683183276662,0.2351837090692747,0.2846350180461379,0.8141344122111683,0.09688399784082616,0.4900889513856533
1.464,1.466,0,4.29797425909247,16.081994265106598,0.2348094440642218,0.28418182751814786,0.8141117922728943,0.09671533610510438,0.4900975525666483
1.466,1.468,0,4.305563966962985,16.13546575616294,0.23443605313590482,0.28372935823511425,0.8140892291588019,0.09654707293215482,0.49010614630402505
1.468,1.470,0,4.313163135140374,16.189098476460558,0.23406353949823094,0.28327760230758176,0.8140667212937821,0.0963792065548646,0.4901147325928804
1.470,1.472,0,4.320771764822044,16.24289282442241,0.233691900611724,0.2828265593401465,0.8140442684446176,0.0962117358084769,0.49012331142837906
1.472,1.474,0,4.328389857202086,16.29684918590248,0.23332113376893054,0.28237622916193666,0.8140218704200889,0.09604465955044765,0.490131882805722
1.474,1.476,0,4.3360174134713905,16.35096794717158,0.23295123627068365,0.28192661159712484,0.8139995270299274,0.09587797664213304,0.49014044672013435
1.476,1.478,0,4.343654434818654,16.40524949492181,0.2325822054262246,0.2814777064647706,0.8139772380847766,0.0957116859487677,0.49014900316694665
1.478,1.480,0,4.351300922429019,16.45969421626068,0.2322140385530488,0.2810295135790066,0.8139550033962291,0.09554578633945693,0.4901575521414831
1.480,1.482,0,4.358956877485365,16.51430249871573,0.23184673297705552,0.28058203274885507,0.8139328227767727,0.09538027668715382,0.49016609363916885
1.482,1.484,0,4.36662230116713,16.569074730227683,0.2314802860323783,0.28013526377842274,0.8139106960398401,0.09521515586865296,0.49017462765543096
1.484,1.486,0,4.374297194651177,16.624011299157022,0.23111469506153573,0.27968920646671597,0.8138886229997534,0.09505042276456509,0.4901831541857703
1.486,1.488,0,4.38198155911128,16.679112594278067,0.23074995741531978,0.2792438606077707,0.8138666034717513,0.09488607625930946,0.49019167322571816
1.488,1.490,0,4.389675395718822,16.734379004784756,0.2303860704529151,0.2787992259904991,0.8138446372719497,0.09472211524108778,0.49020018477089317
1.490,1.492,0,4.397378705641678,16.789810920281553,0.23002303154172088,0.27835530239890816,0.8138227242173849,0.0945585386018862,0.4902086888169121
1.492,1.494,0,4.40509149004523,16.845408730791775,0.2296608380575102,0.27791208961189184,0.8138008641259593,0.09439534523744118,0.4902171853594675
1.494,1.496,0,4.4128137500922815,16.90117282675466,0.22929948738439437,0.27746958740327426,0.813779056816447,0.09423253404723388,0.4902256743943237
1.496,1.498,0,4.420545486942113,16.957103599018296,0.22893897691467618,0.27702779554198553,0.8137573021085279,0.09407010393448155,0.49023415591724057
1.498,1.500,0,4.428286701751835,17.013201438852573,0.22857930404908627,0.27658671379175626,0.8137355998227176,0.09390805380610266,0.4902426299240792
1.500,1.502,0,4.436037395675315,17.06946673793474,0.22822046619654565,0.2761463419114187,0.8137139497804177,0.09374638257272548,0.4902510964107179
1.502,1.504,0,4.443797569864004,17.125899888361257,0.22786246077435335,0.2757066796546575,0.813692351803865,0.09358508914865343,0.49025955537311616
1.504,1.506,0,4.451567225465753,17.182501282635823,0.2275052852079729,0.2752677267702754,0.8136708057161818,0.0934241724518672,0.4902680068072224
1.506,1.508,0,4.4593463636262145,17.239271313679936,0.22714893693123514,0.2748294830019318,0.8136493113413097,0.09326363140399575,0.490276450709082
1.508,1.510,0,4.467134985488217,17.2962103748261,0.22679341338621833,0.27439194808828976,0.813627868504036,0.09310346493030794,0.49028488707478907
1.510,1.512,0,4.47493309219165,17.353318859819186,0.2264387120232541,0.2739551217629992,0.8136064770299891,0.09294367195969937,0.49029331590047687
1.512,1.514,0,4.482740684873663,17.410597162816615,0.22608483030093562,0.27351900375468174,0.8135851367456257,0.09278425142467392,0.49030173718233255
1.514,1.516,0,4.490557764668426,17.468045678385955,0.22573176568607406,0.273083593786985,0.8135638474782273,0.09262520226133521,0.49031015091657704
1.516,1.518,0,4.498384332707475,17.525664801509574,0.22537951565376374,0.2726488915784831,0.8135426090558949,0.09246652340936323,0.4903185570994944
1.518,1.520,0,4.5062203901193865,17.58345492757714,0.22502807768727476,0.2722148968428182,0.813521421307552,0.09230821381201093,0.4903269557274045
1.520,1.522,0,4.5140659380302885,17.641416452390537,0.22467744927812833,0.27178160928859474,0.8135002840629197,0.0921502724160815,0.49033534679670043
1.522,1.524,0,4.521920977563188,17.69954977216567,0.2243276279260773,0.2713490286193919,0.8134791971525277,0.09199269817191416,0.4903437303037992
1.524,1.526,0,4.529785509838489,17.757855283523135,0.22397861113901946,0.27091715453387955,0.8134581604077106,0.0918354900333786,0.490352106245179
1.526,1.528,0,4.537659535973932,17.816333383499956,0.22363039643312255,0.2704859867256431,0.8134371736605829,0.09167864695784915,0.4903604746173757
1.528,1.530,0,4.545543057084083,17.87498446953642,0.22328298133263638,0.2700555248834207,0.8134162367440738,0.09152216790620456,0.49036883541694193
1.530,1.532,0,4.553436074281383,17.933808939487744,0.2229363633700794,0.26962576869086385,0.8133953494918648,0.0913660518427994,0.4903771886405279
1.532,1.534,0,4.5613385886747935,17.992807191617146,0.22259054008607318,0.26919671782672994,0.8133745117384429,0.09121029773546027,0.49038553428477666
1.534,1.536,0,4.569250601371067,18.051979624595187,0.22224550902939658,0.2687683719648209,0.8133537233190562,0.09105490455547037,0.4903938723464204
1.536,1.538,0,4.577172113474207,18.111326637503538,0.2219012677569934,0.26834073077395987,0.8133329840697219,0.09089987127755199,0.49040220282224056
1.538,1.540,0,4.585103126085052,18.170848629831536,0.22155781383390058,0.26791379391807646,0.8133122938272318,0.09074519687985783,0.4904105257090347
1.540,1.542,0,4.593043640302127,18.230546001478782,0.22121514483330953,0.2674875610561246,0.8132916524291246,0.09059088034395116,0.4904188410036796
1.542,1.544,0,4.600993657220932,18.290419152747766,0.22087325833644247,0.26706203184223665,0.8132710597137109,0.0904369206548056,0.4904271487030783
1.544,1.546,0,4.608953177934561,18.350468484356487,0.2205321519327105,0.2666372059255083,0.813250515520033,0.09028331680077004,0.49043544880420675
1.546,1.548,0,4.61692220353321,18.410694397425317,0.2201918232195334,0.2662130829502312,0.8132300196878886,0.09013006777357647,0.49044374130407403
1.548,1.550,0,4.624900735104109,18.471097293483652,0.21985226980239836,0.2657896625558022,0.8132095720578262,0.08997717256831507,0.4904520261997198
1.550,1.552,0,4.632888773732389,18.53167757447062,0.2195134892949037,0.2653669443766739,0.813189172471105,0.08982463018342268,0.4904603034882763
1.552,1.554,0,4.6408863205001385,18.592435642729043,0.21917547931862966,0.26494492804250364,0.8131688207697367,0.08967243962067181,0.4904685731668991
1.554,1.556,0,4.648893376486535,18.65337190100978,0.21883823750318254,0.2645236131780926,0.8131485167964628,0.08952059988515815,0.49047683523277547
1.556,1.558,0,4.656909942768329,18.714486752472173,0.218501761486211,0.26410299940336335,0.8131282603947326,0.08936910998528286,0.49048508968315924
1.558,1.560,0,4.664936020419695,18.77578060068019,0.21816604891334485,0.26368308633342813,0.8131080514087242,0.0892179689327441,0.4904933365153609
1.560,1.562,0,4.672971610512211,18.83725384960664,0.2178310974382306,0.2632638735785427,0.8130878896833152,0.08906717574252108,0.4905015757267455
1.562,1.564,0,4.681016714113796,18.898906903625484,0.21749690472237773,0.262845360744287,0.8130677750641303,0.08891672943286971,0.49050980731465216
1.564,1.566,0,4.689071332291213,18.96074016752384,0.21716346843539916,0.26242754743126256,0.8130477073974517,0.08876662902529092,0.4905180312765795
1.566,1.568,0,4.697135466107653,19.02275404649024,0.21683078625475552,0.2620104332354089,0.8130276865302872,0.08861687354453791,0.4905262476100058
1.568,1.570,0,4.7052091166234815,19.084948946117926,0.21649885586581377,0.26159401774792157,0.8130077123103506,0.08846746201859655,0.4905344563124456
1.570,1.572,0,4.713292284897083,19.147325272409706,0.21616767496192454,0.2611783005551513,0.8129877845860248,0.0883183934786669,0.49054265738151004
1.572,1.574,0,4.72138497198374,19.20988343177091,0.21583724124427595,0.26076328123877995,0.8129679032063969,0.08816966695915714,0.4905508508148228
1.574,1.576,0,4.729487178936205,19.27262383101264,0.21550755242195102,0.26034895937574887,0.8129480680212331,0.08802128149767205,0.49055903661006506
1.576,1.578,0,4.737598906804787,19.33554687735285,0.21517860621191615,0.25993533453826023,0.8129282788809727,0.08787323613499125,0.4905672147649773
1.578,1.580,0,4.745720156636761,19.398652978410734,0.21485040033892763,0.25952240629389506,0.812908535636747,0.08772552991507288,0.49057538527731775
1.580,1.582,0,4.753850929477119,19.461942542213922,0.2145229325356268,0.2591101742054867,0.8128888381403431,0.08757816188502394,0.49058354814491745
1.582,1.584,0,4.761991226368272,19.525415977193422,0.21419620054245284,0.2586986378312228,0.8128691862442213,0.08743113109509915,0.49059170336565616
1.584,1.586,0,4.770141048349473,19.589073692183483,0.21387020210760677,0.2582877967246908,0.8128495798015137,0.08728443659868781,0.4905998509374215
1.586,1.588,0,4.778300396458362,19.652916096425972,0.21354493498714486,0.257877650434751,0.8128300186659873,0.08713807745229346,0.49060799085821843
1.588,1.590,0,4.786469271728657,19.71694359956063,0.21322039694476422,0.2574681985058027,0.8128105026921078,0.08699205271553784,0.4906161231260056
1.590,1.592,0,4.79464767519291,19.781156611640927,0.21289658575206596,0.2570594404774477,0.8127910317349356,0.08684636145112548,0.49062424773888813
1.592,1.594,0,4.802835607879884,19.84555554311603,0.21257349918824273,0.2566513758848771,0.8127716056502302,0.08670100272485659,0.49063236469493365
1.594,1.596,0,4.811033070816695,19.910140804841912,0.21225113504027332,0.2562440042586298,0.8127522242943596,0.08655597560559923,0.4906404739923226
1.596,1.598,0,4.819240065027317,19.97491280808085,0.21192949110282266,0.25583732512469715,0.812732887524346,0.08641127916527813,0.49064857562924064
1.598,1.600,0,4.827456591533251,20.039871964494548,0.21160856517820092,0.25543133800458684,0.8127135951978509,0.086266912478875,0.49065666960392834
1.600,1.602,0,4.8356826513533635,20.105018686149194,0.21128835507637708,0.25502604241529053,0.8126943471731655,0.08612287462440357,0.4906647559146655
1.602,1.604,0,4.8439182455041445,20.17035338551721,0.21096885861499912,0.25462143786925606,0.8126751433092047,0.08597916468290157,0.49067283455979327
1.604,1.606,0,4.852163374999584,20.235876475471677,0.21065007361931065,0.2542175238744903,0.8126559834655084,0.08583578173842261,0.49068090553770044
1.606,1.608,0,4.860418040850858,20.301588369289643,0.2103319979221553,0.2538142999345462,0.812636867502242,0.08569272487802318,0.490688968846804
1.608,1.610,0,4.868682244066692,20.36748948065062,0.21001462936395932,0.2534117655485414,0.8126177952801872,0.08554999319174848,0.49069702448557295
1.610,1.612,0,4.876955985653379,20.433580223639133,0.2096979657927371,0.2530099202111433,0.8125987666607377,0.08540758577262264,0.49070507245252976
1.612,1.614,0,4.885239266614983,20.4998610127426,0.2093820050640656,0.252608763412605,0.8125797815058835,0.0852655017166368,0.4907131127462624
1.614,1.616,0,4.893532087951917,20.566332262846306,0.20906674504095357,0.25220829463891625,0.8125608396782589,0.08512374012274385,0.4907211453653267
1.616,1.618,0,4.901834450663448,20.632994389246438,0.20875218359405537,0.2518085133715334,0.8125419410410586,0.08498230009283284,0.4907291703084197
1.618,1.620,0,4.910146355745595,20.699847807636523,0.20843831860143505,0.25140941908767656,0.8125230854580937,0.08484118073173283,0.49073718757423107
1.620,1.622,0,4.918467804191941,20.76689293411227,0.20812514794862882,0.25101101126024056,0.8125042727937781,0.08470038114719465,0.4907451971615027
1.622,1.624,0,4.926798796993474,20.83413018517549,0.207812669528651,0.2506132893577813,0.8124855029131131,0.08455990044987824,0.49075319906901343
1.624,1.626,0,4.935139335139383,20.901559977729903,0.20750088124197774,0.250216252844543,0.8124667756816688,0.08441973775334273,0.49076119329563583
1.626,1.628,0,4.943489419614993,20.96918272907664,0.20718978099639201,0.2498199011806377,0.8124480909656421,0.08427989217404502,0.49076917984019186
1.628,1.630,0,4.95184905140451,21.036998856926164,0.20687936670719545,0.24942423382178003,0.812429448631772,0.08414036283130909,0.4907771587016438
1.630,1.632,0,4.96021823148895,21.105008779387028,0.2065696362969934,0.2490292502195517,0.8124108485473982,0.08400114884733183,0.49078512987894807
1.632,1.634,0,4.968596960847137,21.17321291497259,0.20626058769578473,0.24863494982128795,0.8123922905804208,0.08386224934716519,0.49079309337112564
1.634,1.636,0,4.976985240455225,21.241611682595472,0.20595221884086615,0.24824133207019022,0.8123737745993235,0.08372366345870866,0.490801049177227
1.636,1.638,0,4.985383071286878,21.31020550157228,0.20564452767686625,0.24784839640527961,0.8123553004731562,0.0835853903126943,0.49080899729634603
1.638,1.640,0,4.9937904543137615,21.37899479162331,0.2053375121557427,0.24745614226139945,0.8123368680715198,0.08344742904267663,0.490816937727651
1.640,1.642,0,5.002207390504173,21.447979972866495,0.20503117023665188,0.2470645690693718,0.8123184772646073,0.08330977878503017,0.490824870470293
1.642,1.644,0,5.0106338808250355,21.517161465826355,0.20472549988608893,0.24667367625582257,0.812300127923132,0.0831724386789231,0.49083279552353726
1.644,1.646,0,5.0190699262401015,21.586539691427557,0.20442049907773885,0.24628346324335706,0.8122818199183927,0.083035407866321,0.4908407128866459
1.646,1.648,0,5.027515527710844,21.65611507099565,0.20411616579249942,0.24589392945053826,0.8122635531222258,0.08289868549197132,0.4908486225589329
1.648,1.650,0,5.035970686196646,21.725888026261607,0.20381249801850612,0.24550507429184146,0.8122453274070126,0.08276227070338772,0.4908565245397796
1.650,1.652,0,5.044435402654017,21.79585897935382,0.2035094937510124,0.24511689717780893,0.812227142645693,0.08262616265085015,0.49086441882857973
1.652,1.654,0,5.052909678037139,21.866028352804083,0.20320715099244227,0.2447293975149754,0.812208998711747,0.08249036048738664,0.49087230542477667
1.654,1.656,0,5.061393513298235,21.93639656955,0.20290546775240467,0.2443425747058492,0.8121908954791741,0.08235486336876068,0.4908801843278859
1.656,1.658,0,5.069886909386641,22.006964052926303,0.20260444204756187,0.2439564281490722,0.8121728328225338,0.08221967045347031,0.4908880555374351
1.658,1.660,0,5.078389867249092,22.077731226668952,0.20230407190165697,0.24357095723938596,0.8121548106169182,0.08208478090273365,0.49089591905298047
1.660,1.662,0,5.086902387830673,22.148698514920483,0.20200435534557137,0.24318616136755056,0.8121368287379281,0.0819501938804711,0.49090377487417
1.662,1.664,0,5.095424472073124,22.219866342220094,0.20170529041715823,0.24280203992055388,0.8121188870617216,0.08181590855331101,0.49091162300063146
1.664,1.666,0,5.1039561209168784,22.2912351335138,0.20140687516138522,0.24241859228142984,0.8121009854649485,0.08168192409056005,0.4909194634321062
1.666,1.668,0,5.112497335299568,22.362805314146133,0.20110910763018386,0.24203581782944408,0.8120831238247914,0.08154823966420977,0.4909272961683487
1.668,1.670,0,5.121048116155842,22.43457730986335,0.20081198588244925,0.24165371594008647,0.8120653020189691,0.08141485444892023,0.49093512120911625
1.670,1.672,0,5.129608464418528,22.506551546814563,0.20051550798407358,0.241272285985032,0.8120475199256988,0.08128176762200857,0.49094293855424304
1.672,1.674,0,5.138178381018451,22.578728451551036,0.20021967200791366,0.2408915273321786,0.8120297774237006,0.08114897836343853,0.49095074820362916
1.674,1.676,0,5.146757866883302,22.65110845102321,0.19992447603369834,0.2405114393457547,0.8120120743922294,0.08101648585581767,0.49095855015716533
1.676,1.678,0,5.155346922939188,22.723691972589105,0.19962991814813721,0.24013202138618395,0.811994410711017,0.08088428928437454,0.4909663444148336
1.678,1.680,0,5.163945550109182,22.79647944400173,0.1993359964447406,0.2397532728103089,0.811976786260325,0.08075238783696428,0.4909741309766118
1.680,1.682,0,5.1725537493143365,22.86947129341865,0.1990427090239147,0.23937519297126678,0.8119592009209035,0.08062078070404839,0.4909819098425398
1.682,1.684,0,5.181171521473513,22.94266794940159,0.19875005399292997,0.2389977812185244,0.8119416545739995,0.08048946707868539,0.4909896810127088
1.684,1.686,0,5.189798867502917,23.01606984090989,0.19845802946583066,0.2386210368979964,0.8119241471013594,0.08035844615652749,0.4909974444872277
1.686,1.688,0,5.198435788316654,23.08967739730838,0.19816663356349357,0.23824495935195802,0.8119066783852203,0.08022771713580355,0.49100520026626177
1.688,1.690,0,5.207082284826884,23.163491048364214,0.19787586441359284,0.23786954791909729,0.8118892483082948,0.08009727921731283,0.49101294835004083
1.690,1.692,0,5.215738357942429,23.23751122424068,0.19758572015047118,0.2374948019346661,0.8118718567538162,0.07996713160442113,0.4910206887387686
1.692,1.694,0,5.22440400857089,23.31173835550983,0.19729619891529954,0.23712072073028115,0.8118545036054656,0.0798372735030382,0.4910284214327584
1.694,1.696,0,5.233079237616691,23.386172873139998,0.1970072988558839,0.23674730363416185,0.8118371887474352,0.07970770412162212,0.49103614643230753
1.696,1.698,0,5.24176404598308,23.460815208508627,0.1967190181268202,0.2363745499709352,0.8118199120643612,0.07957842267115635,0.49104386373782616
1.698,1.700,0,5.25045843456956,23.535665793385803,0.19643135488924432,0.23600245906194559,0.8118026734413987,0.07944942836515673,0.4910515733496689
1.700,1.702,0,5.259162404274579,23.610725059952742,0.196144307311057,0.2356310302249692,0.8117854727641391,0.07932072041964297,0.4910592752683103
1.702,1.704,0,5.267875955993764,23.68599344078813,0.1958578735667299,0.23526026277445744,0.811768309918662,0.0791922980531453,0.49106696949422884
1.704,1.706,0,5.2765990906204685,23.761471368871035,0.1955720518373263,0.23489015602150834,0.8117511847915159,0.07906416048669045,0.4910746560279423
1.706,1.708,0,5.285331809045976,23.837159277587663,0.19528684031053764,0.2345207092738141,0.8117340972697066,0.07893630694378523,0.49108233487002056
1.708,1.710,0,5.294074112159307,23.913057600723604,0.19500223718059842,0.23415192183577194,0.8117170472407053,0.07880873665041725,0.49109000602107306
1.710,1.712,0,5.302826000846851,23.989166772465595,0.19471824064825596,0.2337837930085121,0.8117000345924544,0.07868144883504279,0.4910976694817222
1.712,1.714,0,5.3115874759932495,24.06548722740498,0.194434848920818,0.23341632208984398,0.8116830592133392,0.07855444272857365,0.49110532525266326
1.714,1.716,0,5.320358538480702,24.142019400534995,0.19415206021207612,0.23304950837434327,0.8116661209922071,0.07842771756437182,0.49111297333461673
1.716,1.718,0,5.329139189189377,24.218763727252405,0.1938698727423149,0.23268335115334352,0.8116492198183471,0.07830127257823889,0.4911206137283543
1.718,1.720,0,5.3379294289909,24.29571465452895,0.19358822203792161,0.23231790698095708,0.8116323555815331,0.07817510700841322,0.4911282464346311
1.720,1.722,0,5.346729258766592,24.372878162329236,0.19330716498695016,0.23195312156990763,0.8116155281719384,0.07804922009554828,0.49113587145432913
1.722,1.724,0,5.355538679389741,24.4502551288787,0.19302670446932893,0.23158898996307895,0.8115987374802196,0.07792361108271635,0.4911434887882968
1.724,1.726,0,5.364357691731611,24.527845991321257,0.19274683872731393,0.23122551144180664,0.8115819833974545,0.07779827921539062,0.49115109843745886
1.726,1.728,0,5.373186296660688,24.605651187197118,0.1924675660094791,0.2308626852844131,0.8115652658151825,0.0776732237414461,0.4911587004027404
1.728,1.730,0,5.382024495044114,24.683671154457105,0.19218888457085756,0.23050051076603048,0.8115485846253525,0.0775484439111365,0.4911662946851604
1.730,1.732,0,5.390872287746016,24.76190633144629,0.19191079267273453,0.23013898715885703,0.811531939720377,0.07742393897710143,0.4911738812857224
1.732,1.734,0,5.399729675628173,24.840354374577405,0.19163327514615763,0.22977813946920936,0.8115153309930762,0.07729970819434491,0.4911814602055182
1.734,1.736,0,5.4085966595490405,24.919011787346626,0.19135631152016305,0.22941800283268887,0.811498758336724,0.07717575082023555,0.49118903144562853
1.736,1.738,0,5.417473240368739,24.997885725994564,0.19107993265233947,0.22905851409316122,0.8114822216450152,0.07705206611449246,0.4911965950071845
1.738,1.740,0,5.426359418943422,25.076976630617846,0.19080413682700773,0.22869967251565934,0.8114657208120614,0.07692865333917956,0.49120415089138747
1.740,1.742,0,5.435255196126083,25.156284941715512,0.19052892233469174,0.22834147736232038,0.8114492557324176,0.07680551175869473,0.4912116990994127
1.742,1.744,0,5.444160572768574,25.23581110018924,0.19025428747217496,0.22798392789232236,0.8114328263010401,0.0766826406397628,0.4912192396325361
1.744,1.746,0,5.453075549720342,25.315555547343134,0.18998023054243096,0.22762702336196403,0.8114164324133101,0.07656003925142546,0.4912267724920556
1.746,1.748,0,5.462000127828,25.39551872488013,0.18970674985455893,0.22727076302474325,0.8114000739650422,0.07643770686503912,0.4912342976792622
1.748,1.750,0,5.470934307936642,25.475701074909445,0.18943384372386127,0.2269151461312582,0.8113837508524506,0.0763156427542561,0.49124181519552246
1.750,1.752,0,5.479878090889378,25.556103039943544,0.18916151047178403,0.2265601719292811,0.8113674629721561,0.07619384619502254,0.4912493250422492
1.752,1.754,0,5.488831477526667,25.636725062894218,0.18888974842584325,0.226205839663846,0.8113512102212067,0.07607231646557047,0.4912568272208589
1.754,1.756,0,5.4977944686871005,25.71756758707764,0.1886185559196678,0.22585214857719568,0.8113349924970502,0.07595105284640799,0.4912643217328209
1.756,1.758,0,5.506767065207324,25.798631056211228,0.18834793129294813,0.225499097908842,0.8113188096975387,0.07583005462031121,0.49127180857965
1.758,1.760,0,5.515748615103255,25.879912475442804,0.18807781789799333,0.225146754777256,0.811302661720937,0.07570932107231437,0.4912792877628609
1.760,1.762,0,5.524739544173674,25.961414513372812,0.18780825026153206,0.2247950737376233,0.8112865484659031,0.07558885148970633,0.49128675928404575
1.762,1.764,0,5.533740084149511,26.043138829209013,0.18753924624490498,0.22444402994312854,0.811270469831501,0.0754686451620166,0.4912942231448007
1.764,1.766,0,5.542750235854978,26.12508586837793,0.18727080420724296,0.22409362262836374,0.811254425717168,0.07534870138100674,0.49130167934681546
1.766,1.768,0,5.551770000110184,26.207256076698144,0.18700292251352288,0.22374385102544958,0.8112384160227957,0.07522901944067752,0.491309127891694
1.768,1.770,0,5.560799377735173,26.289649900406978,0.1867355995348648,0.22339471436366976,0.8112224406486026,0.07510959863723336,0.4913165687812017
1.770,1.772,0,5.56983836954695,26.372267786132632,0.1864688336482246,0.22304621186985255,0.8112064994952363,0.07499043826910032,0.4913240020170839
1.772,1.774,0,5.578886382706627,26.45510713681773,0.1862025899826808,0.22269838373707276,0.8111905924637194,0.07487153763690312,0.4913314276011224
1.774,1.776,0,5.5879432633458395,26.538167590125045,0.18593685857758496,0.22235123945054672,0.8111747194554737,0.07475289604346275,0.491338845535131
1.776,1.778,0,5.597009765378361,26.621453449278086,0.1856716801317506,0.22200472610176025,0.8111588803722947,0.07463451279378651,0.4913462558209672
1.778,1.780,0,5.606085889603146,26.70496516261293,0.1854070530408798,0.22165884291348373,0.8111430751163714,0.07451638719506352,0.4913536584605005
1.780,1.782,0,5.615171636817747,26.788703178873597,0.18514297570659755,0.22131358910591548,0.8111273035902599,0.07439851855665024,0.49136105345568043
1.782,1.784,0,5.624267007817005,26.872667947205706,0.18487944653634228,0.2209689638968162,0.8111115656969059,0.07428090619006872,0.491368440808454
1.784,1.786,0,5.633372003393628,26.956859917156276,0.18461646394336223,0.2206249665015133,0.8110958613396326,0.07416354940899736,0.4913758205207997
1.786,1.788,0,5.6424866243381775,27.041279538676033,0.18435402634670817,0.22028159613290496,0.8110801904221435,0.07404644752926383,0.4913831925947287
1.788,1.790,0,5.651610871440043,27.125927262122858,0.18409213217126708,0.21993885200142177,0.8110645528484877,0.07392959986882987,0.49139055703234086
1.790,1.792,0,5.660744745485241,27.210803538254034,0.18383077984761373,0.2195967333152012,0.8110489485231176,0.07381300574779674,0.4913979138356922
1.792,1.794,0,5.669888247257994,27.29590881823106,0.18356996781207482,0.21925523928001076,0.8110333773508512,0.07369666448838892,0.49140526300688997
1.794,1.796,0,5.6790413775413215,27.381243553620923,0.18330969450673518,0.2189143690992421,0.8110178392368496,0.07358057541494531,0.49141260454812674
1.796,1.798,0,5.688204137115463,27.466808196393732,0.1830499583793468,0.21857412197401463,0.8110023340866577,0.0734647378539166,0.4914199384615863
1.798,1.800,0,5.697376526758174,27.552603198922103,0.18279075788331164,0.21823449710319684,0.8109868618061924,0.07334915113385634,0.4914272647494593
1.800,1.802,0,5.706558547246266,27.63862901398775,0.1825320914777548,0.21789549368331737,0.810971422301705,0.07323381458540885,0.49143458341403634
1.802,1.804,0,5.715750199353228,27.724886094766074,0.1822739576273274,0.21755711090880478,0.8109560154798456,0.07311872754131409,0.49144189445756475
1.804,1.806,0,5.724951483851661,27.811374894850886,0.18201635480241687,0.21721934797172432,0.8109406412475794,0.07300388933637943,0.4914491978823934
1.806,1.808,0,5.734162401511225,27.89809586822954,0.18175928147890583,0.2168822040620771,0.8109252995122607,0.07288929930749466,0.4914564936908498
1.808,1.810,0,5.743382953100469,27.985049469300474,0.18150273613831497,0.21654567836761912,0.8109099901815732,0.07277495679360783,0.491463781885348
1.810,1.812,0,5.752613139384539,28.07223615285986,0.18124671726763025,0.2162097700740755,0.8108947131635846,0.07266086113573078,0.4914710624682526
1.812,1.814,0,5.76185296112844,28.159656374117873,0.18099122335948167,0.21587447836491655,0.8108794683666704,0.07254701167691723,0.4914783354420721
1.814,1.816,0,5.771102419093277,28.247310588683412,0.18073625291190706,0.21553980242164464,0.8108642556995957,0.0724334077622694,0.4914856008092341
1.816,1.818,0,5.780361514039191,28.335199252569826,0.18048180442846498,0.21520574142366136,0.8108490750714539,0.07232004873892499,0.49149285857226005
1.818,1.820,0,5.789630246724301,28.423322822200923,0.18022787641820803,0.214872294548289,0.8108339263916794,0.07220693395604572,0.4915001087337015
1.820,1.822,0,5.798908617904254,28.511681754401536,0.1799744673955959,0.21453946097088278,0.8108188095700617,0.07209406276481907,0.49150735129611284
1.822,1.824,0,5.808196628333417,28.600276506405766,0.1797215758805589,0.21420723986474813,0.8108037245167179,0.0719814345184403,0.49151458626212247
1.824,1.826,0,5.817494278763219,28.68910753584752,0.17946920039836717,0.21387563040130128,0.8107886711421254,0.07186904857211898,0.4915218136343318
1.826,1.828,0,5.826801569943798,28.77817530077103,0.17921733947972562,0.2135446317499494,0.8107736493570858,0.07175690428305792,0.49152903341541526
1.828,1.830,0,5.8361185026231714,28.86748025962696,0.17896599166069954,0.21321424307817952,0.8107586590727389,0.07164500101045401,0.49153624560806797
1.830,1.832,0,5.845445077547274,28.957022871268293,0.17871515548267697,0.2128844635516096,0.810743700200561,0.0715333381154914,0.49154345021500906
1.832,1.834,0,5.854781295460358,29.046803594958366,0.1784648294923978,0.21255529233394047,0.8107287726523585,0.07142191496132883,0.49155064723900393
1.834,1.836,0,5.864127157104346,29.1368228903642,0.1782150122418816,0.21222672858705122,0.810713876340277,0.07131073091309899,0.491557836682827
1.836,1.838,0,5.873482663219478,29.22708121756027,0.1779657022884437,0.21189877147097574,0.8106990111767827,0.07119978533789684,0.4915650185492967
1.838,1.840,0,5.882847814543715,29.317579037025972,0.17771689819464326,0.21157142014396307,0.8106841770746818,0.07108907760477667,0.49157219284124315
1.840,1.842,0,5.892222611813755,29.40831680965154,0.17746859852832572,0.21124467376242487,0.8106693739470897,0.07097860708474056,0.49157935956156446
1.842,1.844,0,5.901607055763634,29.499294996730015,0.17722080186251613,0.21091853148106562,0.8106546017074652,0.07086837315073605,0.49158651871314746
1.844,1.846,0,5.911001147125998,29.590514059964086,0.17697350677546836,0.21059299245281804,0.810639860269574,0.07075837517764601,0.4915936702989362
1.846,1.848,0,5.920404886630862,29.681974461460886,0.17672671185058628,0.21026805582894045,0.810625149547523,0.07064861254228452,0.49160081432186525
1.848,1.850,0,5.929818275007181,29.773676663737444,0.17648041567647527,0.2099437207589518,0.8106104694557186,0.07053908462338601,0.4916079507849464
1.850,1.852,0,5.939241312981913,29.865621129720274,0.17623461684689254,0.20961998639068818,0.8105958199088897,0.07042979080160043,0.49161507969121654
1.852,1.854,0,5.9486740012788,29.9578083227334,0.1759893139606231,0.2092968518704584,0.8105812008221103,0.07032073045949483,0.4916222010436641
1.854,1.856,0,5.958116340621799,30.0502387065235,0.17574450562169872,0.20897431634276706,0.81056661211072,0.07021190298152628,0.49162931484542793
1.856,1.858,0,5.967568331731533,30.14291274523656,0.17550019043914608,0.20865237895062694,0.8105520536904071,0.07010330775405607,0.49163642109959316
1.858,1.860,0,5.977029975326804,30.235830903423565,0.1752563670270402,0.2083310388354917,0.8105375254771714,0.06999494416533435,0.4916435198092757
1.860,1.862,0,5.986501272125085,30.32899364605101,0.17501303400455587,0.20801029513718625,0.8105230273873104,0.06988681160549136,0.49165061097765206
1.862,1.864,0,5.995982222841528,30.422401438489434,0.17477018999585578,0.2076901469940478,0.810508559337438,0.06977890946653431,0.4916576946079006
1.864,1.866,0,6.005472828190114,30.5160547465219,0.17452783363014934,0.2073705935428484,0.8104941212444633,0.06967123714233664,0.49166477070326703
1.866,1.868,0,6.014973088882053,30.609954036336507,0.1742859635415862,0.20705163391892525,0.8104797130256195,0.0695637940286387,0.49167183926697405
1.868,1.870,0,6.024483005627041,30.704099774530626,0.17404457836929244,0.20673326725613356,0.8104653345984393,0.06945657952303647,0.4916789003022903
1.870,1.872,0,6.0340025791331025,30.79849242810866,0.1738036767573377,0.2064154926868886,0.8104509858807543,0.06934959302497441,0.4916859538125221
1.872,1.874,0,6.0435318101061855,30.89313246448973,0.1735632573547397,0.20609830934215148,0.8104366667906974,0.06924283393574043,0.49169299980098996
1.874,1.876,0,6.053070699250595,30.988020351499728,0.17332331881541704,0.20578171635148979,0.8104223772467051,0.06913630165845697,0.4917000382710534
1.876,1.878,0,6.062619247268807,31.083156557373044,0.17308385979817326,0.2054657128430977,0.8104081171675059,0.06902999559808011,0.49170706922609814
1.878,1.880,0,6.0721774548615,31.178541550754968,0.17284487896668668,0.2051502979438005,0.8103938864721294,0.06892391516138702,0.4917140926695387
1.880,1.882,0,6.081745322726861,31.274175800697346,0.17260637498945072,0.20483547077912911,0.8103796850799145,0.06881805975697554,0.49172110860477863
1.882,1.884,0,6.091322851562353,31.37005977666729,0.17236834653985067,0.20452123047322604,0.8103655129104677,0.06871242879525068,0.49172811703530955
1.884,1.886,0,6.100910042062917,31.466193948537097,0.1721307922960367,0.20420757614899562,0.8103513698837078,0.06860702168842579,0.4917351179646096
1.886,1.888,0,6.11050689492191,31.56257878659627,0.17189371094099273,0.20389450692801658,0.8103372559198337,0.06850183785050717,0.4917421113961948
1.888,1.890,0,6.120113410830841,31.65921476153385,0.17165710116242383,0.2035820219306864,0.8103231709393457,0.0683968766973019,0.4917490973336057
1.890,1.892,0,6.129729590479631,31.75610234446293,0.17142096165286108,0.20327012027607805,0.8103091148630179,0.06829213764639248,0.49175607578041985
1.892,1.894,0,6.139355434555562,31.85324200689226,0.1711852911094738,0.20295880108218142,0.8102950876119349,0.06818762011715203,0.4917630467401924
1.894,1.896,0,6.148990943745031,31.95063422075621,0.17095008823424737,0.20264806346566988,0.8102810891074487,0.06808332353071778,0.49177001021655625
1.896,1.898,0,6.15863611873316,32.04827945839223,0.17071535173384206,0.20233790654208714,0.8102671192711821,0.06797924730999788,0.49177696621319544
1.898,1.900,0,6.168290960201521,32.146178192545804,0.1704810803195319,0.20202832942590587,0.810253178025082,0.06787539087966481,0.4917839147337224
1.900,1.902,0,6.17795546883161,32.24433089638384,0.17024727270734896,0.20171933123035468,0.8102392652913368,0.0677717536661391,0.49179085578186765
1.902,1.904,0,6.187629645302229,32.34273804347781,0.170013927617909,0.20141091106763062,0.8102253809924377,0.06766833509759515,0.4917977893613356
1.904,1.906,0,6.197313490290698,32.44140010781023,0.16978104377645709,0.20110306804884137,0.8102115250511486,0.06756513460395067,0.4918047154758701
1.906,1.908,0,6.20700700447269,32.54031756378101,0.16954861991287323,0.2007958012839907,0.8101976973905111,0.06746215161685519,0.49181163412924706
1.908,1.910,0,6.216710188521964,32.63949088619965,0.1693166547616099,0.2004891098820605,0.8101838979338399,0.06735938556969212,0.4918185453252563
1.910,1.912,0,6.22642304311083,32.73892055028463,0.1690851470616805,0.20018299295101974,0.810170126604727,0.06725683589757013,0.4918254490677282
1.912,1.914,0,6.236145568909294,32.838607031671756,0.16885409555665903,0.19987744959781936,0.8101563833270435,0.06715450203731549,0.49183234536048753
1.914,1.916,0,6.245877766585829,32.93855080640642,0.16862349899464227,0.19957247892844054,0.8101426680249315,0.06705238342746686,0.49183923420739295
1.916,1.918,0,6.255619636807942,33.03875235094777,0.1683933561282702,0.1992680800478688,0.8101289806227902,0.06695047950827016,0.4918461156123695
1.918,1.920,0,6.265371180240212,33.13921214216612,0.16816366571463606,0.1989642520601967,0.8101153210453089,0.06684878972167237,0.49185298957929924
1.920,1.922,0,6.275132397546627,33.2399306573498,0.16793442651536794,0.1986609940685252,0.8101016892174253,0.06674731351131362,0.49185985611215055
1.922,1.924,0,6.284903289388593,33.340908374195294,0.16770563729650448,0.1983583051751115,0.8100880850643634,0.06664605032252577,0.49186671521486663
1.924,1.926,0,6.294683856426599,33.44214577081786,0.16747729682857618,0.1980561844812704,0.8100745085115917,0.06654499960231991,0.4918735668914578
1.926,1.928,0,6.304474099318537,33.54364332573784,0.16724940388647402,0.1977546310875306,0.81006095948487,0.0664441607993902,0.49188041114590875
1.928,1.930,0,6.314274018721178,33.645401517897845,0.16702195724955063,0.19745364409350727,0.8100474379102021,0.0663435333640979,0.49188724798225847
1.930,1.932,0,6.32408361528951,33.74742082665132,0.16679495570153208,0.1971532225980105,0.8100339437138587,0.06624311674847082,0.49189407740456403
1.932,1.934,0,6.333902889677142,33.849701731765556,0.16656839803052342,0.19685336569903586,0.8100204768223661,0.06614291040619831,0.4919008994169217
1.934,1.936,0,6.343731842535307,33.952244713419745,0.1663422830289543,0.19655407249382595,0.8100070371625271,0.06604291379262342,0.49190771402341354
1.936,1.938,0,6.3535704745143065,34.05505025221366,0.1661166094936376,0.19625534207879802,0.8099936246613803,0.06594312636473586,0.4919145212281829
1.938,1.940,0,6.363418786262131,34.1581188291585,0.16589137622567554,0.19595717354965556,0.809980239246241,0.06584354758117097,0.4919213210353632
1.940,1.942,0,6.373276778425712,34.26145092567987,0.16566658203048443,0.19565956600135767,0.8099668808446667,0.06574417690219904,0.49192811344914045
1.942,1.944,0,6.38314445164962,34.36504702361527,0.16544222571773443,0.19536251852818923,0.8099535493844847,0.06564501378972523,0.4919348984736867
1.944,1.946,0,6.393021806577669,34.46890760522446,0.16521830610141758,0.1950660302236738,0.8099402447937557,0.06554605770727685,0.49194167611324413
1.946,1.948,0,6.402908843851353,34.57303315318154,0.1649948219997507,0.1947701001806885,0.8099269670008049,0.06544730812000167,0.49194844637203966
1.948,1.950,0,6.41280556411049,34.67742415056639,0.16477177223514405,0.1944747274915072,0.8099137159342191,0.06534876449466857,0.4919552092543223
1.950,1.952,0,6.422711967993824,34.7820810808862,0.16454915563428632,0.19417991124768558,0.809900491522813,0.06525042629964801,0.49196196476439147
1.952,1.954,0,6.43262805613818,34.88700442806252,0.16432697102804905,0.19388565054017734,0.8098872936956589,0.06515229300491539,0.491968712906553
1.954,1.956,0,6.442553829178141,34.99219467642301,0.1641052172514279,0.19359194445940794,0.8098741223820949,0.06505436408205045,0.49197545368510176
1.956,1.958,0,6.452489287747742,35.09765231072509,0.16388389314366963,0.1932987920951116,0.809860977511676,0.06495663900421836,0.49198218710441194
1.958,1.960,0,6.462434432479115,35.20337781613585,0.16366299754813152,0.19300619253650395,0.8098478590142134,0.06485911724617362,0.491988913168863
1.960,1.962,0,6.472389264001926,35.30937167823606,0.16344252931226322,0.19271414487229674,0.8098347668197803,0.06476179828425624,0.4919956318828093
1.962,1.964,0,6.482353782945102,35.41563438302739,0.163222487287674,0.19242264819061997,0.8098217008586739,0.06466468159637838,0.4920023432506744
1.964,1.966,0,6.492327989936324,35.52216641693249,0.16300287033009214,0.19213170157906254,0.8098086610614242,0.06456776666202295,0.4920090472769194
1.966,1.968,0,6.50231188560056,35.628968266782316,0.16278367729926174,0.19184130412479852,0.80979564735883,0.06447105296224152,0.4920157439659687
1.968,1.970,0,6.5123054705613495,35.73604041982771,0.1625649070590048,0.1915514549145072,0.8097826596819233,0.06437453997964648,0.49202243332227535
1.970,1.972,0,6.522308745442035,35.843383363743904,0.16234655847725585,0.19126215303433053,0.8097696979619459,0.06427822719839822,0.49202911535038585
1.972,1.974,0,6.532321710862685,35.95099758661687,0.16212863042590647,0.19097339757005463,0.8097567621304155,0.06418211410421508,0.49203579005477927
1.974,1.976,0,6.542344367442594,36.05888357695023,0.16191112178088266,0.19068518760702077,0.8097438521190647,0.06408620018435476,0.492042457439995
1.976,1.978,0,6.55237671579896,36.167041823666864,0.1616940314221004,0.19039752223016804,0.8097309678598783,0.0639904849276179,0.49204911751056757
1.978,1.980,0,6.562418756548744,36.275472816111545,0.1614773582335052,0.1901104005239894,0.809718109285045,0.06389496782433296,0.49205577027111946
1.980,1.982,0,6.572470490306072,36.38417704404676,0.16126110110297293,0.1898238215726435,0.8097052763270103,0.06379964836636039,0.4920624157262274
1.982,1.984,0,6.582531917683462,36.49315499764602,0.16104525892229554,0.18953778445997377,0.8096924689184598,0.06370452604708594,0.4920690538804849
1.984,1.986,0,6.592603039292661,36.602407167508154,0.16082983058724493,0.18925228826942683,0.8096796869922896,0.06360960036141049,0.49207568473854557
1.986,1.988,0,6.6026838557435,36.7119340446527,0.1606148149975061,0.18896733208412717,0.8096669304816332,0.06351487080574783,0.49208230830506366
1.988,1.990,0,6.612774367643954,36.821736120511574,0.16040021105663108,0.18868291498693535,0.8096541993198635,0.06342033687802252,0.4920889245846971
1.990,1.992,0,6.622874575601227,36.93181388694288,0.16018601767210303,0.1883990360603652,0.8096414934405605,0.06332599807765708,0.4920955335821621
1.992,1.994,0,6.632984480220403,37.042167836222546,0.15997223375525152,0.18811569438668105,0.8096288127775455,0.06323185390557391,0.4921021353021641
1.994,1.996,0,6.643104082104816,37.152798461041776,0.15975885822123567,0.18783288904791814,0.8096161572648735,0.06313790386418955,0.4921087297494161
1.996,1.998,0,6.653233381857059,37.26370625451429,0.15954588998908337,0.18755061912583418,0.8096035268368051,0.06304414745740651,0.4921153169286901
1.998,2,0,6.663372380077244,37.374891710176236,0.159333327981627,0.18726888370197553,0.8095909214278447,0.06295058419060885,0.49212189684472796
