region,re_lo,re_hi,im_lo,im_hi,depth,abs_log_tau_prime_lo,abs_log_tau_prime_hi,abs_log_C_infinity_prime_lo,abs_log_C_infinity_prime_hi,relative_C_error_lo,relative_C_error_hi,abs_C_infinity_lo,abs_C_infinity_hi,q_lo,q_hi,disk_margin_lo,disk_margin_hi
complex,0.149,0.1495,-0.001,-0.0005,2,0.7736730430068022,1.096562539546231,-5e-324,94.64663368282599,2.3422905774966603e-07,2.3422905774966608e-07,2.8864648553410506,4.850734248060168,0.8961114561559284,0.8961114561559286,0.47996971507940767,0.4799697150794078
complex,0.149,0.1495,-0.0005,0.000,2,0.7736527973748125,1.0962331227710704,-5e-324,93.91476613845956,2.3396827689896834e-07,2.339682768989684e-07,2.888501684819046,4.8484193648808525,0.8960682745662851,0.8960682745662853,0.4799711340850137,0.4799711340850138
complex,0.1495,0.150,-0.001,-0.0005,2,0.7765248126414541,1.097120366053322,-5e-324,92.88683855582036,2.2632762394929057e-07,2.2632762394929062e-07,2.8894960880552114,4.843000195753787,0.8959355390560495,0.8959355390560497,0.48001827379996187,0.480018273799962
complex,0.1495,0.150,-0.0005,0.000,2,0.7765047628070515,1.0967949521670304,-5e-324,92.16974194244982,2.260771568258909e-07,2.2607715682589096e-07,2.891522644108573,4.840697244155728,0.895892907947561,0.8958929079475613,0.48001981153052625,0.48001981153052636
complex,0.149,0.1495,0.000,0.0005,2,0.7736527973748125,1.0962331227710704,-5e-324,93.8945224348757,2.339530583758281e-07,2.3395305837582815e-07,2.888468125016509,4.8480476710015,0.8960682745662851,0.8960682745662853,0.4799711340850137,0.4799711340850138
complex,0.149,0.1495,0.0005,0.001,2,0.7736730430068022,1.096562539546231,-5e-324,94.59749201147028,2.3420065386409082e-07,2.3420065386409087e-07,2.8864855768785036,4.850180840260366,0.8961114561559284,0.8961114561559286,0.47996971507940767,0.4799697150794078
complex,0.1495,0.150,0.000,0.0005,2,0.7765047628070515,1.0967949521670304,-5e-324,92.15094054326883,2.2606250363107962e-07,2.2606250363107968e-07,2.8914903084999146,4.840329364755807,0.895892907947561,0.8958929079475613,0.48001981153052625,0.48001981153052636
complex,0.1495,0.150,0.0005,0.001,2,0.7765248126414541,1.097120366053322,-5e-324,92.8404984924162,2.2630057244714154e-07,2.263005724471416e-07,2.889517742362712,4.842457632542651,0.8959355390560495,0.8959355390560497,0.48001827379996187,0.480018273799962
complex,0.150,0.1505,-0.001,-0.0005,2,0.77935589713896,1.0976845492512035,-5e-324,91.17431836188294,2.18717637419717e-07,2.1871763741971705e-07,2.8924893914435374,4.835348943990273,0.8957600374331998,0.8957600374332,0.48006660017581015,0.48006660017581027
complex,0.150,0.1505,-0.0005,0.000,2,0.7793360404388507,1.0973630810757387,-5e-324,90.47158651712131,2.1847703938894711e-07,2.1847703938894717e-07,2.894505772391589,4.833057814692648,0.895717952659886,0.8957179526598862,0.48006825489722155,0.48006825489722166
complex,0.1505,0.151,-0.001,-0.0005,2,0.7821664781071304,1.0982548799529488,-5e-324,89.50748180430564,2.113874555680687e-07,2.1138745556806876e-07,2.895445310267723,4.827779246488307,0.8955849511090084,0.8955849511090086,0.4801146957681129,0.480114695768113
complex,0.1505,0.151,-0.0005,0.000,2,0.7821468119154206,1.0979373013071665,-5e-324,88.8187170462361,2.1115630270711237e-07,2.1115630270711242e-07,2.89745161313094,4.825499831743135,0.8955434085536291,0.8955434085536293,0.48011646577162514,0.48011646577162526
complex,0.150,0.1505,0.000,0.0005,2,0.7793360404388507,1.0973630810757387,-5e-324,90.45417337413535,2.184629300349572e-07,2.1846293003495726e-07,2.8944746251352598,4.832693689148976,0.895717952659886,0.8957179526598862,0.48006825489722155,0.48006825489722166
complex,0.150,0.1505,0.0005,0.001,2,0.77935589713896,1.0976845492512035,-5e-324,91.13068912428356,2.1869187006318603e-07,2.1869187006318608e-07,2.892511940972902,4.834816977817459,0.8957600374331998,0.8957600374332,0.48006660017581015,0.48006660017581027
complex,0.1505,0.151,0.000,0.0005,2,0.7821468119154206,1.0979373013071665,-5e-324,88.80264397575577,2.1114271651663285e-07,2.111427165166329e-07,2.8974216194440623,4.825139400940051,0.8955434085536291,0.8955434085536293,0.48011646577162514,0.48011646577162526
complex,0.1505,0.151,0.0005,0.001,2,0.7821664781071304,1.0982548799529488,-5e-324,89.46647420891712,2.1136290775155906e-07,2.1136290775155912e-07,2.895468718642458,4.82725763628049,0.8955849511090084,0.8955849511090086,0.4801146957681129,0.480114695768113
complex,0.151,0.1515,-0.001,-0.0005,2,0.7849567352825851,1.0988311529954105,-5e-324,87.88480115117731,2.0432593583121228e-07,2.0432593583121233e-07,2.898364381991878,4.820289880004582,0.8954102798887292,0.8954102798887295,0.4801625621264709,0.480162562126471
complex,0.151,0.1515,-0.0005,0.000,2,0.7849372570105947,1.0985174086729597,-5e-324,87.20961806738153,2.0410382389393595e-07,2.04103823893936e-07,2.9003607025119917,4.8180220735652695,0.8953692754626242,0.8953692754626245,0.4801644457284,0.4801644457284001
complex,0.1515,0.152,-0.001,-0.0005,2,0.7877268465398929,1.0994131671800678,-5e-324,86.30480931569352,1.975224127248742e-07,1.9752241272487425e-07,2.9012471368558277,4.812879643881742,0.8952360235614442,0.8952360235614444,0.48021020078917376,0.48021020078917387
complex,0.1515,0.152,-0.0005,0.000,2,0.787707553636423,1.0991032029271934,-5e-324,85.64283434687404,1.973089561617705e-07,1.9730895616177054e-07,2.9032335695177407,4.810623340969476,0.895195553204388,0.8951955532043883,0.480212196330383,0.4802121963303831
complex,0.151,0.1515,0.000,0.0005,2,0.7849372570105947,1.0985174086729597,-5e-324,87.19483847580149,2.040907409716434e-07,2.0409074097164347e-07,2.9003318286371367,4.817665279847943,0.8953692754626242,0.8953692754626245,0.4801644457284,0.4801644457284001
complex,0.151,0.1515,0.0005,0.001,2,0.7849567352825851,1.0988311529954105,-5e-324,87.84632765129125,2.0430254637841408e-07,2.0430254637841413e-07,2.8983886139706154,4.819778390977792,0.8954102798887292,0.8954102798887295,0.4801625621264709,0.480162562126471
complex,0.1515,0.152,0.000,0.0005,2,0.787707553636423,1.0991032029271934,-5e-324,85.62930317789626,1.9729635736680655e-07,1.972963573668066e-07,2.903205782690811,4.810270128098526,0.895195553204388,0.8951955532043883,0.480212196330383,0.4802121963303831
complex,0.1515,0.152,0.0005,0.001,2,0.7877268465398929,1.0994131671800678,-5e-324,86.26878403198316,1.975001236976743e-07,1.9750012369767434e-07,2.9012721582969654,4.812378047359538,0.8952360235614442,0.8952360235614444,0.48021020078917376,0.48021020078917387
complex,0.152,0.1525,-0.001,-0.0005,2,0.7904769879019677,1.100000725212947,-5e-324,84.76609708767785,1.9096667601651458e-07,1.9096667601651464e-07,2.904094097948534,4.805547359606689,0.8950621819003822,0.8950621819003824,0.4802576132829786,0.4802576132829787
complex,0.152,0.1525,-0.0005,0.000,2,0.7904578778531917,1.0996944877075414,-5e-324,84.1169681263537,1.9076150704555143e-07,1.9076150704555148e-07,2.906070736001109,4.803302456878467,0.8950222415803963,0.8950222415803966,0.4802597191285735,0.4802597191285736
complex,0.1525,0.153,-0.001,-0.0005,2,0.7932073335512465,1.1005936336447733,-5e-324,83.2973019503203,1.846489499545429e-07,1.8464894995454295e-07,2.906905781285602,4.798291870370197,0.8948887546631591,0.8948887546631593,0.48030480112342744,0.48030480112342755
complex,0.1525,0.153,-0.0005,0.000,2,0.7931884038802589,1.100291070476395,-5e-324,82.6306765107548,1.8445171768351273e-07,1.8445171768351278e-07,2.9088727167597503,4.796058265892025,0.894849340376391,0.8948493403763912,0.4803070156623777,0.4803070156623778
complex,0.152,0.1525,0.000,0.0005,2,0.7904578778531917,1.0996944877075414,-5e-324,84.1046418098782,1.9074937396471686e-07,1.907493739647169e-07,2.9060440044203326,4.8029527699862475,0.8950222415803963,0.8950222415803966,0.4802597191285735,0.4802597191285736
complex,0.152,0.1525,0.0005,0.001,2,0.7904769879019677,1.100000725212947,-5e-324,84.73243583161461,1.9094543253502373e-07,1.9094543253502378e-07,2.904119875776047,4.805055432843992,0.8950621819003822,0.8950621819003824,0.4802576132829786,0.4802576132829787
complex,0.1525,0.153,0.000,0.0005,2,0.7931884038802589,1.100291070476395,-5e-324,82.61951291341927,1.8444003260519552e-07,1.8444003260519558e-07,2.9088470095556254,4.79571205144051,0.894849340376391,0.8948493403763912,0.4803070156623777,0.4803070156623778
complex,0.1525,0.153,0.0005,0.001,2,0.7932073335512465,1.1005936336447733,-5e-324,83.26773307940044,1.8462870002757323e-07,1.8462870002757328e-07,2.9069322834559332,4.797809396382597,0.8948887546631591,0.8948887546631593,0.48030480112342744,0.48030480112342755
complex,0.153,0.1535,-0.001,-0.0005,2,0.7959180558406922,1.1011917028122902,-5e-324,81.86598795748837,1.7855987350973717e-07,1.7855987350973722e-07,2.909682695881894,4.791112040644119,0.8947157415920827,0.8947157415920829,0.48035176581483324,0.48035176581483335
complex,0.153,0.1535,-0.0005,0.000,2,0.7958993041073782,1.1008927624623597,-5e-324,81.18266899047862,1.783702431035186e-07,1.7837024310351866e-07,2.9116400196102856,4.788889633861618,0.894676849362614,0.8946768493626143,0.4803540874595355,0.4803540874595356
complex,0.1535,0.154,-0.001,-0.0005,2,0.7986093253062269,1.101794746778734,-5e-324,80.47087399685965,1.7269048156848073e-07,1.7269048156848078e-07,2.912425343829374,4.784006755758361,0.8945431424143621,0.8945431424143623,0.4803985088503337,0.4803985088503338
complex,0.1535,0.154,-0.0005,0.000,2,0.7985907491067081,1.1014993786017868,-5e-324,79.79420587077813,1.7250813346118173e-07,1.7250813346118178e-07,2.9143731454638333,4.781795447471549,0.8945047682940824,0.8945047682940827,0.48040093603626655,0.48040093603626666
complex,0.153,0.1535,0.000,0.0005,2,0.7958993041073782,1.1008927624623597,-5e-324,81.17262736777889,1.7835898899234505e-07,1.783589889923451e-07,2.911615306816597,4.78854683960165,0.894676849362614,0.8946768493626143,0.4803540874595355,0.4803540874595356
complex,0.153,0.1535,0.0005,0.001,2,0.7959180558406922,1.1011917028122902,-5e-324,81.84034437373457,1.7854056787509814e-07,1.785405678750982e-07,2.909709891351887,4.790638808042483,0.8947157415920827,0.8947157415920829,0.48035176581483324,0.48035176581483335
complex,0.1535,0.154,0.000,0.0005,2,0.7985907491067081,1.1014993786017868,-5e-324,79.78524744815475,1.724972939334051e-07,1.7249729393340515e-07,2.9143493979895916,4.78145602240354,0.8945047682940824,0.8945047682940827,0.48040093603626655,0.48040093603626666
complex,0.1535,0.154,0.0005,0.001,2,0.7986093253062269,1.101794746778734,-5e-324,80.44898974873388,1.7267207354249758e-07,1.7267207354249763e-07,2.912453202525306,4.783542558588555,0.8945431424143621,0.8945431424143623,0.4803985088503337,0.4803985088503338
complex,0.154,0.1545,-0.001,-0.0005,2,0.8012813106788144,1.102402583275794,-5e-324,79.11080793446314,1.6703218703574325e-07,1.670321870357433e-07,2.9151342203706014,4.776974921493639,0.8943709568423994,0.8943709568423996,0.4804450317118992,0.4804450317118993
complex,0.154,0.1545,-0.0005,0.000,2,0.8012629076458158,1.102110737480008,-5e-324,78.44827058824123,1.6685681618187848e-07,1.6685681618187853e-07,2.917072588403623,4.7747746138251745,0.8943330969108132,0.8943330969108134,0.48044756289728163,0.48044756289728174
complex,0.1545,0.155,-0.001,-0.0005,2,0.8039341788978581,1.1030150336448459,-5e-324,77.78468127723559,1.6157676379541715e-07,1.615767637954172e-07,2.91780981397681,4.770015463674734,0.8941991845740378,0.894199184574038,0.48049133587053017,0.4804913358705303
complex,0.1545,0.155,-0.0005,0.000,2,0.8039159467001118,1.1027266612743614,-5e-324,77.1482204033406,1.6140807896262558e-07,1.6140807896262563e-07,2.919738835758413,4.7678260600461035,0.8941618349381485,0.8941618349381487,0.4804939695359625,0.48049396953596263
complex,0.154,0.1545,0.000,0.0005,2,0.8012629076458158,1.102110737480008,-5e-324,78.44035736910911,1.6684637548149778e-07,1.6684637548149783e-07,2.9170497780059828,4.774438508161149,0.8943330969108132,0.8943330969108134,0.48044756289728163,0.48044756289728174
complex,0.154,0.1545,0.0005,0.001,2,0.8012813106788144,1.102402583275794,-5e-324,79.09252304298838,1.670146323714499e-07,1.6701463237144995e-07,2.9151627131581868,4.776519559081199,0.8943709568423994,0.8943709568423996,0.4804450317118992,0.4804450317118993
complex,0.1545,0.155,0.000,0.0005,2,0.8039159467001118,1.1027266612743614,-5e-324,77.141316117775,1.6139802193823828e-07,1.6139802193823833e-07,2.9197169350163956,4.76749322517303,0.8941618349381485,0.8941618349381487,0.4804939695359625,0.48049396953596263
complex,0.1545,0.155,0.0005,0.001,2,0.8039341788978581,1.1030150336448459,-5e-324,77.76984151458096,1.6156002054890408e-07,1.6156002054890413e-07,2.9178389126321385,4.769568740474352,0.8941991845740378,0.894199184574038,0.48049133587053017,0.4804913358705303
complex,0.155,0.1555,-0.001,-0.0005,2,0.8065680951251969,1.1036319227781302,-5e-324,76.49146138601988,1.5631633048927576e-07,1.563163304892758e-07,2.920452606425839,4.763127327772471,0.8940278252928461,0.8940278252928463,0.480537422786199,0.4805374227861991
complex,0.155,0.1555,-0.0005,0.000,2,0.8065500314666338,1.1033469756962764,-5e-324,75.89224227072008,1.5615405358704454e-07,1.561540535870446e-07,2.922372368179351,4.760948732881852,0.8939909820869419,0.8939909820869422,0.48054015743425893,0.48054015743425904
complex,0.1555,0.156,-0.001,-0.0005,2,0.8091832227579298,1.1042530790628946,-5e-324,75.23851143450413,1.512433350697933e-07,1.5124333506979334e-07,2.923063072875993,4.756309478519154,0.8938568786682852,0.8938568786682854,0.48058329390800664,0.48058329390800675
complex,0.1555,0.156,-0.0005,0.000,2,0.8091653253784424,1.1039715099335123,-5e-324,74.66674960445954,1.5108720051256364e-07,1.510872005125637e-07,2.9249736597193143,4.754141598311224,0.8938205380538614,0.8938205380538616,0.4805861280629665,0.48058612806296663
complex,0.155,0.1555,0.000,0.0005,2,0.8065500314666338,1.1033469756962764,-5e-324,75.8863117247387,1.5614436566941784e-07,1.561443656694179e-07,2.9223513504685323,4.760619121326261,0.8939909820869419,0.8939909820869422,0.48054015743425893,0.48054015743425904
complex,0.155,0.1555,0.0005,0.001,2,0.8065680951251969,1.1036319227781302,-5e-324,76.47988394568554,1.5630035889370085e-07,1.563003588937009e-07,2.9204822836072903,4.762689053222101,0.8940278252928461,0.8940278252928463,0.480537422786199,0.4805374227861991
complex,0.1555,0.156,0.000,0.0005,2,0.8091653253784424,1.1039715099335123,-5e-324,74.66175805093691,1.5107786769292686e-07,1.5107786769292691e-07,2.9249534991872634,4.7538151637050525,0.8938205380538614,0.8938205380538616,0.4805861280629665,0.48058612806296663
complex,0.1555,0.156,0.0005,0.001,2,0.8091832227579298,1.1042530790628946,-5e-324,75.22796705311414,1.512280974166014e-07,1.5122809741660145e-07,2.9230933020970418,4.755879466898615,0.8938568786682852,0.8938568786682854,0.48058329390800664,0.48058329390800675
complex,0.156,0.1565,-0.001,-0.0005,2,0.8117797234439047,1.1048783343224848,-5e-324,74.03316377932558,1.46350540090454e-07,1.4635054009045405e-07,2.9256416819453888,4.749560899523956,0.8936863443560552,0.8936863443560554,0.48062895067419964,0.48062895067419975
complex,0.156,0.1565,-0.0005,0.000,2,0.811761990118332,1.1046000965942726,-5e-324,73.47080818906528,1.4620029419339536e-07,1.4620029419339542e-07,2.927543177906933,4.747403641167611,0.8936505025215673,0.8936505025215675,0.4806318828816642,0.4806318828816643
complex,0.1565,0.157,-0.001,-0.0005,2,0.814357757096542,1.105507523759475,-5e-324,72.85690527555006,1.4163100869265675e-07,1.416310086926568e-07,2.9281888957912305,4.742880592895035,0.8935162219982761,0.8935162219982763,0.4806743945122282,0.4806743945122283
complex,0.1565,0.157,-0.0005,0.000,2,0.8143401856338356,1.1052325716505518,-5e-324,72.30351795608887,1.4148640910090754e-07,1.414864091009076e-07,2.9300813838233317,4.740733864766017,0.8934808751590492,0.8934808751590494,0.48067742333879016,0.48067742333879027
complex,0.156,0.1565,0.000,0.0005,2,0.811761990118332,1.1046000965942726,-5e-324,73.46672203320439,1.461913030024318e-07,1.4619130300243186e-07,2.927523849449535,4.74708033821516,0.8936505025215673,0.8936505025215675,0.4806318828816642,0.4806318828816643
complex,0.156,0.1565,0.0005,0.001,2,0.8117797234439047,1.1048783343224848,-5e-324,74.02378302553171,1.4633600061737671e-07,1.4633600061737677e-07,2.9256724375482586,4.749138969817876,0.8936863443560552,0.8936863443560554,0.48062895067419964,0.48062895067419975
complex,0.1565,0.157,0.000,0.0005,2,0.8143401856338356,1.1052325716505518,-5e-324,72.30030471630096,1.4147774658844612e-07,1.4147774658844617e-07,2.9300628630618126,4.740413649212074,0.8934808751590492,0.8934808751590494,0.48067742333879016,0.48067742333879027
complex,0.1565,0.157,0.0005,0.001,2,0.814357757096542,1.105507523759475,-5e-324,72.84870337278566,1.4161713347808824e-07,1.416171334780883e-07,2.9282201529214067,4.742466568660001,0.8935162219982761,0.8935162219982763,0.4806743945122282,0.4806743945122283
complex,0.157,0.1575,-0.001,-0.0005,2,0.8169174819079192,1.1061404859020554,-5e-324,71.70907860047782,1.370780912602552e-07,1.3707809126025526e-07,2.930705170178286,4.736267578885874,0.89334651122374,0.8933465112237402,0.48071962683884883,0.48071962683884895
complex,0.157,0.1575,-0.0005,0.000,2,0.8169000701519419,1.1058687743826041,-5e-324,71.16401154554576,1.3693890640372513e-07,1.369389064037252e-07,2.932588732179524,4.734131290535142,0.8933116556217844,0.8933116556217846,0.48072275087178523,0.48072275087178534
complex,0.1575,0.158,-0.001,-0.0005,2,0.8194590543667809,1.1067770625446525,-5e-324,70.58839983187079,1.3268541269878766e-07,1.3268541269878771e-07,2.93319095456717,4.729720895517926,0.8931772116481463,0.8931772116481466,0.4807646490601978,0.4807646490601979
complex,0.1575,0.158,-0.0005,0.000,2,0.8194418001949939,1.1065085473228737,-5e-324,70.05145293535077,1.3255142127833863e-07,1.3255142127833868e-07,2.9350656713943715,4.7275949576565015,0.8931428435520115,0.8931428435520117,0.4807678669070873,0.4807678669070874
complex,0.157,0.1575,0.000,0.0005,2,0.8169000701519419,1.1058687743826041,-5e-324,71.161639815671,1.3693056011911077e-07,1.3693056011911082e-07,2.9325709954382813,4.733814119134162,0.8933116556217844,0.8933116556217846,0.48072275087178523,0.48072275087178534
complex,0.157,0.1575,0.0005,0.001,2,0.8169174819079192,1.1061404859020554,-5e-324,71.70158637260596,1.3706484812362392e-07,1.3706484812362398e-07,2.9307369047598737,4.735861288121635,0.89334651122374,0.8933465112237402,0.48071962683884883,0.48071962683884895
complex,0.1575,0.158,0.000,0.0005,2,0.8194418001949939,1.1065085473228737,-5e-324,70.04989234818599,1.325433792514721e-07,1.3254337925147214e-07,2.9350486956795083,4.727280788142826,0.8931428435520115,0.8931428435520117,0.4807678669070873,0.4807678669070874
complex,0.1575,0.158,0.0005,0.001,2,0.8194590543667809,1.1067770625446525,-5e-324,70.58159059343548,1.3267277110657551e-07,1.3267277110657557e-07,2.933223143278992,4.729322170542545,0.8931772116481463,0.8931772116481466,0.4807646490601978,0.4807646490601979
complex,0.158,0.1585,-0.001,-0.0005,2,0.8219826292722527,1.107417098695133,-5e-324,69.49405691180682,1.28446860319478e-07,1.2844686031947804e-07,2.935646692183496,4.723239598239831,0.8930083228743527,0.8930083228743529,0.480809462571805,0.4808094625718051
complex,0.158,0.1585,-0.0005,0.000,2,0.8219655305956229,1.1071517362020533,-5e-324,68.96503613665222,1.2831785081692067e-07,1.2831785081692072e-07,2.937512643669416,4.721123922714692,0.8929744385789615,0.8929744385789617,0.4808127728603698,0.4808127728603699
complex,0.1585,0.159,-0.001,-0.0005,2,0.8244883597498649,1.1080604425199383,-5e-324,68.42526679343548,1.2435657228894776e-07,1.243565722889478e-07,2.9380728200957824,4.716822759579333,0.8928398444925872,0.8928398444925875,0.4808540687587391,0.4808540687587392
complex,0.1585,0.159,-0.0005,0.000,2,0.8244714145129126,1.1077981898942268,-5e-324,67.90429435000826,1.2423234250317385e-07,1.242323425031739e-07,2.9399300850658077,4.71471725935152,0.8928064403190865,0.8928064403190867,0.48085747013630475,0.48085747013630487
complex,0.158,0.1585,0.000,0.0005,2,0.8219655305956229,1.1071517362020533,-5e-324,68.96425732874255,1.2831010153995593e-07,1.2831010153995599e-07,2.9374964066479565,4.720812713773863,0.8929744385789615,0.8929744385789617,0.4808127728603698,0.4808127728603699
complex,0.158,0.1585,0.0005,0.001,2,0.8219826292722527,1.107417098695133,-5e-324,69.48790484014306,1.2843479129654913e-07,1.2843479129654918e-07,2.9356793124359575,4.7228482755686425,0.8930083228743527,0.8930083228743529,0.480809462571805,0.4808094625718051
complex,0.1585,0.159,0.000,0.0005,2,0.8244714145129126,1.1077981898942268,-5e-324,67.90429677632578,1.242248749128475e-07,1.2422487491284755e-07,2.939914565045636,4.714408970592376,0.8928064403190865,0.8928064403190867,0.48085747013630475,0.48085747013630487
complex,0.1585,0.159,0.0005,0.001,2,0.8244883597498649,1.1080604425199383,-5e-324,68.41974690073486,1.243450483348738e-07,1.2434504833487385e-07,2.9381058500085118,4.716438679807573,0.8928398444925872,0.8928398444925875,0.4808540687587391,0.4808540687587392
complex,0.159,0.1595,-0.001,-0.0005,2,0.8269763972683427,1.1087069452888823,-5e-324,67.3812742450358,1.2040892662031145e-07,1.204089266203115e-07,2.940469769294499,4.710469468800525,0.8926717760806969,0.8926717760806971,0.4808984689955741,0.4808984689955742
complex,0.159,0.1595,-0.0005,0.000,2,0.8269596034479454,1.1084477603638574,-5e-324,66.86845568031042,1.202892832268354e-07,1.2028928322683544e-07,2.9423184255795976,4.708374057928464,0.8926388483762921,0.8926388483762924,0.48090196012893577,0.4809019601289359
complex,0.1595,0.160,-0.001,-0.0005,2,0.8294468916547707,1.1093564613230582,-5e-324,66.36135071145429,1.1659853067856638e-07,1.165985306785664e-07,2.9428379647653884,4.704178831575353,0.8925041172043493,0.8925041172043495,0.48094266464661584,0.48094266464661595
complex,0.1595,0.160,-0.0005,0.000,2,0.8294302472604803,1.109100302611916,-5e-324,65.85649329522913,1.1648328881081785e-07,1.1648328881081788e-07,2.944678089219628,4.702093425191879,0.8924716623421668,0.892471662342167,0.48094624422161864,0.48094624422161875
complex,0.159,0.1595,0.000,0.0005,2,0.8269596034479454,1.1084477603638574,-5e-324,66.8689799117366,1.2028208668742694e-07,1.20282086687427e-07,2.9423036014900097,4.708068649856371,0.8926388483762921,0.8926388483762924,0.48090196012893577,0.4809019601289359
complex,0.159,0.1595,0.0005,0.001,2,0.8269763972683427,1.1087069452888823,-5e-324,67.3763623513162,1.2039792163040403e-07,1.2039792163040408e-07,2.9405031876746426,4.710092476489541,0.8926717760806969,0.8926717760806971,0.4808984689955741,0.4808984689955742
complex,0.1595,0.160,0.000,0.0005,2,0.8294302472604803,1.109100302611916,-5e-324,65.857517323509,1.1647635309771446e-07,1.1647635309771449e-07,2.9446639405925112,4.701790859182733,0.8924716623421668,0.892471662342167,0.48094624422161864,0.48094624422161875
complex,0.1595,0.160,0.0005,0.001,2,0.8294468916547707,1.1093564613230582,-5e-324,66.35702341839288,1.1658801986933681e-07,1.1658801986933683e-07,2.942871751086633,4.703808775142254,0.8925041172043493,0.8925041172043495,0.48094266464661584,0.48094266464661595
complex,0.160,0.1605,-0.001,-0.0005,2,0.8318999911117623,1.1100088479407673,-5e-324,65.36479322648395,1.129202111743796e-07,1.1292021117437963e-07,2.9451778255678485,4.697949969654318,0.8923368674172626,0.8923368674172628,0.48098665706577837,0.4809866570657785
complex,0.160,0.1605,-0.0005,0.000,2,0.8318834941847192,1.109755674624119,-5e-324,64.86770995415765,1.1280919402650709e-07,1.1280919402650712e-07,2.947009494081149,4.695874483950594,0.8923048817961732,0.8923048817961734,0.4809903237871318,0.4809903237871319
complex,0.1605,0.161,-0.001,-0.0005,2,0.8343358422330347,1.1106639654065291,-5e-324,64.39092337713339,1.0936900462307613e-07,1.0936900462307616e-07,2.94748976490692,4.691782020552468,0.8921700262614415,0.8921700262614417,0.48103044759674224,0.48103044759674235
complex,0.1605,0.161,-0.0005,0.000,2,0.8343194908461936,1.1104137373184488,-5e-324,63.901439882261926,1.0926204307216772e-07,1.0926204307216775e-07,2.949313052422124,4.689716372755771,0.8921385063059225,0.8921385063059227,0.481034200187695,0.4810342001876951
complex,0.160,0.1605,0.000,0.0005,2,0.8318834941847192,1.109755674624119,-5e-324,64.86921251207185,1.1280250931035994e-07,1.1280250931035997e-07,2.9469960010328036,4.6955747222257385,0.8923048817961732,0.8923048817961734,0.4809903237871318,0.4809903237871319
complex,0.160,0.1605,0.0005,0.001,2,0.8318999911117623,1.1100088479407673,-5e-324,65.36102789209554,1.1291017101316852e-07,1.1291017101316855e-07,2.945211959950106,4.697586701264972,0.8923368674172626,0.8923368674172628,0.48098665706577837,0.4809866570657785
complex,0.1605,0.161,0.000,0.0005,2,0.8343194908461936,1.1104137373184488,-5e-324,63.90355372996848,1.0925559990362418e-07,1.0925559990362421e-07,2.9493001956356304,4.689419378357715,0.8921385063059225,0.8921385063059227,0.481034200187695,0.4810342001876951
complex,0.1605,0.161,0.0005,0.001,2,0.8343358422330347,1.1106639654065291,-5e-324,64.38769809126893,1.093594127616105e-07,1.0935941276161053e-07,2.947524228096644,4.691425396017723,0.8921700262614415,0.8921700262614417,0.48103044759674224,0.48103044759674235
complex,0.161,0.1615,-0.001,-0.0005,2,0.8367545900205916,1.1113216768785845,-5e-324,63.43908631326983,1.0594014824335719e-07,1.0594014824335721e-07,2.949774190212113,4.685674137230557,0.8920035932673746,0.8920035932673748,0.4810740375731399,0.48107403757314
complex,0.161,0.1615,-0.0005,0.000,2,0.8367383822780319,1.1110743544942239,-5e-324,62.957034735921916,1.0583708049129573e-07,1.0583708049129575e-07,2.951589170737851,4.6836182455884945,0.891972535427353,0.8919725354273532,0.4810778747751312,0.4810778747751313
complex,0.1615,0.162,-0.001,-0.0005,2,0.8391563779017134,1.1119818483573642,-5e-324,62.514325787213835,1.0262907127786182e-07,1.0262907127786184e-07,2.9520315032124658,4.679625487788073,0.8918375679542475,0.8918375679542477,0.48111742831840515,0.48111742831840526
complex,0.1615,0.162,-0.0005,0.000,2,0.8391403119374522,1.111737392781652,-5e-324,62.039392069778536,1.0252974251100656e-07,1.0252974251100658e-07,2.9538382498344644,4.677579271555179,0.8918069687049426,0.8918069687049428,0.4811213488908384,0.4811213488908385
complex,0.161,0.1615,0.000,0.0005,2,0.8367383822780319,1.1110743544942239,-5e-324,62.9597796141354,1.0583086978629099e-07,1.0583086978629101e-07,2.9515769314460267,4.6833239823575035,0.891972535427353,0.8919725354273532,0.4810778747751312,0.4810778747751313
complex,0.161,0.1615,0.0005,0.001,2,0.8367545900205916,1.1113216768785845,-5e-324,63.43637987391422,1.0593098345500654e-07,1.0593098345500657e-07,2.94980896356321,4.6853240159056035,0.8920035932673746,0.8920035932673748,0.4810740375731399,0.48107403757314
complex,0.1615,0.162,0.000,0.0005,2,0.8391403119374522,1.111737392781652,-5e-324,62.04274489676072,1.025237555365949e-07,1.0252375553659493e-07,2.9538266098033787,4.677287704106544,0.8918069687049426,0.8918069687049428,0.4811213488908384,0.4811213488908385
complex,0.1615,0.162,0.0005,0.001,2,0.8391563779017134,1.1119818483573642,-5e-324,62.51211737309102,1.0262031339837505e-07,1.0262031339837508e-07,2.952066568667889,4.679281732474822,0.8918375679542475,0.8918375679542477,0.48111742831840515,0.48111742831840526
complex,0.162,0.1625,-0.001,-0.0005,2,0.8415413477439218,1.1126443486377193,-5e-324,61.61707890571384,9.943138671350018e-08,9.943138671350021e-08,2.9542621000040064,4.6736352551731,0.8916719498301741,0.8916719498301743,0.48116062114598795,0.48116062114598807
complex,0.162,0.1625,-0.0005,0.000,2,0.8415254217231116,1.1124027215909402,-5e-324,61.149179792660036,9.933564877756201e-08,9.933564877756204e-08,2.9560606849058493,4.671598634583005,0.8916418056719431,0.8916418056719433,0.4811646238659736,0.4811646238659737
complex,0.1625,0.163,-0.001,-0.0005,2,0.8439096398737902,1.113309049256414,-5e-324,60.739682127080094,9.634288337939866e-08,9.634288337939869e-08,2.9564663711318824,4.667702636875129,0.8915067383923821,0.8915067383923824,0.48120361735933986,0.48120361735934
complex,0.1625,0.163,-0.0005,0.000,2,0.8438938519908638,1.113070213064353,-5e-324,60.278651879819435,9.625059447279343e-08,9.625059447279345e-08,2.9582568656027615,4.665675533132755,0.8914770458505609,0.8914770458505611,0.48120770102141264,0.48120770102141275
complex,0.162,0.1625,0.000,0.0005,2,0.8415254217231116,1.1124027215909402,-5e-324,61.15311817493667,9.932987713827734e-08,9.932987713827737e-08,2.956049626418847,4.671309728285184,0.8916418056719431,0.8916418056719433,0.4811646238659736,0.4811646238659737
complex,0.162,0.1625,0.0005,0.001,2,0.8415413477439218,1.1126443486377193,-5e-324,61.61536209136831,9.942301658502733e-08,9.942301658502736e-08,2.954297440077834,4.673297732025497,0.8916719498301741,0.8916719498301743,0.48116062114598795,0.48116062114598807
complex,0.1625,0.163,0.000,0.0005,2,0.8438938519908638,1.113070213064353,-5e-324,60.28315384350942,9.62450300975154e-08,9.624503009751542e-08,2.9582463714449982,4.665389254086065,0.8914770458505609,0.8914770458505611,0.48120770102141264,0.48120770102141275
complex,0.1625,0.163,0.0005,0.001,2,0.8439096398737902,1.113309049256414,-5e-324,60.73862695041228,9.633488279760298e-08,9.633488279760301e-08,2.9565019688920207,4.667371215307303,0.8915067383923821,0.8915067383923824,0.48120361735933986,0.48120361735934
complex,0.163,0.1635,-0.001,-0.0005,2,0.8462613930924343,1.1139758244447733,-5e-324,59.88186715296749,9.335951840859653e-08,9.335951840859655e-08,2.9586447016589332,4.661826844643515,0.8913419331274344,0.8913419331274346,0.48124641825210235,0.48124641825210246
complex,0.163,0.1635,-0.0005,0.000,2,0.8462457415716444,1.1137397420259605,-5e-324,59.427537453576754,9.327054278944008e-08,9.32705427894401e-08,2.9604271761104246,4.659809179903738,0.8913126887521998,0.8913126887522,0.48125058166788043,0.48125058166788054
complex,0.1635,0.164,-0.001,-0.0005,2,0.8485967446930598,1.1146445510795966,-5e-324,59.04274196827828,9.047741004254623e-08,9.047741004254625e-08,2.960797471240901,4.656007104201374,0.8911775335114325,0.8911775335114327,0.4812890251080908,0.4812890251080909
complex,0.1635,0.164,-0.0005,0.000,2,0.8485812277871089,1.114411185935256,-5e-324,58.59496283729671,9.039161775097843e-08,9.039161775097845e-08,2.9625719952166576,4.6539988015581635,0.8911487338776372,0.8911487338776374,0.4812932671060902,0.48129326710609033
complex,0.163,0.1635,0.000,0.0005,2,0.8462457415716444,1.1137397420259605,-5e-324,59.432581799675326,9.326517791875684e-08,9.326517791875687e-08,2.960417229553921,4.659525494919932,0.8913126887521998,0.8913126887522,0.48125058166788043,0.48125058166788054
complex,0.163,0.1635,0.0005,0.001,2,0.8462613930924343,1.1139758244447733,-5e-324,59.8814376996595,9.335187007268091e-08,9.335187007268094e-08,2.958680540710347,4.661501397240682,0.8913419331274344,0.8913419331274346,0.48124641825210235,0.48124641825210246
complex,0.1635,0.164,0.000,0.0005,2,0.8485812277871089,1.114411185935256,-5e-324,58.600529000245864,9.038644492502517e-08,9.03864449250252e-08,2.9625625800057778,4.653717678140543,0.8911487338776372,0.8911487338776374,0.4812932671060902,0.48129326710609033
complex,0.1635,0.164,0.0005,0.001,2,0.8485967446930598,1.1146445510795966,-5e-324,59.04291629615491,9.047009750802718e-08,9.047009750802721e-08,2.9608335357093303,4.655687506633398,0.8911775335114325,0.8911775335114327,0.4812890251080908,0.4812890251080909
complex,0.164,0.1645,-0.001,-0.0005,2,0.8509158304771179,1.1153151086362547,-5e-324,58.221787469125395,8.769283076415302e-08,8.769283076415305e-08,2.9629250541956105,4.650242654973186,0.8910135390101954,0.8910135390101956,0.48133143920130156,0.48133143920130167
complex,0.164,0.1645,-0.0005,0.000,2,0.8509004464673692,1.115084424838483,-5e-324,57.78041315611247,8.761009735703877e-08,8.76100973570388e-08,2.9646916963875163,4.648243638439064,0.8909851807172076,0.8909851807172078,0.481335758626677,0.4813357586266771
complex,0.1645,0.165,-0.001,-0.0005,2,0.8532187847714725,1.1159873791413149,-5e-324,57.418501875647884,8.500220074083663e-08,8.500220074083666e-08,2.9650278195769464,4.644532749809869,0.8908499490794752,0.8908499490794755,0.4813736617961058,0.4813736617961059
complex,0.1645,0.165,-0.0005,0.000,2,0.8532035319674232,1.1157593413224887,-5e-324,56.98339071567879,8.492240704081426e-08,8.492240704081429e-08,2.9667866478363187,4.642542944303223,0.8908220287510697,0.89082202875107,0.48137805751037777,0.4813780575103779
complex,0.164,0.1645,0.000,0.0005,2,0.8509004464673692,1.115084424838483,-5e-324,57.78648124705076,8.760510940379623e-08,8.760510940379626e-08,2.964682796724982,4.64796504476327,0.8909851807172076,0.8909851807172078,0.481335758626677,0.4813357586266771
complex,0.164,0.1645,0.0005,0.001,2,0.8509158304771179,1.1153151086362547,-5e-324,58.22254433290286,8.768583839822004e-08,8.768583839822006e-08,2.9629613287118945,4.649928785910697,0.8910135390101954,0.8910135390101956,0.48133143920130156,0.48133143920130167
complex,0.1645,0.165,0.000,0.0005,2,0.8532035319674232,1.1157593413224887,-5e-324,56.98994149968146,8.491759706485668e-08,8.49175970648567e-08,2.966778248369586,4.642266849198693,0.8908220287510697,0.89082202875107,0.48137805751037777,0.4813780575103779
complex,0.1645,0.165,0.0005,0.001,2,0.8532187847714725,1.1159873791413149,-5e-324,57.41982070418903,8.499551368015596e-08,8.499551368015599e-08,2.965064289261732,4.6442244908429,0.8908499490794752,0.8908499490794755,0.4813736617961058,0.4813736617961059
complex,0.165,0.1655,-0.001,-0.0005,2,0.8555057404451141,1.1166612471263397,-5e-324,56.63240006358231,8.240208156552839e-08,8.240208156552842e-08,2.9671061312448823,4.638876654724711,0.8906867631651711,0.8906867631651714,0.48141569414729013,0.48141569414729024
complex,0.165,0.1655,-0.0005,0.000,2,0.8554906171838702,1.1164358204687574,-5e-324,56.20341433907384,8.232511342127531e-08,8.232511342127533e-08,2.968857212595323,4.636895986054203,0.8906592774493071,0.8906592774493073,0.48142016502801604,0.48142016502801616
complex,0.1655,0.166,-0.001,-0.0005,2,0.8577768289258471,1.1173365995823141,-5e-324,55.86301292488524,7.988917027937462e-08,7.988917027937464e-08,2.969160347935835,4.6332736486331045,0.8905239807034637,0.890523980703464,0.48145753750000164,0.48145753750000175
complex,0.1655,0.166,-0.0005,0.000,2,0.8577618335717758,1.1171137498079629,-5e-324,55.440018732825166,7.981491833790843e-08,7.981491833790845e-08,2.9709037485855814,4.631302043483126,0.8904969262722084,0.8904969262722087,0.48146208244070926,0.48146208244070937
complex,0.165,0.1655,0.000,0.0005,2,0.8554906171838702,1.1164358204687574,-5e-324,56.21042921318019,8.232047479294522e-08,8.232047479294525e-08,2.9688492984034704,4.6366223589861555,0.8906592774493071,0.8906592774493073,0.48142016502801604,0.48142016502801616
complex,0.165,0.1655,0.0005,0.001,2,0.8555057404451141,1.1166612471263397,-5e-324,56.63426093791538,8.239568567634633e-08,8.239568567634636e-08,2.9671427816938483,4.638573890283735,0.8906867631651711,0.8906867631651714,0.48141569414729013,0.48141569414729024
complex,0.1655,0.166,0.000,0.0005,2,0.8577618335717758,1.1171137498079629,-5e-324,55.447479704842436,7.981044468291131e-08,7.981044468291133e-08,2.970896305166546,4.63103085453523,0.8904969262722084,0.8904969262722087,0.48146208244070926,0.48146208244070937
complex,0.1655,0.166,0.0005,0.001,2,0.8577768289258471,1.1173365995823141,-5e-324,55.86539655696138,7.988305211978984e-08,7.988305211978987e-08,2.9691971652054234,4.632976265912401,0.8905239807034637,0.890523980703464,0.48145753750000164,0.48145753750000175
complex,0.166,0.1665,-0.001,-0.0005,2,0.8600321802174118,1.1180133259142793,-5e-324,55.10988675563822,7.746029366304508e-08,7.746029366304511e-08,2.9711908233344695,4.627723023094531,0.890361601121064,0.8903616011210642,0.48149919309002315,0.48149919309002326
complex,0.166,0.1665,-0.0005,0.000,2,0.860017311161855,1.1177930192745476,-5e-324,54.692753879820955,7.73886531529568e-08,7.738865315295683e-08,2.9729266086893187,4.625760409009758,0.8903349746703892,0.8903349746703895,0.4815038109998209,0.48150381099982104
complex,0.1665,0.167,-0.001,-0.0005,2,0.8622719229154202,1.1186913178979354,-5e-324,54.37258267176665,7.511240278557272e-08,7.511240278557275e-08,2.9731979061390468,4.622224082068785,0.890199623835398,0.8901996238353982,0.48154066214367314,0.48154066214367325
complex,0.1665,0.167,-0.0005,0.000,2,0.8622571785754819,1.1184735211649945,-5e-324,53.96118446106832,7.504327331129471e-08,7.504327331129474e-08,2.9749261408105134,4.620270387445951,0.8901734220850445,0.8901734220850447,0.48154535194702697,0.4815453519470271
complex,0.166,0.1665,0.000,0.0005,2,0.860017311161855,1.1177930192745476,-5e-324,54.7006435478663,7.738433834235372e-08,7.738433834235375e-08,2.972919621947562,4.625491628867214,0.8903349746703892,0.8903349746703895,0.4815038109998209,0.48150381099982104
complex,0.166,0.1665,0.0005,0.001,2,0.8600321802174118,1.1180133259142793,-5e-324,55.11277446781733,7.745444044733039e-08,7.745444044733042e-08,2.9712277939279743,4.627430911977834,0.890361601121064,0.8903616011210642,0.48149919309002315,0.48149919309002326
complex,0.1665,0.167,0.000,0.0005,2,0.8622571785754819,1.1184735211649945,-5e-324,53.969485993822474,7.503911145188416e-08,7.503911145188418e-08,2.9749195970450852,4.620003987379247,0.8901734220850445,0.8901734220850447,0.48154535194702697,0.4815453519470271
complex,0.1665,0.167,0.0005,0.001,2,0.8622719229154202,1.1186913178979354,-5e-324,54.375956376989166,7.510680235042565e-08,7.510680235042568e-08,2.97323501699319,4.6219371350571095,0.890199623835398,0.8901996238353982,0.48154066214367314,0.48154066214367325
complex,0.167,0.1675,-0.001,-0.0005,2,0.8644961842243587,1.1193704696355564,-5e-324,53.65067604833337,7.28425677950008e-08,7.284256779500083e-08,2.9751819401330253,4.61677614166635,0.8900380482547059,0.8900380482547061,0.4815819458779371,0.48158194587793723
complex,0.167,0.1675,-0.0005,0.000,2,0.8644815630436951,1.11915515009118,-5e-324,53.244889297474174,7.277585313960691e-08,7.277585313960694e-08,2.976902687955317,4.614831295732668,0.8900122679480602,0.8900122679480604,0.4815867065145224,0.4815867065145225
complex,0.1675,0.168,-0.001,-0.0005,2,0.8667050899741177,1.1200506775130843,-5e-324,52.94375598381056,7.064797294336488e-08,7.064797294336491e-08,2.9771432642510733,4.611378529912082,0.8898768737783678,0.889876873778368,0.48162304550052565,0.48162304550052576
complex,0.1675,0.168,-0.0005,0.000,2,0.8666905904215951,1.119837802940595,-5e-324,52.543460820909715,7.058358088213468e-08,7.058358088213471e-08,2.9788565882888647,4.609442462717558,0.8898515116822585,0.8898515116822587,0.48162787592491346,0.4816278759249136
complex,0.167,0.1675,0.000,0.0005,2,0.8644815630436951,1.11915515009118,-5e-324,53.253586415128105,7.277183856467952e-08,7.277183856467955e-08,2.9768965738482795,4.614567247581799,0.8900122679480602,0.8900122679480604,0.4815867065145224,0.4815867065145225
complex,0.167,0.1675,0.0005,0.001,2,0.8644961842243587,1.1193704696355564,-5e-324,53.654518230961074,7.283720856761584e-08,7.283720856761587e-08,2.9752191786049633,4.616494253807939,0.8900380482547059,0.8900380482547061,0.4815819458779371,0.48158194587793723
complex,0.1675,0.168,0.000,0.0005,2,0.8666905904215951,1.119837802940595,-5e-324,52.5525377767723,7.057970814258721e-08,7.057970814258724e-08,2.978850890894088,4.609180738876725,0.8898515116822585,0.8898515116822587,0.48162787592491346,0.4816278759249136
complex,0.1675,0.168,0.0005,0.001,2,0.8667050899741177,1.1200506775130843,-5e-324,52.94804968112044,7.064284391122591e-08,7.064284391122594e-08,2.9771806181057467,4.611101598734417,0.8898768737783678,0.889876873778368,0.48162304550052565,0.48162304550052576
complex,0.168,0.1685,-0.001,-0.0005,2,0.868898764636354,1.1207318401579969,-5e-324,52.25142478660076,6.852591183123534e-08,6.852591183123537e-08,2.9790822126477305,4.606030586507878,0.8897160997969566,0.8897160997969569,0.4816639622099807,0.4816639622099808
complex,0.168,0.1685,-0.0005,0.000,2,0.8688843852059218,1.120521378832735,-5e-324,51.85650456387701,6.846375395377108e-08,6.84637539537711e-08,2.9807881752081404,4.604103228911464,0.8896911527015628,0.8896911527015631,0.48166886139143794,0.48166886139143805
complex,0.1685,0.169,-0.001,-0.0005,2,0.8710773313407979,1.1214138583978037,-5e-324,51.573297483826614,6.64737828647465e-08,6.647378286474653e-08,2.9809991147623105,4.600731662605625,0.889555725692479,0.8895557256924792,0.4817046971956419,0.481704697195642
complex,0.1685,0.169,-0.0005,0.000,2,0.871063070551102,1.1212057790782337,-5e-324,51.18363867253832,6.641377440506934e-08,6.641377440506937e-08,2.9826977774066528,4.598812946261409,0.8895311904111441,0.8895311904111444,0.48170966411793203,0.48170966411793215
complex,0.168,0.1685,0.000,0.0005,2,0.8688843852059218,1.120521378832735,-5e-324,51.86594612662577,6.846001780956832e-08,6.846001780956835e-08,2.9807828819404327,4.603843802314322,0.8896911527015628,0.8896911527015631,0.48166886139143794,0.48166886139143805
complex,0.168,0.1685,0.0005,0.001,2,0.868898764636354,1.1207318401579969,-5e-324,52.25615357089811,6.85210025135291e-08,6.852100251352913e-08,2.9791196700456535,4.605758511951678,0.8897160997969566,0.8897160997969569,0.4816639622099807,0.4816639622099808
complex,0.1685,0.169,0.000,0.0005,2,0.871063070551102,1.1212057790782337,-5e-324,51.19343010908568,6.641016981703855e-08,6.641016981703857e-08,2.982692876031246,4.598555790366684,0.8895311904111441,0.8895311904111444,0.48170966411793203,0.48170966411793215
complex,0.1685,0.169,0.0005,0.001,2,0.8710773313407979,1.1214138583978037,-5e-324,51.57844544516237,6.646908328530729e-08,6.646908328530732e-08,2.981036664247723,4.600464346960767,0.889555725692479,0.8895557256924792,0.4817046971956419,0.481704697195642
complex,0.169,0.1695,-0.001,-0.0005,2,0.8732409118913135,1.1220966352193278,-5e-324,50.90900135051964,6.448908491255978e-08,6.44890849125598e-08,2.9828942953850257,4.595481120581359,0.8893957508385367,0.889395750838537,0.4817452516378693,0.4817452516378694
complex,0.169,0.1695,-0.0005,0.000,2,0.8732267682854049,1.1218909071381749,-5e-324,50.52449343996679,6.443114458788934e-08,6.443114458788937e-08,2.9845857189395684,4.5935709779265945,0.8893716242076419,0.8893716242076422,0.4817502852989685,0.48175028529896863
complex,0.1695,0.170,-0.001,-0.0005,2,0.8753896267826213,1.1227800757278057,-5e-324,50.25760701748382,6.25694131547168e-08,6.256941315471683e-08,2.9847680747235383,4.59027833381297,0.889236174600497,0.8892361746004972,0.48178562670795466,0.4817856267079548
complex,0.1695,0.170,-0.0005,0.000,2,0.8753755989273134,1.122576668583833,-5e-324,49.878710858575865,6.251346301141438e-08,6.25134630114144e-08,2.9864523192901427,4.588376698055841,0.8892124534792819,0.8892124534792821,0.4817907261199016,0.4817907261199017
complex,0.169,0.1695,0.000,0.0005,2,0.8732267682854049,1.1218909071381749,-5e-324,50.534620498921896,6.442766670983756e-08,6.442766670983758e-08,2.9845811975619245,4.593316066704254,0.8893716242076419,0.8893716242076422,0.4817502852989685,0.48175028529896863
complex,0.169,0.1695,0.0005,0.001,2,0.8732409118913135,1.1220966352193278,-5e-324,50.914553079990704,6.448458557425975e-08,6.448458557425978e-08,2.9829319258744063,4.595218468424675,0.8893957508385367,0.889395750838537,0.4817452516378693,0.4817452516378694
complex,0.1695,0.170,0.000,0.0005,2,0.8753755989273134,1.122576668583833,-5e-324,49.88915975427837,6.251010718255429e-08,6.251010718255431e-08,2.986448166346097,4.588124005973631,0.8892124534792819,0.8892124534792821,0.4817907261199016,0.4817907261199017
complex,0.1695,0.170,0.0005,0.001,2,0.8753896267826213,1.1227800757278057,-5e-324,50.26354760962524,6.256510501522095e-08,6.256510501522097e-08,2.984805775494465,4.590020251947851,0.889236174600497,0.8892361746004972,0.48178562670795466,0.4817856267079548
complex,0.170,0.1705,-0.001,-0.0005,2,0.8775235952157519,1.1234640871080168,-5e-324,49.616912149759315,6.071245511434482e-08,6.071245511434485e-08,2.986620768465338,4.585122686467212,0.8890769963356608,0.8890769963356611,0.4818258235682591,0.4818258235682592
complex,0.170,0.1705,-0.0005,0.000,2,0.8775096817011346,1.123262971057866,-5e-324,49.24594419219268,6.065842038172666e-08,6.065842038172669e-08,2.9882978934305506,4.583229491577426,0.8890536776061355,0.8890536776061357,0.48183098775694955,0.48183098775694966
complex,0.1705,0.171,-0.001,-0.0005,2,0.8796429351140125,1.124148578585314,-5e-324,48.986553708450636,5.891598686320735e-08,5.8915986863207364e-08,2.988452687841494,4.580013573288285,0.8889182153934442,0.8889182153934444,0.4818658433723134,0.48186584337231353
complex,0.1705,0.171,-0.0005,0.000,2,0.8796291345535683,1.123949724234644,-5e-324,48.625156863412194,5.8863795813300913e-08,5.8863795813300927e-08,2.990122751890031,4.578128753980602,0.888895295960181,0.8888952959601812,0.4818710713772599,0.48187107137726
complex,0.170,0.1705,0.000,0.0005,2,0.8775096817011346,1.123262971057866,-5e-324,49.25670158930588,6.06551873957445e-08,6.065518739574453e-08,2.9882940976767,4.582979392257286,0.8890536776061355,0.8890536776061357,0.48183098775694955,0.48183098775694966
complex,0.170,0.1705,0.0005,0.001,2,0.8775235952157519,1.1234640871080168,-5e-324,49.62322722658499,6.070832956315358e-08,6.07083295631536e-08,2.9866585291457266,4.584869083864955,0.8890769963356608,0.8890769963356611,0.4818258235682591,0.4818258235682592
complex,0.1705,0.171,0.000,0.0005,2,0.8796291345535683,1.123949724234644,-5e-324,48.63620986281223,5.886070404733852e-08,5.886070404733853e-08,2.990119302394494,4.577883010849013,0.888895295960181,0.8888952959601812,0.4818710713772599,0.48187107137726
complex,0.1705,0.171,0.0005,0.001,2,0.8796429351140125,1.124148578585314,-5e-324,48.99322934238446,5.891203569991761e-08,5.8912035699917624e-08,2.9884904983991096,4.579764361031153,0.8889182153934442,0.8889182153934444,0.4818658433723134,0.48186584337231353
complex,0.171,0.1715,-0.001,-0.0005,2,0.8817477631392705,1.1248334613866808,-5e-324,48.36633354440618,5.717786939314495e-08,5.717786939314496e-08,2.990264139691544,4.574950399387995,0.8887598311155339,0.8887598311155341,0.4819056872648182,0.4819056872648183
complex,0.171,0.1715,-0.0005,0.000,2,0.8817340741687621,1.1246368397831665,-5e-324,48.014384408839526,5.712745320815501e-08,5.7127453208155026e-08,2.9919272008127287,4.573073891116648,0.888737307905554,0.8887373079055543,0.48191097813891165,0.48191097813891176
complex,0.1715,0.172,-0.001,-0.0005,2,0.8838381947069558,1.1255186487039803,-5e-324,47.75605942598206,5.549604514612463e-08,5.5496045146124645e-08,2.992055426523272,4.569932580046634,0.8886018428360414,0.8886018428360416,0.48194535638177416,0.48194535638177427
complex,0.1715,0.172,-0.0005,0.000,2,0.8838246159850072,1.125324231328205,-5e-324,47.41260769111479,5.544733779102204e-08,5.544733779102205e-08,2.993711542025239,4.5680643189879575,0.8885797127986673,0.8885797127986675,0.48195070919109945,0.48195070919109956
complex,0.171,0.1715,0.000,0.0005,2,0.8817340741687621,1.1246368397831665,-5e-324,48.02572053281932,5.7124496140354e-08,5.7124496140354016e-08,2.991924086946152,4.572832417530284,0.888737307905554,0.8887373079055543,0.48191097813891165,0.48191097813891176
complex,0.171,0.1715,0.0005,0.001,2,0.8817477631392705,1.1248334613866808,-5e-324,48.373356238830524,5.717408480685937e-08,5.7174084806859386e-08,2.9903019904238772,4.5747054906139155,0.8887598311155339,0.8887598311155341,0.4819056872648182,0.4819056872648183
complex,0.1715,0.172,0.000,0.0005,2,0.8838246159850072,1.125324231328205,-5e-324,47.424214872649216,5.5444509217312275e-08,5.544450921731229e-08,2.993708753452088,4.567827030307913,0.8885797127986673,0.8885797127986675,0.48195070919109945,0.48195070919109956
complex,0.1715,0.172,0.0005,0.001,2,0.8838381947069558,1.1255186487039803,-5e-324,47.76341610154327,5.5492419695947266e-08,5.549241969594728e-08,2.9920933080477075,4.569691889895484,0.8886018428360414,0.8886018428360416,0.48194535638177416,0.48194535638177427
complex,0.172,0.1725,-0.001,-0.0005,2,0.8859143440021535,1.1262040556562072,-5e-324,47.15554476141311,5.3868534695202504e-08,5.386853469520252e-08,2.9938268465756903,4.564959540512539,0.8884442498816763,0.8884442498816765,0.48198485185042267,0.4819848518504228
complex,0.172,0.1725,-0.0005,0.000,2,0.8859008742086664,1.126011814415687,-5e-324,46.81840578655257,5.382147279710556e-08,5.382147279710557e-08,2.995476073090661,4.563099463560777,0.8884225099883899,0.8884225099883901,0.4819902656741579,0.48199026567415804
complex,0.1725,0.173,-0.001,-0.0005,2,0.8879763239946677,1.126889599253577,-5e-324,46.563705179176004,5.229343356924078e-08,5.2293433569240796e-08,2.99557869387912,4.5600307158085425,0.8882870515719106,0.8882870515719108,0.48202417478949167,0.4820241747894918
complex,0.1725,0.173,-0.0005,0.000,2,0.8879629618313499,1.1266995064740266,-5e-324,46.23168079344105,5.22479563016812e-08,5.224795630168121e-08,2.9972210873767757,4.558178760559802,0.8882656988161876,0.8882656988161878,0.4820296487196173,0.4820296487196174
complex,0.172,0.1725,0.000,0.0005,2,0.8859008742086664,1.126011814415687,-5e-324,46.83027236118498,5.3818766814918916e-08,5.381876681491893e-08,2.9954735997607695,4.562866277100212,0.8884225099883899,0.8884225099883901,0.4819902656741579,0.48199026567415804
complex,0.172,0.1725,0.0005,0.001,2,0.8859143440021535,1.1262040556562072,-5e-324,47.16322274279251,5.3865061291759945e-08,5.386506129175996e-08,2.993864749819993,4.564722986073986,0.8884442498816763,0.8884442498816765,0.48198485185042267,0.4819848518504228
complex,0.1725,0.173,0.000,0.0005,2,0.8879629618313499,1.1266995064740266,-5e-324,46.243795476168685,5.2245367294540133e-08,5.2245367294540147e-08,2.9972189195171595,4.55794959553309,0.8882656988161876,0.8882656988161878,0.4820296487196173,0.4820296487196174
complex,0.1725,0.173,0.0005,0.001,2,0.8879763239946677,1.126889599253577,-5e-324,46.57169221908963,5.229010545717346e-08,5.229010545717347e-08,2.995616610072184,4.559798216071376,0.8882870515719106,0.8882870515719108,0.48202417478949167,0.4820241747894918
complex,0.173,0.1735,-0.001,-0.0005,2,0.8900242464543949,1.1275751983615974,-5e-324,45.97935763538238,5.076890921530718e-08,5.0768909215307196e-08,2.9973112583155177,4.555145550541357,0.8881302472191297,0.8881302472191299,0.4820633263091887,0.4820633263091888
complex,0.173,0.1735,-0.0005,0.000,2,0.890010990644024,1.1273872267801914,-5e-324,45.652359887938424,5.0724958188623477e-08,5.072495818862349e-08,2.998946874110059,4.55330165528701,0.8881092786163205,0.8881092786163207,0.48206885945022776,0.48206885945022787
complex,0.1735,0.174,-0.001,-0.0005,2,0.8920582219665903,1.1282607736657915,-5e-324,45.402427886115376,4.929319809216212e-08,4.9293198092162135e-08,2.999024825677395,4.550303498716012,0.8879738361287765,0.8879738361287767,0.4821023075110994,0.4821023075110995
complex,0.1735,0.174,-0.0005,0.000,2,0.8920450712526384,1.1280748964238878,-5e-324,45.08037189770687,4.9250717248067616e-08,4.925071724806763e-08,3.0006537184386928,4.548467602429423,0.8879532487159537,0.8879532487159539,0.48210789898017054,0.48210789898017065
complex,0.173,0.1735,0.000,0.0005,2,0.890010990644024,1.1273872267801914,-5e-324,45.66471176046701,5.072248081155483e-08,5.072248081155484e-08,2.998945002216997,4.553076432760348,0.8881092786163205,0.8881092786163207,0.48206885945022776,0.48206885945022787
complex,0.173,0.1735,0.0005,0.001,2,0.8900242464543949,1.1275751983615974,-5e-324,45.98764190684471,5.0765719956676584e-08,5.07657199566766e-08,2.9973491789784044,4.554917026344271,0.8881302472191297,0.8881302472191299,0.4820633263091887,0.4820633263091888
complex,0.1735,0.174,0.000,0.0005,2,0.8920450712526384,1.1280748964238878,-5e-324,45.09295039634156,4.924834641379658e-08,4.9248346413796595e-08,3.00065213327002,4.548246245272847,0.8879532487159537,0.8879532487159539,0.48210789898017054,0.48210789898017065
complex,0.1735,0.174,0.0005,0.001,2,0.8920582219665903,1.1282607736657915,-5e-324,45.410997925701864,4.929014155072358e-08,4.929014155072359e-08,2.9990627426146728,4.550078872699795,0.8879738361287765,0.8879738361287767,0.4821023075110994,0.4821023075110995
complex,0.174,0.1745,-0.001,-0.0005,2,0.8940783599465255,1.128946247637504,-5e-324,44.832845122846344,4.786460288841128e-08,4.786460288841129e-08,3.000719677726934,4.545504023552148,0.887817817599516,0.8878178175995162,0.48214111948859395,0.48214111948859406
complex,0.174,0.1745,-0.0005,0.000,2,0.8940653130929227,1.1287624382735628,-5e-324,44.51564714116086,4.782353840040404e-08,4.782353840040405e-08,3.002341901488209,4.543676065881462,0.8877976084353386,0.8877976084353388,0.4821467684149143,0.4821467684149144
complex,0.1745,0.175,-0.001,-0.0005,2,0.8960847686547915,1.1296315444993914,-5e-324,44.270539870834384,4.6481489860788794e-08,4.648148986078881e-08,3.0023960922537016,4.540746597306132,0.8876621909233936,0.8876621909233938,0.48217976332655665,0.48217976332655677
complex,0.1745,0.175,-0.0005,0.000,2,0.8960718244453114,1.1294497769424294,-5e-324,43.95811728888411,4.6441790038174404e-08,4.644179003817442e-08,3.0040117004212554,4.538926518562979,0.8876423570879393,0.8876423570879395,0.48218546885149555,0.48218546885149566
complex,0.174,0.1745,0.000,0.0005,2,0.8940653130929227,1.1287624382735628,-5e-324,44.52844204512337,4.782126926628348e-08,4.782126926628349e-08,3.0023405940558745,4.5434584987222335,0.8877976084353386,0.8877976084353388,0.4821467684149143,0.4821467684149144
complex,0.174,0.1745,0.0005,0.001,2,0.8940783599465255,1.128946247637504,-5e-324,44.84168981912722,4.7861673214706355e-08,4.786167321470637e-08,3.0007575830182383,4.54528322011323,0.887817817599516,0.8878178175995162,0.48214111948859395,0.48214111948859406
complex,0.1745,0.175,0.000,0.0005,2,0.8960718244453114,1.1294497769424294,-5e-324,43.9711186955683,4.6439617993809633e-08,4.6439617993809647e-08,3.004010661984085,4.538712667740306,0.8876423570879393,0.8876423570879395,0.48218546885149555,0.48218546885149566
complex,0.1745,0.175,0.0005,0.001,2,0.8960847686547915,1.1296315444993914,-5e-324,44.279648453280835,4.647868147801134e-08,4.6478681478011354e-08,3.0024339782455685,4.540529542551461,0.8876621909233936,0.8876621909233938,0.48217976332655665,0.48217976332655677
complex,0.175,0.1755,-0.001,-0.0005,2,0.8980775552112956,1.1303165901930219,-5e-324,43.71544384787304,4.514228628573713e-08,4.514228628573714e-08,3.004054343130115,4.536030701098098,0.887506955385949,0.8875069553859493,0.482218240101624,0.4822182401016241
complex,0.175,0.1755,-0.0005,0.000,2,0.8980647124496253,1.1301368387553317,-5e-324,43.407715240541656,4.5103901482602544e-08,4.510390148260256e-08,3.00566338849316,4.534218442246921,0.8874874939806107,0.8874874939806109,0.48222400137845406,0.48222400137845417
complex,0.1755,0.176,-0.001,-0.0005,2,0.9000568256106343,1.1310013123449092,-5e-324,43.167489831073745,4.3845478019900874e-08,4.384547801990089e-08,3.0056947003712624,4.531355824735826,0.8873521102664139,0.8873521102664141,0.482256550882277,0.4822565508822771
complex,0.1755,0.176,-0.0005,0.000,2,0.900044083119665,1.1308235517159422,-5e-324,42.86437485033929,4.380836054824566e-08,4.3808360548245675e-08,3.00729723510909,4.529551327386724,0.8873330184137315,0.8873330184137317,0.4822623670759344,0.4822623670759345
complex,0.175,0.1755,0.000,0.0005,2,0.8980647124496253,1.1301368387553317,-5e-324,43.42091352208895,4.5101822138132325e-08,4.510182213813234e-08,3.0056626105498427,4.534008235767953,0.8874874939806107,0.8874874939806109,0.48222400137845406,0.48222400137845417
complex,0.175,0.1755,0.0005,0.001,2,0.8980775552112956,1.1303165901930219,-5e-324,43.72480587614096,4.5139593876330915e-08,4.513959387633093e-08,3.0040922024280907,4.535817322801284,0.887506955385949,0.8875069553859493,0.482218240101624,0.4822182401016241
complex,0.1755,0.176,0.000,0.0005,2,0.900044083119665,1.1308235517159422,-5e-324,42.87776075172323,4.380636972324312e-08,4.3806369723243136e-08,3.0072967093913894,4.529344694883804,0.8873330184137315,0.8873330184137317,0.4822623670759344,0.4822623670759345
complex,0.1755,0.176,0.0005,0.001,2,0.9000568256106343,1.1310013123449092,-5e-324,43.17709518466099,4.3842896512850713e-08,4.3842896512850727e-08,3.005732525832185,4.531146052294537,0.8873521102664139,0.8873521102664141,0.482256550882277,0.4822565508822771
complex,0.176,0.1765,-0.001,-0.0005,2,0.9020226847358049,1.1316856402353292,-5e-324,42.62661153401513,4.258960716481312e-08,4.258960716481313e-08,3.0073174301869194,4.526721466552375,0.8871976548378042,0.8871976548378044,0.4822946967287696,0.48229469672876973
complex,0.176,0.1765,-0.0005,0.000,2,0.9020100413574098,1.1315098454751065,-5e-324,42.328030974108984,4.255371121130444e-08,4.2553711211304454e-08,3.008913505878792,4.524924672949918,0.8871789296813358,0.887178929681336,0.4823005670157832,0.48230056701578333
complex,0.1765,0.177,-0.001,-0.0005,2,0.9039752363725556,1.1323695047664575,-5e-324,42.092743491660926,4.1373269830398027e-08,4.137326983039804e-08,3.0089227950381088,4.522127133239369,0.8870435883670994,0.8870435883670996,0.4823326786932877,0.48233267869328783
complex,0.1765,0.177,-0.0005,0.000,2,0.903962690967379,1.1321956512990177,-5e-324,41.7986192909118,4.133855137726478e-08,4.133855137726479e-08,3.010512462671357,4.520337986254236,0.8870252270712836,0.8870252270712838,0.4823386022615251,0.4823386022615252
complex,0.176,0.1765,0.000,0.0005,2,0.9020100413574098,1.1315098454751065,-5e-324,42.34159554035395,4.2551804924264075e-08,4.255180492426409e-08,3.0089132243449375,4.52472154563904,0.8871789296813358,0.887178929681336,0.4823005670157832,0.48230056701578333
complex,0.176,0.1765,0.0005,0.001,2,0.9020226847358049,1.1316856402353292,-5e-324,42.636450402263605,4.2587131723589576e-08,4.258713172358959e-08,3.007355214911508,4.52651523094693,0.8871976548378042,0.8871976548378044,0.4822946967287696,0.48229469672876973
complex,0.1765,0.177,0.000,0.0005,2,0.903962690967379,1.1321956512990177,-5e-324,41.81235385732885,4.133672583564224e-08,4.1336725835642256e-08,3.0105124174996756,4.520138296894667,0.8870252270712836,0.8870252270712838,0.4823386022615251,0.4823386022615252
complex,0.1765,0.177,0.0005,0.001,2,0.9039752363725556,1.1323695047664575,-5e-324,42.10280636410356,4.137089584152251e-08,4.1370895841522525e-08,3.008960532363726,4.521924366992497,0.8870435883670994,0.8870435883670996,0.4823326786932877,0.48233267869328783
complex,0.177,0.1775,-0.001,-0.0005,2,0.9059145832243851,1.1330528384300835,-5e-324,41.565820953240554,4.019511399300918e-08,4.019511399300919e-08,3.0105110536944144,4.517572339681793,0.8868899101153659,0.8868899101153661,0.4823704978199833,0.4823704978199834
complex,0.177,0.1775,-0.0005,0.000,2,0.9059021346708507,1.1328809020382786,-5e-324,41.276076195605555,4.016153074235376e-08,4.016153074235377e-08,3.012094363670751,4.515790782804667,0.8868719098653666,0.8868719098653668,0.48237647386855004,0.48237647386855015
complex,0.1775,0.178,-0.001,-0.0005,2,0.9078408269244742,1.133735575279835,-5e-324,41.04577978573542,3.905383744478564e-08,3.9053837444785654e-08,3.0120824612796344,4.513056608811809,0.8867366193378906,0.8867366193378908,0.48240815514510055,0.48240815514510066
complex,0.1775,0.178,-0.0005,0.000,2,0.9078284741195929,1.133565532097669,-5e-324,40.76033870008534,3.9021348746154845e-08,3.902134874615486e-08,3.0136594634274148,4.511282586138976,0.8867189773394942,0.8867189773394945,0.48241418288408,0.4824141828840801
complex,0.177,0.1775,0.000,0.0005,2,0.9059021346708507,1.1328809020382786,-5e-324,41.289972378373434,4.0159782333129476e-08,4.015978233312949e-08,3.0120945472534433,4.515594465659719,0.8868719098653666,0.8868719098653668,0.48237647386855004,0.48237647386855015
complex,0.177,0.1775,0.0005,0.001,2,0.9059145832243851,1.1330528384300835,-5e-324,41.5760986102755,4.019283705520524e-08,4.019283705520525e-08,3.0105487371880475,4.517372976819523,0.8868899101153659,0.8868899101153661,0.4823704978199833,0.4823704978199834
complex,0.1775,0.178,0.000,0.0005,2,0.9078284741195929,1.133565532097669,-5e-324,40.77438838715679,3.901967402689142e-08,3.901967402689143e-08,3.013659868364541,4.5110895769378665,0.8867189773394942,0.8867189773394945,0.48241418288408,0.4824141828840801
complex,0.1775,0.178,0.0005,0.001,2,0.9078408269244742,1.133735575279835,-5e-324,41.056263289610136,3.905165335868422e-08,3.905165335868423e-08,3.0121200847311282,4.512860584825457,0.8867366193378906,0.8867366193378908,0.48240815514510055,0.48240815514510066
complex,0.178,0.1785,-0.001,-0.0005,2,0.9097540680513778,1.1344176508985588,-5e-324,40.532556382038806,3.7948185828407255e-08,3.794818582840727e-08,3.0136372693318667,4.50857947144422,0.8865837152843513,0.8865837152843515,0.48244565169687265,0.48244565169687276
complex,0.178,0.1785,-0.0005,0.000,2,0.9097418099094227,1.1342494774065854,-5e-324,40.25134434219493,3.791675260977753e-08,3.7916752609777545e-08,3.015208012911069,4.506812927673176,0.8865664287637729,0.8865664287637731,0.48245173034727734,0.48245173034727745
complex,0.1785,0.179,-0.001,-0.0005,2,0.9116544061417321,1.1350990023701346,-5e-324,40.02608757890763,3.6876950754681306e-08,3.687695075468132e-08,3.015175725853305,4.504140466128431,0.8864311971989032,0.8864311971989034,0.48248298849579124,0.48248298849579135
complex,0.1785,0.179,-0.0005,0.000,2,0.9116422415945492,1.134932675388825,-5e-324,39.74903110173505,3.684653545656566e-08,3.6846535456565674e-08,3.016740259565058,4.502381346547469,0.8864142634026998,0.8864142634027,0.4824891172893237,0.4824891172893238
complex,0.178,0.1785,0.000,0.0005,2,0.9097418099094227,1.1342494774065854,-5e-324,40.2655396845163,3.791514830014417e-08,3.7915148300144186e-08,3.015208632004739,4.506623163573962,0.8865664287637729,0.8865664287637731,0.48245173034727734,0.48245173034727745
complex,0.178,0.1785,0.0005,0.001,2,0.9097540680513778,1.1344176508985588,-5e-324,40.54323706814278,3.794609058677773e-08,3.794609058677774e-08,3.013674826747316,4.508386723253437,0.8865837152843513,0.8865837152843515,0.48244565169687265,0.48244565169687276
complex,0.1785,0.179,0.000,0.0005,2,0.9116422415945492,1.134932675388825,-5e-324,39.76336450477603,3.684499843030519e-08,3.68449984303052e-08,3.0167410858137296,4.502194766101018,0.8864142634026998,0.8864142634027,0.4824891172893237,0.4824891172893238
complex,0.1785,0.179,0.0005,0.001,2,0.9116544061417321,1.1350990023701346,-5e-324,40.036957047355244,3.687494053315924e-08,3.6874940533159256e-08,3.015213211448658,4.503950932045285,0.8864311971989032,0.8864311971989034,0.48248298849579124,0.48248298849579135
complex,0.179,0.1795,-0.001,-0.0005,2,0.9135419397037707,1.135779568250508,-5e-324,39.52631058179492,3.583896799936002e-08,3.583896799936003e-08,3.016698075360711,4.499739139002172,0.8862790643203287,0.8862790643203289,0.48252016655453006,0.48252016655453017
complex,0.179,0.1795,-0.0005,0.000,2,0.9135298676999319,1.135615064935205,-5e-324,39.253337325212776,3.580953451191718e-08,3.580953451191719e-08,3.01825644735343,4.497987389484461,0.8862624805152503,0.8862624805152505,0.4825263447334581,0.48252634473345823
complex,0.1795,0.180,-0.001,-0.0005,2,0.9154167662309142,1.1364592885388742,-5e-324,39.03316289631366,3.483311577488343e-08,3.483311577488344e-08,3.0182045589381863,4.495375043643604,0.886127315882174,0.8861273158821742,0.48255718687802723,0.48255718687802734
complex,0.1795,0.180,-0.0005,0.000,2,0.9154047857357348,1.136296586373788,-5e-324,38.764201655857434,3.4804629377595526e-08,3.480462937759554e-08,3.01975681681629,4.493630610637602,0.8861110793550138,0.886111079355014,0.48256341369499706,0.48256341369499717
complex,0.179,0.1795,0.000,0.0005,2,0.9135298676999319,1.135615064935205,-5e-324,39.26780144078093,3.580806178922963e-08,3.580806178922964e-08,3.018257473946451,4.497803932599424,0.8862624805152503,0.8862624805152505,0.4825263447334581,0.48252634473345823
complex,0.179,0.1795,0.0005,0.001,2,0.9135419397037707,1.135779568250508,-5e-324,39.53736068928839,3.583703914764514e-08,3.5837039147645156e-08,3.0167354835555797,4.4995527586962245,0.8862790643203287,0.8862790643203289,0.48252016655453006,0.48252016655453017
complex,0.1795,0.180,0.000,0.0005,2,0.9154047857357348,1.136296586373788,-5e-324,38.77878937419845,3.480321811791728e-08,3.480321811791729e-08,3.019758037128565,4.49345021854636,0.8861110793550138,0.886111079355014,0.48256341369499706,0.48256341369499717
complex,0.1795,0.180,0.0005,0.001,2,0.9154167662309142,1.1364592885388742,-5e-324,39.04438574827883,3.483126480838337e-08,3.4831264808383384e-08,3.0182418843498233,4.49519175810796,0.886127315882174,0.8861273158821742,0.48255718687802723,0.48255718687802734
complex,0.180,0.1805,-0.001,-0.0005,2,0.9172789822141151,1.1371381046508793,-5e-324,38.546595571099665,3.3858313074644304e-08,3.385831307464432e-08,3.0196954142830377,4.491047740935597,0.8859759511129046,0.8859759511129048,0.4825940504635985,0.4825940504635986
complex,0.180,0.1805,-0.0005,0.000,2,0.9172670922094038,1.136977181443562,-5e-324,38.28156297230331,3.3830740378755835e-08,3.383074037875585e-08,3.021241605115036,4.489310571456335,0.885960059170362,0.8859600591703622,0.4826003251814909,0.482600325181491
complex,0.1805,0.181,-0.001,-0.0005,2,0.9191286831557925,1.1378159593900372,-5e-324,38.06653597288375,3.2913518085234065e-08,3.291351808523408e-08,3.021170875760289,4.486756798919163,0.8858249692359612,0.8858249692359614,0.4826307583009369,0.482630758300937
complex,0.1805,0.181,-0.0005,0.000,2,0.9191168826394026,1.1376567932661248,-5e-324,37.80536033207628,3.288682697880576e-08,3.2886826978805776e-08,3.022711046085943,4.485026840540805,0.8858094192045374,0.8858094192045376,0.48263708019283064,0.48263708019283075
complex,0.180,0.1805,0.000,0.0005,2,0.9172670922094038,1.136977181443562,-5e-324,38.296267414471586,3.382938787391222e-08,3.382938787391223e-08,3.021243012701853,4.489133186681888,0.885960059170362,0.8859600591703622,0.4826003251814909,0.482600325181491
complex,0.180,0.1805,0.0005,0.001,2,0.9172789822141151,1.1371381046508793,-5e-324,38.55798420960027,3.385653666654006e-08,3.3856536666540074e-08,3.0197326517204934,4.490867492453891,0.8859759511129046,0.8859759511129048,0.4825940504635985,0.4825940504635986
complex,0.1805,0.181,0.000,0.0005,2,0.9191168826394026,1.1376567932661248,-5e-324,37.82017484256849,3.2885530646517236e-08,3.288553064651725e-08,3.0227126346779323,4.48485240686459,0.8858094192045374,0.8858094192045376,0.48263708019283064,0.48263708019283075
complex,0.1805,0.181,0.0005,0.001,2,0.9191286831557925,1.1378159593900372,-5e-324,38.07808226823779,3.2911813058944845e-08,3.291181305894486e-08,3.02120802021876,4.486579531033463,0.8858249692359612,0.8858249692359614,0.4826307583009369,0.482630758300937
complex,0.181,0.1815,-0.001,-0.0005,2,0.9209659635820789,1.13849279692157,-5e-324,37.59304854710876,3.1997726665393235e-08,3.199772666539325e-08,3.022631174448214,4.4825017926621245,0.885674369469958,0.8856743694699583,0.4826673113722198,0.4826673113722199
complex,0.181,0.1815,-0.0005,0.000,2,0.9209542515675571,1.1383353663196358,-5e-324,37.33553292273744,3.197188626092933e-08,3.1971886260929347e-08,3.024165370284484,4.480778993512481,0.885659158695791,0.8856591586957913,0.4826736797210059,0.482673679721006
complex,0.1815,0.182,-0.001,-0.0005,2,0.9227909170553545,1.13916856274622,-5e-324,37.12603160743215,3.110997088741392e-08,3.1109970887413935e-08,3.024076538186221,4.478282304125963,0.8855241510287503,0.8855241510287505,0.4827037106521037,0.4827037106521038
complex,0.1815,0.182,-0.0005,0.000,2,0.9227792925719035,1.1390128464122369,-5e-324,36.8720200177368,3.108495147131424e-08,3.1084951471314256e-08,3.025604805037014,4.47656661287501,0.8855092768774935,0.8855092768774937,0.4827101247505895,0.4827101247505896
complex,0.181,0.1815,0.000,0.0005,2,0.9209542515675571,1.1383353663196358,-5e-324,37.35045106237123,3.197064363865107e-08,3.197064363865108e-08,3.024167133782794,4.480607455943057,0.885659158695791,0.8856591586957913,0.4826736797210059,0.482673679721006
complex,0.181,0.1815,0.0005,0.001,2,0.9209659635820789,1.13849279692157,-5e-324,37.604746989028314,3.199608998742002e-08,3.199608998742003e-08,3.0226682211035354,4.48232745014172,0.885674369469958,0.8856743694699583,0.4826673113722198,0.4826673113722199
complex,0.1815,0.182,0.000,0.0005,2,0.9227792925719035,1.1390128464122369,-5e-324,36.887035556777974,3.10837602103929e-08,3.108376021039291e-08,3.0256067375085602,4.476397917617623,0.8855092768774935,0.8855092768774937,0.4827101247505895,0.4827101247505896
complex,0.1815,0.182,0.0005,0.001,2,0.9227909170553545,1.13916856274622,-5e-324,37.137876363843006,3.1108399660541096e-08,3.110839966054111e-08,3.024113482389553,4.478110832936997,0.8855241510287503,0.8855241510287505,0.4827037106521037,0.4827037106521038
complex,0.182,0.1825,-0.001,-0.0005,2,0.9246036361873659,1.1398432036735442,-5e-324,36.66532676785044,3.0249317638604794e-08,3.024931763860481e-08,3.0255071916248486,4.474097922031521,0.8853743131216096,0.8853743131216099,0.4827399571079027,0.4827399571079028
complex,0.182,0.1825,-0.0005,0.000,2,0.9245920982791354,1.139689180656395,-5e-324,36.414760938778116,3.022509062343643e-08,3.022509062343644e-08,3.0270295744851095,4.47238928788856,0.8853597729782814,0.8853597729782816,0.4827464162584668,0.4827464162584669
complex,0.1825,0.183,-0.001,-0.0005,2,0.9264042126506852,1.1405166677976741,-5e-324,36.21087247819572,2.941486728070872e-08,2.9414867280708727e-08,3.0269233562683646,4.469948241737086,0.8852248549532832,0.8852248549532834,0.4827760516994846,0.48277605169948473
complex,0.1825,0.183,-0.0005,0.000,2,0.926392760376826,1.14036431744373,-5e-324,35.963867558530055,2.939140515910662e-08,2.9391405159106627e-08,3.028439899633095,4.468246614440458,0.8852106462221703,0.8852106462221705,0.4827825552140702,0.4827825552140703
complex,0.182,0.1825,0.000,0.0005,2,0.9245920982791354,1.139689180656395,-5e-324,36.42986785029725,3.022394848356566e-08,3.022394848356567e-08,3.0270316701580007,4.472223382315537,0.8853597729782814,0.8853597729782816,0.4827464162584668,0.4827464162584669
complex,0.182,0.1825,0.0005,0.001,2,0.9246036361873659,1.1398432036735442,-5e-324,36.677310958617184,3.024780909544221e-08,3.0247809095442226e-08,3.0255440288974658,4.473929269307478,0.8853743131216096,0.8853743131216099,0.4827399571079027,0.4827399571079028
complex,0.1825,0.183,0.000,0.0005,2,0.926392760376826,1.14036431744373,-5e-324,35.979062250645036,2.939031000306612e-08,2.9390310003066127e-08,3.0284421528921763,4.4680834470624164,0.8852106462221703,0.8852106462221705,0.4827825552140702,0.4827825552140703
complex,0.1825,0.183,0.0005,0.001,2,0.9264042126506852,1.1405166677976741,-5e-324,36.22298943438286,2.9413418777554564e-08,2.941341877755457e-08,3.026960082296689,4.469782355750065,0.8852248549532832,0.8852248549532834,0.4827760516994846,0.48277605169948473
complex,0.183,0.1835,-0.001,-0.0005,2,0.9281927371912293,1.1411889044719608,-5e-324,35.76260717780025,2.860575236387333e-08,2.8605752363873335e-08,3.0283252505228577,4.4658328651102055,0.8850757757241602,0.8850757757241604,0.48281199537947767,0.4828119953794778
complex,0.183,0.1835,-0.0005,0.000,2,0.9281813696258836,1.1410382064198499,-5e-324,35.51914065962692,2.8583028664552068e-08,2.8583028664552074e-08,3.029835998394959,4.464138194918751,0.88506189582867,0.8850618958286702,0.48281854257944085,0.48281854257944096
complex,0.1835,0.184,-0.001,-0.0005,2,0.9299692996408576,1.1418598642836673,-5e-324,35.32046927293536,2.7821136393291974e-08,2.782113639329198e-08,3.029713089743959,4.461751400401723,0.8849270746303683,0.8849270746303686,0.4828477890932909,0.482847789093291
complex,0.1835,0.184,-0.0005,0.000,2,0.9299580158721247,1.1417107984604797,-5e-324,35.08048957629553,2.7799125639254233e-08,2.779912563925424e-08,3.031218085637697,4.4600636380924925,0.8849135210128698,0.88491352101287,0.4828543793091449,0.482854379309145
complex,0.183,0.1835,0.000,0.0005,2,0.9281813696258836,1.1410382064198499,-5e-324,35.53441790816326,2.8581978453214726e-08,2.8581978453214733e-08,3.029838403777481,4.463977715356589,0.88506189582867,0.8850618958286702,0.48281854257944085,0.48281854257944096
complex,0.183,0.1835,0.0005,0.001,2,0.9281927371912293,1.1411889044719608,-5e-324,35.77485043527778,2.8604361374883096e-08,2.8604361374883103e-08,3.0283618611535474,4.465669695242996,0.8850757757241602,0.8850757757241604,0.48281199537947767,0.4828119953794778
complex,0.1835,0.184,0.000,0.0005,2,0.9299580158721247,1.1417107984604797,-5e-324,35.09584358120635,2.7798118426846663e-08,2.779811842684667e-08,3.03122063782915,4.45990579705015,0.8849135210128698,0.88491352101287,0.4828543793091449,0.482854379309145
complex,0.1835,0.184,0.0005,0.001,2,0.9299692996408576,1.1418598642836673,-5e-324,35.33283256618987,2.7819800504936284e-08,2.781980050493629e-08,3.0297495809791735,4.461590897120629,0.8849270746303683,0.8849270746303686,0.4828477890932909,0.482847789093291
complex,0.184,0.1845,-0.001,-0.0005,2,0.9317339889281745,1.142529499031422,-5e-324,34.8843971200598,2.706021264669642e-08,2.7060212646696427e-08,3.0310870862762798,4.457703462133405,0.8847787508638791,0.8847787508638794,0.4828834337790445,0.48288343377904464
complex,0.184,0.1845,-0.0005,0.000,2,0.9317227880584146,1.1423820456472589,-5e-324,34.64803905737085,2.7038890314851314e-08,2.703889031485132e-08,3.0325863732265774,4.456022558991008,0.8847655209856227,0.8847655209856229,0.4828900663504871,0.4828900663504872
complex,0.1845,0.185,-0.001,-0.0005,2,0.9334868930908901,1.1431977617007374,-5e-324,34.45432901162629,2.632220303926624e-08,2.6322203039266248e-08,3.0324474495013938,4.4536886709746515,0.884630803612653,0.8846308036126532,0.48291893036782935,0.48291893036782946
complex,0.1845,0.185,-0.0005,0.000,2,0.9334757742363329,1.1430519012442901,-5e-324,34.221525994204406,2.630154552199955e-08,2.6301545521999555e-08,3.0339410700697744,4.452014578785266,0.8846178949536039,0.8846178949536041,0.48292560464353335,0.48292560464353346
complex,0.184,0.1845,0.000,0.0005,2,0.9317227880584146,1.1423820456472589,-5e-324,34.663460170312725,2.703792424445527e-08,2.7037924244455276e-08,3.0325890670566027,4.455867308228961,0.8847655209856227,0.8847655209856229,0.4828900663504871,0.4828900663504872
complex,0.184,0.1845,0.0005,0.001,2,0.9317339889281745,1.142529499031422,-5e-324,34.89687437620157,2.7058929552492382e-08,2.705892955249239e-08,3.031123454269138,4.457545576961806,0.8847787508638791,0.8847787508638794,0.4828834337790445,0.48288343377904464
complex,0.1845,0.185,0.000,0.0005,2,0.9334757742363329,1.1430519012442901,-5e-324,34.23700918756222,2.630061882128063e-08,2.6300618821280637e-08,3.033943900508211,4.451861871094751,0.8846178949536039,0.8846178949536041,0.48292560464353335,0.48292560464353346
complex,0.1845,0.185,0.0005,0.001,2,0.9334868930908901,1.1431977617007374,-5e-324,34.46691434459821,2.6320970534769717e-08,2.6320970534769723e-08,3.0324836905514747,4.453533356467291,0.884630803612653,0.8846308036126532,0.48291893036782935,0.48291893036782946
complex,0.185,0.1855,-0.001,-0.0005,2,0.935228099287358,1.1438646064409006,-5e-324,34.03026244277894,2.5606357035002236e-08,2.5606357035002243e-08,3.0337943858809497,4.449706653627796,0.8844832320607123,0.8844832320607126,0.4829542797836454,0.4829542797836455
complex,0.185,0.1855,-0.0005,0.000,2,0.9352170615778863,1.1437203196748873,-5e-324,33.800889852200456,2.5586341603421095e-08,2.55863416034211e-08,3.0352823821619026,4.4480393246727425,0.884470642119422,0.8844706421194222,0.48296099512108215,0.48296099512108226
complex,0.1855,0.186,-0.001,-0.0005,2,0.9369576938074192,1.1445299885430091,-5e-324,33.61221458421957,2.4911950602306917e-08,2.4911950602306923e-08,3.035128098996827,4.445757042719237,0.884336035388264,0.8843360353882642,0.4829894829434542,0.4829894829434543
complex,0.1855,0.186,-0.0005,0.000,2,0.936946736386103,1.1443872564999864,-5e-324,33.38607000036676,2.489255537104778e-08,2.4892555371047786e-08,3.036610512623489,4.444096429769279,0.8843237616817671,0.8843237616817673,0.4829962387088549,0.482996238708855
complex,0.185,0.1855,0.000,0.0005,2,0.9352170615778863,1.1437203196748873,-5e-324,33.816430263113155,2.5585452580572944e-08,2.558545258057295e-08,3.0352853443149606,4.447889113850668,0.884470642119422,0.8844706421194222,0.48296099512108215,0.48296099512108226
complex,0.185,0.1855,0.0005,0.001,2,0.935228099287358,1.1438646064409006,-5e-324,34.04294885803965,2.5605173013045944e-08,2.560517301304595e-08,3.033830496429987,4.449553863345756,0.8844832320607123,0.8844832320607126,0.4829542797836454,0.4829542797836455
complex,0.1855,0.186,0.000,0.0005,2,0.936946736386103,1.1443872564999864,-5e-324,33.40166292558695,2.4891702410940506e-08,2.4891702410940512e-08,3.0366136017300187,4.443948670593823,0.8843237616817671,0.8843237616817673,0.4829962387088549,0.482996238708855
complex,0.1855,0.186,0.0005,0.001,2,0.9369576938074192,1.1445299885430091,-5e-324,33.624993567748795,2.4910813048472374e-08,2.491081304847238e-08,3.035164075624519,4.445606731205586,0.884336035388264,0.8843360353882642,0.4829894829434542,0.4829894829434543
complex,0.186,0.1865,-0.001,-0.0005,2,0.9386757620843021,1.1451938644168067,-5e-324,33.199979022934635,2.4238285211441923e-08,2.423828521144193e-08,3.0364487895964043,4.441839476684466,0.884189212771827,0.8841892127718273,0.483024540757291,0.4830245407572911
complex,0.186,0.1865,-0.0005,0.000,2,0.9386648841075542,1.1450526683942963,-5e-324,32.97700570728546,2.4219489104883134e-08,2.421948910488314e-08,3.0379256617483876,4.440185532991194,0.8841772528354955,0.8841772528354958,0.4830313363254383,0.48303133632543843
complex,0.1865,0.187,-0.001,-0.0005,2,0.9403823887053276,1.1458561915693208,-5e-324,32.79349391230259,2.3584720520063932e-08,2.358472052006394e-08,3.0377566556329416,4.437953599661595,0.8840427633843043,0.8840427633843045,0.4830594541282792,0.48305945412827933
complex,0.1865,0.187,-0.0005,0.000,2,0.9403715893421056,1.145716513126283,-5e-324,32.57363614207523,2.356648902595502e-08,2.3566489025955026e-08,3.039228027039964,4.436306278954642,0.8840311147717415,0.8840311147717417,0.4830662888824747,0.4830662888824748
complex,0.186,0.1865,0.000,0.0005,2,0.9386648841075542,1.1450526683942963,-5e-324,32.9926465982095,2.421867066540515e-08,2.4218670665405155e-08,3.037928873176259,4.440040181198054,0.8841772528354955,0.8841772528354958,0.4830313363254383,0.48303133632543843
complex,0.186,0.1865,0.0005,0.001,2,0.9386757620843021,1.1451938644168067,-5e-324,33.21284538612122,2.423719219975322e-08,2.4237192199753228e-08,3.036484629016339,4.441691599440566,0.884189212771827,0.8841892127718273,0.483024540757291,0.4830245407572911
complex,0.1865,0.187,0.000,0.0005,2,0.9403715893421056,1.145716513126283,-5e-324,32.589320599936094,2.3565703633890403e-08,2.356570363389041e-08,3.0392313562825533,4.436163291213924,0.8840311147717415,0.8840311147717417,0.4830662888824747,0.4830662888824748
complex,0.1865,0.187,0.0005,0.001,2,0.9403823887053276,1.1458561915693208,-5e-324,32.80644262599668,2.3583670207393435e-08,2.358367020739344e-08,3.0377923546886363,4.437808113124048,0.8840427633843043,0.8840427633843045,0.4830594541282792,0.48305945412827933
complex,0.187,0.1875,-0.001,-0.0005,2,0.9420776574227775,1.1465169285835477,-5e-324,32.39269732105239,2.295061551443598e-08,2.2950615514435986e-08,3.039051892305151,4.434099061387529,0.8838966863951292,0.8838966863951294,0.48309422395268337,0.4830942239526835
complex,0.187,0.1875,-0.0005,0.000,2,0.9420669358547878,1.1463787495356006,-5e-324,32.17590037654024,2.2932957249864718e-08,2.2932957249864724e-08,3.0405178032558684,4.43245831786423,0.8838853466779789,0.8838853466779791,0.4831010972845338,0.48310109728453393
complex,0.1875,0.188,-0.001,-0.0005,2,0.9437616511649012,1.1471760350970432,-5e-324,31.99752723866081,2.2335308633086087e-08,2.2335308633086093e-08,3.040334692100215,4.430275517090027,0.883750980970316,0.8837509809703162,0.4831288511200069,0.48312885112000703
complex,0.1875,0.188,-0.0005,0.000,2,0.9437510065861417,1.1470393375126127,-5e-324,31.78373739094129,2.2318190752105663e-08,2.231819075210567e-08,3.0417951824460525,4.428641305412597,0.8837399477382252,0.8837399477382254,0.48313576242937567,0.4831357624293758
complex,0.187,0.1875,0.000,0.0005,2,0.9420669358547878,1.1463787495356006,-5e-324,32.191624147756876,2.2932203496565424e-08,2.293220349656543e-08,3.040521245928667,4.432317651757959,0.8838853466779789,0.8838853466779791,0.4831010972845338,0.48310109728453393
complex,0.187,0.1875,0.0005,0.001,2,0.9420776574227775,1.1465169285835477,-5e-324,32.405723510855466,2.294960613775056e-08,2.2949606137750567e-08,3.039087447966218,4.43395592290573,0.8838966863951292,0.8838966863951294,0.48309422395268337,0.4830942239526835
complex,0.1875,0.188,0.000,0.0005,2,0.9437510065861417,1.1470393375126127,-5e-324,31.799496362624335,2.2317467294591776e-08,2.2317467294591783e-08,3.0417987342833235,4.428502919412831,0.8837399477382252,0.8837399477382254,0.48313576242937567,0.4831357624293758
complex,0.1875,0.188,0.0005,0.001,2,0.9437616511649012,1.1471760350970432,-5e-324,32.01062618036282,2.2334338507638716e-08,2.2334338507638722e-08,3.040370101458649,4.430134684904322,0.883750980970316,0.8837509809703162,0.4831288511200069,0.48312885112000703
complex,0.188,0.1885,-0.001,-0.0005,2,0.9454344520459819,1.147833471782079,-5e-324,31.60792158400958,2.173818031634092e-08,2.1738180316340925e-08,3.0416052448295954,4.426482627392075,0.8836056462726155,0.8836056462726157,0.4831633365129929,0.48316333651299304
complex,0.188,0.1885,-0.0005,0.000,2,0.9454238836629171,1.1476982379778498,-5e-324,31.397086081707588,2.1721584676958126e-08,2.1721584676958132e-08,3.0430603539930168,4.424854902677955,0.8835949171330586,0.8835949171330588,0.4831702852078591,0.4831702852078592
complex,0.1885,0.189,-0.001,-0.0005,2,0.9470961413779713,1.1484892003238059,-5e-324,31.22381821456081,2.115864607283597e-08,2.1158646072835977e-08,3.042863737674401,4.422720058203171,0.8834606814615807,0.883460681461581,0.48319768100774996,0.48319768100775007
complex,0.1885,0.189,-0.0005,0.000,2,0.9470856484087679,1.1483554128614903,-5e-324,31.015885271178636,2.11425551945379e-08,2.1142555194537908e-08,3.0443135046519725,4.421098776023095,0.8834502540397401,0.8834502540397403,0.4832046665040209,0.483204666504021
complex,0.188,0.1885,0.000,0.0005,2,0.9454238836629171,1.1476982379778498,-5e-324,31.41287627730798,2.1720890232358496e-08,2.1720890232358503e-08,3.0430640108445948,4.4247187561254755,0.8835949171330586,0.8835949171330588,0.4831702852078591,0.4831702852078592
complex,0.188,0.1885,0.0005,0.001,2,0.9454344520459819,1.147833471782079,-5e-324,31.62108869917049,2.1737247831205356e-08,2.1737247831205363e-08,3.041640505096143,4.426344060612504,0.8836056462726155,0.8836056462726157,0.4831633365129929,0.48316333651299304
complex,0.1885,0.189,0.000,0.0005,2,0.9470856484087679,1.1483554128614903,-5e-324,31.031702846279952,2.1141888537258128e-08,2.1141888537258135e-08,3.044317262480128,4.420964829106673,0.8834502540397401,0.8834502540397403,0.4832046665040209,0.483204666504021
complex,0.1885,0.189,0.0005,0.001,2,0.9470961413779713,1.1484892003238059,-5e-324,31.23704906622901,2.1157749686926984e-08,2.115774968692699e-08,3.042898846175053,4.4225837167887665,0.8834606814615807,0.883460681461581,0.48319768100774996,0.48319768100775007
complex,0.189,0.1895,-0.001,-0.0005,2,0.9487467996793126,1.149143183402456,-5e-324,30.84515493962401,2.059614168031808e-08,2.0596141680318086e-08,3.044110355216586,4.418987480632485,0.8833160856936785,0.8833160856936787,0.48323188547371776,0.48323188547371787
complex,0.189,0.1895,-0.0005,0.000,2,0.9487363813537956,1.1490108250846038,-5e-324,30.640073719954092,2.058053871799181e-08,2.0580538717991818e-08,3.045554818586256,4.417372597002206,0.8833059576323103,0.8833059576323106,0.48323890719523654,0.48323890719523666
complex,0.1895,0.190,-0.001,-0.0005,2,0.9503865066865198,1.1497953846719493,-5e-324,30.471869532990425,2.0050122432406018e-08,2.0050122432406025e-08,3.045345279483744,4.4152845708835775,0.8831718581223624,0.8831718581223627,0.48326595077374473,0.48326595077374485
complex,0.1895,0.190,-0.0005,0.000,2,0.9503761622459561,1.149664438538157,-5e-324,30.26959013971948,2.0034991151567018e-08,2.0034991151567024e-08,3.0467844774091053,4.413676042260248,0.8831620270817173,0.8831620270817175,0.4832730081520858,0.4832730081520859
complex,0.189,0.1895,0.000,0.0005,2,0.9487363813537956,1.1490108250846038,-5e-324,30.655914958199126,2.0579898677022083e-08,2.057989867702209e-08,3.045558673462678,4.41724081073841,0.8833059576323103,0.8833059576323106,0.48323890719523654,0.48323890719523666
complex,0.189,0.1895,0.0005,0.001,2,0.9487467996793126,1.149143183402456,-5e-324,30.858445228186994,2.0595279919197656e-08,2.0595279919197663e-08,3.0441453093891715,4.418853325371128,0.8833160856936785,0.8833160856936787,0.48323188547371776,0.48323188547371787
complex,0.1895,0.190,0.000,0.0005,2,0.9503761622459561,1.149664438538157,-5e-324,30.285451448872124,2.003437660792315e-08,2.0034376607923156e-08,3.0467884255119295,4.413546378473799,0.8831620270817173,0.8831620270817175,0.4832730081520858,0.4832730081520859
complex,0.1895,0.190,0.0005,0.001,2,0.9503865066865198,1.1497953846719493,-5e-324,30.4852150921542,2.004929388524324e-08,2.0049293885243246e-08,3.0453800768746278,4.41515256337238,0.8831718581223624,0.8831718581223627,0.48326595077374473,0.48326595077374485
complex,0.190,0.1905,-0.001,-0.0005,2,0.9520153413629904,1.1504457687423693,-5e-324,30.103899749073527,1.9520062415718515e-08,1.952006241571852e-08,3.046568689980791,4.411611010169029,0.8830279978982221,0.8830279978982223,0.483299877764236,0.4832998777642361
complex,0.190,0.1905,-0.0005,0.000,2,0.9520050700602507,1.1503162180650508,-5e-324,29.904373208677924,1.9505387168481308e-08,1.9505387168481314e-08,3.048002660219629,4.4100087934410235,0.8830184615558785,0.8830184615558787,0.48330697023867153,0.48330697023867164
complex,0.1905,0.191,-0.001,-0.0005,2,0.9536333819099652,1.151094301159891,-5e-324,29.741183338690604,1.9005453815085405e-08,1.900545381508541e-08,3.047780763731432,4.407966484612274,0.8828845041690283,0.8828845041690285,0.48333366729505284,0.48333366729505295
complex,0.1905,0.191,-0.0005,0.000,2,0.9536231830086194,1.1509661294414668,-5e-324,29.54436158815951,1.8991219517503433e-08,1.899121951750344e-08,3.049209543637364,4.4063705370991055,0.8828752602197817,0.8828752602197819,0.48334079431238797,0.4833407943123881
complex,0.190,0.1905,0.000,0.0005,2,0.9520050700602507,1.1503162180650508,-5e-324,29.920251116809915,1.9504797052771545e-08,1.9504797052771552e-08,3.0480066978305786,4.409881214745655,0.8830184615558785,0.8830184615558787,0.48330697023867153,0.48330697023867164
complex,0.190,0.1905,0.0005,0.001,2,0.9520153413629904,1.1504457687423693,-5e-324,30.117296541966713,1.9519265732395418e-08,1.9519265732395425e-08,3.0466033282416483,4.411481112795237,0.8830279978982221,0.8830279978982223,0.483299877764236,0.4832998777642361
complex,0.1905,0.191,0.000,0.0005,2,0.9536231830086194,1.1509661294414668,-5e-324,29.56025273995898,1.8990652807614687e-08,1.8990652807614693e-08,3.0492136671389765,4.406245006878939,0.8828752602197817,0.8828752602197819,0.48334079431238797,0.4833407943123881
complex,0.1905,0.191,0.0005,0.001,2,0.9536333819099652,1.151094301159891,-5e-324,29.754627454087405,1.9004687703441338e-08,1.9004687703441344e-08,3.047815240616135,4.407838660534671,0.8828845041690283,0.8828845041690285,0.48333366729505284,0.48333366729505295
complex,0.191,0.1915,-0.001,-0.0005,2,0.9552407057754022,1.1517409483894374,-5e-324,29.383658067224207,1.8505806246395255e-08,1.8505806246395262e-08,3.048981675311586,4.404350685161746,0.8827413760798372,0.8827413760798374,0.48336732020974416,0.48336732020974427
complex,0.191,0.1915,-0.0005,0.000,2,0.9552305785501802,1.1516141393578678,-5e-324,29.18949393968622,1.849199835651326e-08,1.8491998356513266e-08,3.0504053018420088,4.40276096460499,0.8827324222355892,0.8827324222355895,0.48337448122414534,0.48337448122414545
complex,0.1915,0.192,-0.001,-0.0005,2,0.9568373896643835,1.1523856777956423,-5e-324,29.03126173280935,1.802064611559407e-08,1.8020646115594076e-08,3.0501715968873073,4.400763307500113,0.8825986127730849,0.8825986127730852,0.48340083734537326,0.48340083734537337
complex,0.1915,0.192,-0.0005,0.000,2,0.9568273334003081,1.1522602154017514,-5e-324,28.83970894390405,1.8007250612473736e-08,1.8007250612473742e-08,3.051590106606475,4.399179772060984,0.8825899467627187,0.882589946762719,0.4834080318184073,0.4834080318184074
complex,0.191,0.1915,0.000,0.0005,2,0.9552305785501802,1.1516141393578678,-5e-324,29.20539509288646,1.8491454075410836e-08,1.8491454075410843e-08,3.050409507714928,4.402637446996392,0.8827324222355892,0.8827324222355895,0.48337448122414534,0.48337448122414545
complex,0.191,0.1915,0.0005,0.001,2,0.9552407057754022,1.1517409483894374,-5e-324,29.39714571588359,1.8505069469602856e-08,1.8505069469602863e-08,3.049015988673171,4.404224898292545,0.8827413760798372,0.8827413760798374,0.48336732020974416,0.48336732020974427
complex,0.1915,0.192,0.000,0.0005,2,0.9568273334003081,1.1522602154017514,-5e-324,28.85561696582648,1.8006727826108616e-08,1.8006727826108622e-08,3.051594391426813,4.3990582319349025,0.8825899467627187,0.882589946762719,0.4834080318184073,0.4834080318184074
complex,0.1915,0.192,0.0005,0.001,2,0.9568373896643835,1.1523856777956423,-5e-324,29.044789243925113,1.801993748966019e-08,1.8019937489660196e-08,3.0502057446750426,4.400639522487322,0.8825986127730849,0.8825986127730852,0.48340083734537326,0.48340083734537337
complex,0.192,0.1925,-0.001,-0.0005,2,0.9584235095479249,1.15302845762598,-5e-324,28.68393218610369,1.754951600278408e-08,1.7549516002784088e-08,3.0513506982480245,4.39720405196073,0.8824562133887016,0.8824562133887018,0.4834342195327844,0.48343421953278454
complex,0.192,0.1925,-0.0005,0.000,2,0.9584135235408476,1.152904326039002,-5e-324,28.49494531942592,1.7536519366304168e-08,1.7536519366304175e-08,3.052764127335134,4.3956266602106755,0.8824478329579531,0.8824478329579534,0.483441446933239,0.4834414469332391
complex,0.1925,0.193,-0.001,-0.0005,2,0.9599991406725873,1.153669256993105,-5e-324,28.34160735016911,1.7091974070366647e-08,1.7091974070366653e-08,3.052519146842333,4.393672623441686,0.8823141770641509,0.8823141770641512,0.4834674675965415,0.48346746759654163
complex,0.1925,0.193,-0.0005,0.000,2,0.9599892242284608,1.1535464405979163,-5e-324,28.155141843538477,1.7079363262051106e-08,1.7079363262051113e-08,3.053927531094241,4.392101334360616,0.8823060799754979,0.8823060799754981,0.4834747274002991,0.48347472740029923
complex,0.192,0.1925,0.000,0.0005,2,0.9584135235408476,1.152904326039002,-5e-324,28.510857183632513,1.753601718162222e-08,1.7536017181622225e-08,3.052768487771924,4.395507063155443,0.8824478329579531,0.8824478329579534,0.483441446933239,0.4834414469332391
complex,0.192,0.1925,0.0005,0.001,2,0.9584235095479249,1.15302845762598,-5e-324,28.697496003864313,1.7548834394169598e-08,1.7548834394169605e-08,3.0513846785045384,4.397082234170979,0.8824562133887016,0.8824562133887018,0.4834342195327844,0.48343421953278454
complex,0.1925,0.193,0.000,0.0005,2,0.9599892242284608,1.1535464405979163,-5e-324,28.171054626590543,1.7078880825099133e-08,1.707888082509914e-08,3.0539319639069586,4.391983646665193,0.8823060799754979,0.8823060799754981,0.4834747274002991,0.48347472740029923
complex,0.1925,0.193,0.0005,0.001,2,0.9599991406725873,1.153669256993105,-5e-324,28.355204030419884,1.709131839371896e-08,1.7091318393718966e-08,3.052552957700854,4.393552738943496,0.8823141770641509,0.8823141770641512,0.4834674675965415,0.48346746759654163
complex,0.193,0.1935,-0.001,-0.0005,2,0.9615643575698533,1.1543080458574688,-5e-324,28.004225240907346,1.6647593494268805e-08,1.6647593494268812e-08,3.0536771078130016,4.3901687313218805,0.8821725029345474,0.8821725029345476,0.48350058235502136,0.48350058235502147
complex,0.193,0.1935,-0.0005,0.000,2,0.9615545100046593,1.1541865292511246,-5e-324,27.82023737218262,1.6635355938788334e-08,1.663535593878834e-08,3.0550804826496827,4.388603504292431,0.8821646869671007,0.8821646869671009,0.4835078740449915,0.4835078740449916
complex,0.1935,0.194,-0.001,-0.0005,2,0.9631192340646867,1.1549447950113523,-5e-324,27.67185444922522,1.6215961917470234e-08,1.621596191747024e-08,3.054824744027919,4.386692089383968,0.8820311901327605,0.8820311901327608,0.48353356462039593,0.48353356462039604
complex,0.1935,0.194,-0.0005,0.000,2,0.9631094547044597,1.154824562999484,-5e-324,27.49029452515847,1.620408548482746e-08,1.6204085484827466e-08,3.0562231444985626,4.385132884184725,0.8820236530821293,0.8820236530821295,0.4835408876864299,0.48354088768643
complex,0.193,0.1935,0.000,0.0005,2,0.9615545100046593,1.1541865292511246,-5e-324,27.836148250503335,1.6634892432912072e-08,1.663489243291208e-08,3.055084984685829,4.388487692930089,0.8821646869671007,0.8821646869671009,0.4835078740449915,0.4835078740449916
complex,0.193,0.1935,0.0005,0.001,2,0.9615643575698533,1.1543080458574688,-5e-324,28.01785144791486,1.664696271026165e-08,1.6646962710261655e-08,3.0537107474946596,4.3900507468693775,0.8821725029345474,0.8821725029345476,0.48350058235502136,0.48350058235502147
complex,0.1935,0.194,0.000,0.0005,2,0.9631094547044597,1.154824562999484,-5e-324,27.50620078180837,1.620364012895677e-08,1.6203640128956778e-08,3.056227712691317,4.385018916797157,0.8820236530821293,0.8820236530821295,0.4835408876864299,0.48354088768643
complex,0.1935,0.194,0.0005,0.001,2,0.9631192340646867,1.1549447950113523,-5e-324,27.68550696088066,1.6215355030745384e-08,1.621535503074539e-08,3.0548582108391265,4.386575972401006,0.8820311901327605,0.8820311901327608,0.48353356462039593,0.48353356462039604
complex,0.194,0.1945,-0.001,-0.0005,2,0.9646638432854127,1.1555794760611904,-5e-324,27.344338068623326,1.5796680924327883e-08,1.579668092432789e-08,3.055962216118141,4.3832424157278,0.8818902377894545,0.8818902377894547,0.4835664151987562,0.4835664151987563
complex,0.194,0.1945,-0.0005,0.000,2,0.964654131465787,1.1554605136550935,-5e-324,27.165169523042625,1.5785153912906036e-08,1.5785153912906042e-08,3.0573556769051304,4.381689192529587,0.8818829774676181,0.8818829774676183,0.48357376913753913,0.48357376913753924
complex,0.1945,0.195,-0.001,-0.0005,2,0.96619825767137,1.1562120614130265,-5e-324,27.021576073367484,1.538936553571147e-08,1.5389365535711477e-08,3.057089682505427,4.379819432699897,0.8817496450332027,0.881749645033203,0.4835991348901948,0.4835991348901949
complex,0.1945,0.195,-0.0005,0.000,2,0.9661886127375497,1.156094353826323,-5e-324,26.844757650105844,1.5378176656018902e-08,1.5378176656018908e-08,3.0584782379287185,4.378272152061615,0.8817426592684274,0.8817426592684277,0.4836065192050789,0.483606519205079
complex,0.194,0.1945,0.000,0.0005,2,0.964654131465787,1.1554605136550935,-5e-324,27.181068528704976,1.578472595992283e-08,1.5784725959922835e-08,3.057360308271086,4.381577037411422,0.8818829774676181,0.8818829774676183,0.48357376913753913,0.48357376913753924
complex,0.194,0.1945,0.0005,0.001,2,0.9646638432854127,1.1555794760611904,-5e-324,27.358013759152975,1.5796096981533688e-08,1.5796096981533695e-08,3.0559955084480563,4.383128134292504,0.8818902377894545,0.8818902377894547,0.4835664151987562,0.4835664151987563
complex,0.1945,0.195,0.000,0.0005,2,0.9661886127375497,1.156094353826323,-5e-324,26.86064686315553,1.5377765391203773e-08,1.537776539120378e-08,3.0584829295656566,4.378161778145341,0.8817426592684274,0.8817426592684277,0.4836065192050789,0.483606519205079
complex,0.1945,0.195,0.0005,0.001,2,0.96619825767137,1.1562120614130265,-5e-324,27.035271914179987,1.538880362363349e-08,1.5388803623633496e-08,3.0571227988234835,4.379706955529603,0.8817496450332027,0.881749645033203,0.4835991348901948,0.4835991348901949
complex,0.195,0.1955,-0.001,-0.0005,2,0.9677225489823631,1.1568425242557232,-5e-324,26.70350710036474,1.4993643723341418e-08,1.4993643723341425e-08,3.0582072994370266,4.376422866813591,0.88160941099056,0.8816094109905602,0.4836317244887148,0.4836317244887149
complex,0.195,0.1955,-0.0005,0.000,2,0.9677129702888035,1.1567260569013338,-5e-324,26.528998326439538,1.498278208232758e-08,1.4982782082327588e-08,3.0595909834593393,4.374881489676595,0.8816026976272645,0.8816026976272647,0.4836391386897148,0.4836391386897149
complex,0.1955,0.196,-0.001,-0.0005,2,0.9692367883070135,1.1574708385456758,-5e-324,26.390183413200443,1.4609155942881574e-08,1.4609155942881578e-08,3.0593152210176506,4.3730524486737,0.8814695347861398,0.88146953478614,0.4836641847824188,0.4836641847824189
complex,0.1955,0.196,-0.0005,0.000,2,0.9692272752176446,1.1573555970322964,-5e-324,26.21783115763751,1.4598611028905438e-08,1.4598611028905442e-08,3.060694067250171,4.371516936355634,0.8814630916847915,0.8814630916847918,0.4836716283860817,0.4836716283860818
complex,0.195,0.1955,0.000,0.0005,2,0.9677129702888035,1.1567260569013338,-5e-324,26.544875293508614,1.4982386821881044e-08,1.498238682188105e-08,3.059595732544079,4.374772866517861,0.8816026976272645,0.8816026976272647,0.4836391386897148,0.4836391386897149
complex,0.195,0.1955,0.0005,0.001,2,0.9677225489823631,1.1568425242557232,-5e-324,26.717220159275826,1.4993102967120574e-08,1.499310296712058e-08,3.058240238290538,4.376312163250167,0.88160941099056,0.8816094109905602,0.4836317244887148,0.4836317244887149
complex,0.1955,0.196,0.000,0.0005,2,0.9692272752176446,1.1573555970322964,-5e-324,26.23369351094069,1.4598231118540021e-08,1.4598231118540025e-08,3.0606988710364837,4.37141003411894,0.8814630916847915,0.8814630916847918,0.4836716283860817,0.4836716283860818
complex,0.1955,0.196,0.0005,0.001,2,0.9692367883070135,1.1574708385456758,-5e-324,26.403912124138515,1.4608635504315548e-08,1.4608635504315552e-08,3.059347981029482,4.372943488669251,0.8814695347861398,0.88146953478614,0.4836641847824188,0.4836641847824189
complex,0.196,0.1965,-0.001,-0.0005,2,0.9707410460712417,1.1580969789916187,-5e-324,26.08177445619975,1.4235554685060254e-08,1.4235554685060257e-08,3.060413599239897,4.369707912904564,0.8813300155427148,0.8813300155427151,0.4836965165534732,0.4836965165534733
complex,0.196,0.1965,-0.0005,0.000,2,0.9707315979587088,1.1579829491214424,-5e-324,25.911195956635357,1.4225316353502568e-08,1.4225316353502571e-08,3.061787640945039,4.36817822709713,0.8813238405796869,0.8813238405796872,0.4837039890828317,0.4837039890828318
complex,0.1965,0.197,-0.001,-0.0005,2,0.9722353920463978,1.1587209210399225,-5e-324,25.777860610215498,1.3872504043865296e-08,1.3872504043865299e-08,3.061502584015242,4.366388998077663,0.8811908523812589,0.8811908523812592,0.48372872057822097,0.4837287205782211
complex,0.1965,0.197,-0.0005,0.000,2,0.9722260082924328,1.158608088804972,-5e-324,25.609440421880592,1.3862562503348053e-08,1.3862562503348056e-08,3.0628718541124473,4.364865100840407,0.8811849434487513,0.8811849434487515,0.483736221562603,0.4837362215626031
complex,0.196,0.1965,0.000,0.0005,2,0.9707315979587088,1.1579829491214424,-5e-324,25.927041411380486,1.4224951167102363e-08,1.4224951167102366e-08,3.061792496761596,4.368073016541877,0.8813238405796869,0.8813238405796872,0.4837039890828317,0.4837039890828318
complex,0.196,0.1965,0.0005,0.001,2,0.9707410460712417,1.1580969789916187,-5e-324,26.095519906673957,1.4235053760984071e-08,1.4235053760984075e-08,3.0604461791061985,4.369600667007497,0.8813300155427148,0.8813300155427151,0.4836965165534732,0.4836965165534733
complex,0.1965,0.197,0.000,0.0005,2,0.9722260082924328,1.158608088804972,-5e-324,25.62527140924042,1.386221144169198e-08,1.3862211441691984e-08,3.0628767593608677,4.364761553307306,0.8811849434487513,0.8811849434487515,0.483736221562603,0.4837362215626031
complex,0.1965,0.197,0.0005,0.001,2,0.9722353920463978,1.1587209210399225,-5e-324,25.791619937736154,1.3872021864607101e-08,1.3872021864607104e-08,3.061534982503265,4.366283437419114,0.8811908523812589,0.8811908523812592,0.48372872057822097,0.4837287205782211
complex,0.197,0.1975,-0.001,-0.0005,2,0.9737198953575595,1.1593426408598497,-5e-324,25.478381881305424,1.3519679301387685e-08,1.3519679301387688e-08,3.062582323203735,4.363095446642317,0.8810520444210568,0.881052044421057,0.483760797627154,0.4837607976271541
complex,0.197,0.1975,-0.0005,0.000,2,0.9737105753525336,1.1592309924394395,-5e-324,25.31226491672536,1.3510025100476747e-08,1.351002510047675e-08,3.0639468542735764,4.361577300398405,0.8810463994269654,0.8810463994269656,0.4837683266021874,0.4837683266021875
complex,0.1975,0.198,-0.001,-0.0005,2,0.9751946244919691,1.1599621153287158,-5e-324,25.183337453956607,1.317676652832418e-08,1.3176766528324184e-08,3.0636529626463656,4.359827004852958,0.8809135907797725,0.8809135907797727,0.4837927484650389,0.483792748465039
complex,0.1975,0.198,-0.0005,0.000,2,0.9751853676346184,1.1598516370866807,-5e-324,25.0195260171363,1.3167390542842654e-08,1.3167390542842657e-08,3.065012786934125,4.358314572385893,0.8809082076475704,0.8809082076475706,0.4838003049725113,0.4838003049725114
complex,0.197,0.1975,0.000,0.0005,2,0.9737105753525336,1.1592309924394395,-5e-324,25.32807601510133,1.3509687590022861e-08,1.3509687590022865e-08,3.063951806426482,4.361475387796234,0.8810463994269654,0.8810463994269656,0.4837683266021874,0.4837683266021875
complex,0.197,0.1975,0.0005,0.001,2,0.9737198953575595,1.1593426408598497,-5e-324,25.492152316189145,1.3519215129296252e-08,1.3519215129296255e-08,3.0626145391496866,4.362991542922919,0.8810520444210568,0.881052044421057,0.483760797627154,0.4837607976271541
complex,0.1975,0.198,0.000,0.0005,2,0.9751853676346184,1.1598516370866807,-5e-324,25.035312509144102,1.316706603456998e-08,1.3167066034569983e-08,3.0650177835332797,4.358214267178589,0.8809082076475704,0.8809082076475706,0.4838003049725113,0.4838003049725114
complex,0.1975,0.198,0.0005,0.001,2,0.9751946244919691,1.1599621153287158,-5e-324,25.197114806936046,1.3176319656364463e-08,1.3176319656364467e-08,3.0636849949533387,4.359724730329941,0.8809135907797725,0.8809135907797727,0.4837927484650389,0.483792748465039
complex,0.198,0.1985,-0.001,-0.0005,2,0.9766596473060802,1.1605793220189715,-5e-324,24.892789147062594,1.2843462199917788e-08,1.2843462199917791e-08,3.064714646190249,4.356583422707475,0.8807754905734937,0.8807754905734939,0.4838245738508876,0.48382457385088773
complex,0.198,0.1985,-0.0005,0.000,2,0.9766504530037068,1.1604700005004458,-5e-324,24.7310593711718,1.2834355620676789e-08,1.2834355620676792e-08,3.0660697956116825,4.355076667154633,0.880770367242141,0.8807703672421412,0.4838321574387063,0.4838321574387064
complex,0.1985,0.199,-0.001,-0.0005,2,0.978115031034186,1.161194239183385,-5e-324,24.606490146680088,1.251947282622405e-08,1.2519472826224054e-08,3.065767515721006,4.3533644538760665,0.8806377429168559,0.8806377429168561,0.4838562745381143,0.4838562745381144
complex,0.1985,0.199,-0.0005,0.000,2,0.9781058987023324,1.1610860611122453,-5e-324,24.446806755665573,1.2510627147353947e-08,1.251062714735395e-08,3.067118021865685,4.35186333872571,0.8806328773406754,0.8806328773406756,0.48386388476013453,0.48386388476013464
complex,0.198,0.1985,0.000,0.0005,2,0.9766504530037068,1.1604700005004458,-5e-324,24.746819309097265,1.283404358898206e-08,1.2834043588982063e-08,3.0660748342661797,4.354977942348711,0.880770367242141,0.8807703672421412,0.4838321574387063,0.4838321574387064
complex,0.198,0.1985,0.0005,0.001,2,0.9766596473060802,1.1605793220189715,-5e-324,24.90656622557297,1.284303195033128e-08,1.2843031950331283e-08,3.0647464938262168,4.356482750182102,0.8807754905734937,0.8807754905734939,0.4838245738508876,0.48382457385088773
complex,0.1985,0.199,0.000,0.0005,2,0.9781058987023324,1.1610860611122453,-5e-324,24.46253826258153,1.2510327089000529e-08,1.2510327089000532e-08,3.067123100250173,4.3517661678580035,0.8806328773406754,0.8806328773406756,0.48386388476013453,0.48386388476013464
complex,0.1985,0.199,0.0005,0.001,2,0.978115031034186,1.161194239183385,-5e-324,24.62026466203056,1.251905854925092e-08,1.2519058549250923e-08,3.0657991777168516,4.353265356681383,0.8806377429168559,0.8806377429168561,0.4838562745381143,0.4838562745381144
complex,0.199,0.1995,-0.001,-0.0005,2,0.9795608422960608,1.1618068457415953,-5e-324,24.32438186730371,1.2204514596545007e-08,1.220451459654501e-08,3.066811711190817,4.350169855636986,0.8805003469230763,0.8805003469230765,0.483887851274427,0.4838878512744271
complex,0.199,0.1995,-0.0005,0.000,2,0.9795517713582187,1.1616997980178845,-5e-324,24.166710256927843,1.2195921604184788e-08,1.2195921604184791e-08,3.068157605326324,4.348674344723838,0.8804957370716345,0.8804957370716348,0.4838954876904799,0.48389548769048
complex,0.1995,0.200,-0.001,-0.0005,2,0.9809971471040694,1.162417121267492,-5e-324,24.046406064920124,1.1898313037261858e-08,1.1898313037261862e-08,3.0678473706444933,4.346999388815581,0.8803633017040442,0.8803633017040444,0.4839193048020113,0.4839193048020114
complex,0.1995,0.200,-0.0005,0.000,2,0.9809881369917081,1.1623111909645365,-5e-324,23.89071229002378,1.1889964798766839e-08,1.1889964798766842e-08,3.0691886837208564,4.3455094463162585,0.8803589455620436,0.8803589455620439,0.4839269669777437,0.4839269669777438
complex,0.199,0.1995,0.000,0.0005,2,0.9795517713582187,1.1616997980178845,-5e-324,24.1824115245458,1.2195633037301133e-08,1.2195633037301137e-08,3.068162721179285,4.348578701849549,0.8804957370716345,0.8804957370716348,0.4838954876904799,0.48389548769048
complex,0.199,0.1995,0.0005,0.001,2,0.9795608422960608,1.1618068457415953,-5e-324,24.33815160639374,1.2204115669204777e-08,1.220411566920478e-08,3.0668431866384496,4.350072307625873,0.8805003469230763,0.8805003469230765,0.483887851274427,0.4838878512744271
complex,0.1995,0.200,0.000,0.0005,2,0.9809881369917081,1.1623111909645365,-5e-324,23.906381576611096,1.1889687261891985e-08,1.1889687261891988e-08,3.0691938348429453,4.345415305997306,0.8803589455620436,0.8803589455620439,0.4839269669777437,0.4839269669777438
complex,0.1995,0.200,0.0005,0.001,2,0.9809971471040694,1.162417121267492,-5e-324,24.060168888060144,1.1897928862190114e-08,1.1897928862190117e-08,3.067878658694988,4.346903364349117,0.8803633017040442,0.8803633017040444,0.4839193048020113,0.4839193048020114
complex,0.200,0.2005,-0.001,-0.0005,2,0.982424010871026,1.1630250459756255,-5e-324,23.772504855083888,1.1600602682507338e-08,1.1600602682507342e-08,3.0688746302489895,4.343852817719232,0.8802266063703812,0.8802266063703814,0.4839506358575381,0.4839506358575382
complex,0.200,0.2005,-0.0005,0.000,2,0.9824150610235148,1.162920220337355,-5e-324,23.61875561706337,1.1592491536067052e-08,1.1592491536067055e-08,3.0702113929029444,4.342368408147835,0.8802225019375681,0.8802225019375683,0.48395832336433336,0.4839583233643335
complex,0.2005,0.201,-0.001,-0.0005,2,0.9838414984177006,1.1636306007083626,-5e-324,23.50262073058567,1.1311126757254441e-08,1.1311126757254444e-08,3.0698936243206516,4.340729910076202,0.8800902600315088,0.880090260031509,0.4839818451721353,0.48398184517213544
complex,0.2005,0.201,-0.0005,0.000,2,0.983832608281909,1.1635268671470071,-5e-324,23.350783365171047,1.1303245301922948e-08,1.1303245301922951e-08,3.0712258668788195,4.339250998281315,0.8800864053225497,0.8800864053225499,0.48398955758708695,0.48398955758708706
complex,0.200,0.2005,0.000,0.0005,2,0.9824150610235148,1.162920220337355,-5e-324,23.634391245426375,1.1592224587241016e-08,1.159222458724102e-08,3.070216577155352,4.3422757454414995,0.8802225019375681,0.8802225019375683,0.48395832336433336,0.4839583233643335
complex,0.200,0.2005,0.0005,0.001,2,0.982424010871026,1.1630250459756255,-5e-324,23.786258693878427,1.16002326868455e-08,1.1600232686845503e-08,3.0689057301108003,4.343758291655344,0.8802266063703812,0.8802266063703814,0.4839506358575381,0.4839506358575382
complex,0.2005,0.201,0.000,0.0005,2,0.983832608281909,1.1635268671470071,-5e-324,23.36638372069902,1.1302988517819626e-08,1.130298851781963e-08,3.0712310821816944,4.339159788729165,0.8800864053225497,0.8800864053225499,0.48398955758708695,0.48398955758708706
complex,0.2005,0.201,0.0005,0.001,2,0.9838414984177006,1.1636306007083626,-5e-324,23.516363585879205,1.13107703915902e-08,1.1310770391590203e-08,3.0699245352578677,4.340636857758593,0.8800902600315088,0.880090260031509,0.4839818451721353,0.48398184517213544
complex,0.201,0.2015,-0.001,-0.0005,2,0.9852496739796517,1.1642337669238443,-5e-324,23.236696578644445,1.1029636872310169e-08,1.1029636872310172e-08,3.0709044853507748,4.337630436977274,0.8799542617957111,0.8799542617957113,0.48401293347155094,0.48401293347155105
complex,0.201,0.2015,-0.0005,0.000,2,0.9852408430100296,1.1641311130171499,-5e-324,23.086739043645103,1.1021977958432656e-08,1.102197795843266e-08,3.0722322378342577,4.336156988137117,0.8799506548401056,0.8799506548401058,0.48402067037733537,0.4840206703773355
complex,0.2015,0.202,-0.001,-0.0005,2,0.9866486012146598,1.1648345266833648,-5e-324,22.974675697140064,1.0755892730721626e-08,1.075589273072163e-08,3.071907344032405,4.33455417281656,0.879818610770242,0.8798186107702423,0.4840439014761184,0.48404390147611853
complex,0.2015,0.202,-0.0005,0.000,2,0.986639828873107,1.16473294017205,-5e-324,22.826566560435356,1.0748449450709759e-08,1.0748449450709762e-08,3.073230636160852,4.333086152434672,0.8798152496121808,0.879815249612181,0.48405166246089465,0.48405166246089476
complex,0.201,0.2015,0.000,0.0005,2,0.9852408430100296,1.1641311130171499,-5e-324,23.102302572414768,1.102173093353324e-08,1.1021730933533243e-08,3.0722374821651672,4.336067207754211,0.8799506548401056,0.8799506548401058,0.48402067037733537,0.4840206703773355
complex,0.201,0.2015,0.0005,0.001,2,0.9852496739796517,1.1642337669238443,-5e-324,23.25042651852663,1.1029293609666098e-08,1.1029293609666102e-08,3.0709352066814373,4.337538834224639,0.8799542617957111,0.8799542617957113,0.48401293347155094,0.48401293347155105
complex,0.2015,0.202,0.000,0.0005,2,0.986639828873107,1.16473294017205,-5e-324,22.842091767372995,1.0748211796514636e-08,1.0748211796514639e-08,3.073235907553292,4.332997777699039,0.8798152496121808,0.879815249612181,0.48405166246089465,0.48405166246089476
complex,0.2015,0.202,0.0005,0.001,2,0.9866486012146598,1.1648345266833648,-5e-324,22.988390855011247,1.07555620655898e-08,1.0755562065589803e-08,3.0719378751268427,4.334463995912062,0.879818610770242,0.8798186107702423,0.4840439014761184,0.48404390147611853
complex,0.202,0.2025,-0.001,-0.0005,2,0.9880383432100134,1.165432862638983,-5e-324,22.71650181003422,1.0489661845051632e-08,1.0489661845051636e-08,3.072902329287975,4.331500895231372,0.8796833060613368,0.879683306061337,0.484074749900811,0.4840747499008111
complex,0.202,0.2025,-0.0005,0.000,2,0.9880296289654288,1.1653323314247386,-5e-324,22.570210237917816,1.0482427524552234e-08,1.0482427524552237e-08,3.0742211904824646,4.330038269134004,0.8796801887596193,0.8796801887596195,0.48408253455827843,0.48408253455827854
complex,0.2025,0.203,-0.001,-0.0005,2,0.9894189624887508,1.166028758022626,-5e-324,22.462119082652865,1.0230719265320204e-08,1.0230719265320207e-08,3.073889568291814,4.328470385050084,0.8795483467742842,0.8795483467742844,0.48410547945530386,0.48410547945530397
complex,0.2025,0.203,-0.0005,0.000,2,0.9894103058175499,1.1659292701648538,-5e-324,22.31761482792241,1.0223687454712785e-08,1.0223687454712789e-08,3.075204027680514,4.327013119379812,0.8795454714022183,0.8795454714022185,0.4841132873844471,0.4841132873844472
complex,0.202,0.2025,0.000,0.0005,2,0.9880296289654288,1.1653323314247386,-5e-324,22.585695685019033,1.0482198868829612e-08,1.0482198868829616e-08,3.074226487024387,4.3299512769763755,0.8796801887596193,0.8796801887596195,0.48408253455827843,0.48408253455827854
complex,0.202,0.2025,0.0005,0.001,2,0.9880383432100134,1.165432862638983,-5e-324,22.73020038272475,1.048934329247181e-08,1.0489343292471813e-08,3.0729326695672237,4.33141212091238,0.8796833060613368,0.879683306061337,0.484074749900811,0.4840747499008111
complex,0.2025,0.203,0.000,0.0005,2,0.9894103058175499,1.1659292701648538,-5e-324,22.333059132523392,1.0223467440781996e-08,1.0223467440782e-08,3.075209347512939,4.32692748717361,0.8795454714022183,0.8795454714022185,0.4841132873844471,0.4841132873844472
complex,0.2025,0.203,0.0005,0.001,2,0.9894189624887508,1.166028758022626,-5e-324,22.475799328598484,1.0230412359999745e-08,1.0230412359999748e-08,3.073919717226058,4.328382990498168,0.8795483467742842,0.8795483467742844,0.48410547945530386,0.48410547945530397
complex,0.203,0.2035,-0.001,0.000,1,0.9432260076479279,1.2284994074198805,-5e-324,99.45483219239476,3.05754542365461e-08,3.0575454236546113e-08,2.7690182194355697,4.8074969583192075,0.8831374903626207,0.8831374903626209,0.4757975096364704,0.4757975096364705
complex,0.2035,0.204,-0.001,0.000,1,0.944844097132062,1.2286998248857468,-5e-324,97.8701889999839,2.9755947862428448e-08,2.9755947862428454e-08,2.7711369053996946,4.802150936549683,0.8829996615316029,0.8829996615316031,0.4758439330712146,0.4758439330712147
complex,0.203,0.2035,0.000,0.001,1,0.9432260076479279,1.2284994074198805,-5e-324,99.42732503822903,3.0573294329043606e-08,3.057329432904362e-08,2.7690316835450326,4.807180722089577,0.8831374903626207,0.8831374903626209,0.4757975096364704,0.4757975096364705
complex,0.2035,0.204,0.000,0.001,1,0.944844097132062,1.2286998248857468,-5e-324,97.84363903793127,2.975387401775368e-08,2.9753874017753687e-08,2.7711505446861,4.801839884119966,0.8829996615316029,0.8829996615316031,0.4758439330712146,0.4758439330712147
complex,0.204,0.2045,-0.001,0.000,1,0.9464505642717321,1.2289023001260146,-5e-324,96.30670925263232,2.896081486880595e-08,2.8960814868805956e-08,2.7732374130658273,4.796852114541621,0.8828621783635028,0.882862178363503,0.47589018159423774,0.47589018159423785
complex,0.2045,0.205,-0.001,0.000,1,0.9480455074304719,1.2291067477699966,-5e-324,94.76451970990222,2.8189259968818026e-08,2.8189259968818033e-08,2.775320008983369,4.791599909209423,0.8827250399782165,0.8827250399782167,0.47593625621164476,0.47593625621164487
complex,0.204,0.2045,0.000,0.001,1,0.9464505642717321,1.2289023001260146,-5e-324,96.28109003211543,2.895882348441615e-08,2.8958823484416155e-08,2.7732512192179954,4.796546155346927,0.8828621783635028,0.882862178363503,0.47589018159423774,0.47589018159423785
complex,0.2045,0.205,0.000,0.001,1,0.9480455074304719,1.2291067477699966,-5e-324,94.73980552088373,2.81873476011915e-08,2.8187347601191505e-08,2.7753339739218346,4.791298954553088,0.8827250399782165,0.8827250399782167,0.47593625621164476,0.47593625621164487
complex,0.205,0.2055,-0.001,0.000,1,0.9496290238084905,1.2293130842870723,-5e-324,93.24372707044188,2.7440516111210236e-08,2.7440516111210243e-08,2.777384955701583,4.786393747305889,0.8825882454946238,0.882588245494624,0.4759821579223112,0.4759821579223113
complex,0.2055,0.206,-0.001,0.000,1,0.9512012094603938,1.2295212279486845,-5e-324,91.74441803621319,2.6713843396521788e-08,2.6713843396521795e-08,2.7794325118353904,4.781233065226353,0.8824517940307494,0.8824517940307496,0.4760278877180733,0.4760278877180734
complex,0.205,0.2055,0.000,0.001,1,0.9496290238084905,1.2293130842870723,-5e-324,93.21989292077235,2.7438679468444175e-08,2.7438679468444182e-08,2.777399071572328,4.786097710314955,0.8825882454946238,0.882588245494624,0.4759821579223112,0.4759821579223113
complex,0.2055,0.206,0.000,0.001,1,0.9512012094603938,1.2295212279486845,-5e-324,91.72143962978888,2.671207933129383e-08,2.6712079331293836e-08,2.7794467710036614,4.780941860808246,0.8824517940307494,0.8824517940307496,0.4760278877180733,0.4760278877180734
complex,0.206,0.2065,-0.001,0.000,1,0.9527621593130093,1.2297310987905423,-5e-324,90.26665946318847,2.6008528037816878e-08,2.6008528037816884e-08,2.7814629321320425,4.776117308813655,0.8823156847037463,0.8823156847037465,0.4760734465836906,0.4760734465836907
complex,0.2065,0.207,-0.001,0.000,1,0.954311967182214,1.2299426185767963,-5e-324,88.81049859516175,2.532388136446661e-08,2.5323881364466618e-08,2.783476467532874,4.771045933173825,0.8821799166300269,0.8821799166300271,0.4761188354969881,0.4761188354969882
complex,0.206,0.2065,0.000,0.001,1,0.9527621593130093,1.2297310987905423,-5e-324,90.24451317886627,2.600683354068972e-08,2.6006833540689726e-08,2.781477327176426,4.775830853614018,0.8823156847037463,0.8823156847037465,0.4760734465836906,0.4760734465836907
complex,0.2065,0.207,0.000,0.001,1,0.954311967182214,1.2299426185767963,-5e-324,88.78916146641455,2.532225355751972e-08,2.5322253557519728e-08,2.783490991239475,4.7707641455354715,0.8821799166300269,0.8821799166300271,0.4761188354969881,0.4761188354969882
complex,0.207,0.2075,-0.001,0.000,1,0.9558507257906839,1.2301557107630323,-5e-324,87.37596336830187,2.4659238866471916e-08,2.4659238866471922e-08,2.785473365240129,4.766018402485776,0.8820444889252712,0.8820444889252714,0.47616405542878637,0.4761640554287865
complex,0.2075,0.208,-0.001,0.000,1,0.9573785267841374,1.230370300462053,-5e-324,85.96306278649057,2.4013959278181676e-08,2.4013959278181683e-08,2.7874538687764328,4.761034189825231,0.881909400704512,0.8819094007045122,0.47620910734306504,0.47620910734306515
complex,0.207,0.2075,0.000,0.001,1,0.9558507257906839,1.2301557107630323,-5e-324,87.35541306357193,2.4657674997242286e-08,2.4657674997242293e-08,2.7854880105969673,4.765741202408739,0.8820444889252712,0.8820444889252714,0.47616405542878637,0.4761640554287865
complex,0.2075,0.208,0.000,0.001,1,0.9573785267841374,1.230370300462053,-5e-324,85.94327759021827,2.401245671389864e-08,2.4012456713898648e-08,2.7874686289679826,4.760761498927866,0.881909400704512,0.8819094007045122,0.47620910734306504,0.47620910734306515
complex,0.208,0.2085,-0.001,0.000,1,0.9588954607479359,1.2305863144091558,-5e-324,84.57178735536519,2.3387423699238114e-08,2.338742369923812e-08,2.7894182180473135,4.756092776985918,0.8817746510822043,0.8817746510822045,0.4762539921970091,0.4762539921970092
complex,0.2085,0.209,-0.001,0.000,1,0.9604016172230795,1.2308036809289882,-5e-324,83.20222026723904,2.2779034751307533e-08,2.277903475130754e-08,2.7913666493998983,4.751193654309186,0.881640239172211,0.8816402391722112,0.4762987109409898,0.4762987109409899
complex,0.208,0.2085,0.000,0.001,1,0.9588954607479359,1.2305863144091558,-5e-324,84.55274614966685,2.3385979921337266e-08,2.3385979921337273e-08,2.7894330864491694,4.75582451846704,0.8817746510822043,0.8817746510822045,0.4762539921970091,0.4762539921970092
complex,0.2085,0.209,0.000,0.001,1,0.9604016172230795,1.2308036809289882,-5e-324,83.18390251121104,2.2777647350208658e-08,2.2777647350208664e-08,2.791381619573664,4.750929752911191,0.881640239172211,0.8816402391722112,0.4762987109409898,0.4762987109409899
complex,0.209,0.2095,-0.001,0.000,1,0.9618970847223745,1.2310223299021026,-5e-324,81.85564768810919,2.2188215769090202e-08,2.218821576909021e-08,2.793299395683149,4.746336320513424,0.8815061640879539,0.8815061640879541,0.4763432645186559,0.476343264518656
complex,0.2095,0.210,-0.001,0.000,1,0.9633819507456314,1.2312421927335861,-5e-324,80.53061885330965,2.1614410023934477e-08,2.1614410023934483e-08,2.795216686303776,4.741520282532154,0.8813724249424268,0.8813724249424271,0.47638765386704174,0.47638765386704185
complex,0.209,0.2095,0.000,0.001,1,0.9618970847223745,1.2310223299021026,-5e-324,81.83803338090195,2.218688243922726e-08,2.2186882439227268e-08,2.793314461371395,4.746076702486396,0.8815061640879539,0.8815061640879541,0.4763432645186559,0.476343264518656
complex,0.2095,0.210,0.000,0.001,1,0.9633819507456314,1.2312421927335861,-5e-324,80.51368856667452,2.1613128559023783e-08,2.161312855902379e-08,2.7952318414251756,4.7412648755988975,0.8813724249424268,0.8813724249424271,0.47638765386704174,0.47638765386704185
complex,0.210,0.2105,-0.001,0.000,1,0.9648563017951681,1.23146320232117,-5e-324,79.22697347354404,2.1057079978816947e-08,2.1057079978816954e-08,2.7971187472840806,4.736745055351287,0.881239025068219,0.8812390250682193,0.476431879916527,0.47643187991652713
complex,0.2105,0.211,-0.001,0.000,1,0.9663202233909883,1.2316852930245086,-5e-324,77.95598430900101,2.051570657316472e-08,2.0515706573164728e-08,2.7990058013179153,4.7320101618513135,0.8811064058195129,0.8811064058195132,0.4764759435909033,0.4764759435909034
complex,0.210,0.2105,0.000,0.001,1,0.9648563017951681,1.23146320232117,-5e-324,79.2107083098318,2.1055848267351843e-08,2.105584826735185e-08,2.7971339859286948,4.736493788673284,0.881239025068219,0.8812390250682193,0.476431879916527,0.47643187991652713
complex,0.2105,0.211,0.000,0.001,1,0.9663202233909883,1.2316852930245086,-5e-324,77.92899916337227,2.0514522594125537e-08,2.0514522594125544e-08,2.7990211177425954,4.731762965995557,0.8811064058195129,0.8811064058195132,0.4764759435909033,0.4764759435909034
complex,0.211,0.2115,-0.001,0.000,1,0.9677738000853658,1.23190840063523,-5e-324,76.71539901154317,1.9989788536419872e-08,1.998978853641988e-08,2.8008780678250784,4.727315132653688,0.8809741162970315,0.8809741162970317,0.4765198458075011,0.47651984580750123
complex,0.2115,0.212,-0.001,0.000,1,0.969217115477228,1.2321324623477685,-5e-324,75.49538272046777,1.9478841729113177e-08,1.9478841729113184e-08,2.8027357630037093,4.722659505972604,0.8808421556390983,0.8808421556390985,0.47656358747716004,0.47656358747716016
complex,0.211,0.2115,0.000,0.001,1,0.9677738000853658,1.23190840063523,-5e-324,76.67920468978953,1.998865035518835e-08,1.9988650355188356e-08,2.8008934564489913,4.727071939560388,0.8809741162970315,0.8809741162970317,0.4765198458075011,0.47651984580750123
complex,0.2115,0.212,0.000,0.001,1,0.969217115477228,1.2321324623477685,-5e-324,75.46034557778007,1.9477747493580858e-08,1.9477747493580865e-08,2.8027512184040058,4.722420248923723,0.8808421556390983,0.8808421556390985,0.47656358747716004,0.47656358747716016
complex,0.212,0.2125,-0.001,0.000,1,0.9706502522269552,1.232357416729863,-5e-324,74.2958008357729,1.898239850989382e-08,1.8982398509893825e-08,2.8045790998859568,4.718042827463007,0.8807105229836335,0.8807105229836337,0.47660716950436083,0.47660716950436094
complex,0.2125,0.213,-0.001,0.000,1,0.9720732920695538,1.2325832036955089,-5e-324,73.11650628504795,1.8500007128108607e-08,1.8500007128108614e-08,2.806408288385719,4.7134646500831545,0.8805792174683027,0.8805792174683029,0.47665059278713295,0.47665059278713307
complex,0.212,0.2125,0.000,0.001,1,0.9706502522269552,1.232357416729863,-5e-324,74.26213511710499,1.8981346446755134e-08,1.898134644675514e-08,2.8045946167935307,4.717807441051607,0.8807105229836335,0.8807105229836337,0.47660716950436083,0.47660716950436094
complex,0.2125,0.213,0.000,0.001,1,0.9720732920695538,1.2325832036955089,-5e-324,73.08775244820946,1.8498995539328804e-08,1.849899553932881e-08,2.8064238616811474,4.713233070183541,0.8805792174683027,0.8805792174683029,0.47665059278713295,0.47665059278713307
complex,0.213,0.2135,-0.001,0.000,1,0.9734863158292617,1.2328097644762699,-5e-324,71.95734022346254,1.8031231140036306e-08,1.8031231140036313e-08,2.8082235353533123,4.708924533947814,0.8804482382304748,0.880448238230475,0.47669385821725474,0.47669385821725485
complex,0.2135,0.214,-0.001,0.000,1,0.9748894034326719,1.2330370415949148,-5e-324,70.81813273779105,1.757564884845436e-08,1.7575648848454366e-08,2.810025044623465,4.704422046193726,0.8803175844073272,0.8803175844073274,0.476736966680203,0.4767369666802031
complex,0.213,0.2135,0.000,0.001,1,0.9734863158292617,1.2328097644762699,-5e-324,71.9333545301199,1.8030258399486403e-08,1.803025839948641e-08,2.8082391600628442,4.70869669768644,0.8804482382304748,0.880448238230475,0.47669385821725474,0.47669385821725485
complex,0.2135,0.214,0.000,0.001,1,0.9748894034326719,1.2330370415949148,-5e-324,70.79877374563425,1.7574713398704276e-08,1.7574713398704283e-08,2.8100407159151453,4.704197891920845,0.8803175844073272,0.8803175844073274,0.476736966680203,0.4767369666802031
complex,0.214,0.2145,-0.001,0.000,1,0.976282633921961,1.2332649788390353,-5e-324,69.70053264415871,1.7132852764068447e-08,1.7132852764068453e-08,2.811813017064873,4.699956760843911,0.8801872551358398,0.8801872551358401,0.4767799190553311,0.47677991905533124
complex,0.2145,0.215,-0.001,0.000,1,0.9776660854680223,1.2334935212351914,-5e-324,68.60443909298093,1.6702449088340805e-08,1.6702449088340812e-08,2.8135876506275523,4.695528258677634,0.8800572495529235,0.8800572495529237,0.4768227162157244,0.47682271621572453
complex,0.214,0.2145,0.000,0.001,1,0.976282633921961,1.2332649788390353,-5e-324,69.68383213518021,1.7131953113330562e-08,1.713195311333057e-08,2.8118287302447795,4.699736228105954,0.8801872551358398,0.8801872551358401,0.4767799190553311,0.47677991905533124
complex,0.2145,0.215,0.000,0.001,1,0.9776660854680223,1.2334935212351914,-5e-324,68.58834208967968,1.6701583807556585e-08,1.6701583807556592e-08,2.8136034011361417,4.695311288190291,0.8800572495529235,0.8800572495529237,0.4768227162157244,0.47682271621572453
complex,0.215,0.2155,-0.001,0.000,1,0.9790398353833356,1.233722615023591,-5e-324,67.52761692956577,1.6284057216283928e-08,1.6284057216283934e-08,2.815349140391059,4.69113612709988,0.8799275667954098,0.8799275667954101,0.47686535902837884,0.47686535902837895
complex,0.2155,0.216,-0.001,0.000,1,0.9804039601347257,1.2339522076331193,-5e-324,66.47055112017867,1.5877309258787762e-08,1.587730925878777e-08,2.8170976786115625,4.686779960014403,0.879798206000082,0.8797982060000822,0.476907848354268,0.47690784835426814
complex,0.215,0.2155,0.000,0.001,1,0.9790398353833356,1.233722615023591,-5e-324,67.51210703510097,1.628322493634669e-08,1.6283224936346698e-08,2.815364923799603,4.690922660721858,0.8799275667954098,0.8799275667954101,0.47686535902837884,0.47686535902837895
complex,0.2155,0.216,0.000,0.001,1,0.9804039601347257,1.2339522076331193,-5e-324,66.45561652514823,1.5876508667894842e-08,1.587650866789485e-08,2.8171134906186746,4.686569940721862,0.879798206000082,0.8797982060000822,0.476907848354268,0.47690784835426814
complex,0.216,0.2165,-0.001,0.000,1,0.9817585353552225,1.2341822476578994,-5e-324,65.4330487122842,1.5481849583626407e-08,1.5481849583626414e-08,2.8188334547650298,4.682459357704326,0.8796691663037854,0.8796691663037857,0.47695018504828623,0.47695018504828635
complex,0.2165,0.217,-0.001,0.000,1,0.9831036358569608,1.2344126848325976,-5e-324,64.41412893905556,1.509733437409151e-08,1.5097334374091516e-08,2.8205566555952415,4.6781739267065054,0.8795404468434138,0.879540446843414,0.47699236995937855,0.47699236995937866
complex,0.216,0.2165,0.000,0.001,1,0.9817585353552225,1.2341822476578994,-5e-324,65.41865902614713,1.548107942475418e-08,1.5481079424754187e-08,2.8188492911933176,4.682252729565951,0.8796691663037854,0.8796691663037857,0.47695018504828623,0.47695018504828635
complex,0.2165,0.217,0.000,0.001,1,0.9831036358569608,1.2344126848325976,-5e-324,64.400269461007,1.5096593442587654e-08,1.509659344258766e-08,2.8205725123880234,4.677970634859208,0.8795404468434138,0.879540446843414,0.47699236995937855,0.47699236995937866
complex,0.217,0.2175,-0.001,0.000,1,0.9844393356423582,1.234643470010301,-5e-324,63.413567195769446,1.4723431204839462e-08,1.4723431204839466e-08,2.822267465154945,4.6739232796978865,0.8794120467559798,0.8794120467559801,0.4770344039305583,0.4770344039305584
complex,0.2175,0.218,-0.001,0.000,1,0.9857657079166292,1.234874555138847,-5e-324,62.4311330971806,1.435981863410701e-08,1.4359818634107013e-08,2.823966064851251,4.669707035376911,0.879283965178644,0.8792839651786443,0.47707628779897454,0.47707628779897465
complex,0.217,0.2175,0.000,0.001,1,0.9844393356423582,1.234643470010301,-5e-324,63.400223614061346,1.4722718346126446e-08,1.472271834612645e-08,2.822283338373071,4.67372327032312,0.8794120467559798,0.8794120467559801,0.4770344039305583,0.4770344039305584
complex,0.2175,0.218,0.000,0.001,1,0.9857657079166292,1.234874555138847,-5e-324,62.41829147827709,1.4359132741491648e-08,1.4359132741491652e-08,2.8239819506699915,4.66951025567758,0.879283965178644,0.8792839651786443,0.47707628779897454,0.47707628779897465
complex,0.218,0.2185,-0.001,0.000,1,0.9870828250986816,1.2351058932394507,-5e-324,61.46659107397611,1.4006185811495166e-08,1.400618581149517e-08,2.825652633486815,4.665524818352183,0.8791562012487719,0.8791562012487721,0.4771180223959195,0.4771180223959196
complex,0.2185,0.219,-0.001,0.000,1,0.9883907588328449,1.235337438384492,-5e-324,60.51970094790711,1.366223210099267e-08,1.3662232100992673e-08,2.827327347301863,4.661376259031754,0.8790287541039703,0.8790287541039705,0.47715960854691203,0.47715960854691214
complex,0.218,0.2185,0.000,0.001,1,0.9870828250986816,1.2351058932394507,-5e-324,61.454237852031184,1.4005525824078747e-08,1.400552582407875e-08,2.825668528192871,4.665331216530125,0.8791562012487719,0.8791562012487721,0.4771180223959195,0.4771180223959196
complex,0.2185,0.219,0.000,0.001,1,0.9883907588328449,1.235337438384492,-5e-324,60.507822914562695,1.3661597001677202e-08,1.3661597001677205e-08,2.827343247290431,4.661185784265782,0.8790287541039703,0.8790287541039705,0.47715960854691203,0.47715960854691214
complex,0.219,0.2195,-0.001,0.000,1,0.989689579999809,1.2355691456764852,-5e-324,59.59021848664902,1.3327666718274873e-08,1.3327666718274876e-08,2.8289903800150284,4.657260993514996,0.8789016228821367,0.8789016228821369,0.47720104707167715,0.47720104707167726
complex,0.2195,0.220,-0.001,0.000,1,0.9909793587277188,1.2358009712271205,-5e-324,58.67789593666221,1.3002208381861021e-08,1.3002208381861024e-08,2.8306419028642034,4.653178663485656,0.8787748067214639,0.8787748067214641,0.47724233878432915,0.47724233878432926
complex,0.219,0.2195,0.000,0.001,1,0.989689579999809,1.2355691456764852,-5e-324,59.57880278113762,1.3327055531860609e-08,1.3327055531860612e-08,2.8290062817869446,4.657073595939494,0.8789016228821367,0.8789016228821369,0.47720104707167715,0.47720104707167726
complex,0.2195,0.220,0.000,0.001,1,0.9909793587277188,1.2358009712271205,-5e-324,58.666930036204434,1.3001620173230855e-08,1.3001620173230858e-08,2.830657803023175,4.6529942941697,0.8787748067214639,0.8787748067214641,0.47724233878432915,0.47724233878432926
complex,0.220,0.2205,-0.001,0.000,1,0.9922601644029946,1.2360328721368141,-5e-324,57.782482534250434,1.2685584977579053e-08,1.2685584977579056e-08,2.832282084646256,4.649128916108087,0.8786483047605235,0.8786483047605237,0.4772834844932425,0.4772834844932426
complex,0.2205,0.221,-0.001,0.000,1,0.9935320656806358,1.2362648064750639,-5e-324,56.90372499481316,1.2377533235859446e-08,1.237753323585945e-08,2.8339110917541785,4.645111403928496,0.8785221161382967,0.8785221161382969,0.4773244850012058,0.4773244850012059
complex,0.220,0.2205,0.000,0.001,1,0.9922601644029946,1.2360328721368141,-5e-324,57.77195424473677,1.2685018849965648e-08,1.2685018849965651e-08,2.8322979798961723,4.64894752703508,0.8786483047605235,0.8786483047605237,0.4772834844932425,0.4772834844932426
complex,0.2205,0.221,0.000,0.001,1,0.9935320656806358,1.2362648064750639,-5e-324,56.89362244176221,1.2376988329191171e-08,1.2376988329191174e-08,2.8339269788964905,4.644932947976309,0.8785221161382967,0.8785221161382969,0.4773244850012058,0.4773244850012059
complex,0.221,0.2215,-0.001,0.000,1,0.9947951304950131,1.2364967332604606,-5e-324,56.041367978339366,1.2077798420967051e-08,1.2077798420967054e-08,2.8355290882181827,4.64112578477081,0.8783962399941572,0.8783962399941574,0.4773653411055103,0.47736534110551043
complex,0.2215,0.222,-0.001,0.000,1,0.9960494260695179,1.2367286124423087,-5e-324,55.19515453430949,1.1786134032358748e-08,1.1786134032358752e-08,2.8371362357389023,4.6371717216466095,0.8782706754680172,0.8782706754680174,0.47740605359778493,0.47740605359778504
complex,0.221,0.2215,0.000,0.001,1,0.9947951304950131,1.2364967332604606,-5e-324,56.03167959812497,1.2077273910289032e-08,1.2077273910289036e-08,2.835544964149332,4.640950215692412,0.8783962399941572,0.8783962399941574,0.4773653411055103,0.47736534110551043
complex,0.2215,0.222,0.000,0.001,1,0.9960494260695179,1.2367286124423087,-5e-324,55.1858690656415,1.1785629126325208e-08,1.1785629126325211e-08,2.837152097447853,4.636998994051167,0.8782706754680172,0.8782706754680174,0.47740605359778493,0.47740605359778504
complex,0.222,0.2225,-0.001,0.000,1,0.9972950189271595,1.2369604048811567,-5e-324,54.364826521754324,1.1502301516826522e-08,1.1502301516826526e-08,2.8387326937286614,4.633248882652513,0.8781454217002416,0.8781454217002418,0.47744662326430665,0.47744662326430676
complex,0.2225,0.223,-0.001,0.000,1,0.9985319749002162,1.2371920723307543,-5e-324,53.550125008799476,1.1226069991824881e-08,1.1226069991824885e-08,2.840318619345383,4.6293569408809825,0.8780204778317844,0.8780204778317846,0.47748705088584226,0.47748705088584237
complex,0.222,0.2225,0.000,0.001,1,0.9972950189271595,1.2369604048811567,-5e-324,54.355932997411216,1.1501815456261249e-08,1.1501815456261252e-08,2.838748538294486,4.633078951986956,0.8781454217002416,0.8781454217002418,0.47744662326430665,0.47744662326430676
complex,0.2225,0.223,0.000,0.001,1,0.9985319749002162,1.2371920723307543,-5e-324,53.54161274760211,1.1225602048346531e-08,1.1225602048346534e-08,2.8403344439349096,4.629189763412017,0.8780204778317844,0.8780204778317846,0.47748705088584226,0.47748705088584237
complex,0.223,0.2235,-0.001,0.000,1,0.9997603591399475,1.2374235774201117,-5e-324,52.75079064951747,1.095721597895296e-08,1.0957215978952963e-08,2.8418941675285554,4.625495574328361,0.8778958430041588,0.877895843004159,0.47752733723778895,0.47752733723778906
complex,0.2235,0.224,-0.001,0.000,1,1.000980236125843,1.2376548836363226,-5e-324,51.96656403955341,1.069552314745761e-08,1.0695523147457614e-08,2.8434594910330495,4.621664465807217,0.8777715163594998,0.8777715163595,0.47756748309019764,0.47756748309019775
complex,0.223,0.2235,0.000,0.001,1,0.9997603591399475,1.2374235774201117,-5e-324,52.74264924853738,1.095676545366216e-08,1.0956765453662164e-08,2.841909969394073,4.625331107124925,0.8778958430041588,0.877895843004159,0.47752733723778895,0.47752733723778906
complex,0.2235,0.224,0.000,0.001,1,1.000980236125843,1.2376548836363226,-5e-324,51.95878336654496,1.069508936968281e-08,1.0695089369682813e-08,2.8434752675100907,4.6215026667233525,0.8777715163594998,0.8777715163595,0.47756748309019764,0.47756748309019775
complex,0.224,0.2245,-0.001,0.000,1,1.0021916696757869,1.2378859553062738,-5e-324,51.197186048997125,1.0440782067203638e-08,1.0440782067203641e-08,2.845014740466815,4.617863302853796,0.8776474970406023,0.8776474970406025,0.47760748920778273,0.47760748920778284
complex,0.2245,0.225,-0.001,0.000,1,1.0033947229541753,1.2381167575812946,-5e-324,50.44239813712864,1.0192789970982823e-08,1.0192789970982827e-08,2.846560064319699,4.61409177764997,0.8775237841909381,0.8775237841909383,0.47764735635001276,0.4776473563500129
complex,0.224,0.2245,0.000,0.001,1,1.0021916696757869,1.2378859553062738,-5e-324,51.189756235050346,1.0440364393303098e-08,1.0440364393303101e-08,2.8450304889719944,4.617704130511942,0.8776474970406023,0.8776474970406025,0.47760748920778273,0.47760748920778284
complex,0.2245,0.225,0.000,0.001,1,1.0033947229541753,1.2381167575812946,-5e-324,50.435309569534716,1.0192387783200092e-08,1.0192387783200095e-08,2.846575782348592,4.613935191424656,0.8775237841909381,0.8775237841909383,0.47764735635001276,0.4776473563500129
complex,0.225,0.2255,-0.001,0.000,1,1.0045894584819492,1.2383472564193247,-5e-324,49.70194264391288,9.951350525395565e-09,9.951350525395568e-09,2.848095609001225,4.610349586932207,0.8774003769546979,0.8774003769546981,0.47768708527111575,0.47768708527111586
complex,0.2255,0.226,-0.001,0.000,1,1.0057759381449627,1.2385774185695084,-5e-324,48.975563064052544,9.71627361040836e-09,9.716273610408363e-09,2.849621518870326,4.606636431913872,0.877277274476833,0.8772772744768332,0.47772667672011243,0.47772667672011254
complex,0.225,0.2255,0.000,0.001,1,1.0045894584819492,1.2383472564193247,-5e-324,49.69518595923442,9.950963230765847e-09,9.95096323076585e-09,2.848111294126318,4.610195546934142,0.8774003769546979,0.8774003769546981,0.47768708527111575,0.47768708527111586
complex,0.2255,0.226,0.000,0.001,1,1.0057759381449627,1.2385774185695084,-5e-324,48.96912914139222,9.715900639713433e-09,9.715900639713436e-09,2.849637168739025,4.606484898974408,0.877277274476833,0.8772772744768332,0.47772667672011243,0.47772667672011254
complex,0.226,0.2265,-0.001,0.000,1,1.0069542232025297,1.2388072115566218,-5e-324,48.26300430131604,9.487375106910884e-09,9.487375106910887e-09,2.85113793626682,4.602952018205567,0.877154475903061,0.8771544759030612,0.477766131440929,0.4777661314409291
complex,0.2265,0.227,-0.001,0.000,1,1.0081243742969883,1.2390366036643112,-5e-324,47.564012902954694,9.26447669201163e-09,9.264476692011633e-09,2.8526450015473945,4.5992960557293445,0.8770319803799105,0.8770319803799107,0.47780545017235987,0.47780545017236
complex,0.226,0.2265,0.000,0.001,1,1.0069542232025297,1.2388072115566218,-5e-324,48.25688425577895,9.487015913680346e-09,9.487015913680349e-09,2.8511535485995023,4.602802953861541,0.877154475903061,0.8771544759030612,0.477766131440929,0.4777661314409291
complex,0.2265,0.227,0.000,0.001,1,1.0081243742969883,1.2390366036643112,-5e-324,47.55819807929797,9.264130751568282e-09,9.264130751568285e-09,2.8526605741355198,4.5991494222082805,0.8770319803799105,0.8770319803799107,0.47780545017235987,0.47780545017236
complex,0.227,0.2275,-0.001,0.000,1,1.0092864514608972,1.2392655639216072,-5e-324,46.87843167362732,9.047405642099888e-09,9.047405642099892e-09,2.8541428531097854,4.595668258652183,0.8769097870547828,0.8769097870547831,0.47784463364809165,0.47784463364809177
complex,0.2275,0.228,-0.001,0.000,1,1.0104405141263058,1.239494062086802,-5e-324,46.20599592333426,8.835994642739715e-09,8.835994642739718e-09,2.8556316274288966,4.592068345301188,0.8767878950759143,0.8767878950759145,0.47788368259684644,0.47788368259684655
complex,0.227,0.2275,0.000,0.001,1,1.0092864514608972,1.2392655639216072,-5e-324,46.87291490250569,9.047072450647212e-09,9.047072450647215e-09,2.854158383814049,4.5955240188578435,0.8769097870547828,0.8769097870547831,0.47784463364809165,0.47784463364809177
complex,0.2275,0.228,0.000,0.001,1,1.0104405141263058,1.239494062086802,-5e-324,46.20077003530583,8.835673716489497e-09,8.8356737164895e-09,2.855647114177439,4.591926462799469,0.8767878950759143,0.8767878950759145,0.47788368259684644,0.47788368259684655
complex,0.228,0.2285,-0.001,0.000,1,1.0115866211324887,1.2397220686334331,-5e-324,45.54637426886549,8.630081605816069e-09,8.630081605816072e-09,2.857111459083391,4.588496038094969,0.876666303592469,0.8766663035924692,0.4779225977423188,0.47792259774231893
complex,0.2285,0.229,-0.001,0.000,1,1.012724830733954,1.2399495547361488,-5e-324,44.8993219758154,8.429509493105399e-09,8.429509493105402e-09,2.8585824807857336,4.584951063469757,0.8765450117545434,0.8765450117545436,0.47796137980325415,0.47796137980325426
complex,0.228,0.2285,0.000,0.001,1,1.0115866211324887,1.2397220686334331,-5e-324,45.54143117769667,8.629772480154344e-09,8.629772480154348e-09,2.8571268998700434,4.588356477100135,0.876666303592469,0.8766663035924692,0.4779225977423188,0.47792259774231893
complex,0.2285,0.229,0.000,0.001,1,1.012724830733954,1.2399495547361488,-5e-324,44.89465380397734,8.429211721794848e-09,8.429211721794851e-09,2.8585978736683337,4.584813788830989,0.8765450117545434,0.8765450117545436,0.47796137980325415,0.47796137980325426
complex,0.229,0.2295,-0.001,0.000,1,1.013855200608785,1.2401764922560858,-5e-324,44.264596875470986,8.234126146322394e-09,8.234126146322397e-09,2.860044823412856,4.581433151805666,0.8764240187131707,0.8764240187131709,0.4780000294935185,0.4780000294935186
complex,0.2295,0.230,-0.001,0.000,1,1.0149777878656971,1.2404028537282,-5e-324,43.64196460147793,8.043784123389354e-09,8.043784123389357e-09,2.861498616030654,4.5779420373630915,0.8763033236203895,0.8763033236203898,0.4780385475220829,0.478038547522083
complex,0.229,0.2295,0.000,0.001,1,1.013855200608785,1.2401764922560858,-5e-324,44.260195948553466,8.233839300739696e-09,8.2338393007397e-09,2.8600601665115746,4.581298128993938,0.8764240187131707,0.8764240187131709,0.4780000294935185,0.4780000294935186
complex,0.2295,0.230,0.000,0.001,1,1.0149777878656971,1.2404028537282,-5e-324,43.637823323455265,8.043507791795708e-09,8.043507791795711e-09,2.861513907526391,4.577809232458346,0.8763033236203895,0.8763033236203898,0.4780385475220829,0.478038547522083
complex,0.230,0.2305,-0.001,0.000,1,1.0160926490522273,1.240628612347116,-5e-324,43.031347207714504,7.858340540440476e-09,7.858340540440479e-09,2.8629439859253663,4.574477458208913,0.8761829256292634,0.8761829256292636,0.4780769345930658,0.47807693459306594
complex,0.2305,0.231,-0.001,0.000,1,1.0171998401621534,1.2408537419541317,-5e-324,42.43234257011097,7.677656919642837e-09,7.67765691964284e-09,2.864381058629597,4.571039156151944,0.876062823893871,0.8760628238938712,0.47811519140582376,0.47811519140582387
complex,0.230,0.2305,0.000,0.001,1,1.0160926490522273,1.240628612347116,-5e-324,43.02745447423084,7.858074327283858e-09,7.858074327283861e-09,2.862959224058187,4.5743468378875445,0.8761829256292634,0.8761829256292636,0.4780769345930658,0.47807693459306594
complex,0.2305,0.231,0.000,0.001,1,1.0171998401621534,1.2408537419541317,-5e-324,42.42869141941817,7.677400444890599e-09,7.677400444890602e-09,2.8643962416971953,4.5709106876745675,0.876062823893871,0.8760628238938712,0.47811519140582376,0.47811519140582387
complex,0.231,0.2315,-0.001,0.000,1,1.0182994166427013,1.2410782170246075,-5e-324,41.84472016612932,7.501599042448222e-09,7.501599042448225e-09,2.8658099579486813,4.567626876678278,0.8759430175693814,0.8759430175693816,0.47815331865492294,0.47815331865492305
complex,0.2315,0.232,-0.001,0.000,1,1.0193914334018663,1.2413020126553056,-5e-324,41.26825260300166,7.330036808029552e-09,7.330036808029553e-09,2.8672308059880214,4.564240368885596,0.8758235058120338,0.875823505812034,0.47819131703024803,0.47819131703024814
complex,0.231,0.2315,0.000,0.001,1,1.0182994166427013,1.2410782170246075,-5e-324,41.84130381461088,7.501351940948547e-09,7.50135194094855e-09,2.8658250843048854,4.56750052787779,0.8759430175693814,0.8759430175693816,0.47815331865492294,0.47815331865492305
complex,0.2315,0.232,0.000,0.001,1,1.0193914334018663,1.2413020126553056,-5e-324,41.265064440463014,7.329798728900469e-09,7.329798728900471e-09,2.8672458740413607,4.564116108155502,0.8758235058120338,0.875823505812034,0.47819131703024803,0.47819131703024814
complex,0.232,0.2325,-0.001,0.000,1,1.0204759448156113,1.24152510455197,-5e-324,40.7027156956678,7.162844096883495e-09,7.162844096883496e-09,2.8686437231782604,4.560879385421865,0.8757042877792127,0.8757042877792129,0.4782291872169522,0.4782291872169523
complex,0.2325,0.233,-0.001,0.000,1,1.021553004735042,1.2417474690170551,-5e-324,40.14788853397701,6.999898639162755e-09,6.999898639162757e-09,2.8700488283023002,4.557543682421277,0.8755853626294061,0.8755853626294063,0.4782669298956017,0.4782669298956018
complex,0.232,0.2325,0.000,0.001,1,1.0204759448156113,1.24152510455197,-5e-324,40.699749280760734,7.162614702928297e-09,7.1626147029282986e-09,2.8686587313905396,4.56075718170489,0.8757042877792127,0.8757042877792129,0.4782291872169522,0.4782291872169523
complex,0.2325,0.233,0.000,0.001,1,1.021553004735042,1.2417474690170551,-5e-324,40.145137589750654,6.999677606310525e-09,6.999677606310527e-09,2.8700637751872273,4.557423505198228,0.8755853626294061,0.8755853626294063,0.4782669298956017,0.4782669298956018
complex,0.233,0.2335,-0.001,0.000,1,1.0226226664928826,1.2419690829384762,-5e-324,39.60355354093369,6.841081887825108e-09,6.841081887825109e-09,2.8714462385177466,4.5542330194481835,0.8754667295223247,0.875466729522325,0.4783045457420386,0.47830454574203873
complex,0.2335,0.234,-0.001,0.000,1,1.0236849829105819,1.2421899237775467,-5e-324,39.069496520676466,6.686278896105719e-09,6.68627889610572e-09,2.8728360693841473,4.550947159433745,0.8753483876188299,0.8753483876188302,0.4783420354276335,0.4783420354276336
complex,0.233,0.2335,0.000,0.001,1,1.0226226664928826,1.2419690829384762,-5e-324,39.6010119505089,6.840868904595252e-09,6.840868904595253e-09,2.8714611226395954,4.554114838727079,0.8754667295223247,0.875466729522325,0.4783045457420386,0.47830454574203873
complex,0.2335,0.234,0.000,0.001,1,1.0236849829105819,1.2421899237775467,-5e-324,39.06715832304098,6.686073663095429e-09,6.686073663095431e-09,2.872850889356456,4.550830945739183,0.8753483876188299,0.8753483876188302,0.4783420354276335,0.4783420354276336
complex,0.234,0.2345,-0.001,0.000,1,1.024740006305075,1.242409969557609,-5e-324,38.545506698437364,6.535378199465569e-09,6.53537819946557e-09,2.874218434886366,4.547685868619602,0.8752303360809893,0.8752303360809895,0.47837939961919973,0.47837939961919984
complex,0.2345,0.235,-0.001,0.000,1,1.0257877884951343,1.2426291988530576,-5e-324,38.03137675242194,6.38827170163132e-09,6.388271701631321e-09,2.8755934474582374,4.544448916501244,0.8751125740721464,0.8751125740721466,0.4784166389789814,0.4784166389789815
complex,0.234,0.2345,0.000,0.001,1,1.024740006305075,1.242409969557609,-5e-324,38.54336608435909,6.53518042885923e-09,6.535180428859231e-09,2.8742331893706545,4.54757159298238,0.8752303360809893,0.8752303360809895,0.47837939961919973,0.47837939961919984
complex,0.2345,0.235,0.000,0.001,1,1.0257877884951343,1.2426291988530576,-5e-324,38.02942806047303,6.388081116730751e-09,6.388081116730753e-09,2.8756081351627825,4.544336550448217,0.8751125740721464,0.8751125740721466,0.4784166389789814,0.4784166389789815
complex,0.235,0.2355,-0.001,0.000,1,1.026828380807976,1.2428475907783707,-5e-324,37.526902837940014,6.2448545646357315e-09,6.244854564635733e-09,2.8769612180063726,4.541236075771742,0.8749951007568648,0.874995100756865,0.47845375416482244,0.47845375416482255
complex,0.2355,0.236,-0.001,0.000,1,1.0278618340852326,1.2430651249778766,-5e-324,37.03195616188066,6.105025102769219e-09,6.105025102769221e-09,2.878321855931348,4.538047122270072,0.8748779153010074,0.8748779153010077,0.4784907458301027,0.4784907458301028
complex,0.235,0.2355,0.000,0.001,1,1.026828380807976,1.2428475907783707,-5e-324,37.52514055063337,6.24467089941049e-09,6.2446708994104915e-09,2.8769758376849937,4.541125591315901,0.8749951007568648,0.874995100756865,0.47845375416482244,0.47845375416482255
complex,0.2355,0.236,0.000,0.001,1,1.0278618340852326,1.2430651249778766,-5e-324,37.03037490078067,6.10484810142595e-09,6.104848101425951e-09,2.8783364063822323,4.537938491900862,0.8748779153010074,0.8748779153010077,0.4784907458301027,0.4784907458301028
complex,0.236,0.2365,-0.001,0.000,1,1.0288881986901404,1.2432817816140243,-5e-324,36.546373250107685,5.968684680126693e-09,5.9686846801266946e-09,2.8796754691549826,4.534881834920525,0.8747610168717395,0.8747610168717397,0.4785276146237796,0.4785276146237797
complex,0.2365,0.237,-0.001,0.000,1,1.029907524512525,1.2434975413587572,-5e-324,36.06996818287434,5.83573761188221e-09,5.835737611882211e-09,2.8810221641367413,4.5317399956891995,0.8746444046375323,0.8746444046375326,0.4785643611904889,0.478564361190489
complex,0.236,0.2365,0.000,0.001,1,1.0288881986901404,1.2432817816140243,-5e-324,36.54496777297839,5.968514096696723e-09,5.968514096696725e-09,2.879689949219544,4.534775031594371,0.8747610168717395,0.8747610168717397,0.4785276146237796,0.4785276146237797
complex,0.2365,0.237,0.000,0.001,1,1.029907524512525,1.2434975413587572,-5e-324,36.068733380600165,5.835573209826593e-09,5.835573209826594e-09,2.8810365726984974,4.5316349928202575,0.8746444046375323,0.8746444046375326,0.4785643611904889,0.478564361190489
complex,0.237,0.2375,-0.001,0.000,1,1.0309198609756405,1.243712385382297,-5e-324,35.602488785958286,5.706091068858072e-09,5.7060910688580735e-09,2.882362045899942,4.528621389526006,0.8745280777682276,0.8745280777682278,0.47860098617048447,0.4786009861704846
complex,0.2375,0.238,-0.001,0.000,1,1.0319252570418673,1.2439262953437056,-5e-324,35.14368957281098,5.579654985497226e-09,5.579654985497228e-09,2.8836952180514333,4.525525804317133,0.8744120354350066,0.8744120354350068,0.4786374901997489,0.478637490199749
complex,0.237,0.2375,0.000,0.001,1,1.0309198609756405,1.243712385382297,-5e-324,35.60141968004699,5.705932620689241e-09,5.705932620689243e-09,2.882376381883442,4.528518160977112,0.8745280777682276,0.8745280777682278,0.47860098617048447,0.4786009861704846
complex,0.2375,0.238,0.000,0.001,1,1.0319252570418673,1.2439262953437056,-5e-324,35.14278131179527,5.5795022724166355e-09,5.579502272416637e-09,2.8837094804211834,4.5254243243909595,0.8744120354350066,0.8744120354350068,0.4786374901997489,0.478637490199749
complex,0.238,0.2385,-0.001,0.000,1,1.0329237612186317,1.2441392533811217,-5e-324,34.69338793134562,5.456341970969483e-09,5.456341970969484e-09,2.8850217828035465,4.522453030834352,0.8742962768104426,0.8742962768104429,0.4786738739099929,0.478673873909993
complex,0.2385,0.239,-0.001,0.000,1,1.0339154215641282,1.2443512421023804,-5e-324,34.25140472000238,5.336067223376785e-09,5.336067223376786e-09,2.886341840994569,4.519402862687083,0.8741808010685098,0.87418080106851,0.47871013792869077,0.4787101379286909
complex,0.238,0.2385,0.000,0.001,1,1.0329237612186317,1.2441392533811217,-5e-324,34.69263578662377,5.456194782520415e-09,5.4561947825204166e-09,2.8850359705629844,4.522353274264768,0.8742962768104426,0.8742962768104429,0.4786738739099929,0.478673873909993
complex,0.2385,0.239,0.000,0.001,1,1.0339154215641282,1.2443512421023804,-5e-324,34.250804082660096,5.335925357111713e-09,5.335925357111715e-09,2.8863559531850624,4.5193048046307025,0.8741808010685098,0.87418080106851,0.47871013792869077,0.4787101379286909
complex,0.239,0.2395,-0.001,0.000,1,1.0349002856928855,1.244562244575842,-5e-324,33.81756424821578,5.218748446924826e-09,5.218748446924827e-09,2.8876554921083604,4.516375096276263,0.8740656073846041,0.8740656073846044,0.47874628287910886,0.478746282879109
complex,0.2395,0.240,-0.001,0.000,1,1.035878400781649,1.2447722443209015,-5e-324,33.391694252673574,5.104305771875181e-09,5.104305771875183e-09,2.888962834296753,4.513369530744114,0.8739506949355553,0.8739506949355555,0.4787823093803535,0.4787823093803536
complex,0.239,0.2395,0.000,0.001,1,1.0349002856928855,1.244562244575842,-5e-324,33.81711062593588,5.218611708086707e-09,5.2186117080867085e-09,2.8876695278082196,4.51627871230418,0.8740656073846041,0.8740656073846044,0.47874628287910886,0.478746282879109
complex,0.2395,0.240,0.000,0.001,1,1.035878400781649,1.2447722443209015,-5e-324,33.39138326672948,5.104173973092023e-09,5.1041739730920246e-09,2.888976792620279,4.5132747968338265,0.8739506949355553,0.8739506949355555,0.4787823093803535,0.4787823093803536
complex,0.240,0.2405,-0.001,0.000,1,1.0368498135744948,1.2449812252996335,-5e-324,32.973625870964156,4.992661677341738e-09,4.99266167734174e-09,2.8902639643966914,4.510385967932608,0.8738360628996589,0.8738360628996591,0.4788182180473931,0.4788182180473932
complex,0.2405,0.241,-0.001,0.000,1,1.0378145703886945,1.2451891719073338,-5e-324,32.56319361120774,4.883740916626791e-09,4.883740916626793e-09,2.8915589779525455,4.507424212334249,0.8737217104566761,0.8737217104566763,0.47885400949109214,0.47885400949109225
complex,0.240,0.2405,0.000,0.001,1,1.0368498135744948,1.2449812252996335,-5e-324,32.97345325329537,4.99253463833389e-09,4.9925346383338915e-09,2.8902778444932484,4.510292860460117,0.8738360628996589,0.8738360628996591,0.4788182180473931,0.4788182180473932
complex,0.2405,0.241,0.000,0.001,1,1.0378145703886945,1.2451891719073338,-5e-324,32.56315520157509,4.883618463926391e-09,4.883618463926393e-09,2.891572779005654,4.507332708066339,0.8737217104566761,0.8737217104566763,0.47885400949109214,0.47885400949109225
complex,0.241,0.2415,-0.001,0.000,1,1.038772717119444,1.245396068964862,-5e-324,32.16023531993167,4.77747044519295e-09,4.777470445192951e-09,2.892847969232119,4.504484071052884,0.8736076367878551,0.8736076367878554,0.4788896843182582,0.4788896843182583
complex,0.2415,0.242,-0.001,0.000,1,1.0397242992454374,1.2456019017097508,-5e-324,31.764592146567658,4.6737793510346005e-09,4.673779351034602e-09,2.894131031246843,4.501565353758566,0.873493841075979,0.8734938410759793,0.47892524313160223,0.47892524313160234
complex,0.241,0.2415,0.000,0.001,1,1.038772717119444,1.245396068964862,-5e-324,32.1603270631507,4.7773524118750315e-09,4.777352411875033e-09,2.8928616904585627,4.504394147139563,0.8736076367878551,0.8736076367878554,0.4788896843182582,0.4788896843182583
complex,0.2415,0.242,0.000,0.001,1,1.0397242992454374,1.2456019017097508,-5e-324,31.764810089815477,4.673665576459276e-09,4.673665576459278e-09,2.894144671895819,4.501476987725685,0.873493841075979,0.8734938410759793,0.47892524313160223,0.47892524313160234
complex,0.242,0.2425,-0.001,0.000,1,1.0406693618342322,1.2458066557876495,-5e-324,31.376108505686915,4.572598787388447e-09,4.572598787388449e-09,2.895408255772228,4.498667872642167,0.8733803225053189,0.8733803225053192,0.47896068652991025,0.47896068652991036
complex,0.2425,0.243,-0.001,0.000,1,1.041607949546886,1.2460103172449224,-5e-324,30.994632037942708,4.473861907804601e-09,4.473861907804603e-09,2.8966797333630403,4.4957914423786685,0.8732670802617172,0.8732670802617174,0.47899601510790113,0.47899601510790124
complex,0.242,0.2425,0.000,0.001,1,1.0406693618342322,1.2458066557876495,-5e-324,31.376448795883988,4.572489116953781e-09,4.572489116953783e-09,2.8954218151244975,4.498581042384191,0.8733803225053189,0.8733803225053192,0.47896068652991025,0.47896068652991036
complex,0.2425,0.243,0.000,0.001,1,1.041607949546886,1.2460103172449224,-5e-324,30.99509091920379,4.473756192709628e-09,4.47375619270963e-09,2.896693210730119,4.495706126151613,0.8732670802617172,0.8732670802617174,0.47899601510790113,0.47899601510790124
complex,0.243,0.2435,-0.001,0.000,1,1.0425401066431599,1.2462128725203856,-5e-324,30.620013568487092,4.377503803343494e-09,4.377503803343496e-09,2.8979455533727796,4.492935880083977,0.8731541135325553,0.8731541135325556,0.4790312294564044,0.47903122945640453
complex,0.2435,0.244,-0.001,0.000,1,1.0434658769864753,1.24641430843751,-5e-324,30.252107063992856,4.283461441904297e-09,4.283461441904299e-09,2.899205803971687,4.490101005274412,0.8730414215067958,0.873041421506796,0.4790663301623176,0.4790663301623177
complex,0.243,0.2435,0.000,0.001,1,1.0425401066431599,1.2462128725203856,-5e-324,30.620587379642554,4.377401900361012e-09,4.377401900361014e-09,2.8979589480961323,4.492852056498494,0.8731541135325553,0.8731541135325556,0.4790312294564044,0.47903122945640453
complex,0.2435,0.244,0.000,0.001,1,1.0434658769864753,1.24641430843751,-5e-324,30.252792236175456,4.283363213162951e-09,4.2833632131629526e-09,2.8992191154219595,4.490018653289027,0.8730414215067958,0.873041421506796,0.4790663301623176,0.4790663301623177
complex,0.244,0.245,-0.001,0.000,0,1.0106684228140574,1.2915615729639325,-5e-324,98.43913221046805,1.0923683028127128e-08,1.0923683028127131e-08,2.662803289397437,4.885568342290031,0.8762974563520645,0.8762974563520647,0.4718176627357719,0.471817662735772
complex,0.244,0.245,0.000,0.001,0,1.0106684228140574,1.2915615729639325,-5e-324,98.39238035608643,1.0923178791150316e-08,1.092317879115032e-08,2.6628185613185735,4.885370843365594,0.8762974563520645,0.8762974563520647,0.4718176627357719,0.471817662735772
complex,0.245,0.246,-0.001,0.000,0,1.012776452883934,1.2914996163794379,-5e-324,94.6191721606914,1.0427154582263584e-08,1.0427154582263588e-08,2.6666989569575996,4.876841758488936,0.8760667928418882,0.8760667928418884,0.4719124321069964,0.4719124321069965
complex,0.245,0.246,0.000,0.001,0,1.012776452883934,1.2914996163794379,-5e-324,94.57402084556593,1.0426687957955246e-08,1.042668795795525e-08,2.6667142203383714,4.876651427867659,0.8760667928418882,0.8760667928418884,0.4719124321069964,0.4719124321069965
complex,0.246,0.247,-0.001,0.000,0,1.01485431136982,1.2914421827447933,-5e-324,91.00128069136993,9.955780910234012e-09,9.955780910234015e-09,2.670550702577584,4.868252233385887,0.8758372351629921,0.8758372351629923,0.4720065886284203,0.47200658862842043
complex,0.246,0.247,0.000,0.001,0,1.01485431136982,1.2914421827447933,-5e-324,90.95757512537197,9.955349080276713e-09,9.955349080276716e-09,2.670565945431019,4.868068859536278,0.8758372351629921,0.8758372351629923,0.4720065886284203,0.47200658862842043
complex,0.247,0.248,-0.001,0.000,0,1.0169024713105157,1.2913889258458022,-5e-324,87.57261934555848,9.508158879546776e-09,9.508158879546779e-09,2.6743597531379426,4.859796913654425,0.8756087768083177,0.875608776808318,0.47210013858172245,0.47210013858172256
complex,0.247,0.248,0.000,0.001,0,1.0169024713105157,1.2913889258458022,-5e-324,87.53041869399223,9.507759243602193e-09,9.507759243602196e-09,2.6743749641495373,4.859620292293666,0.8756087768083177,0.875608776808318,0.47210013858172245,0.47210013858172256
complex,0.248,0.249,-0.001,0.000,0,1.0189211969651435,1.2913397784142797,-5e-324,84.32138549257175,9.082994889877774e-09,9.082994889877777e-09,2.6781263225095984,4.851474665171772,0.8753814208073472,0.8753814208073474,0.47219308816553307,0.4721930881655332
complex,0.248,0.249,0.000,0.001,0,1.0189211969651435,1.2913397784142797,-5e-324,84.28060767536194,9.082625007124577e-09,9.08262500712458e-09,2.678141501634091,4.851304596872001,0.8753814208073472,0.8753814208073474,0.47219308816553307,0.4721930881655332
complex,0.249,0.250,-0.001,0.000,0,1.0209092017763541,1.2912967600348555,-5e-324,81.24189243812114,8.679250761128088e-09,8.679250761128091e-09,2.681843008869093,4.843297169724924,0.8751552083549621,0.8751552083549623,0.4722854434968443,0.4722854434968444
complex,0.249,0.250,0.000,0.001,0,1.0209092017763541,1.2912967600348555,-5e-324,81.20246356153984,8.67890832341386e-09,8.678908323413863e-09,2.6818581685825666,4.843133455353835,0.8751552083549621,0.8751552083549623,0.4722854434968443,0.4722854434968444
complex,0.250,0.251,-0.001,0.000,0,1.0228683053248258,1.2912577173165403,-5e-324,78.32061322821124,8.295582241941555e-09,8.295582241941559e-09,2.6855176894451414,4.835250466355,0.8749300749681667,0.8749300749681669,0.4723772106121724,0.4723772106121725
complex,0.250,0.251,0.000,0.001,0,1.0228683053248258,1.2912577173165403,-5e-324,78.2824902804152,8.29526532611992e-09,8.295265326119923e-09,2.6855327859530846,4.835092925548718,0.8749300749681667,0.8749300749681669,0.4723772106121724,0.4723772106121725
