scan,N,kappa_in,kappa_out,disorder_W,sample,chi,chi_formula,chi_formula_relative_error,noise,noise_lower,gap
asymmetric_probe,20.0,0.01,1.0,0.0,-1.0,1.8984058703282902,1.8984058703282896,3.508911477712087e-16,110.4340394288356,10.951543720008251,0.21173083977499463
asymmetric_probe,30.0,0.01,1.0,0.0,-1.0,3.8530355293871468,3.8530355293871446,5.762848622378243e-16,481.8020910686597,45.113158297218064,0.2053035585705514
asymmetric_probe,40.0,0.01,1.0,0.0,-1.0,7.820183777811956,7.820183777811946,1.3629016068192206e-15,2011.594249037642,185.83654538727276,0.20300868174756198
asymmetric_probe,50.0,0.01,1.0,0.0,-1.0,15.871972592082617,15.871972592082578,2.4621924111877388e-15,8313.331935512773,765.5243592999691,0.20188219499001553
asymmetric_probe,60.0,0.01,1.0,0.0,-1.0,32.214014545104135,32.214014545104014,3.7496805904179185e-15,34272.34712739616,3153.456944974844,0.19915250547027744
asymmetric_probe,80.0,0.01,1.0,0.0,-1.0,132.70055571539723,132.70055571539643,5.997019829804522e-15,581704.4735822406,53510.95331161451,0.17385189021028072
asymmetric_probe,100.0,0.01,1.0,0.0,-1.0,546.6390245313747,546.6390245313702,8.3189697493024e-15,9871070.23032217,908026.389540774,0.1457394366589259
asymmetric_probe,120.0,0.01,1.0,0.0,-1.0,2251.793306589309,2251.793306589285,1.0703295691685172e-14,167502148.1163045,15408283.221960375,0.12222335347892124
asymmetric_probe,20.0,0.05,0.5,0.0,-1.0,2.2519598753446752,2.2519598753446757,1.9720120891678505e-16,161.56891136540858,15.691387383658757,0.21158439809173776
asymmetric_probe,30.0,0.05,0.5,0.0,-1.0,4.57061450666873,4.570614506668732,3.886472676285576e-16,705.0241278694004,64.63819722970628,0.2052589572688408
asymmetric_probe,40.0,0.05,0.5,0.0,-1.0,9.276593778352213,9.276593778352202,1.1489282910364437e-15,2943.7022390949696,266.266865957167,0.20298963196221104
asymmetric_probe,50.0,0.05,0.5,0.0,-1.0,18.827926092433444,18.827926092433394,2.6417137638539924e-15,12165.58388354459,1096.8443883838518,0.20188510853691358
asymmetric_probe,60.0,0.05,0.5,0.0,-1.0,38.21346599970488,38.213465999704724,4.09068891757764e-15,50153.67187073618,4518.277585926434,0.19670532234825966
asymmetric_probe,80.0,0.05,0.5,0.0,-1.0,157.41435041795964,157.4143504179588,5.4166045258783766e-15,851258.7844130739,76670.56984389939,0.1921740197603864
asymmetric_probe,100.0,0.05,0.5,0.0,-1.0,648.4436067039711,648.4436067039662,7.538873036127027e-15,14445196.80955731,1301021.4995418321,0.18868456228767555
asymmetric_probe,120.0,0.05,0.5,0.0,-1.0,2671.1612375797845,2671.1612375797563,1.0555085690187185e-14,245120482.90904084,22077010.066787258,0.17926975547084092
asymmetric_probe,20.0,0.2,1.0,0.0,-1.0,1.7235923423162458,1.7235923423162465,3.86479910835477e-16,108.84994397126147,9.82211017223654,0.21191167281779497
asymmetric_probe,30.0,0.2,1.0,0.0,-1.0,3.4982311406165314,3.4982311406165323,2.5389357763923845e-16,475.2766594965229,40.46063480544886,0.20535841679450878
asymmetric_probe,40.0,0.2,1.0,0.0,-1.0,7.100067001260521,7.10006700126051,1.5011324589626141e-15,1984.713762139841,166.67120814027223,0.20303201279395247
asymmetric_probe,50.0,0.2,1.0,0.0,-1.0,14.410411832736727,14.410411832736688,2.7119176690027904e-15,8202.602006331044,686.5757731313914,0.20190578828465183
asymmetric_probe,60.0,0.2,1.0,0.0,-1.0,29.24760698063997,29.247606980639844,4.25145820785702e-15,33816.21263611232,2828.2406872232214,0.19832828511096973
asymmetric_probe,80.0,0.2,1.0,0.0,-1.0,120.48090728469326,120.48090728469258,5.6616524701118474e-15,573964.3357294614,47992.36457284731,0.19359717064135362
asymmetric_probe,100.0,0.2,1.0,0.0,-1.0,496.3021087417955,496.3021087417913,8.475509012773998e-15,9739727.972446883,814381.5580117597,0.1741868414429221
asymmetric_probe,120.0,0.2,1.0,0.0,-1.0,2044.4383155209407,2044.4383155209193,1.0454277504683715e-14,165273403.740959,13819225.785863651,0.14583675918556846
asymmetric_probe,20.0,1.0,0.2,0.0,-1.0,1.7235923423162463,1.7235923423162465,1.28826636945159e-16,201.87661548432723,13.53557337535055,0.21191167281732454
asymmetric_probe,30.0,1.0,0.2,0.0,-1.0,3.498231140616534,3.4982311406165323,5.077871552784769e-16,883.3762497330742,55.75766119692299,0.2053584168411002
asymmetric_probe,40.0,1.0,0.2,0.0,-1.0,7.100067001260525,7.10006700126051,2.126604316863703e-15,3690.706582889511,229.68489741825823,0.20303190875117008
asymmetric_probe,50.0,1.0,0.2,0.0,-1.0,14.410411832736726,14.410411832736688,2.588648684048118e-15,15255.061431148164,946.1507346177397,0.20189909658697752
asymmetric_probe,60.0,1.0,0.2,0.0,-1.0,29.247606980639965,29.247606980639844,4.129987973346819e-15,62892.59858769606,3897.518829840695,0.20095330280976043
asymmetric_probe,80.0,1.0,0.2,0.0,-1.0,120.48090728469334,120.48090728469258,6.369359028875828e-15,1067488.4228867076,66136.92584802597,0.1858402283268857
asymmetric_probe,100.0,1.0,0.2,0.0,-1.0,496.30210874179545,496.3021087417913,8.360975107195972e-15,18114456.619732063,1122276.2869387006,0.16008142920631604
asymmetric_probe,120.0,1.0,0.2,0.0,-1.0,2044.4383155209403,2044.4383155209193,1.0231846068413848e-14,307384148.64441454,19043885.81832627,0.14968335924989054
asymmetric_probe,20.0,1.0,1.0,0.0,-1.0,1.2420284632504477,1.2420284632504477,0.0,104.82865180103249,7.02862936793245,0.21231165940443303
asymmetric_probe,30.0,1.0,1.0,0.0,-1.0,2.520841234310357,2.5208412343103572,1.7616706828090065e-16,458.7115801869719,28.95333090843085,0.20547810448321954
asymmetric_probe,40.0,1.0,1.0,0.0,-1.0,5.116340500013221,5.116340500013213,1.5623678246747814e-15,1916.4765287217806,119.26868338564418,0.20308274080397803
asymmetric_probe,50.0,1.0,1.0,0.0,-1.0,10.38420815868514,10.384208158685114,2.5659493900570736e-15,7921.509478034714,491.308543446477,0.20196922059190672
asymmetric_probe,60.0,1.0,1.0,0.0,-1.0,21.075958310949872,21.075958310949787,4.045610976887985e-15,32658.296268373,2023.8681103153122,0.19947534564770053
asymmetric_probe,80.0,1.0,1.0,0.0,-1.0,86.81908851135869,86.81908851135817,5.892607012112813e-15,554315.6740308803,34342.98100455341,0.18397953410061949
asymmetric_probe,100.0,1.0,1.0,0.0,-1.0,357.6375516944845,357.63755169448154,8.264953629050433e-15,9406310.190902732,582765.4175031018,0.1550567150157469
asymmetric_probe,120.0,1.0,1.0,0.0,-1.0,1473.2315274801717,1473.2315274801556,1.0957904888230088e-14,159615643.49473086,9888935.72728986,0.13059143427586925
asymmetric_probe,20.0,2.0,0.05,0.0,-1.0,1.3775990981232507,1.3775990981232518,8.059115501292427e-16,229.3847258782787,12.145787360959961,0.2119681393088296
asymmetric_probe,30.0,2.0,0.05,0.0,-1.0,2.795997606871055,2.7959976068710533,6.353213017904321e-16,1005.1282430491806,50.03265675282348,0.20537534475465286
asymmetric_probe,40.0,2.0,0.05,0.0,-1.0,5.674802363302344,5.6748023633023355,1.565126612062782e-15,4200.681398268013,206.10164392026803,0.20303904295672243
asymmetric_probe,50.0,2.0,0.05,0.0,-1.0,11.517671468460257,11.51767146846022,3.2388051464704876e-15,17364.25897478829,849.0032387544543,0.201938641542225
asymmetric_probe,60.0,2.0,0.05,0.0,-1.0,23.37645393842162,23.376453938421513,4.559348934820176e-15,71589.54210928234,3497.335031904945,0.19977647841309001
asymmetric_probe,80.0,2.0,0.05,0.0,-1.0,96.29561767101721,96.29561767101654,6.936039123777536e-15,1215109.8888755033,59346.214288913434,0.19692466228712133
asymmetric_probe,100.0,2.0,0.05,0.0,-1.0,396.6746199859612,396.6746199859575,9.314491121421681e-15,20619485.770461112,1007044.8265024434,0.18385996755245243
asymmetric_probe,120.0,2.0,0.05,0.0,-1.0,1634.0385777323456,1634.0385777323277,1.0992714985311551e-14,349891985.7470951,17088525.270512305,0.15516746238445997
onsite_damping_disorder,20.0,0.2,0.2,0.0,0.0,2.391869953383912,nan,nan,209.62072779835637,18.915194695584383,0.2115308807766622
onsite_damping_disorder,20.0,0.2,0.2,0.0,1.0,2.391869953383912,nan,nan,209.62072779835637,18.915194695584383,0.2115308807766622
onsite_damping_disorder,20.0,0.2,0.2,0.0,2.0,2.391869953383912,nan,nan,209.62072779835637,18.915194695584383,0.2115308807766622
onsite_damping_disorder,20.0,0.2,0.2,0.0,3.0,2.391869953383912,nan,nan,209.62072779835637,18.915194695584383,0.2115308807766622
onsite_damping_disorder,20.0,0.2,0.2,0.0,4.0,2.391869953383912,nan,nan,209.62072779835637,18.915194695584383,0.2115308807766622
onsite_damping_disorder,20.0,0.2,0.2,0.0,5.0,2.391869953383912,nan,nan,209.62072779835637,18.915194695584383,0.2115308807766622
onsite_damping_disorder,20.0,0.2,0.2,0.0,6.0,2.391869953383912,nan,nan,209.62072779835637,18.915194695584383,0.2115308807766622
onsite_damping_disorder,20.0,0.2,0.2,0.0,7.0,2.391869953383912,nan,nan,209.62072779835637,18.915194695584383,0.2115308807766622
onsite_damping_disorder,20.0,0.2,0.2,0.0,8.0,2.391869953383912,nan,nan,209.62072779835637,18.915194695584383,0.2115308807766622
onsite_damping_disorder,20.0,0.2,0.2,0.0,9.0,2.391869953383912,nan,nan,209.62072779835637,18.915194695584383,0.2115308807766622
onsite_damping_disorder,20.0,0.2,0.2,0.0,10.0,2.391869953383912,nan,nan,209.62072779835637,18.915194695584383,0.2115308807766622
onsite_damping_disorder,20.0,0.2,0.2,0.0,11.0,2.391869953383912,nan,nan,209.62072779835637,18.915194695584383,0.2115308807766622
onsite_damping_disorder,20.0,0.2,0.2,0.0,12.0,2.391869953383912,nan,nan,209.62072779835637,18.915194695584383,0.2115308807766622
onsite_damping_disorder,20.0,0.2,0.2,0.0,13.0,2.391869953383912,nan,nan,209.62072779835637,18.915194695584383,0.2115308807766622
onsite_damping_disorder,20.0,0.2,0.2,0.0,14.0,2.391869953383912,nan,nan,209.62072779835637,18.915194695584383,0.2115308807766622
onsite_damping_disorder,20.0,0.2,0.2,0.0,15.0,2.391869953383912,nan,nan,209.62072779835637,18.915194695584383,0.2115308807766622
onsite_damping_disorder,20.0,0.2,0.2,0.0,16.0,2.391869953383912,nan,nan,209.62072779835637,18.915194695584383,0.2115308807766622
onsite_damping_disorder,20.0,0.2,0.2,0.0,17.0,2.391869953383912,nan,nan,209.62072779835637,18.915194695584383,0.2115308807766622
onsite_damping_disorder,20.0,0.2,0.2,0.0,18.0,2.391869953383912,nan,nan,209.62072779835637,18.915194695584383,0.2115308807766622
onsite_damping_disorder,20.0,0.2,0.2,0.0,19.0,2.391869953383912,nan,nan,209.62072779835637,18.915194695584383,0.2115308807766622
onsite_damping_disorder,20.0,0.2,0.2,0.0,20.0,2.391869953383912,nan,nan,209.62072779835637,18.915194695584383,0.2115308807766622
onsite_damping_disorder,20.0,0.2,0.2,0.0,21.0,2.391869953383912,nan,nan,209.62072779835637,18.915194695584383,0.2115308807766622
onsite_damping_disorder,20.0,0.2,0.2,0.0,22.0,2.391869953383912,nan,nan,209.62072779835637,18.915194695584383,0.2115308807766622
onsite_damping_disorder,20.0,0.2,0.2,0.0,23.0,2.391869953383912,nan,nan,209.62072779835637,18.915194695584383,0.2115308807766622
onsite_damping_disorder,20.0,0.2,0.2,0.0,24.0,2.391869953383912,nan,nan,209.62072779835637,18.915194695584383,0.2115308807766622
onsite_damping_disorder,20.0,0.2,0.2,0.0,25.0,2.391869953383912,nan,nan,209.62072779835637,18.915194695584383,0.2115308807766622
onsite_damping_disorder,20.0,0.2,0.2,0.0,26.0,2.391869953383912,nan,nan,209.62072779835637,18.915194695584383,0.2115308807766622
onsite_damping_disorder,20.0,0.2,0.2,0.0,27.0,2.391869953383912,nan,nan,209.62072779835637,18.915194695584383,0.2115308807766622
onsite_damping_disorder,20.0,0.2,0.2,0.0,28.0,2.391869953383912,nan,nan,209.62072779835637,18.915194695584383,0.2115308807766622
onsite_damping_disorder,20.0,0.2,0.2,0.0,29.0,2.391869953383912,nan,nan,209.62072779835637,18.915194695584383,0.2115308807766622
onsite_damping_disorder,20.0,0.2,0.2,0.0,30.0,2.391869953383912,nan,nan,209.62072779835637,18.915194695584383,0.2115308807766622
onsite_damping_disorder,20.0,0.2,0.2,0.0,31.0,2.391869953383912,nan,nan,209.62072779835637,18.915194695584383,0.2115308807766622
onsite_damping_disorder,20.0,0.2,0.2,0.0,32.0,2.391869953383912,nan,nan,209.62072779835637,18.915194695584383,0.2115308807766622
onsite_damping_disorder,20.0,0.2,0.2,0.0,33.0,2.391869953383912,nan,nan,209.62072779835637,18.915194695584383,0.2115308807766622
onsite_damping_disorder,20.0,0.2,0.2,0.0,34.0,2.391869953383912,nan,nan,209.62072779835637,18.915194695584383,0.2115308807766622
onsite_damping_disorder,20.0,0.2,0.2,0.0,35.0,2.391869953383912,nan,nan,209.62072779835637,18.915194695584383,0.2115308807766622
onsite_damping_disorder,20.0,0.2,0.2,0.0,36.0,2.391869953383912,nan,nan,209.62072779835637,18.915194695584383,0.2115308807766622
onsite_damping_disorder,20.0,0.2,0.2,0.0,37.0,2.391869953383912,nan,nan,209.62072779835637,18.915194695584383,0.2115308807766622
onsite_damping_disorder,20.0,0.2,0.2,0.0,38.0,2.391869953383912,nan,nan,209.62072779835637,18.915194695584383,0.2115308807766622
onsite_damping_disorder,20.0,0.2,0.2,0.0,39.0,2.391869953383912,nan,nan,209.62072779835637,18.915194695584383,0.2115308807766622
onsite_damping_disorder,20.0,0.2,0.2,0.0,40.0,2.391869953383912,nan,nan,209.62072779835637,18.915194695584383,0.2115308807766622
onsite_damping_disorder,20.0,0.2,0.2,0.0,41.0,2.391869953383912,nan,nan,209.62072779835637,18.915194695584383,0.2115308807766622
onsite_damping_disorder,20.0,0.2,0.2,0.0,42.0,2.391869953383912,nan,nan,209.62072779835637,18.915194695584383,0.2115308807766622
onsite_damping_disorder,20.0,0.2,0.2,0.0,43.0,2.391869953383912,nan,nan,209.62072779835637,18.915194695584383,0.2115308807766622
onsite_damping_disorder,20.0,0.2,0.2,0.0,44.0,2.391869953383912,nan,nan,209.62072779835637,18.915194695584383,0.2115308807766622
onsite_damping_disorder,20.0,0.2,0.2,0.0,45.0,2.391869953383912,nan,nan,209.62072779835637,18.915194695584383,0.2115308807766622
onsite_damping_disorder,20.0,0.2,0.2,0.0,46.0,2.391869953383912,nan,nan,209.62072779835637,18.915194695584383,0.2115308807766622
onsite_damping_disorder,20.0,0.2,0.2,0.0,47.0,2.391869953383912,nan,nan,209.62072779835637,18.915194695584383,0.2115308807766622
onsite_damping_disorder,20.0,0.2,0.2,0.0,48.0,2.391869953383912,nan,nan,209.62072779835637,18.915194695584383,0.2115308807766622
onsite_damping_disorder,20.0,0.2,0.2,0.0,49.0,2.391869953383912,nan,nan,209.62072779835637,18.915194695584383,0.2115308807766622
onsite_damping_disorder,20.0,0.2,0.2,0.0,50.0,2.391869953383912,nan,nan,209.62072779835637,18.915194695584383,0.2115308807766622
onsite_damping_disorder,20.0,0.2,0.2,0.0,51.0,2.391869953383912,nan,nan,209.62072779835637,18.915194695584383,0.2115308807766622
onsite_damping_disorder,20.0,0.2,0.2,0.0,52.0,2.391869953383912,nan,nan,209.62072779835637,18.915194695584383,0.2115308807766622
onsite_damping_disorder,20.0,0.2,0.2,0.0,53.0,2.391869953383912,nan,nan,209.62072779835637,18.915194695584383,0.2115308807766622
onsite_damping_disorder,20.0,0.2,0.2,0.0,54.0,2.391869953383912,nan,nan,209.62072779835637,18.915194695584383,0.2115308807766622
onsite_damping_disorder,20.0,0.2,0.2,0.0,55.0,2.391869953383912,nan,nan,209.62072779835637,18.915194695584383,0.2115308807766622
onsite_damping_disorder,20.0,0.2,0.2,0.0,56.0,2.391869953383912,nan,nan,209.62072779835637,18.915194695584383,0.2115308807766622
onsite_damping_disorder,20.0,0.2,0.2,0.0,57.0,2.391869953383912,nan,nan,209.62072779835637,18.915194695584383,0.2115308807766622
onsite_damping_disorder,20.0,0.2,0.2,0.0,58.0,2.391869953383912,nan,nan,209.62072779835637,18.915194695584383,0.2115308807766622
onsite_damping_disorder,20.0,0.2,0.2,0.0,59.0,2.391869953383912,nan,nan,209.62072779835637,18.915194695584383,0.2115308807766622
onsite_damping_disorder,20.0,0.2,0.2,0.0,60.0,2.391869953383912,nan,nan,209.62072779835637,18.915194695584383,0.2115308807766622
onsite_damping_disorder,20.0,0.2,0.2,0.0,61.0,2.391869953383912,nan,nan,209.62072779835637,18.915194695584383,0.2115308807766622
onsite_damping_disorder,20.0,0.2,0.2,0.0,62.0,2.391869953383912,nan,nan,209.62072779835637,18.915194695584383,0.2115308807766622
onsite_damping_disorder,20.0,0.2,0.2,0.0,63.0,2.391869953383912,nan,nan,209.62072779835637,18.915194695584383,0.2115308807766622
onsite_damping_disorder,20.0,0.2,0.2,0.0,64.0,2.391869953383912,nan,nan,209.62072779835637,18.915194695584383,0.2115308807766622
onsite_damping_disorder,20.0,0.2,0.2,0.0,65.0,2.391869953383912,nan,nan,209.62072779835637,18.915194695584383,0.2115308807766622
onsite_damping_disorder,20.0,0.2,0.2,0.0,66.0,2.391869953383912,nan,nan,209.62072779835637,18.915194695584383,0.2115308807766622
onsite_damping_disorder,20.0,0.2,0.2,0.0,67.0,2.391869953383912,nan,nan,209.62072779835637,18.915194695584383,0.2115308807766622
onsite_damping_disorder,20.0,0.2,0.2,0.0,68.0,2.391869953383912,nan,nan,209.62072779835637,18.915194695584383,0.2115308807766622
onsite_damping_disorder,20.0,0.2,0.2,0.0,69.0,2.391869953383912,nan,nan,209.62072779835637,18.915194695584383,0.2115308807766622
onsite_damping_disorder,20.0,0.2,0.2,0.0,70.0,2.391869953383912,nan,nan,209.62072779835637,18.915194695584383,0.2115308807766622
onsite_damping_disorder,20.0,0.2,0.2,0.0,71.0,2.391869953383912,nan,nan,209.62072779835637,18.915194695584383,0.2115308807766622
onsite_damping_disorder,20.0,0.2,0.2,0.0,72.0,2.391869953383912,nan,nan,209.62072779835637,18.915194695584383,0.2115308807766622
onsite_damping_disorder,20.0,0.2,0.2,0.0,73.0,2.391869953383912,nan,nan,209.62072779835637,18.915194695584383,0.2115308807766622
onsite_damping_disorder,20.0,0.2,0.2,0.0,74.0,2.391869953383912,nan,nan,209.62072779835637,18.915194695584383,0.2115308807766622
onsite_damping_disorder,20.0,0.2,0.2,0.0,75.0,2.391869953383912,nan,nan,209.62072779835637,18.915194695584383,0.2115308807766622
onsite_damping_disorder,20.0,0.2,0.2,0.0,76.0,2.391869953383912,nan,nan,209.62072779835637,18.915194695584383,0.2115308807766622
onsite_damping_disorder,20.0,0.2,0.2,0.0,77.0,2.391869953383912,nan,nan,209.62072779835637,18.915194695584383,0.2115308807766622
onsite_damping_disorder,20.0,0.2,0.2,0.0,78.0,2.391869953383912,nan,nan,209.62072779835637,18.915194695584383,0.2115308807766622
onsite_damping_disorder,20.0,0.2,0.2,0.0,79.0,2.391869953383912,nan,nan,209.62072779835637,18.915194695584383,0.2115308807766622
onsite_damping_disorder,30.0,0.2,0.2,0.0,0.0,4.854578283874815,nan,nan,915.2768998780682,77.91816335155171,0.20524261063565055
onsite_damping_disorder,30.0,0.2,0.2,0.0,1.0,4.854578283874815,nan,nan,915.2768998780682,77.91816335155171,0.20524261063565055
onsite_damping_disorder,30.0,0.2,0.2,0.0,2.0,4.854578283874815,nan,nan,915.2768998780682,77.91816335155171,0.20524261063565055
onsite_damping_disorder,30.0,0.2,0.2,0.0,3.0,4.854578283874815,nan,nan,915.2768998780682,77.91816335155171,0.20524261063565055
onsite_damping_disorder,30.0,0.2,0.2,0.0,4.0,4.854578283874815,nan,nan,915.2768998780682,77.91816335155171,0.20524261063565055
onsite_damping_disorder,30.0,0.2,0.2,0.0,5.0,4.854578283874815,nan,nan,915.2768998780682,77.91816335155171,0.20524261063565055
onsite_damping_disorder,30.0,0.2,0.2,0.0,6.0,4.854578283874815,nan,nan,915.2768998780682,77.91816335155171,0.20524261063565055
onsite_damping_disorder,30.0,0.2,0.2,0.0,7.0,4.854578283874815,nan,nan,915.2768998780682,77.91816335155171,0.20524261063565055
onsite_damping_disorder,30.0,0.2,0.2,0.0,8.0,4.854578283874815,nan,nan,915.2768998780682,77.91816335155171,0.20524261063565055
onsite_damping_disorder,30.0,0.2,0.2,0.0,9.0,4.854578283874815,nan,nan,915.2768998780682,77.91816335155171,0.20524261063565055
onsite_damping_disorder,30.0,0.2,0.2,0.0,10.0,4.854578283874815,nan,nan,915.2768998780682,77.91816335155171,0.20524261063565055
onsite_damping_disorder,30.0,0.2,0.2,0.0,11.0,4.854578283874815,nan,nan,915.2768998780682,77.91816335155171,0.20524261063565055
onsite_damping_disorder,30.0,0.2,0.2,0.0,12.0,4.854578283874815,nan,nan,915.2768998780682,77.91816335155171,0.20524261063565055
onsite_damping_disorder,30.0,0.2,0.2,0.0,13.0,4.854578283874815,nan,nan,915.2768998780682,77.91816335155171,0.20524261063565055
onsite_damping_disorder,30.0,0.2,0.2,0.0,14.0,4.854578283874815,nan,nan,915.2768998780682,77.91816335155171,0.20524261063565055
onsite_damping_disorder,30.0,0.2,0.2,0.0,15.0,4.854578283874815,nan,nan,915.2768998780682,77.91816335155171,0.20524261063565055
onsite_damping_disorder,30.0,0.2,0.2,0.0,16.0,4.854578283874815,nan,nan,915.2768998780682,77.91816335155171,0.20524261063565055
onsite_damping_disorder,30.0,0.2,0.2,0.0,17.0,4.854578283874815,nan,nan,915.2768998780682,77.91816335155171,0.20524261063565055
onsite_damping_disorder,30.0,0.2,0.2,0.0,18.0,4.854578283874815,nan,nan,915.2768998780682,77.91816335155171,0.20524261063565055
onsite_damping_disorder,30.0,0.2,0.2,0.0,19.0,4.854578283874815,nan,nan,915.2768998780682,77.91816335155171,0.20524261063565055
onsite_damping_disorder,30.0,0.2,0.2,0.0,20.0,4.854578283874815,nan,nan,915.2768998780682,77.91816335155171,0.20524261063565055
onsite_damping_disorder,30.0,0.2,0.2,0.0,21.0,4.854578283874815,nan,nan,915.2768998780682,77.91816335155171,0.20524261063565055
onsite_damping_disorder,30.0,0.2,0.2,0.0,22.0,4.854578283874815,nan,nan,915.2768998780682,77.91816335155171,0.20524261063565055
onsite_damping_disorder,30.0,0.2,0.2,0.0,23.0,4.854578283874815,nan,nan,915.2768998780682,77.91816335155171,0.20524261063565055
onsite_damping_disorder,30.0,0.2,0.2,0.0,24.0,4.854578283874815,nan,nan,915.2768998780682,77.91816335155171,0.20524261063565055
onsite_damping_disorder,30.0,0.2,0.2,0.0,25.0,4.854578283874815,nan,nan,915.2768998780682,77.91816335155171,0.20524261063565055
onsite_damping_disorder,30.0,0.2,0.2,0.0,26.0,4.854578283874815,nan,nan,915.2768998780682,77.91816335155171,0.20524261063565055
onsite_damping_disorder,30.0,0.2,0.2,0.0,27.0,4.854578283874815,nan,nan,915.2768998780682,77.91816335155171,0.20524261063565055
onsite_damping_disorder,30.0,0.2,0.2,0.0,28.0,4.854578283874815,nan,nan,915.2768998780682,77.91816335155171,0.20524261063565055
onsite_damping_disorder,30.0,0.2,0.2,0.0,29.0,4.854578283874815,nan,nan,915.2768998780682,77.91816335155171,0.20524261063565055
onsite_damping_disorder,30.0,0.2,0.2,0.0,30.0,4.854578283874815,nan,nan,915.2768998780682,77.91816335155171,0.20524261063565055
onsite_damping_disorder,30.0,0.2,0.2,0.0,31.0,4.854578283874815,nan,nan,915.2768998780682,77.91816335155171,0.20524261063565055
onsite_damping_disorder,30.0,0.2,0.2,0.0,32.0,4.854578283874815,nan,nan,915.2768998780682,77.91816335155171,0.20524261063565055
onsite_damping_disorder,30.0,0.2,0.2,0.0,33.0,4.854578283874815,nan,nan,915.2768998780682,77.91816335155171,0.20524261063565055
onsite_damping_disorder,30.0,0.2,0.2,0.0,34.0,4.854578283874815,nan,nan,915.2768998780682,77.91816335155171,0.20524261063565055
onsite_damping_disorder,30.0,0.2,0.2,0.0,35.0,4.854578283874815,nan,nan,915.2768998780682,77.91816335155171,0.20524261063565055
onsite_damping_disorder,30.0,0.2,0.2,0.0,36.0,4.854578283874815,nan,nan,915.2768998780682,77.91816335155171,0.20524261063565055
onsite_damping_disorder,30.0,0.2,0.2,0.0,37.0,4.854578283874815,nan,nan,915.2768998780682,77.91816335155171,0.20524261063565055
onsite_damping_disorder,30.0,0.2,0.2,0.0,38.0,4.854578283874815,nan,nan,915.2768998780682,77.91816335155171,0.20524261063565055
onsite_damping_disorder,30.0,0.2,0.2,0.0,39.0,4.854578283874815,nan,nan,915.2768998780682,77.91816335155171,0.20524261063565055
onsite_damping_disorder,30.0,0.2,0.2,0.0,40.0,4.854578283874815,nan,nan,915.2768998780682,77.91816335155171,0.20524261063565055
onsite_damping_disorder,30.0,0.2,0.2,0.0,41.0,4.854578283874815,nan,nan,915.2768998780682,77.91816335155171,0.20524261063565055
onsite_damping_disorder,30.0,0.2,0.2,0.0,42.0,4.854578283874815,nan,nan,915.2768998780682,77.91816335155171,0.20524261063565055
onsite_damping_disorder,30.0,0.2,0.2,0.0,43.0,4.854578283874815,nan,nan,915.2768998780682,77.91816335155171,0.20524261063565055
onsite_damping_disorder,30.0,0.2,0.2,0.0,44.0,4.854578283874815,nan,nan,915.2768998780682,77.91816335155171,0.20524261063565055
onsite_damping_disorder,30.0,0.2,0.2,0.0,45.0,4.854578283874815,nan,nan,915.2768998780682,77.91816335155171,0.20524261063565055
onsite_damping_disorder,30.0,0.2,0.2,0.0,46.0,4.854578283874815,nan,nan,915.2768998780682,77.91816335155171,0.20524261063565055
onsite_damping_disorder,30.0,0.2,0.2,0.0,47.0,4.854578283874815,nan,nan,915.2768998780682,77.91816335155171,0.20524261063565055
onsite_damping_disorder,30.0,0.2,0.2,0.0,48.0,4.854578283874815,nan,nan,915.2768998780682,77.91816335155171,0.20524261063565055
onsite_damping_disorder,30.0,0.2,0.2,0.0,49.0,4.854578283874815,nan,nan,915.2768998780682,77.91816335155171,0.20524261063565055
onsite_damping_disorder,30.0,0.2,0.2,0.0,50.0,4.854578283874815,nan,nan,915.2768998780682,77.91816335155171,0.20524261063565055
onsite_damping_disorder,30.0,0.2,0.2,0.0,51.0,4.854578283874815,nan,nan,915.2768998780682,77.91816335155171,0.20524261063565055
onsite_damping_disorder,30.0,0.2,0.2,0.0,52.0,4.854578283874815,nan,nan,915.2768998780682,77.91816335155171,0.20524261063565055
onsite_damping_disorder,30.0,0.2,0.2,0.0,53.0,4.854578283874815,nan,nan,915.2768998780682,77.91816335155171,0.20524261063565055
onsite_damping_disorder,30.0,0.2,0.2,0.0,54.0,4.854578283874815,nan,nan,915.2768998780682,77.91816335155171,0.20524261063565055
onsite_damping_disorder,30.0,0.2,0.2,0.0,55.0,4.854578283874815,nan,nan,915.2768998780682,77.91816335155171,0.20524261063565055
onsite_damping_disorder,30.0,0.2,0.2,0.0,56.0,4.854578283874815,nan,nan,915.2768998780682,77.91816335155171,0.20524261063565055
onsite_damping_disorder,30.0,0.2,0.2,0.0,57.0,4.854578283874815,nan,nan,915.2768998780682,77.91816335155171,0.20524261063565055
onsite_damping_disorder,30.0,0.2,0.2,0.0,58.0,4.854578283874815,nan,nan,915.2768998780682,77.91816335155171,0.20524261063565055
onsite_damping_disorder,30.0,0.2,0.2,0.0,59.0,4.854578283874815,nan,nan,915.2768998780682,77.91816335155171,0.20524261063565055
onsite_damping_disorder,30.0,0.2,0.2,0.0,60.0,4.854578283874815,nan,nan,915.2768998780682,77.91816335155171,0.20524261063565055
onsite_damping_disorder,30.0,0.2,0.2,0.0,61.0,4.854578283874815,nan,nan,915.2768998780682,77.91816335155171,0.20524261063565055
onsite_damping_disorder,30.0,0.2,0.2,0.0,62.0,4.854578283874815,nan,nan,915.2768998780682,77.91816335155171,0.20524261063565055
onsite_damping_disorder,30.0,0.2,0.2,0.0,63.0,4.854578283874815,nan,nan,915.2768998780682,77.91816335155171,0.20524261063565055
onsite_damping_disorder,30.0,0.2,0.2,0.0,64.0,4.854578283874815,nan,nan,915.2768998780682,77.91816335155171,0.20524261063565055
onsite_damping_disorder,30.0,0.2,0.2,0.0,65.0,4.854578283874815,nan,nan,915.2768998780682,77.91816335155171,0.20524261063565055
onsite_damping_disorder,30.0,0.2,0.2,0.0,66.0,4.854578283874815,nan,nan,915.2768998780682,77.91816335155171,0.20524261063565055
onsite_damping_disorder,30.0,0.2,0.2,0.0,67.0,4.854578283874815,nan,nan,915.2768998780682,77.91816335155171,0.20524261063565055
onsite_damping_disorder,30.0,0.2,0.2,0.0,68.0,4.854578283874815,nan,nan,915.2768998780682,77.91816335155171,0.20524261063565055
onsite_damping_disorder,30.0,0.2,0.2,0.0,69.0,4.854578283874815,nan,nan,915.2768998780682,77.91816335155171,0.20524261063565055
onsite_damping_disorder,30.0,0.2,0.2,0.0,70.0,4.854578283874815,nan,nan,915.2768998780682,77.91816335155171,0.20524261063565055
onsite_damping_disorder,30.0,0.2,0.2,0.0,71.0,4.854578283874815,nan,nan,915.2768998780682,77.91816335155171,0.20524261063565055
onsite_damping_disorder,30.0,0.2,0.2,0.0,72.0,4.854578283874815,nan,nan,915.2768998780682,77.91816335155171,0.20524261063565055
onsite_damping_disorder,30.0,0.2,0.2,0.0,73.0,4.854578283874815,nan,nan,915.2768998780682,77.91816335155171,0.20524261063565055
onsite_damping_disorder,30.0,0.2,0.2,0.0,74.0,4.854578283874815,nan,nan,915.2768998780682,77.91816335155171,0.20524261063565055
onsite_damping_disorder,30.0,0.2,0.2,0.0,75.0,4.854578283874815,nan,nan,915.2768998780682,77.91816335155171,0.20524261063565055
onsite_damping_disorder,30.0,0.2,0.2,0.0,76.0,4.854578283874815,nan,nan,915.2768998780682,77.91816335155171,0.20524261063565055
onsite_damping_disorder,30.0,0.2,0.2,0.0,77.0,4.854578283874815,nan,nan,915.2768998780682,77.91816335155171,0.20524261063565055
onsite_damping_disorder,30.0,0.2,0.2,0.0,78.0,4.854578283874815,nan,nan,915.2768998780682,77.91816335155171,0.20524261063565055
onsite_damping_disorder,30.0,0.2,0.2,0.0,79.0,4.854578283874815,nan,nan,915.2768998780682,77.91816335155171,0.20524261063565055
onsite_damping_disorder,40.0,0.2,0.2,0.0,0.0,9.85293129381407,nan,nan,3822.1162833475555,320.97159336030194,0.20298246873116593
onsite_damping_disorder,40.0,0.2,0.2,0.0,1.0,9.85293129381407,nan,nan,3822.1162833475555,320.97159336030194,0.20298246873116593
onsite_damping_disorder,40.0,0.2,0.2,0.0,2.0,9.85293129381407,nan,nan,3822.1162833475555,320.97159336030194,0.20298246873116593
onsite_damping_disorder,40.0,0.2,0.2,0.0,3.0,9.85293129381407,nan,nan,3822.1162833475555,320.97159336030194,0.20298246873116593
onsite_damping_disorder,40.0,0.2,0.2,0.0,4.0,9.85293129381407,nan,nan,3822.1162833475555,320.97159336030194,0.20298246873116593
onsite_damping_disorder,40.0,0.2,0.2,0.0,5.0,9.85293129381407,nan,nan,3822.1162833475555,320.97159336030194,0.20298246873116593
onsite_damping_disorder,40.0,0.2,0.2,0.0,6.0,9.85293129381407,nan,nan,3822.1162833475555,320.97159336030194,0.20298246873116593
onsite_damping_disorder,40.0,0.2,0.2,0.0,7.0,9.85293129381407,nan,nan,3822.1162833475555,320.97159336030194,0.20298246873116593
onsite_damping_disorder,40.0,0.2,0.2,0.0,8.0,9.85293129381407,nan,nan,3822.1162833475555,320.97159336030194,0.20298246873116593
onsite_damping_disorder,40.0,0.2,0.2,0.0,9.0,9.85293129381407,nan,nan,3822.1162833475555,320.97159336030194,0.20298246873116593
onsite_damping_disorder,40.0,0.2,0.2,0.0,10.0,9.85293129381407,nan,nan,3822.1162833475555,320.97159336030194,0.20298246873116593
onsite_damping_disorder,40.0,0.2,0.2,0.0,11.0,9.85293129381407,nan,nan,3822.1162833475555,320.97159336030194,0.20298246873116593
onsite_damping_disorder,40.0,0.2,0.2,0.0,12.0,9.85293129381407,nan,nan,3822.1162833475555,320.97159336030194,0.20298246873116593
onsite_damping_disorder,40.0,0.2,0.2,0.0,13.0,9.85293129381407,nan,nan,3822.1162833475555,320.97159336030194,0.20298246873116593
onsite_damping_disorder,40.0,0.2,0.2,0.0,14.0,9.85293129381407,nan,nan,3822.1162833475555,320.97159336030194,0.20298246873116593
onsite_damping_disorder,40.0,0.2,0.2,0.0,15.0,9.85293129381407,nan,nan,3822.1162833475555,320.97159336030194,0.20298246873116593
onsite_damping_disorder,40.0,0.2,0.2,0.0,16.0,9.85293129381407,nan,nan,3822.1162833475555,320.97159336030194,0.20298246873116593
onsite_damping_disorder,40.0,0.2,0.2,0.0,17.0,9.85293129381407,nan,nan,3822.1162833475555,320.97159336030194,0.20298246873116593
onsite_damping_disorder,40.0,0.2,0.2,0.0,18.0,9.85293129381407,nan,nan,3822.1162833475555,320.97159336030194,0.20298246873116593
onsite_damping_disorder,40.0,0.2,0.2,0.0,19.0,9.85293129381407,nan,nan,3822.1162833475555,320.97159336030194,0.20298246873116593
onsite_damping_disorder,40.0,0.2,0.2,0.0,20.0,9.85293129381407,nan,nan,3822.1162833475555,320.97159336030194,0.20298246873116593
onsite_damping_disorder,40.0,0.2,0.2,0.0,21.0,9.85293129381407,nan,nan,3822.1162833475555,320.97159336030194,0.20298246873116593
onsite_damping_disorder,40.0,0.2,0.2,0.0,22.0,9.85293129381407,nan,nan,3822.1162833475555,320.97159336030194,0.20298246873116593
onsite_damping_disorder,40.0,0.2,0.2,0.0,23.0,9.85293129381407,nan,nan,3822.1162833475555,320.97159336030194,0.20298246873116593
onsite_damping_disorder,40.0,0.2,0.2,0.0,24.0,9.85293129381407,nan,nan,3822.1162833475555,320.97159336030194,0.20298246873116593
onsite_damping_disorder,40.0,0.2,0.2,0.0,25.0,9.85293129381407,nan,nan,3822.1162833475555,320.97159336030194,0.20298246873116593
onsite_damping_disorder,40.0,0.2,0.2,0.0,26.0,9.85293129381407,nan,nan,3822.1162833475555,320.97159336030194,0.20298246873116593
onsite_damping_disorder,40.0,0.2,0.2,0.0,27.0,9.85293129381407,nan,nan,3822.1162833475555,320.97159336030194,0.20298246873116593
onsite_damping_disorder,40.0,0.2,0.2,0.0,28.0,9.85293129381407,nan,nan,3822.1162833475555,320.97159336030194,0.20298246873116593
onsite_damping_disorder,40.0,0.2,0.2,0.0,29.0,9.85293129381407,nan,nan,3822.1162833475555,320.97159336030194,0.20298246873116593
onsite_damping_disorder,40.0,0.2,0.2,0.0,30.0,9.85293129381407,nan,nan,3822.1162833475555,320.97159336030194,0.20298246873116593
onsite_damping_disorder,40.0,0.2,0.2,0.0,31.0,9.85293129381407,nan,nan,3822.1162833475555,320.97159336030194,0.20298246873116593
onsite_damping_disorder,40.0,0.2,0.2,0.0,32.0,9.85293129381407,nan,nan,3822.1162833475555,320.97159336030194,0.20298246873116593
onsite_damping_disorder,40.0,0.2,0.2,0.0,33.0,9.85293129381407,nan,nan,3822.1162833475555,320.97159336030194,0.20298246873116593
onsite_damping_disorder,40.0,0.2,0.2,0.0,34.0,9.85293129381407,nan,nan,3822.1162833475555,320.97159336030194,0.20298246873116593
onsite_damping_disorder,40.0,0.2,0.2,0.0,35.0,9.85293129381407,nan,nan,3822.1162833475555,320.97159336030194,0.20298246873116593
onsite_damping_disorder,40.0,0.2,0.2,0.0,36.0,9.85293129381407,nan,nan,3822.1162833475555,320.97159336030194,0.20298246873116593
onsite_damping_disorder,40.0,0.2,0.2,0.0,37.0,9.85293129381407,nan,nan,3822.1162833475555,320.97159336030194,0.20298246873116593
onsite_damping_disorder,40.0,0.2,0.2,0.0,38.0,9.85293129381407,nan,nan,3822.1162833475555,320.97159336030194,0.20298246873116593
onsite_damping_disorder,40.0,0.2,0.2,0.0,39.0,9.85293129381407,nan,nan,3822.1162833475555,320.97159336030194,0.20298246873116593
onsite_damping_disorder,40.0,0.2,0.2,0.0,40.0,9.85293129381407,nan,nan,3822.1162833475555,320.97159336030194,0.20298246873116593
onsite_damping_disorder,40.0,0.2,0.2,0.0,41.0,9.85293129381407,nan,nan,3822.1162833475555,320.97159336030194,0.20298246873116593
onsite_damping_disorder,40.0,0.2,0.2,0.0,42.0,9.85293129381407,nan,nan,3822.1162833475555,320.97159336030194,0.20298246873116593
onsite_damping_disorder,40.0,0.2,0.2,0.0,43.0,9.85293129381407,nan,nan,3822.1162833475555,320.97159336030194,0.20298246873116593
onsite_damping_disorder,40.0,0.2,0.2,0.0,44.0,9.85293129381407,nan,nan,3822.1162833475555,320.97159336030194,0.20298246873116593
onsite_damping_disorder,40.0,0.2,0.2,0.0,45.0,9.85293129381407,nan,nan,3822.1162833475555,320.97159336030194,0.20298246873116593
onsite_damping_disorder,40.0,0.2,0.2,0.0,46.0,9.85293129381407,nan,nan,3822.1162833475555,320.97159336030194,0.20298246873116593
onsite_damping_disorder,40.0,0.2,0.2,0.0,47.0,9.85293129381407,nan,nan,3822.1162833475555,320.97159336030194,0.20298246873116593
onsite_damping_disorder,40.0,0.2,0.2,0.0,48.0,9.85293129381407,nan,nan,3822.1162833475555,320.97159336030194,0.20298246873116593
onsite_damping_disorder,40.0,0.2,0.2,0.0,49.0,9.85293129381407,nan,nan,3822.1162833475555,320.97159336030194,0.20298246873116593
onsite_damping_disorder,40.0,0.2,0.2,0.0,50.0,9.85293129381407,nan,nan,3822.1162833475555,320.97159336030194,0.20298246873116593
onsite_damping_disorder,40.0,0.2,0.2,0.0,51.0,9.85293129381407,nan,nan,3822.1162833475555,320.97159336030194,0.20298246873116593
onsite_damping_disorder,40.0,0.2,0.2,0.0,52.0,9.85293129381407,nan,nan,3822.1162833475555,320.97159336030194,0.20298246873116593
onsite_damping_disorder,40.0,0.2,0.2,0.0,53.0,9.85293129381407,nan,nan,3822.1162833475555,320.97159336030194,0.20298246873116593
onsite_damping_disorder,40.0,0.2,0.2,0.0,54.0,9.85293129381407,nan,nan,3822.1162833475555,320.97159336030194,0.20298246873116593
onsite_damping_disorder,40.0,0.2,0.2,0.0,55.0,9.85293129381407,nan,nan,3822.1162833475555,320.97159336030194,0.20298246873116593
onsite_damping_disorder,40.0,0.2,0.2,0.0,56.0,9.85293129381407,nan,nan,3822.1162833475555,320.97159336030194,0.20298246873116593
onsite_damping_disorder,40.0,0.2,0.2,0.0,57.0,9.85293129381407,nan,nan,3822.1162833475555,320.97159336030194,0.20298246873116593
onsite_damping_disorder,40.0,0.2,0.2,0.0,58.0,9.85293129381407,nan,nan,3822.1162833475555,320.97159336030194,0.20298246873116593
onsite_damping_disorder,40.0,0.2,0.2,0.0,59.0,9.85293129381407,nan,nan,3822.1162833475555,320.97159336030194,0.20298246873116593
onsite_damping_disorder,40.0,0.2,0.2,0.0,60.0,9.85293129381407,nan,nan,3822.1162833475555,320.97159336030194,0.20298246873116593
onsite_damping_disorder,40.0,0.2,0.2,0.0,61.0,9.85293129381407,nan,nan,3822.1162833475555,320.97159336030194,0.20298246873116593
onsite_damping_disorder,40.0,0.2,0.2,0.0,62.0,9.85293129381407,nan,nan,3822.1162833475555,320.97159336030194,0.20298246873116593
onsite_damping_disorder,40.0,0.2,0.2,0.0,63.0,9.85293129381407,nan,nan,3822.1162833475555,320.97159336030194,0.20298246873116593
onsite_damping_disorder,40.0,0.2,0.2,0.0,64.0,9.85293129381407,nan,nan,3822.1162833475555,320.97159336030194,0.20298246873116593
onsite_damping_disorder,40.0,0.2,0.2,0.0,65.0,9.85293129381407,nan,nan,3822.1162833475555,320.97159336030194,0.20298246873116593
onsite_damping_disorder,40.0,0.2,0.2,0.0,66.0,9.85293129381407,nan,nan,3822.1162833475555,320.97159336030194,0.20298246873116593
onsite_damping_disorder,40.0,0.2,0.2,0.0,67.0,9.85293129381407,nan,nan,3822.1162833475555,320.97159336030194,0.20298246873116593
onsite_damping_disorder,40.0,0.2,0.2,0.0,68.0,9.85293129381407,nan,nan,3822.1162833475555,320.97159336030194,0.20298246873116593
onsite_damping_disorder,40.0,0.2,0.2,0.0,69.0,9.85293129381407,nan,nan,3822.1162833475555,320.97159336030194,0.20298246873116593
onsite_damping_disorder,40.0,0.2,0.2,0.0,70.0,9.85293129381407,nan,nan,3822.1162833475555,320.97159336030194,0.20298246873116593
onsite_damping_disorder,40.0,0.2,0.2,0.0,71.0,9.85293129381407,nan,nan,3822.1162833475555,320.97159336030194,0.20298246873116593
onsite_damping_disorder,40.0,0.2,0.2,0.0,72.0,9.85293129381407,nan,nan,3822.1162833475555,320.97159336030194,0.20298246873116593
onsite_damping_disorder,40.0,0.2,0.2,0.0,73.0,9.85293129381407,nan,nan,3822.1162833475555,320.97159336030194,0.20298246873116593
onsite_damping_disorder,40.0,0.2,0.2,0.0,74.0,9.85293129381407,nan,nan,3822.1162833475555,320.97159336030194,0.20298246873116593
onsite_damping_disorder,40.0,0.2,0.2,0.0,75.0,9.85293129381407,nan,nan,3822.1162833475555,320.97159336030194,0.20298246873116593
onsite_damping_disorder,40.0,0.2,0.2,0.0,76.0,9.85293129381407,nan,nan,3822.1162833475555,320.97159336030194,0.20298246873116593
onsite_damping_disorder,40.0,0.2,0.2,0.0,77.0,9.85293129381407,nan,nan,3822.1162833475555,320.97159336030194,0.20298246873116593
onsite_damping_disorder,40.0,0.2,0.2,0.0,78.0,9.85293129381407,nan,nan,3822.1162833475555,320.97159336030194,0.20298246873116593
onsite_damping_disorder,40.0,0.2,0.2,0.0,79.0,9.85293129381407,nan,nan,3822.1162833475555,320.97159336030194,0.20298246873116593
onsite_damping_disorder,50.0,0.2,0.2,0.0,0.0,19.99767011752321,nan,nan,15796.38298089666,1322.1918909899346,0.20181562997950875
onsite_damping_disorder,50.0,0.2,0.2,0.0,1.0,19.99767011752321,nan,nan,15796.38298089666,1322.1918909899346,0.20181562997950875
onsite_damping_disorder,50.0,0.2,0.2,0.0,2.0,19.99767011752321,nan,nan,15796.38298089666,1322.1918909899346,0.20181562997950875
onsite_damping_disorder,50.0,0.2,0.2,0.0,3.0,19.99767011752321,nan,nan,15796.38298089666,1322.1918909899346,0.20181562997950875
onsite_damping_disorder,50.0,0.2,0.2,0.0,4.0,19.99767011752321,nan,nan,15796.38298089666,1322.1918909899346,0.20181562997950875
onsite_damping_disorder,50.0,0.2,0.2,0.0,5.0,19.99767011752321,nan,nan,15796.38298089666,1322.1918909899346,0.20181562997950875
onsite_damping_disorder,50.0,0.2,0.2,0.0,6.0,19.99767011752321,nan,nan,15796.38298089666,1322.1918909899346,0.20181562997950875
onsite_damping_disorder,50.0,0.2,0.2,0.0,7.0,19.99767011752321,nan,nan,15796.38298089666,1322.1918909899346,0.20181562997950875
onsite_damping_disorder,50.0,0.2,0.2,0.0,8.0,19.99767011752321,nan,nan,15796.38298089666,1322.1918909899346,0.20181562997950875
onsite_damping_disorder,50.0,0.2,0.2,0.0,9.0,19.99767011752321,nan,nan,15796.38298089666,1322.1918909899346,0.20181562997950875
onsite_damping_disorder,50.0,0.2,0.2,0.0,10.0,19.99767011752321,nan,nan,15796.38298089666,1322.1918909899346,0.20181562997950875
onsite_damping_disorder,50.0,0.2,0.2,0.0,11.0,19.99767011752321,nan,nan,15796.38298089666,1322.1918909899346,0.20181562997950875
onsite_damping_disorder,50.0,0.2,0.2,0.0,12.0,19.99767011752321,nan,nan,15796.38298089666,1322.1918909899346,0.20181562997950875
onsite_damping_disorder,50.0,0.2,0.2,0.0,13.0,19.99767011752321,nan,nan,15796.38298089666,1322.1918909899346,0.20181562997950875
onsite_damping_disorder,50.0,0.2,0.2,0.0,14.0,19.99767011752321,nan,nan,15796.38298089666,1322.1918909899346,0.20181562997950875
onsite_damping_disorder,50.0,0.2,0.2,0.0,15.0,19.99767011752321,nan,nan,15796.38298089666,1322.1918909899346,0.20181562997950875
onsite_damping_disorder,50.0,0.2,0.2,0.0,16.0,19.99767011752321,nan,nan,15796.38298089666,1322.1918909899346,0.20181562997950875
onsite_damping_disorder,50.0,0.2,0.2,0.0,17.0,19.99767011752321,nan,nan,15796.38298089666,1322.1918909899346,0.20181562997950875
onsite_damping_disorder,50.0,0.2,0.2,0.0,18.0,19.99767011752321,nan,nan,15796.38298089666,1322.1918909899346,0.20181562997950875
onsite_damping_disorder,50.0,0.2,0.2,0.0,19.0,19.99767011752321,nan,nan,15796.38298089666,1322.1918909899346,0.20181562997950875
onsite_damping_disorder,50.0,0.2,0.2,0.0,20.0,19.99767011752321,nan,nan,15796.38298089666,1322.1918909899346,0.20181562997950875
onsite_damping_disorder,50.0,0.2,0.2,0.0,21.0,19.99767011752321,nan,nan,15796.38298089666,1322.1918909899346,0.20181562997950875
onsite_damping_disorder,50.0,0.2,0.2,0.0,22.0,19.99767011752321,nan,nan,15796.38298089666,1322.1918909899346,0.20181562997950875
onsite_damping_disorder,50.0,0.2,0.2,0.0,23.0,19.99767011752321,nan,nan,15796.38298089666,1322.1918909899346,0.20181562997950875
onsite_damping_disorder,50.0,0.2,0.2,0.0,24.0,19.99767011752321,nan,nan,15796.38298089666,1322.1918909899346,0.20181562997950875
onsite_damping_disorder,50.0,0.2,0.2,0.0,25.0,19.99767011752321,nan,nan,15796.38298089666,1322.1918909899346,0.20181562997950875
onsite_damping_disorder,50.0,0.2,0.2,0.0,26.0,19.99767011752321,nan,nan,15796.38298089666,1322.1918909899346,0.20181562997950875
onsite_damping_disorder,50.0,0.2,0.2,0.0,27.0,19.99767011752321,nan,nan,15796.38298089666,1322.1918909899346,0.20181562997950875
onsite_damping_disorder,50.0,0.2,0.2,0.0,28.0,19.99767011752321,nan,nan,15796.38298089666,1322.1918909899346,0.20181562997950875
onsite_damping_disorder,50.0,0.2,0.2,0.0,29.0,19.99767011752321,nan,nan,15796.38298089666,1322.1918909899346,0.20181562997950875
onsite_damping_disorder,50.0,0.2,0.2,0.0,30.0,19.99767011752321,nan,nan,15796.38298089666,1322.1918909899346,0.20181562997950875
onsite_damping_disorder,50.0,0.2,0.2,0.0,31.0,19.99767011752321,nan,nan,15796.38298089666,1322.1918909899346,0.20181562997950875
onsite_damping_disorder,50.0,0.2,0.2,0.0,32.0,19.99767011752321,nan,nan,15796.38298089666,1322.1918909899346,0.20181562997950875
onsite_damping_disorder,50.0,0.2,0.2,0.0,33.0,19.99767011752321,nan,nan,15796.38298089666,1322.1918909899346,0.20181562997950875
onsite_damping_disorder,50.0,0.2,0.2,0.0,34.0,19.99767011752321,nan,nan,15796.38298089666,1322.1918909899346,0.20181562997950875
onsite_damping_disorder,50.0,0.2,0.2,0.0,35.0,19.99767011752321,nan,nan,15796.38298089666,1322.1918909899346,0.20181562997950875
onsite_damping_disorder,50.0,0.2,0.2,0.0,36.0,19.99767011752321,nan,nan,15796.38298089666,1322.1918909899346,0.20181562997950875
onsite_damping_disorder,50.0,0.2,0.2,0.0,37.0,19.99767011752321,nan,nan,15796.38298089666,1322.1918909899346,0.20181562997950875
onsite_damping_disorder,50.0,0.2,0.2,0.0,38.0,19.99767011752321,nan,nan,15796.38298089666,1322.1918909899346,0.20181562997950875
onsite_damping_disorder,50.0,0.2,0.2,0.0,39.0,19.99767011752321,nan,nan,15796.38298089666,1322.1918909899346,0.20181562997950875
onsite_damping_disorder,50.0,0.2,0.2,0.0,40.0,19.99767011752321,nan,nan,15796.38298089666,1322.1918909899346,0.20181562997950875
onsite_damping_disorder,50.0,0.2,0.2,0.0,41.0,19.99767011752321,nan,nan,15796.38298089666,1322.1918909899346,0.20181562997950875
onsite_damping_disorder,50.0,0.2,0.2,0.0,42.0,19.99767011752321,nan,nan,15796.38298089666,1322.1918909899346,0.20181562997950875
onsite_damping_disorder,50.0,0.2,0.2,0.0,43.0,19.99767011752321,nan,nan,15796.38298089666,1322.1918909899346,0.20181562997950875
onsite_damping_disorder,50.0,0.2,0.2,0.0,44.0,19.99767011752321,nan,nan,15796.38298089666,1322.1918909899346,0.20181562997950875
onsite_damping_disorder,50.0,0.2,0.2,0.0,45.0,19.99767011752321,nan,nan,15796.38298089666,1322.1918909899346,0.20181562997950875
onsite_damping_disorder,50.0,0.2,0.2,0.0,46.0,19.99767011752321,nan,nan,15796.38298089666,1322.1918909899346,0.20181562997950875
onsite_damping_disorder,50.0,0.2,0.2,0.0,47.0,19.99767011752321,nan,nan,15796.38298089666,1322.1918909899346,0.20181562997950875
onsite_damping_disorder,50.0,0.2,0.2,0.0,48.0,19.99767011752321,nan,nan,15796.38298089666,1322.1918909899346,0.20181562997950875
onsite_damping_disorder,50.0,0.2,0.2,0.0,49.0,19.99767011752321,nan,nan,15796.38298089666,1322.1918909899346,0.20181562997950875
onsite_damping_disorder,50.0,0.2,0.2,0.0,50.0,19.99767011752321,nan,nan,15796.38298089666,1322.1918909899346,0.20181562997950875
onsite_damping_disorder,50.0,0.2,0.2,0.0,51.0,19.99767011752321,nan,nan,15796.38298089666,1322.1918909899346,0.20181562997950875
onsite_damping_disorder,50.0,0.2,0.2,0.0,52.0,19.99767011752321,nan,nan,15796.38298089666,1322.1918909899346,0.20181562997950875
onsite_damping_disorder,50.0,0.2,0.2,0.0,53.0,19.99767011752321,nan,nan,15796.38298089666,1322.1918909899346,0.20181562997950875
onsite_damping_disorder,50.0,0.2,0.2,0.0,54.0,19.99767011752321,nan,nan,15796.38298089666,1322.1918909899346,0.20181562997950875
onsite_damping_disorder,50.0,0.2,0.2,0.0,55.0,19.99767011752321,nan,nan,15796.38298089666,1322.1918909899346,0.20181562997950875
onsite_damping_disorder,50.0,0.2,0.2,0.0,56.0,19.99767011752321,nan,nan,15796.38298089666,1322.1918909899346,0.20181562997950875
onsite_damping_disorder,50.0,0.2,0.2,0.0,57.0,19.99767011752321,nan,nan,15796.38298089666,1322.1918909899346,0.20181562997950875
onsite_damping_disorder,50.0,0.2,0.2,0.0,58.0,19.99767011752321,nan,nan,15796.38298089666,1322.1918909899346,0.20181562997950875
onsite_damping_disorder,50.0,0.2,0.2,0.0,59.0,19.99767011752321,nan,nan,15796.38298089666,1322.1918909899346,0.20181562997950875
onsite_damping_disorder,50.0,0.2,0.2,0.0,60.0,19.99767011752321,nan,nan,15796.38298089666,1322.1918909899346,0.20181562997950875
onsite_damping_disorder,50.0,0.2,0.2,0.0,61.0,19.99767011752321,nan,nan,15796.38298089666,1322.1918909899346,0.20181562997950875
onsite_damping_disorder,50.0,0.2,0.2,0.0,62.0,19.99767011752321,nan,nan,15796.38298089666,1322.1918909899346,0.20181562997950875
onsite_damping_disorder,50.0,0.2,0.2,0.0,63.0,19.99767011752321,nan,nan,15796.38298089666,1322.1918909899346,0.20181562997950875
onsite_damping_disorder,50.0,0.2,0.2,0.0,64.0,19.99767011752321,nan,nan,15796.38298089666,1322.1918909899346,0.20181562997950875
onsite_damping_disorder,50.0,0.2,0.2,0.0,65.0,19.99767011752321,nan,nan,15796.38298089666,1322.1918909899346,0.20181562997950875
onsite_damping_disorder,50.0,0.2,0.2,0.0,66.0,19.99767011752321,nan,nan,15796.38298089666,1322.1918909899346,0.20181562997950875
onsite_damping_disorder,50.0,0.2,0.2,0.0,67.0,19.99767011752321,nan,nan,15796.38298089666,1322.1918909899346,0.20181562997950875
onsite_damping_disorder,50.0,0.2,0.2,0.0,68.0,19.99767011752321,nan,nan,15796.38298089666,1322.1918909899346,0.20181562997950875
onsite_damping_disorder,50.0,0.2,0.2,0.0,69.0,19.99767011752321,nan,nan,15796.38298089666,1322.1918909899346,0.20181562997950875
onsite_damping_disorder,50.0,0.2,0.2,0.0,70.0,19.99767011752321,nan,nan,15796.38298089666,1322.1918909899346,0.20181562997950875
onsite_damping_disorder,50.0,0.2,0.2,0.0,71.0,19.99767011752321,nan,nan,15796.38298089666,1322.1918909899346,0.20181562997950875
onsite_damping_disorder,50.0,0.2,0.2,0.0,72.0,19.99767011752321,nan,nan,15796.38298089666,1322.1918909899346,0.20181562997950875
onsite_damping_disorder,50.0,0.2,0.2,0.0,73.0,19.99767011752321,nan,nan,15796.38298089666,1322.1918909899346,0.20181562997950875
onsite_damping_disorder,50.0,0.2,0.2,0.0,74.0,19.99767011752321,nan,nan,15796.38298089666,1322.1918909899346,0.20181562997950875
onsite_damping_disorder,50.0,0.2,0.2,0.0,75.0,19.99767011752321,nan,nan,15796.38298089666,1322.1918909899346,0.20181562997950875
onsite_damping_disorder,50.0,0.2,0.2,0.0,76.0,19.99767011752321,nan,nan,15796.38298089666,1322.1918909899346,0.20181562997950875
onsite_damping_disorder,50.0,0.2,0.2,0.0,77.0,19.99767011752321,nan,nan,15796.38298089666,1322.1918909899346,0.20181562997950875
onsite_damping_disorder,50.0,0.2,0.2,0.0,78.0,19.99767011752321,nan,nan,15796.38298089666,1322.1918909899346,0.20181562997950875
onsite_damping_disorder,50.0,0.2,0.2,0.0,79.0,19.99767011752321,nan,nan,15796.38298089666,1322.1918909899346,0.20181562997950875
onsite_damping_disorder,60.0,0.2,0.2,0.0,0.0,40.58759755894705,nan,nan,65122.4873949966,5446.561106225792,0.19744252825649464
onsite_damping_disorder,60.0,0.2,0.2,0.0,1.0,40.58759755894705,nan,nan,65122.4873949966,5446.561106225792,0.19744252825649464
onsite_damping_disorder,60.0,0.2,0.2,0.0,2.0,40.58759755894705,nan,nan,65122.4873949966,5446.561106225792,0.19744252825649464
onsite_damping_disorder,60.0,0.2,0.2,0.0,3.0,40.58759755894705,nan,nan,65122.4873949966,5446.561106225792,0.19744252825649464
onsite_damping_disorder,60.0,0.2,0.2,0.0,4.0,40.58759755894705,nan,nan,65122.4873949966,5446.561106225792,0.19744252825649464
onsite_damping_disorder,60.0,0.2,0.2,0.0,5.0,40.58759755894705,nan,nan,65122.4873949966,5446.561106225792,0.19744252825649464
onsite_damping_disorder,60.0,0.2,0.2,0.0,6.0,40.58759755894705,nan,nan,65122.4873949966,5446.561106225792,0.19744252825649464
onsite_damping_disorder,60.0,0.2,0.2,0.0,7.0,40.58759755894705,nan,nan,65122.4873949966,5446.561106225792,0.19744252825649464
onsite_damping_disorder,60.0,0.2,0.2,0.0,8.0,40.58759755894705,nan,nan,65122.4873949966,5446.561106225792,0.19744252825649464
onsite_damping_disorder,60.0,0.2,0.2,0.0,9.0,40.58759755894705,nan,nan,65122.4873949966,5446.561106225792,0.19744252825649464
onsite_damping_disorder,60.0,0.2,0.2,0.0,10.0,40.58759755894705,nan,nan,65122.4873949966,5446.561106225792,0.19744252825649464
onsite_damping_disorder,60.0,0.2,0.2,0.0,11.0,40.58759755894705,nan,nan,65122.4873949966,5446.561106225792,0.19744252825649464
onsite_damping_disorder,60.0,0.2,0.2,0.0,12.0,40.58759755894705,nan,nan,65122.4873949966,5446.561106225792,0.19744252825649464
onsite_damping_disorder,60.0,0.2,0.2,0.0,13.0,40.58759755894705,nan,nan,65122.4873949966,5446.561106225792,0.19744252825649464
onsite_damping_disorder,60.0,0.2,0.2,0.0,14.0,40.58759755894705,nan,nan,65122.4873949966,5446.561106225792,0.19744252825649464
onsite_damping_disorder,60.0,0.2,0.2,0.0,15.0,40.58759755894705,nan,nan,65122.4873949966,5446.561106225792,0.19744252825649464
onsite_damping_disorder,60.0,0.2,0.2,0.0,16.0,40.58759755894705,nan,nan,65122.4873949966,5446.561106225792,0.19744252825649464
onsite_damping_disorder,60.0,0.2,0.2,0.0,17.0,40.58759755894705,nan,nan,65122.4873949966,5446.561106225792,0.19744252825649464
onsite_damping_disorder,60.0,0.2,0.2,0.0,18.0,40.58759755894705,nan,nan,65122.4873949966,5446.561106225792,0.19744252825649464
onsite_damping_disorder,60.0,0.2,0.2,0.0,19.0,40.58759755894705,nan,nan,65122.4873949966,5446.561106225792,0.19744252825649464
onsite_damping_disorder,60.0,0.2,0.2,0.0,20.0,40.58759755894705,nan,nan,65122.4873949966,5446.561106225792,0.19744252825649464
onsite_damping_disorder,60.0,0.2,0.2,0.0,21.0,40.58759755894705,nan,nan,65122.4873949966,5446.561106225792,0.19744252825649464
onsite_damping_disorder,60.0,0.2,0.2,0.0,22.0,40.58759755894705,nan,nan,65122.4873949966,5446.561106225792,0.19744252825649464
onsite_damping_disorder,60.0,0.2,0.2,0.0,23.0,40.58759755894705,nan,nan,65122.4873949966,5446.561106225792,0.19744252825649464
onsite_damping_disorder,60.0,0.2,0.2,0.0,24.0,40.58759755894705,nan,nan,65122.4873949966,5446.561106225792,0.19744252825649464
onsite_damping_disorder,60.0,0.2,0.2,0.0,25.0,40.58759755894705,nan,nan,65122.4873949966,5446.561106225792,0.19744252825649464
onsite_damping_disorder,60.0,0.2,0.2,0.0,26.0,40.58759755894705,nan,nan,65122.4873949966,5446.561106225792,0.19744252825649464
onsite_damping_disorder,60.0,0.2,0.2,0.0,27.0,40.58759755894705,nan,nan,65122.4873949966,5446.561106225792,0.19744252825649464
onsite_damping_disorder,60.0,0.2,0.2,0.0,28.0,40.58759755894705,nan,nan,65122.4873949966,5446.561106225792,0.19744252825649464
onsite_damping_disorder,60.0,0.2,0.2,0.0,29.0,40.58759755894705,nan,nan,65122.4873949966,5446.561106225792,0.19744252825649464
onsite_damping_disorder,60.0,0.2,0.2,0.0,30.0,40.58759755894705,nan,nan,65122.4873949966,5446.561106225792,0.19744252825649464
onsite_damping_disorder,60.0,0.2,0.2,0.0,31.0,40.58759755894705,nan,nan,65122.4873949966,5446.561106225792,0.19744252825649464
onsite_damping_disorder,60.0,0.2,0.2,0.0,32.0,40.58759755894705,nan,nan,65122.4873949966,5446.561106225792,0.19744252825649464
onsite_damping_disorder,60.0,0.2,0.2,0.0,33.0,40.58759755894705,nan,nan,65122.4873949966,5446.561106225792,0.19744252825649464
onsite_damping_disorder,60.0,0.2,0.2,0.0,34.0,40.58759755894705,nan,nan,65122.4873949966,5446.561106225792,0.19744252825649464
onsite_damping_disorder,60.0,0.2,0.2,0.0,35.0,40.58759755894705,nan,nan,65122.4873949966,5446.561106225792,0.19744252825649464
onsite_damping_disorder,60.0,0.2,0.2,0.0,36.0,40.58759755894705,nan,nan,65122.4873949966,5446.561106225792,0.19744252825649464
onsite_damping_disorder,60.0,0.2,0.2,0.0,37.0,40.58759755894705,nan,nan,65122.4873949966,5446.561106225792,0.19744252825649464
onsite_damping_disorder,60.0,0.2,0.2,0.0,38.0,40.58759755894705,nan,nan,65122.4873949966,5446.561106225792,0.19744252825649464
onsite_damping_disorder,60.0,0.2,0.2,0.0,39.0,40.58759755894705,nan,nan,65122.4873949966,5446.561106225792,0.19744252825649464
onsite_damping_disorder,60.0,0.2,0.2,0.0,40.0,40.58759755894705,nan,nan,65122.4873949966,5446.561106225792,0.19744252825649464
onsite_damping_disorder,60.0,0.2,0.2,0.0,41.0,40.58759755894705,nan,nan,65122.4873949966,5446.561106225792,0.19744252825649464
onsite_damping_disorder,60.0,0.2,0.2,0.0,42.0,40.58759755894705,nan,nan,65122.4873949966,5446.561106225792,0.19744252825649464
onsite_damping_disorder,60.0,0.2,0.2,0.0,43.0,40.58759755894705,nan,nan,65122.4873949966,5446.561106225792,0.19744252825649464
onsite_damping_disorder,60.0,0.2,0.2,0.0,44.0,40.58759755894705,nan,nan,65122.4873949966,5446.561106225792,0.19744252825649464
onsite_damping_disorder,60.0,0.2,0.2,0.0,45.0,40.58759755894705,nan,nan,65122.4873949966,5446.561106225792,0.19744252825649464
onsite_damping_disorder,60.0,0.2,0.2,0.0,46.0,40.58759755894705,nan,nan,65122.4873949966,5446.561106225792,0.19744252825649464
onsite_damping_disorder,60.0,0.2,0.2,0.0,47.0,40.58759755894705,nan,nan,65122.4873949966,5446.561106225792,0.19744252825649464
onsite_damping_disorder,60.0,0.2,0.2,0.0,48.0,40.58759755894705,nan,nan,65122.4873949966,5446.561106225792,0.19744252825649464
onsite_damping_disorder,60.0,0.2,0.2,0.0,49.0,40.58759755894705,nan,nan,65122.4873949966,5446.561106225792,0.19744252825649464
onsite_damping_disorder,60.0,0.2,0.2,0.0,50.0,40.58759755894705,nan,nan,65122.4873949966,5446.561106225792,0.19744252825649464
onsite_damping_disorder,60.0,0.2,0.2,0.0,51.0,40.58759755894705,nan,nan,65122.4873949966,5446.561106225792,0.19744252825649464
onsite_damping_disorder,60.0,0.2,0.2,0.0,52.0,40.58759755894705,nan,nan,65122.4873949966,5446.561106225792,0.19744252825649464
onsite_damping_disorder,60.0,0.2,0.2,0.0,53.0,40.58759755894705,nan,nan,65122.4873949966,5446.561106225792,0.19744252825649464
onsite_damping_disorder,60.0,0.2,0.2,0.0,54.0,40.58759755894705,nan,nan,65122.4873949966,5446.561106225792,0.19744252825649464
onsite_damping_disorder,60.0,0.2,0.2,0.0,55.0,40.58759755894705,nan,nan,65122.4873949966,5446.561106225792,0.19744252825649464
onsite_damping_disorder,60.0,0.2,0.2,0.0,56.0,40.58759755894705,nan,nan,65122.4873949966,5446.561106225792,0.19744252825649464
onsite_damping_disorder,60.0,0.2,0.2,0.0,57.0,40.58759755894705,nan,nan,65122.4873949966,5446.561106225792,0.19744252825649464
onsite_damping_disorder,60.0,0.2,0.2,0.0,58.0,40.58759755894705,nan,nan,65122.4873949966,5446.561106225792,0.19744252825649464
onsite_damping_disorder,60.0,0.2,0.2,0.0,59.0,40.58759755894705,nan,nan,65122.4873949966,5446.561106225792,0.19744252825649464
onsite_damping_disorder,60.0,0.2,0.2,0.0,60.0,40.58759755894705,nan,nan,65122.4873949966,5446.561106225792,0.19744252825649464
onsite_damping_disorder,60.0,0.2,0.2,0.0,61.0,40.58759755894705,nan,nan,65122.4873949966,5446.561106225792,0.19744252825649464
onsite_damping_disorder,60.0,0.2,0.2,0.0,62.0,40.58759755894705,nan,nan,65122.4873949966,5446.561106225792,0.19744252825649464
onsite_damping_disorder,60.0,0.2,0.2,0.0,63.0,40.58759755894705,nan,nan,65122.4873949966,5446.561106225792,0.19744252825649464
onsite_damping_disorder,60.0,0.2,0.2,0.0,64.0,40.58759755894705,nan,nan,65122.4873949966,5446.561106225792,0.19744252825649464
onsite_damping_disorder,60.0,0.2,0.2,0.0,65.0,40.58759755894705,nan,nan,65122.4873949966,5446.561106225792,0.19744252825649464
onsite_damping_disorder,60.0,0.2,0.2,0.0,66.0,40.58759755894705,nan,nan,65122.4873949966,5446.561106225792,0.19744252825649464
onsite_damping_disorder,60.0,0.2,0.2,0.0,67.0,40.58759755894705,nan,nan,65122.4873949966,5446.561106225792,0.19744252825649464
onsite_damping_disorder,60.0,0.2,0.2,0.0,68.0,40.58759755894705,nan,nan,65122.4873949966,5446.561106225792,0.19744252825649464
onsite_damping_disorder,60.0,0.2,0.2,0.0,69.0,40.58759755894705,nan,nan,65122.4873949966,5446.561106225792,0.19744252825649464
onsite_damping_disorder,60.0,0.2,0.2,0.0,70.0,40.58759755894705,nan,nan,65122.4873949966,5446.561106225792,0.19744252825649464
onsite_damping_disorder,60.0,0.2,0.2,0.0,71.0,40.58759755894705,nan,nan,65122.4873949966,5446.561106225792,0.19744252825649464
onsite_damping_disorder,60.0,0.2,0.2,0.0,72.0,40.58759755894705,nan,nan,65122.4873949966,5446.561106225792,0.19744252825649464
onsite_damping_disorder,60.0,0.2,0.2,0.0,73.0,40.58759755894705,nan,nan,65122.4873949966,5446.561106225792,0.19744252825649464
onsite_damping_disorder,60.0,0.2,0.2,0.0,74.0,40.58759755894705,nan,nan,65122.4873949966,5446.561106225792,0.19744252825649464
onsite_damping_disorder,60.0,0.2,0.2,0.0,75.0,40.58759755894705,nan,nan,65122.4873949966,5446.561106225792,0.19744252825649464
onsite_damping_disorder,60.0,0.2,0.2,0.0,76.0,40.58759755894705,nan,nan,65122.4873949966,5446.561106225792,0.19744252825649464
onsite_damping_disorder,60.0,0.2,0.2,0.0,77.0,40.58759755894705,nan,nan,65122.4873949966,5446.561106225792,0.19744252825649464
onsite_damping_disorder,60.0,0.2,0.2,0.0,78.0,40.58759755894705,nan,nan,65122.4873949966,5446.561106225792,0.19744252825649464
onsite_damping_disorder,60.0,0.2,0.2,0.0,79.0,40.58759755894705,nan,nan,65122.4873949966,5446.561106225792,0.19744252825649464
onsite_damping_disorder,80.0,0.2,0.2,0.0,0.0,167.19421119289646,nan,nan,1105327.3653361052,92422.59594777165,0.1958888286170894
onsite_damping_disorder,80.0,0.2,0.2,0.0,1.0,167.19421119289646,nan,nan,1105327.3653361052,92422.59594777165,0.1958888286170894
onsite_damping_disorder,80.0,0.2,0.2,0.0,2.0,167.19421119289646,nan,nan,1105327.3653361052,92422.59594777165,0.1958888286170894
onsite_damping_disorder,80.0,0.2,0.2,0.0,3.0,167.19421119289646,nan,nan,1105327.3653361052,92422.59594777165,0.1958888286170894
onsite_damping_disorder,80.0,0.2,0.2,0.0,4.0,167.19421119289646,nan,nan,1105327.3653361052,92422.59594777165,0.1958888286170894
onsite_damping_disorder,80.0,0.2,0.2,0.0,5.0,167.19421119289646,nan,nan,1105327.3653361052,92422.59594777165,0.1958888286170894
onsite_damping_disorder,80.0,0.2,0.2,0.0,6.0,167.19421119289646,nan,nan,1105327.3653361052,92422.59594777165,0.1958888286170894
onsite_damping_disorder,80.0,0.2,0.2,0.0,7.0,167.19421119289646,nan,nan,1105327.3653361052,92422.59594777165,0.1958888286170894
onsite_damping_disorder,80.0,0.2,0.2,0.0,8.0,167.19421119289646,nan,nan,1105327.3653361052,92422.59594777165,0.1958888286170894
onsite_damping_disorder,80.0,0.2,0.2,0.0,9.0,167.19421119289646,nan,nan,1105327.3653361052,92422.59594777165,0.1958888286170894
onsite_damping_disorder,80.0,0.2,0.2,0.0,10.0,167.19421119289646,nan,nan,1105327.3653361052,92422.59594777165,0.1958888286170894
onsite_damping_disorder,80.0,0.2,0.2,0.0,11.0,167.19421119289646,nan,nan,1105327.3653361052,92422.59594777165,0.1958888286170894
onsite_damping_disorder,80.0,0.2,0.2,0.0,12.0,167.19421119289646,nan,nan,1105327.3653361052,92422.59594777165,0.1958888286170894
onsite_damping_disorder,80.0,0.2,0.2,0.0,13.0,167.19421119289646,nan,nan,1105327.3653361052,92422.59594777165,0.1958888286170894
onsite_damping_disorder,80.0,0.2,0.2,0.0,14.0,167.19421119289646,nan,nan,1105327.3653361052,92422.59594777165,0.1958888286170894
onsite_damping_disorder,80.0,0.2,0.2,0.0,15.0,167.19421119289646,nan,nan,1105327.3653361052,92422.59594777165,0.1958888286170894
onsite_damping_disorder,80.0,0.2,0.2,0.0,16.0,167.19421119289646,nan,nan,1105327.3653361052,92422.59594777165,0.1958888286170894
onsite_damping_disorder,80.0,0.2,0.2,0.0,17.0,167.19421119289646,nan,nan,1105327.3653361052,92422.59594777165,0.1958888286170894
onsite_damping_disorder,80.0,0.2,0.2,0.0,18.0,167.19421119289646,nan,nan,1105327.3653361052,92422.59594777165,0.1958888286170894
onsite_damping_disorder,80.0,0.2,0.2,0.0,19.0,167.19421119289646,nan,nan,1105327.3653361052,92422.59594777165,0.1958888286170894
onsite_damping_disorder,80.0,0.2,0.2,0.0,20.0,167.19421119289646,nan,nan,1105327.3653361052,92422.59594777165,0.1958888286170894
onsite_damping_disorder,80.0,0.2,0.2,0.0,21.0,167.19421119289646,nan,nan,1105327.3653361052,92422.59594777165,0.1958888286170894
onsite_damping_disorder,80.0,0.2,0.2,0.0,22.0,167.19421119289646,nan,nan,1105327.3653361052,92422.59594777165,0.1958888286170894
onsite_damping_disorder,80.0,0.2,0.2,0.0,23.0,167.19421119289646,nan,nan,1105327.3653361052,92422.59594777165,0.1958888286170894
onsite_damping_disorder,80.0,0.2,0.2,0.0,24.0,167.19421119289646,nan,nan,1105327.3653361052,92422.59594777165,0.1958888286170894
onsite_damping_disorder,80.0,0.2,0.2,0.0,25.0,167.19421119289646,nan,nan,1105327.3653361052,92422.59594777165,0.1958888286170894
onsite_damping_disorder,80.0,0.2,0.2,0.0,26.0,167.19421119289646,nan,nan,1105327.3653361052,92422.59594777165,0.1958888286170894
onsite_damping_disorder,80.0,0.2,0.2,0.0,27.0,167.19421119289646,nan,nan,1105327.3653361052,92422.59594777165,0.1958888286170894
onsite_damping_disorder,80.0,0.2,0.2,0.0,28.0,167.19421119289646,nan,nan,1105327.3653361052,92422.59594777165,0.1958888286170894
onsite_damping_disorder,80.0,0.2,0.2,0.0,29.0,167.19421119289646,nan,nan,1105327.3653361052,92422.59594777165,0.1958888286170894
onsite_damping_disorder,80.0,0.2,0.2,0.0,30.0,167.19421119289646,nan,nan,1105327.3653361052,92422.59594777165,0.1958888286170894
onsite_damping_disorder,80.0,0.2,0.2,0.0,31.0,167.19421119289646,nan,nan,1105327.3653361052,92422.59594777165,0.1958888286170894
onsite_damping_disorder,80.0,0.2,0.2,0.0,32.0,167.19421119289646,nan,nan,1105327.3653361052,92422.59594777165,0.1958888286170894
onsite_damping_disorder,80.0,0.2,0.2,0.0,33.0,167.19421119289646,nan,nan,1105327.3653361052,92422.59594777165,0.1958888286170894
onsite_damping_disorder,80.0,0.2,0.2,0.0,34.0,167.19421119289646,nan,nan,1105327.3653361052,92422.59594777165,0.1958888286170894
onsite_damping_disorder,80.0,0.2,0.2,0.0,35.0,167.19421119289646,nan,nan,1105327.3653361052,92422.59594777165,0.1958888286170894
onsite_damping_disorder,80.0,0.2,0.2,0.0,36.0,167.19421119289646,nan,nan,1105327.3653361052,92422.59594777165,0.1958888286170894
onsite_damping_disorder,80.0,0.2,0.2,0.0,37.0,167.19421119289646,nan,nan,1105327.3653361052,92422.59594777165,0.1958888286170894
onsite_damping_disorder,80.0,0.2,0.2,0.0,38.0,167.19421119289646,nan,nan,1105327.3653361052,92422.59594777165,0.1958888286170894
onsite_damping_disorder,80.0,0.2,0.2,0.0,39.0,167.19421119289646,nan,nan,1105327.3653361052,92422.59594777165,0.1958888286170894
onsite_damping_disorder,80.0,0.2,0.2,0.0,40.0,167.19421119289646,nan,nan,1105327.3653361052,92422.59594777165,0.1958888286170894
onsite_damping_disorder,80.0,0.2,0.2,0.0,41.0,167.19421119289646,nan,nan,1105327.3653361052,92422.59594777165,0.1958888286170894
onsite_damping_disorder,80.0,0.2,0.2,0.0,42.0,167.19421119289646,nan,nan,1105327.3653361052,92422.59594777165,0.1958888286170894
onsite_damping_disorder,80.0,0.2,0.2,0.0,43.0,167.19421119289646,nan,nan,1105327.3653361052,92422.59594777165,0.1958888286170894
onsite_damping_disorder,80.0,0.2,0.2,0.0,44.0,167.19421119289646,nan,nan,1105327.3653361052,92422.59594777165,0.1958888286170894
onsite_damping_disorder,80.0,0.2,0.2,0.0,45.0,167.19421119289646,nan,nan,1105327.3653361052,92422.59594777165,0.1958888286170894
onsite_damping_disorder,80.0,0.2,0.2,0.0,46.0,167.19421119289646,nan,nan,1105327.3653361052,92422.59594777165,0.1958888286170894
onsite_damping_disorder,80.0,0.2,0.2,0.0,47.0,167.19421119289646,nan,nan,1105327.3653361052,92422.59594777165,0.1958888286170894
onsite_damping_disorder,80.0,0.2,0.2,0.0,48.0,167.19421119289646,nan,nan,1105327.3653361052,92422.59594777165,0.1958888286170894
onsite_damping_disorder,80.0,0.2,0.2,0.0,49.0,167.19421119289646,nan,nan,1105327.3653361052,92422.59594777165,0.1958888286170894
onsite_damping_disorder,80.0,0.2,0.2,0.0,50.0,167.19421119289646,nan,nan,1105327.3653361052,92422.59594777165,0.1958888286170894
onsite_damping_disorder,80.0,0.2,0.2,0.0,51.0,167.19421119289646,nan,nan,1105327.3653361052,92422.59594777165,0.1958888286170894
onsite_damping_disorder,80.0,0.2,0.2,0.0,52.0,167.19421119289646,nan,nan,1105327.3653361052,92422.59594777165,0.1958888286170894
onsite_damping_disorder,80.0,0.2,0.2,0.0,53.0,167.19421119289646,nan,nan,1105327.3653361052,92422.59594777165,0.1958888286170894
onsite_damping_disorder,80.0,0.2,0.2,0.0,54.0,167.19421119289646,nan,nan,1105327.3653361052,92422.59594777165,0.1958888286170894
onsite_damping_disorder,80.0,0.2,0.2,0.0,55.0,167.19421119289646,nan,nan,1105327.3653361052,92422.59594777165,0.1958888286170894
onsite_damping_disorder,80.0,0.2,0.2,0.0,56.0,167.19421119289646,nan,nan,1105327.3653361052,92422.59594777165,0.1958888286170894
onsite_damping_disorder,80.0,0.2,0.2,0.0,57.0,167.19421119289646,nan,nan,1105327.3653361052,92422.59594777165,0.1958888286170894
onsite_damping_disorder,80.0,0.2,0.2,0.0,58.0,167.19421119289646,nan,nan,1105327.3653361052,92422.59594777165,0.1958888286170894
onsite_damping_disorder,80.0,0.2,0.2,0.0,59.0,167.19421119289646,nan,nan,1105327.3653361052,92422.59594777165,0.1958888286170894
onsite_damping_disorder,80.0,0.2,0.2,0.0,60.0,167.19421119289646,nan,nan,1105327.3653361052,92422.59594777165,0.1958888286170894
onsite_damping_disorder,80.0,0.2,0.2,0.0,61.0,167.19421119289646,nan,nan,1105327.3653361052,92422.59594777165,0.1958888286170894
onsite_damping_disorder,80.0,0.2,0.2,0.0,62.0,167.19421119289646,nan,nan,1105327.3653361052,92422.59594777165,0.1958888286170894
onsite_damping_disorder,80.0,0.2,0.2,0.0,63.0,167.19421119289646,nan,nan,1105327.3653361052,92422.59594777165,0.1958888286170894
onsite_damping_disorder,80.0,0.2,0.2,0.0,64.0,167.19421119289646,nan,nan,1105327.3653361052,92422.59594777165,0.1958888286170894
onsite_damping_disorder,80.0,0.2,0.2,0.0,65.0,167.19421119289646,nan,nan,1105327.3653361052,92422.59594777165,0.1958888286170894
onsite_damping_disorder,80.0,0.2,0.2,0.0,66.0,167.19421119289646,nan,nan,1105327.3653361052,92422.59594777165,0.1958888286170894
onsite_damping_disorder,80.0,0.2,0.2,0.0,67.0,167.19421119289646,nan,nan,1105327.3653361052,92422.59594777165,0.1958888286170894
onsite_damping_disorder,80.0,0.2,0.2,0.0,68.0,167.19421119289646,nan,nan,1105327.3653361052,92422.59594777165,0.1958888286170894
onsite_damping_disorder,80.0,0.2,0.2,0.0,69.0,167.19421119289646,nan,nan,1105327.3653361052,92422.59594777165,0.1958888286170894
onsite_damping_disorder,80.0,0.2,0.2,0.0,70.0,167.19421119289646,nan,nan,1105327.3653361052,92422.59594777165,0.1958888286170894
onsite_damping_disorder,80.0,0.2,0.2,0.0,71.0,167.19421119289646,nan,nan,1105327.3653361052,92422.59594777165,0.1958888286170894
onsite_damping_disorder,80.0,0.2,0.2,0.0,72.0,167.19421119289646,nan,nan,1105327.3653361052,92422.59594777165,0.1958888286170894
onsite_damping_disorder,80.0,0.2,0.2,0.0,73.0,167.19421119289646,nan,nan,1105327.3653361052,92422.59594777165,0.1958888286170894
onsite_damping_disorder,80.0,0.2,0.2,0.0,74.0,167.19421119289646,nan,nan,1105327.3653361052,92422.59594777165,0.1958888286170894
onsite_damping_disorder,80.0,0.2,0.2,0.0,75.0,167.19421119289646,nan,nan,1105327.3653361052,92422.59594777165,0.1958888286170894
onsite_damping_disorder,80.0,0.2,0.2,0.0,76.0,167.19421119289646,nan,nan,1105327.3653361052,92422.59594777165,0.1958888286170894
onsite_damping_disorder,80.0,0.2,0.2,0.0,77.0,167.19421119289646,nan,nan,1105327.3653361052,92422.59594777165,0.1958888286170894
onsite_damping_disorder,80.0,0.2,0.2,0.0,78.0,167.19421119289646,nan,nan,1105327.3653361052,92422.59594777165,0.1958888286170894
onsite_damping_disorder,80.0,0.2,0.2,0.0,79.0,167.19421119289646,nan,nan,1105327.3653361052,92422.59594777165,0.1958888286170894
onsite_damping_disorder,100.0,0.2,0.2,0.0,0.0,688.7302017769396,nan,nan,18756544.94315032,1568317.3428387712,0.19229895702325842
onsite_damping_disorder,100.0,0.2,0.2,0.0,1.0,688.7302017769396,nan,nan,18756544.94315032,1568317.3428387712,0.19229895702325842
onsite_damping_disorder,100.0,0.2,0.2,0.0,2.0,688.7302017769396,nan,nan,18756544.94315032,1568317.3428387712,0.19229895702325842
onsite_damping_disorder,100.0,0.2,0.2,0.0,3.0,688.7302017769396,nan,nan,18756544.94315032,1568317.3428387712,0.19229895702325842
onsite_damping_disorder,100.0,0.2,0.2,0.0,4.0,688.7302017769396,nan,nan,18756544.94315032,1568317.3428387712,0.19229895702325842
onsite_damping_disorder,100.0,0.2,0.2,0.0,5.0,688.7302017769396,nan,nan,18756544.94315032,1568317.3428387712,0.19229895702325842
onsite_damping_disorder,100.0,0.2,0.2,0.0,6.0,688.7302017769396,nan,nan,18756544.94315032,1568317.3428387712,0.19229895702325842
onsite_damping_disorder,100.0,0.2,0.2,0.0,7.0,688.7302017769396,nan,nan,18756544.94315032,1568317.3428387712,0.19229895702325842
onsite_damping_disorder,100.0,0.2,0.2,0.0,8.0,688.7302017769396,nan,nan,18756544.94315032,1568317.3428387712,0.19229895702325842
onsite_damping_disorder,100.0,0.2,0.2,0.0,9.0,688.7302017769396,nan,nan,18756544.94315032,1568317.3428387712,0.19229895702325842
onsite_damping_disorder,100.0,0.2,0.2,0.0,10.0,688.7302017769396,nan,nan,18756544.94315032,1568317.3428387712,0.19229895702325842
onsite_damping_disorder,100.0,0.2,0.2,0.0,11.0,688.7302017769396,nan,nan,18756544.94315032,1568317.3428387712,0.19229895702325842
onsite_damping_disorder,100.0,0.2,0.2,0.0,12.0,688.7302017769396,nan,nan,18756544.94315032,1568317.3428387712,0.19229895702325842
onsite_damping_disorder,100.0,0.2,0.2,0.0,13.0,688.7302017769396,nan,nan,18756544.94315032,1568317.3428387712,0.19229895702325842
onsite_damping_disorder,100.0,0.2,0.2,0.0,14.0,688.7302017769396,nan,nan,18756544.94315032,1568317.3428387712,0.19229895702325842
onsite_damping_disorder,100.0,0.2,0.2,0.0,15.0,688.7302017769396,nan,nan,18756544.94315032,1568317.3428387712,0.19229895702325842
onsite_damping_disorder,100.0,0.2,0.2,0.0,16.0,688.7302017769396,nan,nan,18756544.94315032,1568317.3428387712,0.19229895702325842
onsite_damping_disorder,100.0,0.2,0.2,0.0,17.0,688.7302017769396,nan,nan,18756544.94315032,1568317.3428387712,0.19229895702325842
onsite_damping_disorder,100.0,0.2,0.2,0.0,18.0,688.7302017769396,nan,nan,18756544.94315032,1568317.3428387712,0.19229895702325842
onsite_damping_disorder,100.0,0.2,0.2,0.0,19.0,688.7302017769396,nan,nan,18756544.94315032,1568317.3428387712,0.19229895702325842
onsite_damping_disorder,100.0,0.2,0.2,0.0,20.0,688.7302017769396,nan,nan,18756544.94315032,1568317.3428387712,0.19229895702325842
onsite_damping_disorder,100.0,0.2,0.2,0.0,21.0,688.7302017769396,nan,nan,18756544.94315032,1568317.3428387712,0.19229895702325842
onsite_damping_disorder,100.0,0.2,0.2,0.0,22.0,688.7302017769396,nan,nan,18756544.94315032,1568317.3428387712,0.19229895702325842
onsite_damping_disorder,100.0,0.2,0.2,0.0,23.0,688.7302017769396,nan,nan,18756544.94315032,1568317.3428387712,0.19229895702325842
onsite_damping_disorder,100.0,0.2,0.2,0.0,24.0,688.7302017769396,nan,nan,18756544.94315032,1568317.3428387712,0.19229895702325842
onsite_damping_disorder,100.0,0.2,0.2,0.0,25.0,688.7302017769396,nan,nan,18756544.94315032,1568317.3428387712,0.19229895702325842
onsite_damping_disorder,100.0,0.2,0.2,0.0,26.0,688.7302017769396,nan,nan,18756544.94315032,1568317.3428387712,0.19229895702325842
onsite_damping_disorder,100.0,0.2,0.2,0.0,27.0,688.7302017769396,nan,nan,18756544.94315032,1568317.3428387712,0.19229895702325842
onsite_damping_disorder,100.0,0.2,0.2,0.0,28.0,688.7302017769396,nan,nan,18756544.94315032,1568317.3428387712,0.19229895702325842
onsite_damping_disorder,100.0,0.2,0.2,0.0,29.0,688.7302017769396,nan,nan,18756544.94315032,1568317.3428387712,0.19229895702325842
onsite_damping_disorder,100.0,0.2,0.2,0.0,30.0,688.7302017769396,nan,nan,18756544.94315032,1568317.3428387712,0.19229895702325842
onsite_damping_disorder,100.0,0.2,0.2,0.0,31.0,688.7302017769396,nan,nan,18756544.94315032,1568317.3428387712,0.19229895702325842
onsite_damping_disorder,100.0,0.2,0.2,0.0,32.0,688.7302017769396,nan,nan,18756544.94315032,1568317.3428387712,0.19229895702325842
onsite_damping_disorder,100.0,0.2,0.2,0.0,33.0,688.7302017769396,nan,nan,18756544.94315032,1568317.3428387712,0.19229895702325842
onsite_damping_disorder,100.0,0.2,0.2,0.0,34.0,688.7302017769396,nan,nan,18756544.94315032,1568317.3428387712,0.19229895702325842
onsite_damping_disorder,100.0,0.2,0.2,0.0,35.0,688.7302017769396,nan,nan,18756544.94315032,1568317.3428387712,0.19229895702325842
onsite_damping_disorder,100.0,0.2,0.2,0.0,36.0,688.7302017769396,nan,nan,18756544.94315032,1568317.3428387712,0.19229895702325842
onsite_damping_disorder,100.0,0.2,0.2,0.0,37.0,688.7302017769396,nan,nan,18756544.94315032,1568317.3428387712,0.19229895702325842
onsite_damping_disorder,100.0,0.2,0.2,0.0,38.0,688.7302017769396,nan,nan,18756544.94315032,1568317.3428387712,0.19229895702325842
onsite_damping_disorder,100.0,0.2,0.2,0.0,39.0,688.7302017769396,nan,nan,18756544.94315032,1568317.3428387712,0.19229895702325842
onsite_damping_disorder,100.0,0.2,0.2,0.0,40.0,688.7302017769396,nan,nan,18756544.94315032,1568317.3428387712,0.19229895702325842
onsite_damping_disorder,100.0,0.2,0.2,0.0,41.0,688.7302017769396,nan,nan,18756544.94315032,1568317.3428387712,0.19229895702325842
onsite_damping_disorder,100.0,0.2,0.2,0.0,42.0,688.7302017769396,nan,nan,18756544.94315032,1568317.3428387712,0.19229895702325842
onsite_damping_disorder,100.0,0.2,0.2,0.0,43.0,688.7302017769396,nan,nan,18756544.94315032,1568317.3428387712,0.19229895702325842
onsite_damping_disorder,100.0,0.2,0.2,0.0,44.0,688.7302017769396,nan,nan,18756544.94315032,1568317.3428387712,0.19229895702325842
onsite_damping_disorder,100.0,0.2,0.2,0.0,45.0,688.7302017769396,nan,nan,18756544.94315032,1568317.3428387712,0.19229895702325842
onsite_damping_disorder,100.0,0.2,0.2,0.0,46.0,688.7302017769396,nan,nan,18756544.94315032,1568317.3428387712,0.19229895702325842
onsite_damping_disorder,100.0,0.2,0.2,0.0,47.0,688.7302017769396,nan,nan,18756544.94315032,1568317.3428387712,0.19229895702325842
onsite_damping_disorder,100.0,0.2,0.2,0.0,48.0,688.7302017769396,nan,nan,18756544.94315032,1568317.3428387712,0.19229895702325842
onsite_damping_disorder,100.0,0.2,0.2,0.0,49.0,688.7302017769396,nan,nan,18756544.94315032,1568317.3428387712,0.19229895702325842
onsite_damping_disorder,100.0,0.2,0.2,0.0,50.0,688.7302017769396,nan,nan,18756544.94315032,1568317.3428387712,0.19229895702325842
onsite_damping_disorder,100.0,0.2,0.2,0.0,51.0,688.7302017769396,nan,nan,18756544.94315032,1568317.3428387712,0.19229895702325842
onsite_damping_disorder,100.0,0.2,0.2,0.0,52.0,688.7302017769396,nan,nan,18756544.94315032,1568317.3428387712,0.19229895702325842
onsite_damping_disorder,100.0,0.2,0.2,0.0,53.0,688.7302017769396,nan,nan,18756544.94315032,1568317.3428387712,0.19229895702325842
onsite_damping_disorder,100.0,0.2,0.2,0.0,54.0,688.7302017769396,nan,nan,18756544.94315032,1568317.3428387712,0.19229895702325842
onsite_damping_disorder,100.0,0.2,0.2,0.0,55.0,688.7302017769396,nan,nan,18756544.94315032,1568317.3428387712,0.19229895702325842
onsite_damping_disorder,100.0,0.2,0.2,0.0,56.0,688.7302017769396,nan,nan,18756544.94315032,1568317.3428387712,0.19229895702325842
onsite_damping_disorder,100.0,0.2,0.2,0.0,57.0,688.7302017769396,nan,nan,18756544.94315032,1568317.3428387712,0.19229895702325842
onsite_damping_disorder,100.0,0.2,0.2,0.0,58.0,688.7302017769396,nan,nan,18756544.94315032,1568317.3428387712,0.19229895702325842
onsite_damping_disorder,100.0,0.2,0.2,0.0,59.0,688.7302017769396,nan,nan,18756544.94315032,1568317.3428387712,0.19229895702325842
onsite_damping_disorder,100.0,0.2,0.2,0.0,60.0,688.7302017769396,nan,nan,18756544.94315032,1568317.3428387712,0.19229895702325842
onsite_damping_disorder,100.0,0.2,0.2,0.0,61.0,688.7302017769396,nan,nan,18756544.94315032,1568317.3428387712,0.19229895702325842
onsite_damping_disorder,100.0,0.2,0.2,0.0,62.0,688.7302017769396,nan,nan,18756544.94315032,1568317.3428387712,0.19229895702325842
onsite_damping_disorder,100.0,0.2,0.2,0.0,63.0,688.7302017769396,nan,nan,18756544.94315032,1568317.3428387712,0.19229895702325842
onsite_damping_disorder,100.0,0.2,0.2,0.0,64.0,688.7302017769396,nan,nan,18756544.94315032,1568317.3428387712,0.19229895702325842
onsite_damping_disorder,100.0,0.2,0.2,0.0,65.0,688.7302017769396,nan,nan,18756544.94315032,1568317.3428387712,0.19229895702325842
onsite_damping_disorder,100.0,0.2,0.2,0.0,66.0,688.7302017769396,nan,nan,18756544.94315032,1568317.3428387712,0.19229895702325842
onsite_damping_disorder,100.0,0.2,0.2,0.0,67.0,688.7302017769396,nan,nan,18756544.94315032,1568317.3428387712,0.19229895702325842
onsite_damping_disorder,100.0,0.2,0.2,0.0,68.0,688.7302017769396,nan,nan,18756544.94315032,1568317.3428387712,0.19229895702325842
onsite_damping_disorder,100.0,0.2,0.2,0.0,69.0,688.7302017769396,nan,nan,18756544.94315032,1568317.3428387712,0.19229895702325842
onsite_damping_disorder,100.0,0.2,0.2,0.0,70.0,688.7302017769396,nan,nan,18756544.94315032,1568317.3428387712,0.19229895702325842
onsite_damping_disorder,100.0,0.2,0.2,0.0,71.0,688.7302017769396,nan,nan,18756544.94315032,1568317.3428387712,0.19229895702325842
onsite_damping_disorder,100.0,0.2,0.2,0.0,72.0,688.7302017769396,nan,nan,18756544.94315032,1568317.3428387712,0.19229895702325842
onsite_damping_disorder,100.0,0.2,0.2,0.0,73.0,688.7302017769396,nan,nan,18756544.94315032,1568317.3428387712,0.19229895702325842
onsite_damping_disorder,100.0,0.2,0.2,0.0,74.0,688.7302017769396,nan,nan,18756544.94315032,1568317.3428387712,0.19229895702325842
onsite_damping_disorder,100.0,0.2,0.2,0.0,75.0,688.7302017769396,nan,nan,18756544.94315032,1568317.3428387712,0.19229895702325842
onsite_damping_disorder,100.0,0.2,0.2,0.0,76.0,688.7302017769396,nan,nan,18756544.94315032,1568317.3428387712,0.19229895702325842
onsite_damping_disorder,100.0,0.2,0.2,0.0,77.0,688.7302017769396,nan,nan,18756544.94315032,1568317.3428387712,0.19229895702325842
onsite_damping_disorder,100.0,0.2,0.2,0.0,78.0,688.7302017769396,nan,nan,18756544.94315032,1568317.3428387712,0.19229895702325842
onsite_damping_disorder,100.0,0.2,0.2,0.0,79.0,688.7302017769396,nan,nan,18756544.94315032,1568317.3428387712,0.19229895702325842
onsite_damping_disorder,120.0,0.2,0.2,0.0,0.0,2837.115516472244,nan,nan,318279733.6788379,26612748.350401275,0.1433926683483407
onsite_damping_disorder,120.0,0.2,0.2,0.0,1.0,2837.115516472244,nan,nan,318279733.6788379,26612748.350401275,0.1433926683483407
onsite_damping_disorder,120.0,0.2,0.2,0.0,2.0,2837.115516472244,nan,nan,318279733.6788379,26612748.350401275,0.1433926683483407
onsite_damping_disorder,120.0,0.2,0.2,0.0,3.0,2837.115516472244,nan,nan,318279733.6788379,26612748.350401275,0.1433926683483407
onsite_damping_disorder,120.0,0.2,0.2,0.0,4.0,2837.115516472244,nan,nan,318279733.6788379,26612748.350401275,0.1433926683483407
onsite_damping_disorder,120.0,0.2,0.2,0.0,5.0,2837.115516472244,nan,nan,318279733.6788379,26612748.350401275,0.1433926683483407
onsite_damping_disorder,120.0,0.2,0.2,0.0,6.0,2837.115516472244,nan,nan,318279733.6788379,26612748.350401275,0.1433926683483407
onsite_damping_disorder,120.0,0.2,0.2,0.0,7.0,2837.115516472244,nan,nan,318279733.6788379,26612748.350401275,0.1433926683483407
onsite_damping_disorder,120.0,0.2,0.2,0.0,8.0,2837.115516472244,nan,nan,318279733.6788379,26612748.350401275,0.1433926683483407
onsite_damping_disorder,120.0,0.2,0.2,0.0,9.0,2837.115516472244,nan,nan,318279733.6788379,26612748.350401275,0.1433926683483407
onsite_damping_disorder,120.0,0.2,0.2,0.0,10.0,2837.115516472244,nan,nan,318279733.6788379,26612748.350401275,0.1433926683483407
onsite_damping_disorder,120.0,0.2,0.2,0.0,11.0,2837.115516472244,nan,nan,318279733.6788379,26612748.350401275,0.1433926683483407
onsite_damping_disorder,120.0,0.2,0.2,0.0,12.0,2837.115516472244,nan,nan,318279733.6788379,26612748.350401275,0.1433926683483407
onsite_damping_disorder,120.0,0.2,0.2,0.0,13.0,2837.115516472244,nan,nan,318279733.6788379,26612748.350401275,0.1433926683483407
onsite_damping_disorder,120.0,0.2,0.2,0.0,14.0,2837.115516472244,nan,nan,318279733.6788379,26612748.350401275,0.1433926683483407
onsite_damping_disorder,120.0,0.2,0.2,0.0,15.0,2837.115516472244,nan,nan,318279733.6788379,26612748.350401275,0.1433926683483407
onsite_damping_disorder,120.0,0.2,0.2,0.0,16.0,2837.115516472244,nan,nan,318279733.6788379,26612748.350401275,0.1433926683483407
onsite_damping_disorder,120.0,0.2,0.2,0.0,17.0,2837.115516472244,nan,nan,318279733.6788379,26612748.350401275,0.1433926683483407
onsite_damping_disorder,120.0,0.2,0.2,0.0,18.0,2837.115516472244,nan,nan,318279733.6788379,26612748.350401275,0.1433926683483407
onsite_damping_disorder,120.0,0.2,0.2,0.0,19.0,2837.115516472244,nan,nan,318279733.6788379,26612748.350401275,0.1433926683483407
onsite_damping_disorder,120.0,0.2,0.2,0.0,20.0,2837.115516472244,nan,nan,318279733.6788379,26612748.350401275,0.1433926683483407
onsite_damping_disorder,120.0,0.2,0.2,0.0,21.0,2837.115516472244,nan,nan,318279733.6788379,26612748.350401275,0.1433926683483407
onsite_damping_disorder,120.0,0.2,0.2,0.0,22.0,2837.115516472244,nan,nan,318279733.6788379,26612748.350401275,0.1433926683483407
onsite_damping_disorder,120.0,0.2,0.2,0.0,23.0,2837.115516472244,nan,nan,318279733.6788379,26612748.350401275,0.1433926683483407
onsite_damping_disorder,120.0,0.2,0.2,0.0,24.0,2837.115516472244,nan,nan,318279733.6788379,26612748.350401275,0.1433926683483407
onsite_damping_disorder,120.0,0.2,0.2,0.0,25.0,2837.115516472244,nan,nan,318279733.6788379,26612748.350401275,0.1433926683483407
onsite_damping_disorder,120.0,0.2,0.2,0.0,26.0,2837.115516472244,nan,nan,318279733.6788379,26612748.350401275,0.1433926683483407
onsite_damping_disorder,120.0,0.2,0.2,0.0,27.0,2837.115516472244,nan,nan,318279733.6788379,26612748.350401275,0.1433926683483407
onsite_damping_disorder,120.0,0.2,0.2,0.0,28.0,2837.115516472244,nan,nan,318279733.6788379,26612748.350401275,0.1433926683483407
onsite_damping_disorder,120.0,0.2,0.2,0.0,29.0,2837.115516472244,nan,nan,318279733.6788379,26612748.350401275,0.1433926683483407
onsite_damping_disorder,120.0,0.2,0.2,0.0,30.0,2837.115516472244,nan,nan,318279733.6788379,26612748.350401275,0.1433926683483407
onsite_damping_disorder,120.0,0.2,0.2,0.0,31.0,2837.115516472244,nan,nan,318279733.6788379,26612748.350401275,0.1433926683483407
onsite_damping_disorder,120.0,0.2,0.2,0.0,32.0,2837.115516472244,nan,nan,318279733.6788379,26612748.350401275,0.1433926683483407
onsite_damping_disorder,120.0,0.2,0.2,0.0,33.0,2837.115516472244,nan,nan,318279733.6788379,26612748.350401275,0.1433926683483407
onsite_damping_disorder,120.0,0.2,0.2,0.0,34.0,2837.115516472244,nan,nan,318279733.6788379,26612748.350401275,0.1433926683483407
onsite_damping_disorder,120.0,0.2,0.2,0.0,35.0,2837.115516472244,nan,nan,318279733.6788379,26612748.350401275,0.1433926683483407
onsite_damping_disorder,120.0,0.2,0.2,0.0,36.0,2837.115516472244,nan,nan,318279733.6788379,26612748.350401275,0.1433926683483407
onsite_damping_disorder,120.0,0.2,0.2,0.0,37.0,2837.115516472244,nan,nan,318279733.6788379,26612748.350401275,0.1433926683483407
onsite_damping_disorder,120.0,0.2,0.2,0.0,38.0,2837.115516472244,nan,nan,318279733.6788379,26612748.350401275,0.1433926683483407
onsite_damping_disorder,120.0,0.2,0.2,0.0,39.0,2837.115516472244,nan,nan,318279733.6788379,26612748.350401275,0.1433926683483407
onsite_damping_disorder,120.0,0.2,0.2,0.0,40.0,2837.115516472244,nan,nan,318279733.6788379,26612748.350401275,0.1433926683483407
onsite_damping_disorder,120.0,0.2,0.2,0.0,41.0,2837.115516472244,nan,nan,318279733.6788379,26612748.350401275,0.1433926683483407
onsite_damping_disorder,120.0,0.2,0.2,0.0,42.0,2837.115516472244,nan,nan,318279733.6788379,26612748.350401275,0.1433926683483407
onsite_damping_disorder,120.0,0.2,0.2,0.0,43.0,2837.115516472244,nan,nan,318279733.6788379,26612748.350401275,0.1433926683483407
onsite_damping_disorder,120.0,0.2,0.2,0.0,44.0,2837.115516472244,nan,nan,318279733.6788379,26612748.350401275,0.1433926683483407
onsite_damping_disorder,120.0,0.2,0.2,0.0,45.0,2837.115516472244,nan,nan,318279733.6788379,26612748.350401275,0.1433926683483407
onsite_damping_disorder,120.0,0.2,0.2,0.0,46.0,2837.115516472244,nan,nan,318279733.6788379,26612748.350401275,0.1433926683483407
onsite_damping_disorder,120.0,0.2,0.2,0.0,47.0,2837.115516472244,nan,nan,318279733.6788379,26612748.350401275,0.1433926683483407
onsite_damping_disorder,120.0,0.2,0.2,0.0,48.0,2837.115516472244,nan,nan,318279733.6788379,26612748.350401275,0.1433926683483407
onsite_damping_disorder,120.0,0.2,0.2,0.0,49.0,2837.115516472244,nan,nan,318279733.6788379,26612748.350401275,0.1433926683483407
onsite_damping_disorder,120.0,0.2,0.2,0.0,50.0,2837.115516472244,nan,nan,318279733.6788379,26612748.350401275,0.1433926683483407
onsite_damping_disorder,120.0,0.2,0.2,0.0,51.0,2837.115516472244,nan,nan,318279733.6788379,26612748.350401275,0.1433926683483407
onsite_damping_disorder,120.0,0.2,0.2,0.0,52.0,2837.115516472244,nan,nan,318279733.6788379,26612748.350401275,0.1433926683483407
onsite_damping_disorder,120.0,0.2,0.2,0.0,53.0,2837.115516472244,nan,nan,318279733.6788379,26612748.350401275,0.1433926683483407
onsite_damping_disorder,120.0,0.2,0.2,0.0,54.0,2837.115516472244,nan,nan,318279733.6788379,26612748.350401275,0.1433926683483407
onsite_damping_disorder,120.0,0.2,0.2,0.0,55.0,2837.115516472244,nan,nan,318279733.6788379,26612748.350401275,0.1433926683483407
onsite_damping_disorder,120.0,0.2,0.2,0.0,56.0,2837.115516472244,nan,nan,318279733.6788379,26612748.350401275,0.1433926683483407
onsite_damping_disorder,120.0,0.2,0.2,0.0,57.0,2837.115516472244,nan,nan,318279733.6788379,26612748.350401275,0.1433926683483407
onsite_damping_disorder,120.0,0.2,0.2,0.0,58.0,2837.115516472244,nan,nan,318279733.6788379,26612748.350401275,0.1433926683483407
onsite_damping_disorder,120.0,0.2,0.2,0.0,59.0,2837.115516472244,nan,nan,318279733.6788379,26612748.350401275,0.1433926683483407
onsite_damping_disorder,120.0,0.2,0.2,0.0,60.0,2837.115516472244,nan,nan,318279733.6788379,26612748.350401275,0.1433926683483407
onsite_damping_disorder,120.0,0.2,0.2,0.0,61.0,2837.115516472244,nan,nan,318279733.6788379,26612748.350401275,0.1433926683483407
onsite_damping_disorder,120.0,0.2,0.2,0.0,62.0,2837.115516472244,nan,nan,318279733.6788379,26612748.350401275,0.1433926683483407
onsite_damping_disorder,120.0,0.2,0.2,0.0,63.0,2837.115516472244,nan,nan,318279733.6788379,26612748.350401275,0.1433926683483407
onsite_damping_disorder,120.0,0.2,0.2,0.0,64.0,2837.115516472244,nan,nan,318279733.6788379,26612748.350401275,0.1433926683483407
onsite_damping_disorder,120.0,0.2,0.2,0.0,65.0,2837.115516472244,nan,nan,318279733.6788379,26612748.350401275,0.1433926683483407
onsite_damping_disorder,120.0,0.2,0.2,0.0,66.0,2837.115516472244,nan,nan,318279733.6788379,26612748.350401275,0.1433926683483407
onsite_damping_disorder,120.0,0.2,0.2,0.0,67.0,2837.115516472244,nan,nan,318279733.6788379,26612748.350401275,0.1433926683483407
onsite_damping_disorder,120.0,0.2,0.2,0.0,68.0,2837.115516472244,nan,nan,318279733.6788379,26612748.350401275,0.1433926683483407
onsite_damping_disorder,120.0,0.2,0.2,0.0,69.0,2837.115516472244,nan,nan,318279733.6788379,26612748.350401275,0.1433926683483407
onsite_damping_disorder,120.0,0.2,0.2,0.0,70.0,2837.115516472244,nan,nan,318279733.6788379,26612748.350401275,0.1433926683483407
onsite_damping_disorder,120.0,0.2,0.2,0.0,71.0,2837.115516472244,nan,nan,318279733.6788379,26612748.350401275,0.1433926683483407
onsite_damping_disorder,120.0,0.2,0.2,0.0,72.0,2837.115516472244,nan,nan,318279733.6788379,26612748.350401275,0.1433926683483407
onsite_damping_disorder,120.0,0.2,0.2,0.0,73.0,2837.115516472244,nan,nan,318279733.6788379,26612748.350401275,0.1433926683483407
onsite_damping_disorder,120.0,0.2,0.2,0.0,74.0,2837.115516472244,nan,nan,318279733.6788379,26612748.350401275,0.1433926683483407
onsite_damping_disorder,120.0,0.2,0.2,0.0,75.0,2837.115516472244,nan,nan,318279733.6788379,26612748.350401275,0.1433926683483407
onsite_damping_disorder,120.0,0.2,0.2,0.0,76.0,2837.115516472244,nan,nan,318279733.6788379,26612748.350401275,0.1433926683483407
onsite_damping_disorder,120.0,0.2,0.2,0.0,77.0,2837.115516472244,nan,nan,318279733.6788379,26612748.350401275,0.1433926683483407
onsite_damping_disorder,120.0,0.2,0.2,0.0,78.0,2837.115516472244,nan,nan,318279733.6788379,26612748.350401275,0.1433926683483407
onsite_damping_disorder,120.0,0.2,0.2,0.0,79.0,2837.115516472244,nan,nan,318279733.6788379,26612748.350401275,0.1433926683483407
onsite_damping_disorder,20.0,0.2,0.2,0.02,0.0,2.360291982777602,nan,nan,211.94838298056683,18.162208179580166,0.21100925804164805
onsite_damping_disorder,20.0,0.2,0.2,0.02,1.0,2.3988208745595734,nan,nan,212.99154701468504,19.075084120420758,0.21104387417311732
onsite_damping_disorder,20.0,0.2,0.2,0.02,2.0,2.2745082913579,nan,nan,201.55900401197965,17.090976904620852,0.21326942644645838
onsite_damping_disorder,20.0,0.2,0.2,0.02,3.0,2.2918029434737233,nan,nan,186.41761100339124,17.217245996325573,0.21423015904633197
onsite_damping_disorder,20.0,0.2,0.2,0.02,4.0,2.4358050880761435,nan,nan,210.28661185088419,19.528182373520472,0.2124271654532469
onsite_damping_disorder,20.0,0.2,0.2,0.02,5.0,2.3374057588091475,nan,nan,204.2825338486394,17.86288043383861,0.21370550716055875
onsite_damping_disorder,20.0,0.2,0.2,0.02,6.0,2.3116976492545613,nan,nan,180.4791129040022,17.647030578932505,0.21108680016098336
onsite_damping_disorder,20.0,0.2,0.2,0.02,7.0,2.469734808077252,nan,nan,223.6406176923822,20.061065542253946,0.21090981123592314
onsite_damping_disorder,20.0,0.2,0.2,0.02,8.0,2.38769362549032,nan,nan,215.02399650007357,19.050191977617462,0.20922401823723466
onsite_damping_disorder,20.0,0.2,0.2,0.02,9.0,2.448047297702126,nan,nan,223.26673333987918,19.629394137942192,0.2104886028226192
onsite_damping_disorder,20.0,0.2,0.2,0.02,10.0,2.374714384453844,nan,nan,201.16421554891608,18.358146402988957,0.2125718939139934
onsite_damping_disorder,20.0,0.2,0.2,0.02,11.0,2.4370792266268557,nan,nan,215.16659801844585,19.743240464752187,0.2111902361471293
onsite_damping_disorder,20.0,0.2,0.2,0.02,12.0,2.4983372560990897,nan,nan,229.79310184653215,20.281165510370183,0.20919667432419214
onsite_damping_disorder,20.0,0.2,0.2,0.02,13.0,2.372540457657244,nan,nan,194.781448808754,18.716642166143924,0.2127854435628598
onsite_damping_disorder,20.0,0.2,0.2,0.02,14.0,2.502125328939734,nan,nan,219.98831841878922,20.524457759244232,0.21035512112354438
onsite_damping_disorder,20.0,0.2,0.2,0.02,15.0,2.314054968156417,nan,nan,196.64078240494436,17.88531205916802,0.2098354332123961
onsite_damping_disorder,20.0,0.2,0.2,0.02,16.0,2.1169287631777753,nan,nan,169.82189075899473,14.61605149561602,0.21653902695185087
onsite_damping_disorder,20.0,0.2,0.2,0.02,17.0,2.330442003761166,nan,nan,216.41465994953444,18.205686717392098,0.2091055401158926
onsite_damping_disorder,20.0,0.2,0.2,0.02,18.0,2.4730047118090632,nan,nan,214.9108156636947,19.970862439518935,0.2094909127403233
onsite_damping_disorder,20.0,0.2,0.2,0.02,19.0,2.5064651364837416,nan,nan,215.66788228233958,20.41351147758617,0.20966284240710423
onsite_damping_disorder,20.0,0.2,0.2,0.02,20.0,2.1617984682210496,nan,nan,170.55019558778577,15.268320046599118,0.21698834998355349
onsite_damping_disorder,20.0,0.2,0.2,0.02,21.0,2.231034213296232,nan,nan,195.51759509625066,16.55001148363105,0.2124370206836898
onsite_damping_disorder,20.0,0.2,0.2,0.02,22.0,2.048599108865745,nan,nan,163.0969826000377,13.906240343821242,0.21454121528298642
onsite_damping_disorder,20.0,0.2,0.2,0.02,23.0,2.433941715621155,nan,nan,208.64999403304972,19.449973500462498,0.21225718332219234
onsite_damping_disorder,20.0,0.2,0.2,0.02,24.0,2.294872408389065,nan,nan,197.0561485111726,17.385101124099783,0.20934319896743633
onsite_damping_disorder,20.0,0.2,0.2,0.02,25.0,2.4126404280839573,nan,nan,206.77267280371265,19.33333495172191,0.21310951718995316
onsite_damping_disorder,20.0,0.2,0.2,0.02,26.0,2.2793109460497103,nan,nan,188.84010167574056,17.328517472240762,0.2121511093234304
onsite_damping_disorder,20.0,0.2,0.2,0.02,27.0,2.117526716591558,nan,nan,164.69561953433723,14.837499835300374,0.21668111041319452
onsite_damping_disorder,20.0,0.2,0.2,0.02,28.0,2.022965354235362,nan,nan,157.77050061713257,13.499072646325942,0.21896366621803695
onsite_damping_disorder,20.0,0.2,0.2,0.02,29.0,2.447051858938323,nan,nan,207.9273181155914,19.501056797287568,0.21270947574038226
onsite_damping_disorder,20.0,0.2,0.2,0.02,30.0,2.903169769430931,nan,nan,296.2219216061686,28.296333120065952,0.20180342362576478
onsite_damping_disorder,20.0,0.2,0.2,0.02,31.0,2.4488207564037228,nan,nan,211.4712805110813,19.908830880746684,0.21184130274037435
onsite_damping_disorder,20.0,0.2,0.2,0.02,32.0,2.3924976452962037,nan,nan,203.49215593826932,18.919511822244036,0.2115886189853997
onsite_damping_disorder,20.0,0.2,0.2,0.02,33.0,2.353771000856539,nan,nan,208.45243956516225,18.624816479889994,0.2120907736589508
onsite_damping_disorder,20.0,0.2,0.2,0.02,34.0,2.3868080980573536,nan,nan,214.18466068574963,19.064011317393714,0.2094352263584935
onsite_damping_disorder,20.0,0.2,0.2,0.02,35.0,2.482056924129901,nan,nan,206.02837231814698,20.573481328017312,0.21119340976776882
onsite_damping_disorder,20.0,0.2,0.2,0.02,36.0,2.4588783121893445,nan,nan,223.65728352383957,20.333992626608442,0.2095087452601866
onsite_damping_disorder,20.0,0.2,0.2,0.02,37.0,2.286001773361589,nan,nan,194.52206013042255,17.495144119737812,0.20828099673215528
onsite_damping_disorder,20.0,0.2,0.2,0.02,38.0,2.3693164671212155,nan,nan,200.4035945543625,18.44029503852333,0.21376666398276795
onsite_damping_disorder,20.0,0.2,0.2,0.02,39.0,2.6846581214689955,nan,nan,262.48861195395375,23.822608620893327,0.20517424099271417
onsite_damping_disorder,20.0,0.2,0.2,0.02,40.0,2.4986889370082497,nan,nan,229.01122746015744,20.711805734204695,0.20934668176680093
onsite_damping_disorder,20.0,0.2,0.2,0.02,41.0,2.45724912040943,nan,nan,213.88993379404266,20.142947381141507,0.21015257076920046
onsite_damping_disorder,20.0,0.2,0.2,0.02,42.0,2.48081602505385,nan,nan,216.13377619041285,20.638367774611307,0.20895131257775557
onsite_damping_disorder,20.0,0.2,0.2,0.02,43.0,2.5493377689367023,nan,nan,215.45015584982986,21.15394313994737,0.2049081844923092
onsite_damping_disorder,20.0,0.2,0.2,0.02,44.0,2.418202341126485,nan,nan,221.04660626761373,19.632795936107115,0.20672312302294724
onsite_damping_disorder,20.0,0.2,0.2,0.02,45.0,2.8270227615179087,nan,nan,275.63090235632075,26.233964371466424,0.20542159963217022
onsite_damping_disorder,20.0,0.2,0.2,0.02,46.0,2.642224755916455,nan,nan,248.26344419310203,22.716470381037325,0.20950492319182532
onsite_damping_disorder,20.0,0.2,0.2,0.02,47.0,2.600857255528925,nan,nan,246.95892861246818,22.390257670612996,0.20903839957373763
onsite_damping_disorder,20.0,0.2,0.2,0.02,48.0,2.328578157683405,nan,nan,192.89146387971672,17.642536676063123,0.21183312208166605
onsite_damping_disorder,20.0,0.2,0.2,0.02,49.0,2.1640799479059796,nan,nan,191.08200977308096,15.471516276136141,0.21535818255868353
onsite_damping_disorder,20.0,0.2,0.2,0.02,50.0,2.2669294618570586,nan,nan,196.90567716860082,16.958734667338344,0.20871129959942358
onsite_damping_disorder,20.0,0.2,0.2,0.02,51.0,2.4633340503177727,nan,nan,218.76330038452048,19.88627569048356,0.21004684013585667
onsite_damping_disorder,20.0,0.2,0.2,0.02,52.0,2.4276321784001342,nan,nan,219.10333744423681,19.33688976306363,0.21020371235867386
onsite_damping_disorder,20.0,0.2,0.2,0.02,53.0,2.620262151030131,nan,nan,241.0606659581658,22.60212017831369,0.20950566958666664
onsite_damping_disorder,20.0,0.2,0.2,0.02,54.0,2.2255694537607686,nan,nan,185.0404637125831,16.47895152992065,0.21360049060804787
onsite_damping_disorder,20.0,0.2,0.2,0.02,55.0,2.479059370995852,nan,nan,222.23319641069946,20.27042912808242,0.20804290044365506
onsite_damping_disorder,20.0,0.2,0.2,0.02,56.0,2.267811197362921,nan,nan,201.40982977788985,17.123338622058828,0.21119377947345988
onsite_damping_disorder,20.0,0.2,0.2,0.02,57.0,2.115315608846478,nan,nan,169.6426172824846,14.943845434007267,0.21852095845164876
onsite_damping_disorder,20.0,0.2,0.2,0.02,58.0,2.251849183537806,nan,nan,187.44307705558055,16.544773441880015,0.21395644920668716
onsite_damping_disorder,20.0,0.2,0.2,0.02,59.0,2.52135883772006,nan,nan,219.01906011648686,21.01928032450448,0.20646030242277563
onsite_damping_disorder,20.0,0.2,0.2,0.02,60.0,2.385277372886346,nan,nan,206.10646858654437,18.723680939264835,0.20896456799292587
onsite_damping_disorder,20.0,0.2,0.2,0.02,61.0,2.2691997956960592,nan,nan,185.08868412494516,16.81090949840775,0.2148064296460045
onsite_damping_disorder,20.0,0.2,0.2,0.02,62.0,2.1639513608568643,nan,nan,182.52777218348965,15.486784440879651,0.21398919564640528
onsite_damping_disorder,20.0,0.2,0.2,0.02,63.0,2.0659866503975883,nan,nan,170.82638423860791,14.306352070964397,0.2190812266424638
onsite_damping_disorder,20.0,0.2,0.2,0.02,64.0,2.2326077955597383,nan,nan,193.73160238428608,16.517057575990055,0.2147972083485219
onsite_damping_disorder,20.0,0.2,0.2,0.02,65.0,2.2917350778959658,nan,nan,192.17540777521597,17.210730094032012,0.21256102646049002
onsite_damping_disorder,20.0,0.2,0.2,0.02,66.0,2.3406068927253187,nan,nan,213.72873279274214,18.10033743841705,0.2125293320959649
onsite_damping_disorder,20.0,0.2,0.2,0.02,67.0,2.1036076888155146,nan,nan,174.11461975795686,14.819049938992201,0.21597563036032436
onsite_damping_disorder,20.0,0.2,0.2,0.02,68.0,2.0854552320805384,nan,nan,173.90236196485424,14.55114198073229,0.21837562319033232
onsite_damping_disorder,20.0,0.2,0.2,0.02,69.0,2.006848911719633,nan,nan,167.60395128113822,13.487060002728914,0.21640480662129036
onsite_damping_disorder,20.0,0.2,0.2,0.02,70.0,2.2852361357133586,nan,nan,200.97226670549253,17.41495485174734,0.21283470704122942
onsite_damping_disorder,20.0,0.2,0.2,0.02,71.0,2.5223980725997515,nan,nan,231.9085793594204,21.10000980080905,0.2091668203321413
onsite_damping_disorder,20.0,0.2,0.2,0.02,72.0,2.2645188227520303,nan,nan,196.14319077394177,17.121001056233663,0.2110753975193883
onsite_damping_disorder,20.0,0.2,0.2,0.02,73.0,2.160473084962608,nan,nan,181.07522319097532,15.449092735417034,0.2165035351888136
onsite_damping_disorder,20.0,0.2,0.2,0.02,74.0,2.417236832444637,nan,nan,202.8080638619459,19.310593937657643,0.21219406460132514
onsite_damping_disorder,20.0,0.2,0.2,0.02,75.0,2.4156308174096184,nan,nan,202.90037143970568,19.39953090930829,0.21028489720709426
onsite_damping_disorder,20.0,0.2,0.2,0.02,76.0,2.7073154199700187,nan,nan,247.5701255358314,23.845104582600666,0.20919013062463465
onsite_damping_disorder,20.0,0.2,0.2,0.02,77.0,2.509537095114956,nan,nan,231.1675678390377,20.76536848922951,0.21028504762062794
onsite_damping_disorder,20.0,0.2,0.2,0.02,78.0,2.536611492437737,nan,nan,214.1475887628626,21.176141039485213,0.21149432044216263
onsite_damping_disorder,20.0,0.2,0.2,0.02,79.0,2.606807534350328,nan,nan,227.0660972296095,22.432453711415995,0.20794652515899797
onsite_damping_disorder,30.0,0.2,0.2,0.02,0.0,4.689760265599699,nan,nan,815.8022413146064,71.81031021443468,0.2046441134280138
onsite_damping_disorder,30.0,0.2,0.2,0.02,1.0,4.542938105728932,nan,nan,861.5267522397498,69.13900296473531,0.20737023729308893
onsite_damping_disorder,30.0,0.2,0.2,0.02,2.0,5.141392808918265,nan,nan,965.075117826358,86.81316704682978,0.20402220556319028
onsite_damping_disorder,30.0,0.2,0.2,0.02,3.0,5.237232874461629,nan,nan,1032.786662343922,91.61417238174167,0.20328085246250502
onsite_damping_disorder,30.0,0.2,0.2,0.02,4.0,4.044821101639209,nan,nan,700.443658048482,54.86522622467921,0.20863325825970258
onsite_damping_disorder,30.0,0.2,0.2,0.02,5.0,4.946208008687588,nan,nan,952.1525489382661,80.68874543135591,0.20531254785071051
onsite_damping_disorder,30.0,0.2,0.2,0.02,6.0,4.660687840420686,nan,nan,869.6790486226619,72.1922509547091,0.20686903395280282
onsite_damping_disorder,30.0,0.2,0.2,0.02,7.0,4.771391678255687,nan,nan,960.494705536432,75.66980428081632,0.20406653929759538
onsite_damping_disorder,30.0,0.2,0.2,0.02,8.0,5.411469771376416,nan,nan,1122.6595812752262,95.71080152702271,0.2018869177646768
onsite_damping_disorder,30.0,0.2,0.2,0.02,9.0,4.520213224076539,nan,nan,871.4326274487748,68.66017647872863,0.20516198920854123
onsite_damping_disorder,30.0,0.2,0.2,0.02,10.0,5.346617607814992,nan,nan,1043.3586986484868,94.1546425604328,0.2020204909062761
onsite_damping_disorder,30.0,0.2,0.2,0.02,11.0,5.132482538161131,nan,nan,1004.8262286238959,87.4878376703913,0.20612227330839117
onsite_damping_disorder,30.0,0.2,0.2,0.02,12.0,5.524994439209862,nan,nan,1122.2715105220386,100.48647112031465,0.20226768981379506
onsite_damping_disorder,30.0,0.2,0.2,0.02,13.0,4.826622709236803,nan,nan,937.4860901974373,76.1814686351922,0.2020920967860943
onsite_damping_disorder,30.0,0.2,0.2,0.02,14.0,5.362247756364577,nan,nan,1031.1272157942817,96.47909785233713,0.20138483957941944
onsite_damping_disorder,30.0,0.2,0.2,0.02,15.0,4.486638942269022,nan,nan,783.0031301143906,67.07739719837883,0.20913513029532776
onsite_damping_disorder,30.0,0.2,0.2,0.02,16.0,4.9828333829135465,nan,nan,970.900559394825,83.03584734403536,0.20345321670903949
onsite_damping_disorder,30.0,0.2,0.2,0.02,17.0,4.718364551778826,nan,nan,875.354132998145,73.7952709124883,0.20600731014315696
onsite_damping_disorder,30.0,0.2,0.2,0.02,18.0,5.02614542381108,nan,nan,974.3394793290126,83.28584627573687,0.20184962909418838
onsite_damping_disorder,30.0,0.2,0.2,0.02,19.0,4.083529700242879,nan,nan,705.1533507912429,55.810290370071385,0.20685788074633027
onsite_damping_disorder,30.0,0.2,0.2,0.02,20.0,5.125874077997257,nan,nan,986.7309941041111,85.46245472878196,0.20262938739095365
onsite_damping_disorder,30.0,0.2,0.2,0.02,21.0,3.922287722124357,nan,nan,674.5757810043691,51.56034499341414,0.20956197948388017
onsite_damping_disorder,30.0,0.2,0.2,0.02,22.0,4.626680522863766,nan,nan,877.1942721136953,71.98794454744714,0.20465697938255867
onsite_damping_disorder,30.0,0.2,0.2,0.02,23.0,4.737565129483247,nan,nan,933.9784304925105,75.31901198105683,0.20567307590709588
onsite_damping_disorder,30.0,0.2,0.2,0.02,24.0,4.416495279216661,nan,nan,743.4339899294768,64.55809387820334,0.20581313862946085
onsite_damping_disorder,30.0,0.2,0.2,0.02,25.0,5.009835643503995,nan,nan,923.1770251513518,83.82444122732836,0.20212414461004524
onsite_damping_disorder,30.0,0.2,0.2,0.02,26.0,4.198792709043873,nan,nan,749.699550552019,58.04964476116394,0.20909113014520136
onsite_damping_disorder,30.0,0.2,0.2,0.02,27.0,4.696388485949994,nan,nan,915.9367091802928,72.89526975969449,0.2047815192053772
onsite_damping_disorder,30.0,0.2,0.2,0.02,28.0,4.8262634127294035,nan,nan,933.9499619150503,77.88232474726948,0.20530129844857065
onsite_damping_disorder,30.0,0.2,0.2,0.02,29.0,4.802201971141452,nan,nan,851.2782649804093,76.18196592360644,0.2045517786903186
onsite_damping_disorder,30.0,0.2,0.2,0.02,30.0,5.3795831116242185,nan,nan,1103.3515745993511,96.62217071796918,0.20205908436267828
onsite_damping_disorder,30.0,0.2,0.2,0.02,31.0,4.619299068046791,nan,nan,830.1981049225849,71.74431340848632,0.20624293253461826
onsite_damping_disorder,30.0,0.2,0.2,0.02,32.0,4.695412823252234,nan,nan,867.2784766798883,73.53332404946389,0.20348119428516512
onsite_damping_disorder,30.0,0.2,0.2,0.02,33.0,5.581089951567338,nan,nan,1189.9973911316754,104.6116145708142,0.19910647574662632
onsite_damping_disorder,30.0,0.2,0.2,0.02,34.0,4.932908952175355,nan,nan,922.4264059559437,81.5201810406988,0.20428009295373467
onsite_damping_disorder,30.0,0.2,0.2,0.02,35.0,5.021143434448352,nan,nan,912.9541217767331,84.18063107392076,0.20520026067180144
onsite_damping_disorder,30.0,0.2,0.2,0.02,36.0,4.422936974406355,nan,nan,791.9268394281123,64.23604115242762,0.2079688381499124
onsite_damping_disorder,30.0,0.2,0.2,0.02,37.0,4.686210643625402,nan,nan,914.918263290834,73.37565193670447,0.20416881214159477
onsite_damping_disorder,30.0,0.2,0.2,0.02,38.0,5.123003995122784,nan,nan,978.4188564959943,85.53975647329607,0.20587944230943972
onsite_damping_disorder,30.0,0.2,0.2,0.02,39.0,4.10799978561801,nan,nan,696.5960865874151,56.29299128091571,0.2102261169435959
onsite_damping_disorder,30.0,0.2,0.2,0.02,40.0,5.470386992438506,nan,nan,1123.2801569674177,98.90615502007675,0.202221534230483
onsite_damping_disorder,30.0,0.2,0.2,0.02,41.0,4.184772149963796,nan,nan,712.7731123984787,57.432169600911735,0.20676799349051886
onsite_damping_disorder,30.0,0.2,0.2,0.02,42.0,4.747506179070763,nan,nan,913.58895134562,73.92917163983826,0.20501363545782703
onsite_damping_disorder,30.0,0.2,0.2,0.02,43.0,4.658517652142185,nan,nan,874.943151606665,71.78628957306832,0.20529983202971844
onsite_damping_disorder,30.0,0.2,0.2,0.02,44.0,4.825135178403589,nan,nan,885.61740445802,77.75271569240034,0.20506142781399436
onsite_damping_disorder,30.0,0.2,0.2,0.02,45.0,5.116930890052898,nan,nan,1022.6830982464404,87.57840669338702,0.20347597520022165
onsite_damping_disorder,30.0,0.2,0.2,0.02,46.0,4.527644672157015,nan,nan,836.115120723733,68.0049313246996,0.20712358214013565
onsite_damping_disorder,30.0,0.2,0.2,0.02,47.0,5.060453016777303,nan,nan,995.8920214317468,85.12019658022409,0.20520879406808962
onsite_damping_disorder,30.0,0.2,0.2,0.02,48.0,4.154764149996548,nan,nan,714.3744705111991,58.00168694928326,0.2101028498961326
onsite_damping_disorder,30.0,0.2,0.2,0.02,49.0,4.310371594537082,nan,nan,758.5169431877797,61.14298428426742,0.20766587018522373
onsite_damping_disorder,30.0,0.2,0.2,0.02,50.0,4.734633383458216,nan,nan,836.1061956149737,74.47128858019984,0.20401644560551715
onsite_damping_disorder,30.0,0.2,0.2,0.02,51.0,5.162243908360847,nan,nan,1096.7226330906585,88.09025304537589,0.20274011878053796
onsite_damping_disorder,30.0,0.2,0.2,0.02,52.0,4.774930699226664,nan,nan,857.7496942211872,74.27425124372908,0.20676718515425824
onsite_damping_disorder,30.0,0.2,0.2,0.02,53.0,4.642997185595406,nan,nan,836.1100583992073,72.27590105244794,0.2067602638874699
onsite_damping_disorder,30.0,0.2,0.2,0.02,54.0,4.863712957053357,nan,nan,929.4774485050146,78.40714190093523,0.2035932171259967
onsite_damping_disorder,30.0,0.2,0.2,0.02,55.0,5.381125871825002,nan,nan,1085.559830174077,95.11226755424192,0.20350355106043794
onsite_damping_disorder,30.0,0.2,0.2,0.02,56.0,4.6333561608210045,nan,nan,864.0121429236733,70.75738383386737,0.20545473697953676
onsite_damping_disorder,30.0,0.2,0.2,0.02,57.0,5.038983272873625,nan,nan,971.0449241584471,83.22363146804737,0.20311198484628967
onsite_damping_disorder,30.0,0.2,0.2,0.02,58.0,5.1087187125507745,nan,nan,1017.886322036846,86.28651458917868,0.20295549722364203
onsite_damping_disorder,30.0,0.2,0.2,0.02,59.0,5.850461602976107,nan,nan,1207.1054219427647,114.1714549745599,0.20074141091570422
onsite_damping_disorder,30.0,0.2,0.2,0.02,60.0,4.446470434446897,nan,nan,753.5183555414669,64.24805448954649,0.20907152351401326
onsite_damping_disorder,30.0,0.2,0.2,0.02,61.0,4.482903576000746,nan,nan,770.7138434353227,65.76994098426613,0.2076020058852567
onsite_damping_disorder,30.0,0.2,0.2,0.02,62.0,5.115215888234395,nan,nan,1058.4206285218302,86.92365653286754,0.20247133515599208
onsite_damping_disorder,30.0,0.2,0.2,0.02,63.0,5.959659122816557,nan,nan,1320.6529056405454,118.24517883008434,0.1993204582250656
onsite_damping_disorder,30.0,0.2,0.2,0.02,64.0,5.066698817468405,nan,nan,919.5370800525548,84.40269434503821,0.2051652998868818
onsite_damping_disorder,30.0,0.2,0.2,0.02,65.0,4.580867412651003,nan,nan,753.9194706729993,68.66756515570926,0.20733890868435867
onsite_damping_disorder,30.0,0.2,0.2,0.02,66.0,4.04646384373499,nan,nan,716.206090607015,54.662324362610015,0.2091029806807165
onsite_damping_disorder,30.0,0.2,0.2,0.02,67.0,4.500609671027532,nan,nan,788.4803703404659,66.6748279971543,0.20790608243823128
onsite_damping_disorder,30.0,0.2,0.2,0.02,68.0,4.998734939110495,nan,nan,959.559107114038,83.33725636497685,0.20357433645251144
onsite_damping_disorder,30.0,0.2,0.2,0.02,69.0,4.921830902263919,nan,nan,854.2164851146808,80.5279626224603,0.2032521247656605
onsite_damping_disorder,30.0,0.2,0.2,0.02,70.0,5.515078402183822,nan,nan,1160.5892105987607,100.47557315547289,0.2017135009422548
onsite_damping_disorder,30.0,0.2,0.2,0.02,71.0,4.532960510519836,nan,nan,883.4110206971056,68.29066646086878,0.20574055600617427
onsite_damping_disorder,30.0,0.2,0.2,0.02,72.0,4.78846519250534,nan,nan,889.3797785554501,76.36117941649943,0.20606905366161823
onsite_damping_disorder,30.0,0.2,0.2,0.02,73.0,4.97486140172547,nan,nan,944.3470116164826,80.58053524033629,0.20466630045442924
onsite_damping_disorder,30.0,0.2,0.2,0.02,74.0,5.006103859083697,nan,nan,1040.5967804591303,82.30218912404827,0.2012578718386385
onsite_damping_disorder,30.0,0.2,0.2,0.02,75.0,5.004442842824777,nan,nan,944.2464168601696,82.5439584723792,0.20707643059371367
onsite_damping_disorder,30.0,0.2,0.2,0.02,76.0,4.77519506907893,nan,nan,960.8738362104875,76.49786672915913,0.2053977438152222
onsite_damping_disorder,30.0,0.2,0.2,0.02,77.0,4.776166022910297,nan,nan,885.4070380849299,76.53337295779204,0.2069869865132922
onsite_damping_disorder,30.0,0.2,0.2,0.02,78.0,4.644580404288015,nan,nan,818.3818091436374,70.30869128405027,0.20430995662100493
onsite_damping_disorder,30.0,0.2,0.2,0.02,79.0,5.39663842596147,nan,nan,1105.1395351383571,97.2096113834352,0.2024163942173078
onsite_damping_disorder,40.0,0.2,0.2,0.02,0.0,10.515735509810256,nan,nan,4348.920794398426,365.7226277569307,0.20117242100050342
onsite_damping_disorder,40.0,0.2,0.2,0.02,1.0,9.629062283377667,nan,nan,3584.473519770132,311.400247281043,0.20283340265199445
onsite_damping_disorder,40.0,0.2,0.2,0.02,2.0,10.7249470743286,nan,nan,4364.624340557912,386.56404972662153,0.2014665193183248
onsite_damping_disorder,40.0,0.2,0.2,0.02,3.0,7.999547177114289,nan,nan,2575.067489920324,208.2514289710018,0.20722505616465725
onsite_damping_disorder,40.0,0.2,0.2,0.02,4.0,9.898078667550191,nan,nan,3479.172555235352,321.9834657128976,0.2034052684612329
onsite_damping_disorder,40.0,0.2,0.2,0.02,5.0,10.489245265593171,nan,nan,4571.1797109666295,368.82879777795506,0.20071487568558166
onsite_damping_disorder,40.0,0.2,0.2,0.02,6.0,9.9626013087383,nan,nan,4011.7261417441714,329.0055599872691,0.20101503405458473
onsite_damping_disorder,40.0,0.2,0.2,0.02,7.0,11.948072071847736,nan,nan,5097.586026181237,465.3525780984374,0.1998475974263748
onsite_damping_disorder,40.0,0.2,0.2,0.02,8.0,11.044433452996428,nan,nan,4764.866202911744,404.2981678586476,0.2006623524348201
onsite_damping_disorder,40.0,0.2,0.2,0.02,9.0,11.155321430424767,nan,nan,4700.491057275255,410.4722583378057,0.20049481483826875
onsite_damping_disorder,40.0,0.2,0.2,0.02,10.0,10.38203757140945,nan,nan,4241.149635756488,355.8688044797073,0.2017488098587067
onsite_damping_disorder,40.0,0.2,0.2,0.02,11.0,10.64281349305061,nan,nan,4315.386576433555,379.5829235014006,0.19858252167316293
onsite_damping_disorder,40.0,0.2,0.2,0.02,12.0,10.847000467020893,nan,nan,4383.489730955735,383.49783983851603,0.20042422549701988
onsite_damping_disorder,40.0,0.2,0.2,0.02,13.0,10.328974003072297,nan,nan,3924.0918040579054,353.5575607489992,0.1991193278679336
onsite_damping_disorder,40.0,0.2,0.2,0.02,14.0,9.997130983677938,nan,nan,3755.95317358197,326.6469978503301,0.201018945999057
onsite_damping_disorder,40.0,0.2,0.2,0.02,15.0,10.756171813691125,nan,nan,4531.882613108044,379.2105922641155,0.20163811557441919
onsite_damping_disorder,40.0,0.2,0.2,0.02,16.0,10.673215361148344,nan,nan,4722.772218280309,374.04365093116246,0.19995535077560853
onsite_damping_disorder,40.0,0.2,0.2,0.02,17.0,10.961732241048535,nan,nan,4559.8630653731425,402.83925454077456,0.19936554373318266
onsite_damping_disorder,40.0,0.2,0.2,0.02,18.0,9.807908590538583,nan,nan,4099.38728560977,320.6910785864733,0.20121091790882314
onsite_damping_disorder,40.0,0.2,0.2,0.02,19.0,11.55507282471982,nan,nan,4981.047898640102,442.5986671126495,0.19960381431363558
onsite_damping_disorder,40.0,0.2,0.2,0.02,20.0,9.20445329447136,nan,nan,3566.0163744621987,282.9733503732488,0.20472962889479518
onsite_damping_disorder,40.0,0.2,0.2,0.02,21.0,12.321329459844828,nan,nan,5822.37707009541,497.68147223604933,0.1974258469824362
onsite_damping_disorder,40.0,0.2,0.2,0.02,22.0,11.255045154722408,nan,nan,4977.102709077031,413.3509941780999,0.20014362764377355
onsite_damping_disorder,40.0,0.2,0.2,0.02,23.0,7.874934102667465,nan,nan,2671.148878849839,202.74004156975414,0.20532309509676339
onsite_damping_disorder,40.0,0.2,0.2,0.02,24.0,10.582720725075227,nan,nan,4521.303374419102,375.9355033299318,0.19959737218311815
onsite_damping_disorder,40.0,0.2,0.2,0.02,25.0,10.433751680970085,nan,nan,3912.847803131487,359.30486403930234,0.20295368062964766
onsite_damping_disorder,40.0,0.2,0.2,0.02,26.0,11.722648757525276,nan,nan,5076.326943015957,451.8181376938687,0.19793308449090913
onsite_damping_disorder,40.0,0.2,0.2,0.02,27.0,10.627076959704691,nan,nan,4093.401722978012,368.0288029510996,0.20186829175866539
onsite_damping_disorder,40.0,0.2,0.2,0.02,28.0,8.890554942180612,nan,nan,3250.640081621975,259.26480308138565,0.2056097162945129
onsite_damping_disorder,40.0,0.2,0.2,0.02,29.0,10.643087827309008,nan,nan,4556.670983775303,379.7428906152165,0.20192857876679324
onsite_damping_disorder,40.0,0.2,0.2,0.02,30.0,10.873066598726284,nan,nan,4695.793446298059,387.5420728671433,0.19990965080901496
onsite_damping_disorder,40.0,0.2,0.2,0.02,31.0,11.885619298183398,nan,nan,5235.881114414366,468.54136879404837,0.19686554650371121
onsite_damping_disorder,40.0,0.2,0.2,0.02,32.0,10.721249687962445,nan,nan,4587.2966804034195,384.8534897884487,0.20093654669440783
onsite_damping_disorder,40.0,0.2,0.2,0.02,33.0,9.291796085769905,nan,nan,3589.027188529768,286.62184423569295,0.20335746912212657
onsite_damping_disorder,40.0,0.2,0.2,0.02,34.0,10.825989154231985,nan,nan,4300.816222137967,393.19668931398905,0.2017943562390298
onsite_damping_disorder,40.0,0.2,0.2,0.02,35.0,9.212331581039019,nan,nan,3360.789833677393,278.161915649945,0.20224993762074828
onsite_damping_disorder,40.0,0.2,0.2,0.02,36.0,11.024492068497738,nan,nan,4727.7782494894345,403.72372367200853,0.2011677819638975
onsite_damping_disorder,40.0,0.2,0.2,0.02,37.0,10.39650213271571,nan,nan,3762.3979275148386,351.92740601465994,0.2043164314956346
onsite_damping_disorder,40.0,0.2,0.2,0.02,38.0,10.0442634287858,nan,nan,3657.053346603856,327.98290125714277,0.20436689680219988
onsite_damping_disorder,40.0,0.2,0.2,0.02,39.0,10.521882060972606,nan,nan,4315.403015242746,371.3789626242888,0.19856500936203875
onsite_damping_disorder,40.0,0.2,0.2,0.02,40.0,9.204395663198374,nan,nan,3661.41752256995,281.98040922535347,0.20401490782198903
onsite_damping_disorder,40.0,0.2,0.2,0.02,41.0,9.143844277509716,nan,nan,3313.4448713456622,275.9561302003836,0.20318441345711924
onsite_damping_disorder,40.0,0.2,0.2,0.02,42.0,10.49107609112909,nan,nan,4033.1546641681243,360.20535616534426,0.2021670507028367
onsite_damping_disorder,40.0,0.2,0.2,0.02,43.0,7.6738343045865856,nan,nan,2401.3193664648525,194.26963236854704,0.20794460280028193
onsite_damping_disorder,40.0,0.2,0.2,0.02,44.0,10.250318863894442,nan,nan,4140.293310901607,346.122206018442,0.2031065635260518
onsite_damping_disorder,40.0,0.2,0.2,0.02,45.0,9.676004247188821,nan,nan,3694.661176229084,309.55959849152276,0.20282401456410015
onsite_damping_disorder,40.0,0.2,0.2,0.02,46.0,9.312577376734975,nan,nan,3321.595125282557,286.21891353060266,0.2013730725267536
onsite_damping_disorder,40.0,0.2,0.2,0.02,47.0,10.321136856876524,nan,nan,4209.901880849471,354.09504439877657,0.20233268298075008
onsite_damping_disorder,40.0,0.2,0.2,0.02,48.0,9.64624203252104,nan,nan,3966.225323159694,305.93037192164786,0.20059033469388984
onsite_damping_disorder,40.0,0.2,0.2,0.02,49.0,9.763955539622625,nan,nan,3975.3400531829584,313.9910778353194,0.2019119714473343
onsite_damping_disorder,40.0,0.2,0.2,0.02,50.0,9.534231657690544,nan,nan,3815.2527326589598,296.7706801288753,0.20259291395289725
onsite_damping_disorder,40.0,0.2,0.2,0.02,51.0,11.493298714844386,nan,nan,5130.554075172329,436.5611411556503,0.1993748434633531
onsite_damping_disorder,40.0,0.2,0.2,0.02,52.0,10.83862028664239,nan,nan,4481.629729857514,387.34539521788207,0.20104536850561794
onsite_damping_disorder,40.0,0.2,0.2,0.02,53.0,10.58656556043826,nan,nan,4256.078663944478,371.01053107321974,0.1993267719282792
onsite_damping_disorder,40.0,0.2,0.2,0.02,54.0,10.583842070665265,nan,nan,4399.187758292697,374.17875029708034,0.2025269171058607
onsite_damping_disorder,40.0,0.2,0.2,0.02,55.0,9.682056412429674,nan,nan,3789.4134687235683,314.4211628798813,0.20387125406789913
onsite_damping_disorder,40.0,0.2,0.2,0.02,56.0,10.79349408253116,nan,nan,4881.791315328178,389.3861765314986,0.2014978222217032
onsite_damping_disorder,40.0,0.2,0.2,0.02,57.0,8.923287686862013,nan,nan,3644.8085623242027,266.73936491691006,0.2027328044835088
onsite_damping_disorder,40.0,0.2,0.2,0.02,58.0,9.113573209148065,nan,nan,3296.0697328595784,279.35781188531905,0.2049756697239913
onsite_damping_disorder,40.0,0.2,0.2,0.02,59.0,7.233219024698749,nan,nan,2401.1009718851856,175.1387499404789,0.20780696171781127
onsite_damping_disorder,40.0,0.2,0.2,0.02,60.0,9.112828028740582,nan,nan,3274.337913251263,269.86704943868057,0.20490049569992533
onsite_damping_disorder,40.0,0.2,0.2,0.02,61.0,9.505687242453382,nan,nan,3347.313114562765,298.20639363084507,0.20439068107095598
onsite_damping_disorder,40.0,0.2,0.2,0.02,62.0,9.174534207525303,nan,nan,3459.9359238702364,279.80987911976905,0.20379763045759808
onsite_damping_disorder,40.0,0.2,0.2,0.02,63.0,10.337019623209745,nan,nan,4554.077493676126,353.1402487802614,0.201335903319794
onsite_damping_disorder,40.0,0.2,0.2,0.02,64.0,9.673020073905766,nan,nan,3925.226554928792,308.7320414627513,0.20118524545929944
onsite_damping_disorder,40.0,0.2,0.2,0.02,65.0,9.708517149798295,nan,nan,3657.817821699359,311.5976449389351,0.20254114725306532
onsite_damping_disorder,40.0,0.2,0.2,0.02,66.0,9.479296662196552,nan,nan,3700.6256481135138,293.2499136531443,0.20285985138141865
onsite_damping_disorder,40.0,0.2,0.2,0.02,67.0,8.980947017571571,nan,nan,3242.19854509351,266.8565432705217,0.20347859002307248
onsite_damping_disorder,40.0,0.2,0.2,0.02,68.0,9.894115134841154,nan,nan,3780.5292940120253,326.2692431270946,0.20390319075655278
onsite_damping_disorder,40.0,0.2,0.2,0.02,69.0,11.474139608713015,nan,nan,4984.955580180195,441.10885574847566,0.19588048276785025
onsite_damping_disorder,40.0,0.2,0.2,0.02,70.0,9.313817965351506,nan,nan,3400.4125204443935,282.40095531216997,0.2052537308112331
onsite_damping_disorder,40.0,0.2,0.2,0.02,71.0,8.97452480959098,nan,nan,3314.481230248389,265.4640226089754,0.2063272916698683
onsite_damping_disorder,40.0,0.2,0.2,0.02,72.0,8.29640770075501,nan,nan,2930.302376332156,229.6024834628019,0.2041149140877109
onsite_damping_disorder,40.0,0.2,0.2,0.02,73.0,7.790245610858542,nan,nan,2555.3143636050436,204.1435913289562,0.20709567281464444
onsite_damping_disorder,40.0,0.2,0.2,0.02,74.0,11.786945695742377,nan,nan,5500.507581793089,452.2490497681583,0.1978800009930123
onsite_damping_disorder,40.0,0.2,0.2,0.02,75.0,9.661597068110769,nan,nan,3841.6855368467227,305.6639342345642,0.20232549268238206
onsite_damping_disorder,40.0,0.2,0.2,0.02,76.0,11.39123351805354,nan,nan,4822.232228272761,428.0735477784316,0.20011223542231707
onsite_damping_disorder,40.0,0.2,0.2,0.02,77.0,11.866151854461924,nan,nan,4935.753859191775,463.18570973994684,0.19796320048336988
onsite_damping_disorder,40.0,0.2,0.2,0.02,78.0,10.561743471328581,nan,nan,4297.868566415413,366.60157960510173,0.20195673227608793
onsite_damping_disorder,40.0,0.2,0.2,0.02,79.0,8.417297303687413,nan,nan,2963.063220649082,236.39500314602188,0.20573610503969014
onsite_damping_disorder,50.0,0.2,0.2,0.02,0.0,21.446395403556256,nan,nan,18453.947253794584,1533.6808962902487,0.19795749380042527
onsite_damping_disorder,50.0,0.2,0.2,0.02,1.0,17.498212318491465,nan,nan,11878.595157800253,1005.043363948711,0.20270104751446347
onsite_damping_disorder,50.0,0.2,0.2,0.02,2.0,16.903515424983972,nan,nan,12176.873891378154,941.0734376213743,0.2034205591139649
onsite_damping_disorder,50.0,0.2,0.2,0.02,3.0,20.948271978275738,nan,nan,15380.12860286654,1427.4672114796463,0.20124307398319474
onsite_damping_disorder,50.0,0.2,0.2,0.02,4.0,20.536927175137386,nan,nan,17138.651699259448,1408.7139624268377,0.19905529809235364
onsite_damping_disorder,50.0,0.2,0.2,0.02,5.0,21.890419580116752,nan,nan,19954.579927939223,1602.690078130531,0.1989740463476003
onsite_damping_disorder,50.0,0.2,0.2,0.02,6.0,20.514783854068146,nan,nan,15847.43372559179,1381.5334034747357,0.20143013414807565
onsite_damping_disorder,50.0,0.2,0.2,0.02,7.0,18.865405187828117,nan,nan,14797.69649464919,1177.3908360812711,0.20175665784932917
onsite_damping_disorder,50.0,0.2,0.2,0.02,8.0,19.235994222053233,nan,nan,14466.436800910693,1202.238687780537,0.20194291623809452
onsite_damping_disorder,50.0,0.2,0.2,0.02,9.0,20.994973581107207,nan,nan,16594.13143917569,1432.742499017235,0.19974644632492747
onsite_damping_disorder,50.0,0.2,0.2,0.02,10.0,21.70725077156524,nan,nan,16582.718852751255,1539.3671695794487,0.20077353587422364
onsite_damping_disorder,50.0,0.2,0.2,0.02,11.0,20.416579399519904,nan,nan,16176.323724352105,1358.2193847267438,0.2006738686219713
onsite_damping_disorder,50.0,0.2,0.2,0.02,12.0,20.566992820927112,nan,nan,15599.520970129493,1389.8942703409903,0.1999678544873491
onsite_damping_disorder,50.0,0.2,0.2,0.02,13.0,20.702923915558532,nan,nan,16951.87463925175,1418.91531652687,0.20167121023770151
onsite_damping_disorder,50.0,0.2,0.2,0.02,14.0,19.994091474335175,nan,nan,16173.041849148403,1337.70045813345,0.20132768676445417
onsite_damping_disorder,50.0,0.2,0.2,0.02,15.0,23.073016627419545,nan,nan,19784.348707349473,1733.8318418306087,0.19830096023335508
onsite_damping_disorder,50.0,0.2,0.2,0.02,16.0,25.351333470554902,nan,nan,24754.856993042125,2136.682882779303,0.1946239712328265
onsite_damping_disorder,50.0,0.2,0.2,0.02,17.0,21.990972608138385,nan,nan,16512.834240104236,1581.317013611629,0.2010331407658852
onsite_damping_disorder,50.0,0.2,0.2,0.02,18.0,25.205138765044595,nan,nan,22456.354808564745,2117.7552665547773,0.19728529031077702
onsite_damping_disorder,50.0,0.2,0.2,0.02,19.0,17.85563912334312,nan,nan,12375.623103949441,1044.1109172466113,0.20337832361489283
onsite_damping_disorder,50.0,0.2,0.2,0.02,20.0,20.321725405083836,nan,nan,14944.52161626293,1372.2580841947918,0.2007358424843625
onsite_damping_disorder,50.0,0.2,0.2,0.02,21.0,19.610424408939664,nan,nan,15598.623378505443,1288.7467923076556,0.20210990537429893
onsite_damping_disorder,50.0,0.2,0.2,0.02,22.0,19.07813396031706,nan,nan,14772.720453196785,1203.4757193300031,0.20120849989317766
onsite_damping_disorder,50.0,0.2,0.2,0.02,23.0,18.91414851824352,nan,nan,15657.139712939903,1201.7518387205077,0.20056530374609993
onsite_damping_disorder,50.0,0.2,0.2,0.02,24.0,21.22308287786563,nan,nan,16608.69849019006,1488.0812908465434,0.20034315863490712
onsite_damping_disorder,50.0,0.2,0.2,0.02,25.0,16.350728092113883,nan,nan,11867.342837939057,887.3115143894757,0.20479950135578917
onsite_damping_disorder,50.0,0.2,0.2,0.02,26.0,24.03423572343916,nan,nan,20975.051188178513,1888.7943177264108,0.20029795435977674
onsite_damping_disorder,50.0,0.2,0.2,0.02,27.0,23.591540165829915,nan,nan,21838.923920712146,1822.6242674153243,0.1993605842730123
onsite_damping_disorder,50.0,0.2,0.2,0.02,28.0,22.6643562839515,nan,nan,19920.131230095812,1713.0324507837638,0.2001051192912391
onsite_damping_disorder,50.0,0.2,0.2,0.02,29.0,23.70994776509378,nan,nan,22106.35134069855,1871.3026959317938,0.1973874752067653
onsite_damping_disorder,50.0,0.2,0.2,0.02,30.0,23.224150847873588,nan,nan,20683.2295025287,1757.886585667073,0.19768867471138502
onsite_damping_disorder,50.0,0.2,0.2,0.02,31.0,17.836746431281185,nan,nan,12985.395724154829,1066.2833147897231,0.2005690774868931
onsite_damping_disorder,50.0,0.2,0.2,0.02,32.0,18.07698438918045,nan,nan,14542.809596388224,1091.163770578652,0.20082711784002782
onsite_damping_disorder,50.0,0.2,0.2,0.02,33.0,26.109351840801242,nan,nan,25860.133549449998,2217.760274892439,0.1968543532411792
onsite_damping_disorder,50.0,0.2,0.2,0.02,34.0,21.197037687640798,nan,nan,17841.363906056216,1473.6653239211823,0.19906812442109995
onsite_damping_disorder,50.0,0.2,0.2,0.02,35.0,22.49427971853593,nan,nan,18534.910493478415,1654.38881300154,0.19902750341301598
onsite_damping_disorder,50.0,0.2,0.2,0.02,36.0,18.556906386969494,nan,nan,14178.511487580667,1149.531476885628,0.20292609625932745
onsite_damping_disorder,50.0,0.2,0.2,0.02,37.0,19.25243736357093,nan,nan,16155.950668959787,1239.5466654558377,0.19980297363949173
onsite_damping_disorder,50.0,0.2,0.2,0.02,38.0,21.072972767505963,nan,nan,17564.893398947668,1449.523124709083,0.20044015824277017
onsite_damping_disorder,50.0,0.2,0.2,0.02,39.0,20.030613407578276,nan,nan,15591.60767679868,1336.3438435543817,0.20047604745453818
onsite_damping_disorder,50.0,0.2,0.2,0.02,40.0,21.340039505869445,nan,nan,16979.446695520266,1483.2240932943114,0.2015334330453363
onsite_damping_disorder,50.0,0.2,0.2,0.02,41.0,14.909695368035498,nan,nan,9866.822337841846,744.40368778194,0.2062124254916397
onsite_damping_disorder,50.0,0.2,0.2,0.02,42.0,17.89382184023895,nan,nan,13504.900155205321,1051.5220302122398,0.20419974020467832
onsite_damping_disorder,50.0,0.2,0.2,0.02,43.0,23.197330314352676,nan,nan,21435.05576780811,1798.6932452932504,0.1999218862454473
onsite_damping_disorder,50.0,0.2,0.2,0.02,44.0,20.414337443918072,nan,nan,15760.821765947698,1380.7356963214525,0.20279648100545858
onsite_damping_disorder,50.0,0.2,0.2,0.02,45.0,19.70879216447017,nan,nan,15365.506158169606,1286.35007442417,0.20058746896091018
onsite_damping_disorder,50.0,0.2,0.2,0.02,46.0,19.749123101987976,nan,nan,15525.258209008693,1288.315848380451,0.20111511746040298
onsite_damping_disorder,50.0,0.2,0.2,0.02,47.0,19.835267782905607,nan,nan,14949.126312088843,1302.4753507915623,0.20078031564911838
onsite_damping_disorder,50.0,0.2,0.2,0.02,48.0,16.28915334452178,nan,nan,11442.784779396723,862.1231252963476,0.20413685051834846
onsite_damping_disorder,50.0,0.2,0.2,0.02,49.0,16.632635170146276,nan,nan,11438.172765997355,901.7547153337553,0.20305712480635335
onsite_damping_disorder,50.0,0.2,0.2,0.02,50.0,17.748099380204266,nan,nan,12034.575394316931,1055.5277808313847,0.20428331320714038
onsite_damping_disorder,50.0,0.2,0.2,0.02,51.0,20.822357150213794,nan,nan,17249.67171859713,1430.7155811768384,0.20050665558508649
onsite_damping_disorder,50.0,0.2,0.2,0.02,52.0,18.66859881065047,nan,nan,13701.209920793548,1132.4035539027952,0.20163879353405628
onsite_damping_disorder,50.0,0.2,0.2,0.02,53.0,23.787263324329402,nan,nan,21936.66822481596,1860.732570649475,0.19638165429160587
onsite_damping_disorder,50.0,0.2,0.2,0.02,54.0,16.032394129886875,nan,nan,10363.66288610087,842.9664689640682,0.20448701185680498
onsite_damping_disorder,50.0,0.2,0.2,0.02,55.0,20.028007573549328,nan,nan,16236.284197521925,1324.3827213053019,0.20103745240394025
onsite_damping_disorder,50.0,0.2,0.2,0.02,56.0,22.065737253874534,nan,nan,17528.81979375184,1602.454437177018,0.2024177559993495
onsite_damping_disorder,50.0,0.2,0.2,0.02,57.0,22.2107651148262,nan,nan,17937.964569752974,1610.3636018316392,0.1998398041662979
onsite_damping_disorder,50.0,0.2,0.2,0.02,58.0,18.319950663385253,nan,nan,12787.279719370492,1098.1431715648603,0.20237363953563622
onsite_damping_disorder,50.0,0.2,0.2,0.02,59.0,21.65814428749158,nan,nan,16857.335444348297,1530.268908404848,0.19924803639392663
onsite_damping_disorder,50.0,0.2,0.2,0.02,60.0,19.849789643285067,nan,nan,16556.009567366185,1294.098729109922,0.20027658649581095
onsite_damping_disorder,50.0,0.2,0.2,0.02,61.0,20.45125221802331,nan,nan,17945.49973262367,1398.5967159869197,0.20036469506767485
onsite_damping_disorder,50.0,0.2,0.2,0.02,62.0,21.019955285563597,nan,nan,17971.419368072642,1479.5762341811248,0.20131875701442245
onsite_damping_disorder,50.0,0.2,0.2,0.02,63.0,20.05209483063023,nan,nan,16134.698376167207,1349.6722742784073,0.2003928124071576
onsite_damping_disorder,50.0,0.2,0.2,0.02,64.0,17.20631794184432,nan,nan,11930.735881440587,988.384899973356,0.20409985489617227
onsite_damping_disorder,50.0,0.2,0.2,0.02,65.0,19.083055253993674,nan,nan,13454.180520304697,1207.7836521004388,0.2025666948864701
onsite_damping_disorder,50.0,0.2,0.2,0.02,66.0,23.238715811817862,nan,nan,19620.04219463698,1755.9637238319685,0.19903674803897245
onsite_damping_disorder,50.0,0.2,0.2,0.02,67.0,18.92399997684504,nan,nan,14149.625621924537,1169.4682784111208,0.20271482564447058
onsite_damping_disorder,50.0,0.2,0.2,0.02,68.0,16.845808542054982,nan,nan,12328.255774777419,947.8505210119243,0.20275231874185984
onsite_damping_disorder,50.0,0.2,0.2,0.02,69.0,21.728878993308186,nan,nan,18823.429483461638,1579.5575453642666,0.19955146260347473
onsite_damping_disorder,50.0,0.2,0.2,0.02,70.0,16.88469657451987,nan,nan,12269.390602910782,928.2407512155987,0.20025093415254921
onsite_damping_disorder,50.0,0.2,0.2,0.02,71.0,19.241822432814512,nan,nan,14914.264795868155,1215.2589583606725,0.20128861934344705
onsite_damping_disorder,50.0,0.2,0.2,0.02,72.0,18.616784474255702,nan,nan,13971.90012610703,1148.823885189595,0.2005553871078713
onsite_damping_disorder,50.0,0.2,0.2,0.02,73.0,18.19184542372317,nan,nan,12213.918920250797,1079.6376257426978,0.20249010735685333
onsite_damping_disorder,50.0,0.2,0.2,0.02,74.0,20.577620615509996,nan,nan,16824.1403001825,1415.9027229728913,0.20057896800069214
onsite_damping_disorder,50.0,0.2,0.2,0.02,75.0,19.546907119018254,nan,nan,14269.74479839324,1266.0339435681335,0.202986173143941
onsite_damping_disorder,50.0,0.2,0.2,0.02,76.0,19.101536251538306,nan,nan,14125.027326687165,1204.128229594308,0.20145645900730896
onsite_damping_disorder,50.0,0.2,0.2,0.02,77.0,20.237527127977376,nan,nan,15885.072656241744,1350.5255703770595,0.20082300995220342
onsite_damping_disorder,50.0,0.2,0.2,0.02,78.0,17.445051123310318,nan,nan,11662.440871521154,1001.5856511441767,0.20356324936589343
onsite_damping_disorder,50.0,0.2,0.2,0.02,79.0,23.057709757718655,nan,nan,19812.694179212238,1730.697639024756,0.1985838174274936
onsite_damping_disorder,60.0,0.2,0.2,0.02,0.0,39.5903623316543,nan,nan,63324.24277510477,5242.559280039181,0.19760582612820385
onsite_damping_disorder,60.0,0.2,0.2,0.02,1.0,37.395000128958394,nan,nan,55322.73702477153,4694.103316444232,0.2006115346961201
onsite_damping_disorder,60.0,0.2,0.2,0.02,2.0,38.20244750881666,nan,nan,57648.75759618274,4757.066120369062,0.19940939008077926
onsite_damping_disorder,60.0,0.2,0.2,0.02,3.0,41.229544369455844,nan,nan,70354.46263002999,5676.831700848843,0.1971593509453934
onsite_damping_disorder,60.0,0.2,0.2,0.02,4.0,38.04400339309874,nan,nan,56064.25021874085,4819.361016879826,0.1973504917485053
onsite_damping_disorder,60.0,0.2,0.2,0.02,5.0,42.59651410858694,nan,nan,74834.18293857513,5976.123627225277,0.1987575449706008
onsite_damping_disorder,60.0,0.2,0.2,0.02,6.0,61.67732947253043,nan,nan,148186.1480926926,12731.814854079143,0.1917883490726395
onsite_damping_disorder,60.0,0.2,0.2,0.02,7.0,39.933685327194,nan,nan,62089.79350567628,5208.741257042971,0.19965126212962195
onsite_damping_disorder,60.0,0.2,0.2,0.02,8.0,34.146095828180854,nan,nan,48305.157790101766,3881.406080040328,0.19663943037778717
onsite_damping_disorder,60.0,0.2,0.2,0.02,9.0,51.22562412228587,nan,nan,93638.47319969904,8701.859666488692,0.19469698578140898
onsite_damping_disorder,60.0,0.2,0.2,0.02,10.0,43.328464858046296,nan,nan,68493.3511369028,6284.339629398026,0.19725452512912062
onsite_damping_disorder,60.0,0.2,0.2,0.02,11.0,36.927817223702355,nan,nan,51525.55033819286,4557.290128439527,0.19961997736806955
onsite_damping_disorder,60.0,0.2,0.2,0.02,12.0,43.22923138566975,nan,nan,67587.79703772321,6089.416483341885,0.19639047068969853
onsite_damping_disorder,60.0,0.2,0.2,0.02,13.0,38.85898227168269,nan,nan,57131.17774875851,5011.015068781207,0.1986694908448697
onsite_damping_disorder,60.0,0.2,0.2,0.02,14.0,36.837542490853124,nan,nan,52985.84839294402,4478.3002051222165,0.2012033353036093
onsite_damping_disorder,60.0,0.2,0.2,0.02,15.0,36.541697339438855,nan,nan,50774.52667130738,4454.174540382241,0.197810792405819
onsite_damping_disorder,60.0,0.2,0.2,0.02,16.0,39.11894853463511,nan,nan,61737.87470606953,5012.8431213143085,0.19631359087007103
onsite_damping_disorder,60.0,0.2,0.2,0.02,17.0,43.711166392361626,nan,nan,76581.64120755807,6272.881187447238,0.1967714261582882
onsite_damping_disorder,60.0,0.2,0.2,0.02,18.0,34.31332761478708,nan,nan,48048.73970196661,3853.4348899054403,0.20226453975042588
onsite_damping_disorder,60.0,0.2,0.2,0.02,19.0,45.14076490694097,nan,nan,79057.40148654296,6655.925817302317,0.1956790091864105
onsite_damping_disorder,60.0,0.2,0.2,0.02,20.0,41.70820748303754,nan,nan,68063.57565959104,5813.446272082422,0.19833049809471734
onsite_damping_disorder,60.0,0.2,0.2,0.02,21.0,32.83559425559398,nan,nan,41225.39756872856,3617.730196458781,0.19902443355478933
onsite_damping_disorder,60.0,0.2,0.2,0.02,22.0,46.45860089376479,nan,nan,78543.86712371864,7152.973563636346,0.19423732205221364
onsite_damping_disorder,60.0,0.2,0.2,0.02,23.0,33.581760199652955,nan,nan,48962.46684033216,3727.3825283041583,0.1991323272303116
onsite_damping_disorder,60.0,0.2,0.2,0.02,24.0,45.207103609837034,nan,nan,79540.57716707716,6829.426411774811,0.1968513775241273
onsite_damping_disorder,60.0,0.2,0.2,0.02,25.0,29.569766328598643,nan,nan,36935.94068080573,2896.8311641465993,0.2027206138432906
onsite_damping_disorder,60.0,0.2,0.2,0.02,26.0,40.34783037555995,nan,nan,68545.88950344881,5357.325588562048,0.199494965890611
onsite_damping_disorder,60.0,0.2,0.2,0.02,27.0,43.37390223343872,nan,nan,70926.75258697626,6145.124474718225,0.19534089797781748
onsite_damping_disorder,60.0,0.2,0.2,0.02,28.0,36.86310493178113,nan,nan,62088.41975452584,4518.572704632907,0.19651712468750399
onsite_damping_disorder,60.0,0.2,0.2,0.02,29.0,31.85856771401748,nan,nan,44366.24035731764,3412.0387399259516,0.19999676985065593
onsite_damping_disorder,60.0,0.2,0.2,0.02,30.0,37.29530531350945,nan,nan,54980.28685752534,4613.502916688452,0.19908646180383846
onsite_damping_disorder,60.0,0.2,0.2,0.02,31.0,38.46337493370048,nan,nan,60942.917167554544,4856.412383208261,0.1985314493083226
onsite_damping_disorder,60.0,0.2,0.2,0.02,32.0,40.055429212177685,nan,nan,64150.540439622324,5315.912279513377,0.19645138416273208
onsite_damping_disorder,60.0,0.2,0.2,0.02,33.0,47.27614264717908,nan,nan,89121.2114998175,7435.992281114736,0.1958177595534857
onsite_damping_disorder,60.0,0.2,0.2,0.02,34.0,37.17899035872066,nan,nan,52657.74370102362,4498.6738030632905,0.1998721812302292
onsite_damping_disorder,60.0,0.2,0.2,0.02,35.0,37.98489759956106,nan,nan,59997.39903354161,4845.425811265536,0.19995299028797053
onsite_damping_disorder,60.0,0.2,0.2,0.02,36.0,34.805002889986554,nan,nan,50302.13125823616,4025.8431765989335,0.20024902323137708
onsite_damping_disorder,60.0,0.2,0.2,0.02,37.0,35.6967139736817,nan,nan,55760.25961592487,4209.230050330407,0.20037103925475241
onsite_damping_disorder,60.0,0.2,0.2,0.02,38.0,39.349150495201414,nan,nan,58034.577248444686,5037.625527054171,0.20001871191590495
onsite_damping_disorder,60.0,0.2,0.2,0.02,39.0,44.09597527087445,nan,nan,74640.95052719867,6435.044091912316,0.1943587676028266
onsite_damping_disorder,60.0,0.2,0.2,0.02,40.0,42.93928787460296,nan,nan,79628.15022918061,6197.4578645157635,0.1957917231274456
onsite_damping_disorder,60.0,0.2,0.2,0.02,41.0,34.57216988788079,nan,nan,54969.907012635835,4014.475938479283,0.1966115486589199
onsite_damping_disorder,60.0,0.2,0.2,0.02,42.0,50.18945696576334,nan,nan,101854.00864746001,8256.740637418412,0.19417324428361593
onsite_damping_disorder,60.0,0.2,0.2,0.02,43.0,45.12568666614637,nan,nan,81485.4842537212,6666.1552886626205,0.19866274386764599
onsite_damping_disorder,60.0,0.2,0.2,0.02,44.0,37.258868748048975,nan,nan,59075.36484000735,4620.403296837671,0.20134770111118502
onsite_damping_disorder,60.0,0.2,0.2,0.02,45.0,42.8417702418159,nan,nan,67704.38161501609,6116.056945347326,0.19774612675034342
onsite_damping_disorder,60.0,0.2,0.2,0.02,46.0,38.53374752074039,nan,nan,63258.77987570836,4896.400633761332,0.19934097511074472
onsite_damping_disorder,60.0,0.2,0.2,0.02,47.0,36.65538844319854,nan,nan,51442.473277224235,4491.897321853063,0.19984491527715412
onsite_damping_disorder,60.0,0.2,0.2,0.02,48.0,44.80594978081513,nan,nan,74704.74654034401,6695.679722926843,0.19629372861329375
onsite_damping_disorder,60.0,0.2,0.2,0.02,49.0,49.53643416140161,nan,nan,88951.72846678754,8205.918151287126,0.19293974853170703
onsite_damping_disorder,60.0,0.2,0.2,0.02,50.0,45.432010742991146,nan,nan,76829.61761777004,6869.330154573016,0.19754293155184752
onsite_damping_disorder,60.0,0.2,0.2,0.02,51.0,30.84663060577025,nan,nan,40568.82805362408,3142.611410745024,0.20237661330322965
onsite_damping_disorder,60.0,0.2,0.2,0.02,52.0,43.69623850034821,nan,nan,77183.5552199744,6298.698034716159,0.19678633554325597
onsite_damping_disorder,60.0,0.2,0.2,0.02,53.0,36.181157786799545,nan,nan,59231.16057127563,4399.217132237913,0.1971259698805939
onsite_damping_disorder,60.0,0.2,0.2,0.02,54.0,46.526669601677455,nan,nan,88678.98728187969,7061.09953004511,0.19808073694199188
onsite_damping_disorder,60.0,0.2,0.2,0.02,55.0,40.79082960842045,nan,nan,60149.92112758511,5458.815459808402,0.1971271880658938
onsite_damping_disorder,60.0,0.2,0.2,0.02,56.0,40.47772246174436,nan,nan,70113.95476843978,5388.858038245969,0.19701414785682325
onsite_damping_disorder,60.0,0.2,0.2,0.02,57.0,42.4427361642663,nan,nan,71686.8832437625,5942.245160001947,0.19721867244112298
onsite_damping_disorder,60.0,0.2,0.2,0.02,58.0,41.1906245989777,nan,nan,66897.545182458,5568.646760430348,0.19823003312961957
onsite_damping_disorder,60.0,0.2,0.2,0.02,59.0,39.72391045648432,nan,nan,62049.1699236054,5277.981404758047,0.19937851992503502
onsite_damping_disorder,60.0,0.2,0.2,0.02,60.0,52.02791960792663,nan,nan,105849.06754369478,8829.943205341593,0.19710995867291775
onsite_damping_disorder,60.0,0.2,0.2,0.02,61.0,44.67887670541872,nan,nan,73576.75765550311,6626.322761051749,0.19807990542585002
onsite_damping_disorder,60.0,0.2,0.2,0.02,62.0,40.97026197209389,nan,nan,67646.6900222369,5602.938782672254,0.19892902274427937
onsite_damping_disorder,60.0,0.2,0.2,0.02,63.0,41.34937143303172,nan,nan,69839.37388928604,5629.607702360108,0.19702020949068272
onsite_damping_disorder,60.0,0.2,0.2,0.02,64.0,44.90409275163334,nan,nan,87428.30412305113,6731.496095644557,0.1957362330730985
onsite_damping_disorder,60.0,0.2,0.2,0.02,65.0,42.070563705202545,nan,nan,67549.4176078297,5753.0738668967115,0.19922298544541991
onsite_damping_disorder,60.0,0.2,0.2,0.02,66.0,36.91855724380751,nan,nan,54036.64974735611,4535.223348290496,0.19645396928432818
onsite_damping_disorder,60.0,0.2,0.2,0.02,67.0,40.99606889925323,nan,nan,64407.4027690844,5533.41467038757,0.19792913226231176
onsite_damping_disorder,60.0,0.2,0.2,0.02,68.0,36.127518817768916,nan,nan,50799.62203302563,4240.738498745662,0.20001988621643346
onsite_damping_disorder,60.0,0.2,0.2,0.02,69.0,41.66451910122515,nan,nan,64795.115854714575,5746.895515771562,0.19643389879643772
onsite_damping_disorder,60.0,0.2,0.2,0.02,70.0,40.5814482560309,nan,nan,63649.36025841198,5384.660735144824,0.1999958655316952
onsite_damping_disorder,60.0,0.2,0.2,0.02,71.0,45.18222438445253,nan,nan,77187.85699566659,6760.063357131422,0.19765400930762395
onsite_damping_disorder,60.0,0.2,0.2,0.02,72.0,44.65500205982097,nan,nan,73452.17947680457,6589.687183419433,0.19526178565803026
onsite_damping_disorder,60.0,0.2,0.2,0.02,73.0,42.239215242838334,nan,nan,62581.64374656425,5842.046529253825,0.198691049725308
onsite_damping_disorder,60.0,0.2,0.2,0.02,74.0,41.402506955573294,nan,nan,70052.31410040504,5691.450170840773,0.19988498416189765
onsite_damping_disorder,60.0,0.2,0.2,0.02,75.0,48.21255033866506,nan,nan,100502.69894067383,7653.619369497765,0.19588534061266563
onsite_damping_disorder,60.0,0.2,0.2,0.02,76.0,36.25516193218602,nan,nan,52066.46042502795,4336.830685355664,0.20027056842015534
onsite_damping_disorder,60.0,0.2,0.2,0.02,77.0,33.798632753715744,nan,nan,51944.46566345874,3819.413307317793,0.19849881917166737
onsite_damping_disorder,60.0,0.2,0.2,0.02,78.0,41.27168972988739,nan,nan,67485.23146325581,5614.238568224963,0.19822167085453576
onsite_damping_disorder,60.0,0.2,0.2,0.02,79.0,36.14819123140828,nan,nan,48235.083247886985,4260.044788157073,0.19916702893208682
onsite_damping_disorder,80.0,0.2,0.2,0.02,0.0,156.9386759812426,nan,nan,1018303.8999340006,82591.40574572115,0.19361478956254272
onsite_damping_disorder,80.0,0.2,0.2,0.02,1.0,169.29679781135764,nan,nan,1002435.403478008,93299.50901314049,0.19220369929378234
onsite_damping_disorder,80.0,0.2,0.2,0.02,2.0,152.06376613305923,nan,nan,1015171.3123778527,77660.172675628,0.19294354000883188
onsite_damping_disorder,80.0,0.2,0.2,0.02,3.0,174.82458020749453,nan,nan,1226580.5861673916,99703.94499294061,0.1914574950788512
onsite_damping_disorder,80.0,0.2,0.2,0.02,4.0,195.9445849237005,nan,nan,1690736.7973413556,128778.89805583336,0.19098155580960705
onsite_damping_disorder,80.0,0.2,0.2,0.02,5.0,146.5191137064591,nan,nan,895250.2089449506,71655.55498590061,0.19393562683160534
onsite_damping_disorder,80.0,0.2,0.2,0.02,6.0,160.16709405533015,nan,nan,1078134.9182860027,84282.79877341964,0.19485209337074103
onsite_damping_disorder,80.0,0.2,0.2,0.02,7.0,165.36061964850484,nan,nan,1045454.602956168,89000.09319083569,0.1956758876900564
onsite_damping_disorder,80.0,0.2,0.2,0.02,8.0,159.92143942245352,nan,nan,1044271.5917824466,83946.90348400218,0.1983002870330042
onsite_damping_disorder,80.0,0.2,0.2,0.02,9.0,158.1893861356319,nan,nan,1050696.02594309,83930.18486054183,0.1952248332998246
onsite_damping_disorder,80.0,0.2,0.2,0.02,10.0,241.75081507917042,nan,nan,2241606.468143304,191973.0457081841,0.18919271211772887
onsite_damping_disorder,80.0,0.2,0.2,0.02,11.0,147.32395811445517,nan,nan,863363.804134202,72653.46937547182,0.1979922312939435
onsite_damping_disorder,80.0,0.2,0.2,0.02,12.0,163.7164647008307,nan,nan,1099727.4960965384,87221.01494792436,0.19991693906096278
onsite_damping_disorder,80.0,0.2,0.2,0.02,13.0,148.69165828141183,nan,nan,908718.8220700558,73988.49255696531,0.19408845902753363
onsite_damping_disorder,80.0,0.2,0.2,0.02,14.0,194.52713935241175,nan,nan,1407710.5932145745,124937.10940707057,0.1953857477005447
onsite_damping_disorder,80.0,0.2,0.2,0.02,15.0,185.35613854407734,nan,nan,1451912.7396672452,114011.55865473166,0.1946526431070586
onsite_damping_disorder,80.0,0.2,0.2,0.02,16.0,137.4573126611689,nan,nan,808938.75885231,62298.23892288774,0.19836368411690755
onsite_damping_disorder,80.0,0.2,0.2,0.02,17.0,150.65777796404518,nan,nan,935213.0113697916,75133.62686334515,0.19674708772366076
onsite_damping_disorder,80.0,0.2,0.2,0.02,18.0,154.2996012741719,nan,nan,975631.9831969871,79560.07913485571,0.19631984273932807
onsite_damping_disorder,80.0,0.2,0.2,0.02,19.0,181.38506781170008,nan,nan,1440401.8795151487,109412.73603111942,0.1942849021011528
onsite_damping_disorder,80.0,0.2,0.2,0.02,20.0,150.8673735067217,nan,nan,1012604.3725590277,76366.18401265731,0.19478272236418692
onsite_damping_disorder,80.0,0.2,0.2,0.02,21.0,184.0343212080513,nan,nan,1191591.6109639374,111004.94256697079,0.1938422171037506
onsite_damping_disorder,80.0,0.2,0.2,0.02,22.0,172.06711944573706,nan,nan,1154642.0974477623,96570.1754051892,0.19255930157393245
onsite_damping_disorder,80.0,0.2,0.2,0.02,23.0,210.45726774591435,nan,nan,1686877.5624378882,144174.34962544663,0.19442121189774653
onsite_damping_disorder,80.0,0.2,0.2,0.02,24.0,168.01879819518456,nan,nan,1145547.6848259927,94484.75506606915,0.19176887850808613
onsite_damping_disorder,80.0,0.2,0.2,0.02,25.0,226.59132175672926,nan,nan,2023235.4800060773,170147.63953934895,0.1897849110371957
onsite_damping_disorder,80.0,0.2,0.2,0.02,26.0,195.78608151069008,nan,nan,1395776.8271016816,124667.58570728834,0.19596965875165412
onsite_damping_disorder,80.0,0.2,0.2,0.02,27.0,166.08809978395922,nan,nan,1101465.3366978974,90242.81191845387,0.19508605315340657
onsite_damping_disorder,80.0,0.2,0.2,0.02,28.0,154.87330514160357,nan,nan,950341.1976144271,78388.48376688008,0.19267501225640982
onsite_damping_disorder,80.0,0.2,0.2,0.02,29.0,167.2945648926451,nan,nan,1123966.6864666766,93673.09680976206,0.1945702205302936
onsite_damping_disorder,80.0,0.2,0.2,0.02,30.0,100.09580509260375,nan,nan,477864.0613211992,33262.7490431815,0.1962558826449216
onsite_damping_disorder,80.0,0.2,0.2,0.02,31.0,189.4044615552416,nan,nan,1548413.0735172734,118867.446371076,0.19128009305051402
onsite_damping_disorder,80.0,0.2,0.2,0.02,32.0,160.85461162886418,nan,nan,1055418.0885342688,85524.89026701142,0.1984778489520997
onsite_damping_disorder,80.0,0.2,0.2,0.02,33.0,178.66783487747477,nan,nan,1197303.5475943421,104931.3437367694,0.19183870592701072
onsite_damping_disorder,80.0,0.2,0.2,0.02,34.0,140.0300315006332,nan,nan,851596.592805064,65146.555546166855,0.19411004182250963
onsite_damping_disorder,80.0,0.2,0.2,0.02,35.0,144.71285771616328,nan,nan,839186.3689542178,69636.72864344457,0.19530516687160798
onsite_damping_disorder,80.0,0.2,0.2,0.02,36.0,183.90621005817817,nan,nan,1462543.0427014593,110408.49658703856,0.19794199352351866
onsite_damping_disorder,80.0,0.2,0.2,0.02,37.0,300.8111424430585,nan,nan,3424140.772487944,297681.3448340636,0.19507628685236475
onsite_damping_disorder,80.0,0.2,0.2,0.02,38.0,169.76853717774725,nan,nan,1146006.7336211475,96362.00731302467,0.1925615177691625
onsite_damping_disorder,80.0,0.2,0.2,0.02,39.0,127.70340936954686,nan,nan,638197.7436482867,53429.33342375814,0.19765543607384536
onsite_damping_disorder,80.0,0.2,0.2,0.02,40.0,182.390203348333,nan,nan,1440200.1164727095,110046.97209989301,0.1951521654833998
onsite_damping_disorder,80.0,0.2,0.2,0.02,41.0,140.67701978432368,nan,nan,845558.3153283948,66450.60227065386,0.20009309938434877
onsite_damping_disorder,80.0,0.2,0.2,0.02,42.0,172.23792585860272,nan,nan,1195743.7902525251,96387.64627037956,0.19490577064020076
onsite_damping_disorder,80.0,0.2,0.2,0.02,43.0,143.6636687825192,nan,nan,789529.2693046455,68144.4555747899,0.19617673917151135
onsite_damping_disorder,80.0,0.2,0.2,0.02,44.0,145.14143465231479,nan,nan,844462.0728708585,70409.45246943399,0.1986304967624395
onsite_damping_disorder,80.0,0.2,0.2,0.02,45.0,142.7757252409797,nan,nan,742334.0547577112,66366.36978657472,0.18746840256686287
onsite_damping_disorder,80.0,0.2,0.2,0.02,46.0,134.67915183855047,nan,nan,712617.1460313797,60766.68151071544,0.19829801217179302
onsite_damping_disorder,80.0,0.2,0.2,0.02,47.0,242.170752488302,nan,nan,2146533.101461529,190587.11476782823,0.19538882454987994
onsite_damping_disorder,80.0,0.2,0.2,0.02,48.0,151.30224383805538,nan,nan,875765.3891324643,74399.91929717998,0.19763177530274306
onsite_damping_disorder,80.0,0.2,0.2,0.02,49.0,192.2653681173181,nan,nan,1443661.608589338,120486.23924691022,0.19369618247970313
onsite_damping_disorder,80.0,0.2,0.2,0.02,50.0,143.6275265882009,nan,nan,917545.8378414244,69340.87576208779,0.2002192743757902
onsite_damping_disorder,80.0,0.2,0.2,0.02,51.0,152.71734595323977,nan,nan,1015679.8162971977,77359.7312519127,0.19402933263145505
onsite_damping_disorder,80.0,0.2,0.2,0.02,52.0,148.13656103079856,nan,nan,878433.1034965438,72192.85048383258,0.19974881180358298
onsite_damping_disorder,80.0,0.2,0.2,0.02,53.0,183.34930680224235,nan,nan,1362696.7296024621,109538.20997704288,0.19864028822834504
onsite_damping_disorder,80.0,0.2,0.2,0.02,54.0,143.64289112370622,nan,nan,942606.7225325985,69139.80280786694,0.19526114738152048
onsite_damping_disorder,80.0,0.2,0.2,0.02,55.0,137.00859987011984,nan,nan,793865.5073476473,62860.248320547995,0.19462973811233844
onsite_damping_disorder,80.0,0.2,0.2,0.02,56.0,148.5563768499193,nan,nan,906725.6968175791,72145.1983623256,0.2012116905010165
onsite_damping_disorder,80.0,0.2,0.2,0.02,57.0,164.72228380676395,nan,nan,949045.2723314071,90703.35462642387,0.19386215744176116
onsite_damping_disorder,80.0,0.2,0.2,0.02,58.0,134.55722707969983,nan,nan,709066.3268664213,59335.99045712963,0.19308633156128396
onsite_damping_disorder,80.0,0.2,0.2,0.02,59.0,188.66798962411397,nan,nan,1327437.788909994,118877.55234269827,0.19259561319944904
onsite_damping_disorder,80.0,0.2,0.2,0.02,60.0,175.85759060450852,nan,nan,1233444.8719616928,103820.22162062168,0.1998957607288245
onsite_damping_disorder,80.0,0.2,0.2,0.02,61.0,153.33958818840168,nan,nan,909402.0169406056,78279.30324927231,0.19349071903699752
onsite_damping_disorder,80.0,0.2,0.2,0.02,62.0,180.13130235833194,nan,nan,1143375.6531804055,105923.27956287262,0.1948067384105811
onsite_damping_disorder,80.0,0.2,0.2,0.02,63.0,197.7237045779637,nan,nan,1452698.7587564513,127351.99473083537,0.19106884903351828
onsite_damping_disorder,80.0,0.2,0.2,0.02,64.0,163.52874372386015,nan,nan,944282.6063689847,87000.8925788459,0.20130295033518977
onsite_damping_disorder,80.0,0.2,0.2,0.02,65.0,208.82664546062017,nan,nan,1589558.0827246094,146673.3930730504,0.19349094090846636
onsite_damping_disorder,80.0,0.2,0.2,0.02,66.0,189.1140519273553,nan,nan,1441186.2603626219,117303.25518409794,0.19817289155648238
onsite_damping_disorder,80.0,0.2,0.2,0.02,67.0,231.7931063818434,nan,nan,1888085.8569725319,175596.34075150636,0.19301401623216669
onsite_damping_disorder,80.0,0.2,0.2,0.02,68.0,205.31182762883068,nan,nan,1637666.5530798626,140158.5159946286,0.19794161901497787
onsite_damping_disorder,80.0,0.2,0.2,0.02,69.0,172.0180656614402,nan,nan,1249992.8977579847,98875.74400614112,0.19103404496754015
onsite_damping_disorder,80.0,0.2,0.2,0.02,70.0,187.84664548150874,nan,nan,1210736.1401569168,114748.0719634535,0.19372820231521454
onsite_damping_disorder,80.0,0.2,0.2,0.02,71.0,171.49479205366939,nan,nan,1045061.282579354,96085.32239773686,0.19321500509831635
onsite_damping_disorder,80.0,0.2,0.2,0.02,72.0,158.3965434754005,nan,nan,1110663.4449398355,84177.97668327321,0.19427617806352457
onsite_damping_disorder,80.0,0.2,0.2,0.02,73.0,156.0157329223052,nan,nan,967801.55826135,79534.35117345669,0.19830641576037888
onsite_damping_disorder,80.0,0.2,0.2,0.02,74.0,100.23249312967788,nan,nan,440773.56818591995,32685.089238085788,0.19963652250403285
onsite_damping_disorder,80.0,0.2,0.2,0.02,75.0,244.0743358704909,nan,nan,2071246.4353658892,195277.06245318011,0.19175414153284698
onsite_damping_disorder,80.0,0.2,0.2,0.02,76.0,126.50897293443687,nan,nan,641388.7908343901,53757.58239986774,0.19435950494328186
onsite_damping_disorder,80.0,0.2,0.2,0.02,77.0,125.91935765543953,nan,nan,610454.8482730286,52157.072294274214,0.1961921989334763
onsite_damping_disorder,80.0,0.2,0.2,0.02,78.0,149.6527831626625,nan,nan,940659.5617161852,74189.22461628306,0.1983638651175832
onsite_damping_disorder,80.0,0.2,0.2,0.02,79.0,150.9359712320269,nan,nan,1055437.846137213,75733.03057413365,0.19909751306686022
onsite_damping_disorder,100.0,0.2,0.2,0.02,0.0,765.3761388299803,nan,nan,21010556.89561971,1924794.891715842,0.19128928628142947
onsite_damping_disorder,100.0,0.2,0.2,0.02,1.0,674.5693201269622,nan,nan,17158819.541530542,1528331.1202694864,0.1588670559960964
onsite_damping_disorder,100.0,0.2,0.2,0.02,2.0,559.3275388396437,nan,nan,12517275.43018944,1038799.8881409041,0.16518888979397195
onsite_damping_disorder,100.0,0.2,0.2,0.02,3.0,938.6049226383958,nan,nan,34047992.99405138,2939080.878291052,0.16442472848633685
onsite_damping_disorder,100.0,0.2,0.2,0.02,4.0,538.1577687489034,nan,nan,12385971.271686453,970170.7296904313,0.1947668968446103
onsite_damping_disorder,100.0,0.2,0.2,0.02,5.0,646.3344775099264,nan,nan,17286537.765680347,1362116.2641086683,0.19397947762069478
onsite_damping_disorder,100.0,0.2,0.2,0.02,6.0,591.6007942227959,nan,nan,14114436.035341704,1165743.4088227751,0.17690332727523364
onsite_damping_disorder,100.0,0.2,0.2,0.02,7.0,510.0130434550837,nan,nan,11069866.91545627,869315.1470758328,0.1931719259021523
onsite_damping_disorder,100.0,0.2,0.2,0.02,8.0,778.609103876016,nan,nan,23036516.08027254,1970193.2271138695,0.17998298516607844
onsite_damping_disorder,100.0,0.2,0.2,0.02,9.0,675.3450902099364,nan,nan,18072433.914321218,1527762.4896619665,0.18360135848272763
onsite_damping_disorder,100.0,0.2,0.2,0.02,10.0,731.4647770351017,nan,nan,20566259.509366527,1752470.1114565867,0.16436517880448578
onsite_damping_disorder,100.0,0.2,0.2,0.02,11.0,946.0210952449944,nan,nan,30374147.580114108,2922654.3771157023,0.18379385704483212
onsite_damping_disorder,100.0,0.2,0.2,0.02,12.0,793.1222918309694,nan,nan,24133453.898651566,2103420.8979777526,0.17560715150596193
onsite_damping_disorder,100.0,0.2,0.2,0.02,13.0,605.255227889305,nan,nan,13407516.513484813,1205758.037363005,0.1930865836774229
onsite_damping_disorder,100.0,0.2,0.2,0.02,14.0,808.1343265612333,nan,nan,22616584.039535824,2130770.933271717,0.18417910075773664
onsite_damping_disorder,100.0,0.2,0.2,0.02,15.0,657.61379079879,nan,nan,16906557.113166913,1429611.425968273,0.18365615649281306
onsite_damping_disorder,100.0,0.2,0.2,0.02,16.0,924.9771737619554,nan,nan,31839357.296552345,2846360.5560189625,0.17498045220199265
onsite_damping_disorder,100.0,0.2,0.2,0.02,17.0,624.9860392411251,nan,nan,18260550.74762664,1310347.8026962085,0.18694610591583277
onsite_damping_disorder,100.0,0.2,0.2,0.02,18.0,554.420510004672,nan,nan,13154613.335966313,1015128.7204046649,0.1918648737169348
onsite_damping_disorder,100.0,0.2,0.2,0.02,19.0,903.1681143327606,nan,nan,33685886.46366465,2680308.364417579,0.18379389574949964
onsite_damping_disorder,100.0,0.2,0.2,0.02,20.0,812.7450017435161,nan,nan,25744347.354355663,2185583.282892871,0.187362998965155
onsite_damping_disorder,100.0,0.2,0.2,0.02,21.0,616.9795498239288,nan,nan,17370611.68695586,1254230.8324495708,0.19084904327802293
onsite_damping_disorder,100.0,0.2,0.2,0.02,22.0,657.058070719641,nan,nan,15995517.512513058,1434834.4796400813,0.17939718574048208
onsite_damping_disorder,100.0,0.2,0.2,0.02,23.0,675.0631248854653,nan,nan,19484926.347839158,1526087.9816220195,0.1795936456166911
onsite_damping_disorder,100.0,0.2,0.2,0.02,24.0,968.5401795622656,nan,nan,36930285.38230581,3085947.9696013285,0.16614019091964752
onsite_damping_disorder,100.0,0.2,0.2,0.02,25.0,570.4901168607925,nan,nan,14125187.229539981,1079161.4586383977,0.18062428682554885
onsite_damping_disorder,100.0,0.2,0.2,0.02,26.0,542.5442095599615,nan,nan,12957147.680397382,974578.7907128603,0.19020735677137574
onsite_damping_disorder,100.0,0.2,0.2,0.02,27.0,677.4559788593108,nan,nan,19160267.051176473,1492946.8768928798,0.18735752943863868
onsite_damping_disorder,100.0,0.2,0.2,0.02,28.0,814.5110281585584,nan,nan,25956771.429306988,2207151.2684365856,0.1886823739796514
onsite_damping_disorder,100.0,0.2,0.2,0.02,29.0,580.22336834573,nan,nan,13759898.587246891,1105406.0562522677,0.1907248820017183
onsite_damping_disorder,100.0,0.2,0.2,0.02,30.0,844.9615531597157,nan,nan,28703758.65235017,2371750.438549443,0.1853451628330676
onsite_damping_disorder,100.0,0.2,0.2,0.02,31.0,654.5122053656268,nan,nan,15852730.092424752,1401871.0772592237,0.17793260669261335
onsite_damping_disorder,100.0,0.2,0.2,0.02,32.0,728.4580756446347,nan,nan,20811464.39130291,1725577.3641477872,0.17536218636497194
onsite_damping_disorder,100.0,0.2,0.2,0.02,33.0,593.412582322867,nan,nan,13589838.323948037,1145278.5033714215,0.1877777088244284
onsite_damping_disorder,100.0,0.2,0.2,0.02,34.0,934.5654922100372,nan,nan,30840979.44500226,2842758.1675195578,0.1919691325176876
onsite_damping_disorder,100.0,0.2,0.2,0.02,35.0,554.6359608139994,nan,nan,13087943.33028804,1024213.560540896,0.1857237547322765
onsite_damping_disorder,100.0,0.2,0.2,0.02,36.0,569.3496728749925,nan,nan,12583132.66505177,1057438.5274790004,0.18052803598842582
onsite_damping_disorder,100.0,0.2,0.2,0.02,37.0,644.9407706913056,nan,nan,17403639.8238882,1364591.7059290064,0.1665385268813205
onsite_damping_disorder,100.0,0.2,0.2,0.02,38.0,553.2148964338502,nan,nan,14167494.03257902,1012160.735389519,0.1791943137364803
onsite_damping_disorder,100.0,0.2,0.2,0.02,39.0,748.392881468412,nan,nan,21204430.910715684,1824040.3327239181,0.19093215509911515
onsite_damping_disorder,100.0,0.2,0.2,0.02,40.0,834.4192754151147,nan,nan,26872034.022349283,2311096.673990728,0.18466458202052582
onsite_damping_disorder,100.0,0.2,0.2,0.02,41.0,471.8948395562323,nan,nan,8753433.780839939,726874.4982945705,0.18251401035368153
onsite_damping_disorder,100.0,0.2,0.2,0.02,42.0,634.0900677744888,nan,nan,14890361.103935713,1314239.430218031,0.1945443008342813
onsite_damping_disorder,100.0,0.2,0.2,0.02,43.0,847.1129775255673,nan,nan,28377401.0486214,2409371.1336075617,0.18777267045158783
onsite_damping_disorder,100.0,0.2,0.2,0.02,44.0,499.5654558286065,nan,nan,11201664.057509203,827450.7909111314,0.19690784033607514
onsite_damping_disorder,100.0,0.2,0.2,0.02,45.0,874.5206459371688,nan,nan,29977100.482553117,2528358.7805417324,0.1793810339706701
onsite_damping_disorder,100.0,0.2,0.2,0.02,46.0,807.2166056436157,nan,nan,26830702.19343157,2170893.362024534,0.18495968627105025
onsite_damping_disorder,100.0,0.2,0.2,0.02,47.0,839.6309414380894,nan,nan,26584876.916802045,2348007.55563368,0.18556353764985953
onsite_damping_disorder,100.0,0.2,0.2,0.02,48.0,751.2837637014815,nan,nan,23836639.218332727,1895342.3197287421,0.17447676496105016
onsite_damping_disorder,100.0,0.2,0.2,0.02,49.0,767.202633880521,nan,nan,19245600.112172652,1920456.8788907754,0.18767800505847454
onsite_damping_disorder,100.0,0.2,0.2,0.02,50.0,610.4598124592155,nan,nan,15519166.747765904,1232449.2363989414,0.17751829637319075
onsite_damping_disorder,100.0,0.2,0.2,0.02,51.0,527.7158853181228,nan,nan,12849954.403722838,931956.7746771419,0.16941401386105187
onsite_damping_disorder,100.0,0.2,0.2,0.02,52.0,823.2818952132999,nan,nan,25776982.28147597,2278297.8251562286,0.16494726963426795
onsite_damping_disorder,100.0,0.2,0.2,0.02,53.0,656.3445296649868,nan,nan,19951876.3335498,1435649.4074982656,0.1916597502708544
onsite_damping_disorder,100.0,0.2,0.2,0.02,54.0,636.8362714027622,nan,nan,16231223.054894604,1349884.6436828806,0.1766153091618501
onsite_damping_disorder,100.0,0.2,0.2,0.02,55.0,842.9877325542598,nan,nan,27815062.365348563,2359605.4537754995,0.17534995364907885
onsite_damping_disorder,100.0,0.2,0.2,0.02,56.0,715.4545419883937,nan,nan,23038234.200534783,1708857.2046974725,0.1890027999808347
onsite_damping_disorder,100.0,0.2,0.2,0.02,57.0,627.671347774496,nan,nan,15013564.32700515,1310046.4900419756,0.18751264704259088
onsite_damping_disorder,100.0,0.2,0.2,0.02,58.0,660.5973249634739,nan,nan,17868345.356362704,1429296.531535168,0.19104293098957542
onsite_damping_disorder,100.0,0.2,0.2,0.02,59.0,549.8386570046347,nan,nan,13566101.913598128,996397.334620996,0.1942483989691698
onsite_damping_disorder,100.0,0.2,0.2,0.02,60.0,742.7948675159772,nan,nan,19960630.333587047,1819375.2478948538,0.17977870168706794
onsite_damping_disorder,100.0,0.2,0.2,0.02,61.0,625.6483653110747,nan,nan,17410278.119051035,1298224.2204586589,0.1861588633020729
onsite_damping_disorder,100.0,0.2,0.2,0.02,62.0,713.0828397532205,nan,nan,19629898.802681632,1657476.2394275165,0.17246631779777913
onsite_damping_disorder,100.0,0.2,0.2,0.02,63.0,560.8325685112934,nan,nan,12853709.397996929,1053225.8318060134,0.18810523472671892
onsite_damping_disorder,100.0,0.2,0.2,0.02,64.0,725.4172749224207,nan,nan,20451208.922366295,1760320.37930996,0.18206739610784714
onsite_damping_disorder,100.0,0.2,0.2,0.02,65.0,897.6760657989781,nan,nan,32674876.99597978,2628119.9715745617,0.1736937642448905
onsite_damping_disorder,100.0,0.2,0.2,0.02,66.0,808.6153966392019,nan,nan,23902139.874360964,2150900.1028599828,0.17937213868153493
onsite_damping_disorder,100.0,0.2,0.2,0.02,67.0,735.9522884732968,nan,nan,22595077.695067048,1781063.3786644742,0.1925997269825983
onsite_damping_disorder,100.0,0.2,0.2,0.02,68.0,523.2900331419636,nan,nan,11270902.928969637,890320.7835313346,0.16887382454689076
onsite_damping_disorder,100.0,0.2,0.2,0.02,69.0,709.7058786906472,nan,nan,20549902.714312896,1638290.332055756,0.16817791364842452
onsite_damping_disorder,100.0,0.2,0.2,0.02,70.0,588.3818364378478,nan,nan,14820904.677748026,1135243.4710132487,0.18461998955937775
onsite_damping_disorder,100.0,0.2,0.2,0.02,71.0,701.611200429442,nan,nan,19772833.42856459,1625231.8734445493,0.1847470286455117
onsite_damping_disorder,100.0,0.2,0.2,0.02,72.0,750.5611581234187,nan,nan,22793763.144162457,1884172.4289001133,0.17727272210112444
onsite_damping_disorder,100.0,0.2,0.2,0.02,73.0,602.2927419012792,nan,nan,14199607.130659653,1186066.238459577,0.16527935464771515
onsite_damping_disorder,100.0,0.2,0.2,0.02,74.0,747.2488477013644,nan,nan,20870179.71405466,1874898.2565205258,0.17134626091910282
onsite_damping_disorder,100.0,0.2,0.2,0.02,75.0,831.1741756302349,nan,nan,26232275.42323313,2270180.6330113322,0.17765823054058966
onsite_damping_disorder,100.0,0.2,0.2,0.02,76.0,760.9487786631138,nan,nan,22608387.597644694,1922239.6473540547,0.17676372517579275
onsite_damping_disorder,100.0,0.2,0.2,0.02,77.0,679.8774468426319,nan,nan,17451855.042632427,1539794.4799099688,0.18442469375755668
onsite_damping_disorder,100.0,0.2,0.2,0.02,78.0,478.87113755086597,nan,nan,9147679.051557789,750791.6969593766,0.16936775644234056
onsite_damping_disorder,100.0,0.2,0.2,0.02,79.0,825.9461835354728,nan,nan,26791341.67560112,2231236.7930482686,0.18915826124341334
onsite_damping_disorder,120.0,0.2,0.2,0.02,0.0,3114.35392999699,nan,nan,400345816.5132524,31807212.79949998,0.17614942498987823
onsite_damping_disorder,120.0,0.2,0.2,0.02,1.0,2778.724717907004,nan,nan,316589903.01116765,25503915.26961533,0.16231722758342554
onsite_damping_disorder,120.0,0.2,0.2,0.02,2.0,3698.6690613762025,nan,nan,541780368.0973555,45897897.84856165,0.14059994887505092
onsite_damping_disorder,120.0,0.2,0.2,0.02,3.0,3191.1491586751936,nan,nan,387526032.51063603,33279629.76492667,0.14483165168751527
onsite_damping_disorder,120.0,0.2,0.2,0.02,4.0,3795.457598697585,nan,nan,512317646.680159,47867758.05083783,0.15368760705648501
onsite_damping_disorder,120.0,0.2,0.2,0.02,5.0,2438.101331745259,nan,nan,243128192.02813306,19883220.908027034,0.14306972193650314
onsite_damping_disorder,120.0,0.2,0.2,0.02,6.0,3470.26970984105,nan,nan,434581310.9568536,39245125.39494145,0.1771686973299393
onsite_damping_disorder,120.0,0.2,0.2,0.02,7.0,2345.9586246502704,nan,nan,236737256.07422936,18493620.48001512,0.15183830830227282
onsite_damping_disorder,120.0,0.2,0.2,0.02,8.0,2474.822635032784,nan,nan,209225905.00142038,20027711.253677055,0.1680223887783067
onsite_damping_disorder,120.0,0.2,0.2,0.02,9.0,2273.168694566549,nan,nan,224507311.1871028,17132878.53642099,0.1428576356930196
onsite_damping_disorder,120.0,0.2,0.2,0.02,10.0,2548.6160878085725,nan,nan,281897172.7117346,21836382.046337985,0.14097128255218688
onsite_damping_disorder,120.0,0.2,0.2,0.02,11.0,2022.9069710206854,nan,nan,181359104.44273767,13567118.524501333,0.18414606396187713
onsite_damping_disorder,120.0,0.2,0.2,0.02,12.0,3129.0259190925203,nan,nan,378806647.3246639,32660611.844401013,0.1605879083927009
onsite_damping_disorder,120.0,0.2,0.2,0.02,13.0,3196.963408622586,nan,nan,396943455.3357076,33315942.030955143,0.14587717262812006
onsite_damping_disorder,120.0,0.2,0.2,0.02,14.0,2786.2746879013425,nan,nan,319545890.7992844,26109500.47876497,0.1530445523195445
onsite_damping_disorder,120.0,0.2,0.2,0.02,15.0,1758.7749273213985,nan,nan,121485329.20566079,10060994.908262348,0.1691415375601223
onsite_damping_disorder,120.0,0.2,0.2,0.02,16.0,2639.9515612464074,nan,nan,280046695.91381323,23348478.459227882,0.17080739653018354
onsite_damping_disorder,120.0,0.2,0.2,0.02,17.0,3901.9775458431873,nan,nan,545569365.9972341,50041899.127357274,0.1823848342238313
onsite_damping_disorder,120.0,0.2,0.2,0.02,18.0,3384.763769570258,nan,nan,520245289.9608985,37993617.90644455,0.18224708990769137
onsite_damping_disorder,120.0,0.2,0.2,0.02,19.0,3220.2106206847693,nan,nan,414741413.1051402,33817368.43187323,0.18352053308744978
onsite_damping_disorder,120.0,0.2,0.2,0.02,20.0,2929.667413331532,nan,nan,362417725.1861532,28382609.298188202,0.15353363032862372
onsite_damping_disorder,120.0,0.2,0.2,0.02,21.0,3558.476758464172,nan,nan,500223884.40456,41961131.92055939,0.18363460345845722
onsite_damping_disorder,120.0,0.2,0.2,0.02,22.0,2088.012234614607,nan,nan,193138004.44222993,14297592.69974838,0.14010115504977658
onsite_damping_disorder,120.0,0.2,0.2,0.02,23.0,3482.2794136726793,nan,nan,448041241.2261648,39875812.03413023,0.1841925486741114
onsite_damping_disorder,120.0,0.2,0.2,0.02,24.0,2494.319376954387,nan,nan,259741691.21771333,20552969.950861264,0.17710129471526562
onsite_damping_disorder,120.0,0.2,0.2,0.02,25.0,3140.4221618229853,nan,nan,369835699.27005506,32120553.375325274,0.15744192930578946
onsite_damping_disorder,120.0,0.2,0.2,0.02,26.0,4721.127600595718,nan,nan,810407510.6612177,73805467.90076432,0.14767927591688357
onsite_damping_disorder,120.0,0.2,0.2,0.02,27.0,2698.472496106545,nan,nan,268129245.557076,23803807.87256502,0.18406653334895892
onsite_damping_disorder,120.0,0.2,0.2,0.02,28.0,2814.6081288859236,nan,nan,331043955.80316097,26318587.070292033,0.16496126894983035
onsite_damping_disorder,120.0,0.2,0.2,0.02,29.0,2524.3600729995087,nan,nan,255883938.58838016,20802962.115275897,0.15297184374807923
onsite_damping_disorder,120.0,0.2,0.2,0.02,30.0,2359.025994323056,nan,nan,251226144.60102105,18554311.77977489,0.15008668961079719
onsite_damping_disorder,120.0,0.2,0.2,0.02,31.0,2900.5102105142814,nan,nan,339589540.45661426,28173619.15865483,0.17055762524011098
onsite_damping_disorder,120.0,0.2,0.2,0.02,32.0,3533.835222774174,nan,nan,458503865.1461256,41514303.9391691,0.18585873749723703
onsite_damping_disorder,120.0,0.2,0.2,0.02,33.0,2680.3397465624957,nan,nan,273332944.42292196,23724945.274650197,0.17771479324244502
onsite_damping_disorder,120.0,0.2,0.2,0.02,34.0,2765.7044167390363,nan,nan,321704146.8910457,25431091.979817834,0.18004756304772485
onsite_damping_disorder,120.0,0.2,0.2,0.02,35.0,2360.8554970555856,nan,nan,236148986.3940761,18630810.21195711,0.14061271347539664
onsite_damping_disorder,120.0,0.2,0.2,0.02,36.0,2702.156605450476,nan,nan,290598296.1979813,24459265.64847993,0.15230442380942286
onsite_damping_disorder,120.0,0.2,0.2,0.02,37.0,2180.702250431998,nan,nan,183735311.2736416,15787305.706960134,0.15585125616523648
onsite_damping_disorder,120.0,0.2,0.2,0.02,38.0,3060.9419591940627,nan,nan,381565508.26672065,30767120.751005247,0.14801721164745485
onsite_damping_disorder,120.0,0.2,0.2,0.02,39.0,2574.8732936541483,nan,nan,247744536.04105705,22002253.298419327,0.15480572962964906
onsite_damping_disorder,120.0,0.2,0.2,0.02,40.0,3165.748496989576,nan,nan,425015187.5456044,33702633.100744836,0.1503976690236798
onsite_damping_disorder,120.0,0.2,0.2,0.02,41.0,2218.360147775791,nan,nan,189699556.98114416,16143068.391780205,0.14055200028532522
onsite_damping_disorder,120.0,0.2,0.2,0.02,42.0,1961.2491985047288,nan,nan,164594392.44261795,12811659.93835835,0.1511470754968115
onsite_damping_disorder,120.0,0.2,0.2,0.02,43.0,2809.9373884627475,nan,nan,317115719.6815758,26176184.632239573,0.16779505223612937
onsite_damping_disorder,120.0,0.2,0.2,0.02,44.0,3626.4715909167767,nan,nan,481917445.6685525,44017630.8867145,0.13876130112158752
onsite_damping_disorder,120.0,0.2,0.2,0.02,45.0,2846.0821023643844,nan,nan,343422716.9262881,26796713.26117197,0.1431481101768907
onsite_damping_disorder,120.0,0.2,0.2,0.02,46.0,2454.5902555344924,nan,nan,246820573.53681538,19841799.98381345,0.14418497787564807
onsite_damping_disorder,120.0,0.2,0.2,0.02,47.0,2916.065313902772,nan,nan,343582431.57309246,27894434.647737052,0.17266219752718617
onsite_damping_disorder,120.0,0.2,0.2,0.02,48.0,2798.391816620294,nan,nan,332500315.65876234,25986533.98646624,0.14995410775483076
onsite_damping_disorder,120.0,0.2,0.2,0.02,49.0,3258.2828247931648,nan,nan,382242474.50547504,35286234.215340555,0.17761106139492064
onsite_damping_disorder,120.0,0.2,0.2,0.02,50.0,3664.297223491293,nan,nan,536201280.97487354,44252290.205424055,0.14136643171966817
onsite_damping_disorder,120.0,0.2,0.2,0.02,51.0,2176.849179465535,nan,nan,187254671.90594983,15525846.1831483,0.1404945062758625
onsite_damping_disorder,120.0,0.2,0.2,0.02,52.0,3137.0944456397638,nan,nan,364668761.9861681,32871617.915579952,0.15816264205598096
onsite_damping_disorder,120.0,0.2,0.2,0.02,53.0,2875.4650191188857,nan,nan,340049479.62093383,27745011.65649713,0.1797079787977621
onsite_damping_disorder,120.0,0.2,0.2,0.02,54.0,3397.300477887794,nan,nan,417276556.1869379,37979756.40388414,0.1882967705006222
onsite_damping_disorder,120.0,0.2,0.2,0.02,55.0,2545.5751501196023,nan,nan,265571426.27222985,21170571.630067427,0.1437389100316268
onsite_damping_disorder,120.0,0.2,0.2,0.02,56.0,2294.3836702442504,nan,nan,206454510.2085751,17239952.832449548,0.13692293799790425
onsite_damping_disorder,120.0,0.2,0.2,0.02,57.0,3089.712700541918,nan,nan,366911823.6357688,31806099.596824396,0.1387196206471546
onsite_damping_disorder,120.0,0.2,0.2,0.02,58.0,2970.475680638211,nan,nan,359586063.7267073,29200960.502948526,0.16004806627367707
onsite_damping_disorder,120.0,0.2,0.2,0.02,59.0,2694.2635773868346,nan,nan,278240013.0291903,24126688.370314915,0.14842368089550145
onsite_damping_disorder,120.0,0.2,0.2,0.02,60.0,2423.4793141201244,nan,nan,234382028.01616636,19271701.695383653,0.18090589743622495
onsite_damping_disorder,120.0,0.2,0.2,0.02,61.0,2768.8649871330135,nan,nan,315687985.9552051,25658534.5753901,0.14338041516040523
onsite_damping_disorder,120.0,0.2,0.2,0.02,62.0,2138.944970875262,nan,nan,177335093.8660655,14872721.771202754,0.1819671890559505
onsite_damping_disorder,120.0,0.2,0.2,0.02,63.0,3214.6088002140696,nan,nan,386863028.163121,34445725.1762679,0.1471768784681659
onsite_damping_disorder,120.0,0.2,0.2,0.02,64.0,2521.7769701373472,nan,nan,236744879.1931337,20781780.79705983,0.18771103872077619
onsite_damping_disorder,120.0,0.2,0.2,0.02,65.0,3496.0629919595135,nan,nan,498626724.6622902,40448897.26725509,0.16091051526878494
onsite_damping_disorder,120.0,0.2,0.2,0.02,66.0,2333.5747943025754,nan,nan,223951966.3760121,17887075.847096436,0.1809811955092514
onsite_damping_disorder,120.0,0.2,0.2,0.02,67.0,2489.3709863411873,nan,nan,245119370.06572723,20466353.037513297,0.1596055157597134
onsite_damping_disorder,120.0,0.2,0.2,0.02,68.0,2660.4701250080852,nan,nan,274452220.6295086,23224165.69061434,0.17007344701044347
onsite_damping_disorder,120.0,0.2,0.2,0.02,69.0,2922.9026005927276,nan,nan,345402402.39720136,28606779.391448814,0.14016818597127081
onsite_damping_disorder,120.0,0.2,0.2,0.02,70.0,3691.9374366404018,nan,nan,540967326.5122226,45343132.57359739,0.14208624258142935
onsite_damping_disorder,120.0,0.2,0.2,0.02,71.0,2881.57702602108,nan,nan,315560344.1408175,27788640.41021476,0.16054887741709137
onsite_damping_disorder,120.0,0.2,0.2,0.02,72.0,2289.5244046790417,nan,nan,221032327.26089567,17189800.4398563,0.17760659865834624
onsite_damping_disorder,120.0,0.2,0.2,0.02,73.0,2118.12879846441,nan,nan,180422176.76874822,14809520.402000522,0.1854475176529696
onsite_damping_disorder,120.0,0.2,0.2,0.02,74.0,2888.43889385415,nan,nan,332454127.1836314,27449243.89200291,0.14983119200450706
onsite_damping_disorder,120.0,0.2,0.2,0.02,75.0,2501.9411324186826,nan,nan,241702446.10403532,20822979.944465622,0.18637509025979845
onsite_damping_disorder,120.0,0.2,0.2,0.02,76.0,2885.198423236315,nan,nan,318758604.5057199,27939801.591154914,0.17904647511943803
onsite_damping_disorder,120.0,0.2,0.2,0.02,77.0,3072.6808527043913,nan,nan,369745394.8024216,30799140.441263277,0.1473948255321957
onsite_damping_disorder,120.0,0.2,0.2,0.02,78.0,2523.1688533285587,nan,nan,250759263.06922776,20935757.231421564,0.16184574391250625
onsite_damping_disorder,120.0,0.2,0.2,0.02,79.0,1962.2970702007078,nan,nan,150101601.6787113,12664972.932492642,0.1505347663186864
onsite_damping_disorder,20.0,0.2,0.2,0.05,0.0,2.41920822559145,nan,nan,199.18380198744157,20.137756394799474,0.2030412393869231
onsite_damping_disorder,20.0,0.2,0.2,0.05,1.0,2.4801647740956305,nan,nan,253.0911055670987,20.004556307092813,0.2054592586916399
onsite_damping_disorder,20.0,0.2,0.2,0.05,2.0,2.102773473145659,nan,nan,150.90214305405516,14.305242696643731,0.2166738915571184
onsite_damping_disorder,20.0,0.2,0.2,0.05,3.0,2.4266354308528033,nan,nan,214.27319143636828,19.817569127596734,0.2133647183309452
onsite_damping_disorder,20.0,0.2,0.2,0.05,4.0,2.253240077605975,nan,nan,202.27573605704853,17.060166467187507,0.21232057665576026
onsite_damping_disorder,20.0,0.2,0.2,0.05,5.0,2.250277521374497,nan,nan,220.81859946304263,16.837629724316884,0.21231416823884625
onsite_damping_disorder,20.0,0.2,0.2,0.05,6.0,1.9238824749532581,nan,nan,161.20740465057327,12.206267893319636,0.21461286088843012
onsite_damping_disorder,20.0,0.2,0.2,0.05,7.0,1.7590545706818828,nan,nan,116.54048804921824,10.59656903823884,0.2241024809258571
onsite_damping_disorder,20.0,0.2,0.2,0.05,8.0,2.161476883006278,nan,nan,177.77876584848005,15.551854207970685,0.21587237772939924
onsite_damping_disorder,20.0,0.2,0.2,0.05,9.0,2.621590810433071,nan,nan,249.65362766695256,23.06223471932785,0.20819135846737952
onsite_damping_disorder,20.0,0.2,0.2,0.05,10.0,2.848557196193175,nan,nan,318.79127371712156,27.982987194113548,0.1946951052740223
onsite_damping_disorder,20.0,0.2,0.2,0.05,11.0,2.18007927896906,nan,nan,195.775275527808,15.940191922799222,0.2164919420968217
onsite_damping_disorder,20.0,0.2,0.2,0.05,12.0,1.911289026245599,nan,nan,131.97833250824,11.777385639549253,0.2191046986696439
onsite_damping_disorder,20.0,0.2,0.2,0.05,13.0,2.63864091830331,nan,nan,280.3539800609075,23.3957007866958,0.20618010103420895
onsite_damping_disorder,20.0,0.2,0.2,0.05,14.0,2.692627578162199,nan,nan,227.97719165454038,24.587946040152122,0.20146061476060834
onsite_damping_disorder,20.0,0.2,0.2,0.05,15.0,2.321053566721964,nan,nan,215.67952741948105,18.116461506212357,0.20874177760903917
onsite_damping_disorder,20.0,0.2,0.2,0.05,16.0,2.1508261081451296,nan,nan,154.72019406202432,14.857007411812477,0.22114348151102728
onsite_damping_disorder,20.0,0.2,0.2,0.05,17.0,2.2277093825378516,nan,nan,153.6226231351377,16.358388911294597,0.21323319103343785
onsite_damping_disorder,20.0,0.2,0.2,0.05,18.0,3.5919802379151378,nan,nan,422.23044768346506,40.88132593604288,0.19528924552216959
onsite_damping_disorder,20.0,0.2,0.2,0.05,19.0,2.54023431357829,nan,nan,215.93367401264388,21.741817734229507,0.2056244374345748
onsite_damping_disorder,20.0,0.2,0.2,0.05,20.0,2.8975224595757263,nan,nan,258.91624685526097,26.81336642574793,0.20483274342466162
onsite_damping_disorder,20.0,0.2,0.2,0.05,21.0,2.497173120225911,nan,nan,228.98184401284456,20.321706210233813,0.20554387966713417
onsite_damping_disorder,20.0,0.2,0.2,0.05,22.0,2.518726630958963,nan,nan,218.85199988296236,20.543218168043488,0.2107152165234557
onsite_damping_disorder,20.0,0.2,0.2,0.05,23.0,2.877320700828843,nan,nan,295.2073099415094,28.028742347282506,0.19619851454592246
onsite_damping_disorder,20.0,0.2,0.2,0.05,24.0,1.9565163406572361,nan,nan,149.78001620769015,12.799939908366927,0.21898658254028203
onsite_damping_disorder,20.0,0.2,0.2,0.05,25.0,2.46920031841652,nan,nan,212.3079942052345,20.416040227307867,0.2104632155679344
onsite_damping_disorder,20.0,0.2,0.2,0.05,26.0,2.395146328412576,nan,nan,206.80626423638185,18.388396057696355,0.2136840752573697
onsite_damping_disorder,20.0,0.2,0.2,0.05,27.0,1.6792540071154194,nan,nan,109.90507095865559,9.327062405316383,0.2251412067717788
onsite_damping_disorder,20.0,0.2,0.2,0.05,28.0,2.5466627770645367,nan,nan,229.414680209073,21.796603417878256,0.20561456270436837
onsite_damping_disorder,20.0,0.2,0.2,0.05,29.0,2.5717078578613783,nan,nan,218.16672913281386,21.596658132189074,0.21358293708877044
onsite_damping_disorder,20.0,0.2,0.2,0.05,30.0,2.0372597220243573,nan,nan,176.4888996862103,13.736662240873157,0.21616232408860514
onsite_damping_disorder,20.0,0.2,0.2,0.05,31.0,2.050626986152025,nan,nan,148.35330810992076,13.481583342221498,0.20881211453486087
onsite_damping_disorder,20.0,0.2,0.2,0.05,32.0,2.110412592612884,nan,nan,182.6614345161646,15.022302974230916,0.21007849423645653
onsite_damping_disorder,20.0,0.2,0.2,0.05,33.0,2.665267617587276,nan,nan,257.17582789382044,22.779680937526344,0.20971216214469823
onsite_damping_disorder,20.0,0.2,0.2,0.05,34.0,3.529842619922625,nan,nan,396.4653401477241,40.11781952082502,0.195467341152885
onsite_damping_disorder,20.0,0.2,0.2,0.05,35.0,2.4676462573695996,nan,nan,234.58795193270956,20.530973922490052,0.2051507729619688
onsite_damping_disorder,20.0,0.2,0.2,0.05,36.0,1.848253782283269,nan,nan,172.68056980161543,11.398400401436257,0.21444017122771697
onsite_damping_disorder,20.0,0.2,0.2,0.05,37.0,2.906102771976926,nan,nan,294.60033383862833,28.496046626155174,0.19815681531532403
onsite_damping_disorder,20.0,0.2,0.2,0.05,38.0,2.150447397180697,nan,nan,165.2375655183262,15.619325963201135,0.2111450577298986
onsite_damping_disorder,20.0,0.2,0.2,0.05,39.0,2.1365141324798715,nan,nan,205.4179974706575,15.659841899462714,0.21629380706572787
onsite_damping_disorder,20.0,0.2,0.2,0.05,40.0,2.236248681562479,nan,nan,185.92932791002082,16.160421582468324,0.2145510506900174
onsite_damping_disorder,20.0,0.2,0.2,0.05,41.0,1.854084092878582,nan,nan,143.45278489512893,11.530570063266874,0.21771730607989165
onsite_damping_disorder,20.0,0.2,0.2,0.05,42.0,2.775363420098005,nan,nan,244.47382172901004,25.62067079850671,0.20501822040063503
onsite_damping_disorder,20.0,0.2,0.2,0.05,43.0,1.7290025229855326,nan,nan,122.86351747937425,9.611340420029782,0.22379135982309745
onsite_damping_disorder,20.0,0.2,0.2,0.05,44.0,2.0595296831645777,nan,nan,182.2546376199483,14.590699996567666,0.20846709749737727
onsite_damping_disorder,20.0,0.2,0.2,0.05,45.0,2.653657804083682,nan,nan,220.65211242247116,22.825317393331872,0.21319652139866518
onsite_damping_disorder,20.0,0.2,0.2,0.05,46.0,2.690773624856,nan,nan,246.82495930819232,23.869434484657194,0.2062470662123204
onsite_damping_disorder,20.0,0.2,0.2,0.05,47.0,3.127795705354795,nan,nan,283.5590118373644,31.135884009933434,0.20007415945609802
onsite_damping_disorder,20.0,0.2,0.2,0.05,48.0,2.234835265992163,nan,nan,189.51731188855354,16.660144209978903,0.21232128467322126
onsite_damping_disorder,20.0,0.2,0.2,0.05,49.0,1.5234023155525618,nan,nan,117.39624572459479,7.669893254478073,0.22105084888770837
onsite_damping_disorder,20.0,0.2,0.2,0.05,50.0,2.0118532409543723,nan,nan,155.63414069634888,13.901512012436832,0.21208812190969
onsite_damping_disorder,20.0,0.2,0.2,0.05,51.0,1.7629292762354212,nan,nan,139.09132845516305,9.97527071921846,0.2160769596785925
onsite_damping_disorder,20.0,0.2,0.2,0.05,52.0,2.5617255345454297,nan,nan,236.91000082180184,21.95302201908688,0.21095505646578427
onsite_damping_disorder,20.0,0.2,0.2,0.05,53.0,3.180534588959908,nan,nan,322.5781043169403,33.55549241708451,0.2049694585494378
onsite_damping_disorder,20.0,0.2,0.2,0.05,54.0,2.348975614728989,nan,nan,197.49432542856457,18.114973571841254,0.21135022933158937
onsite_damping_disorder,20.0,0.2,0.2,0.05,55.0,2.632235105545846,nan,nan,254.89032680248198,22.251642889898868,0.208408817533917
onsite_damping_disorder,20.0,0.2,0.2,0.05,56.0,2.43410705067916,nan,nan,200.52378419787286,19.81415296855435,0.21316145323830538
onsite_damping_disorder,20.0,0.2,0.2,0.05,57.0,2.9197740935391368,nan,nan,302.7651841846619,29.342384018280015,0.19797779290288753
onsite_damping_disorder,20.0,0.2,0.2,0.05,58.0,2.607472638795458,nan,nan,222.76129712139414,22.860525455517873,0.20139215073536737
onsite_damping_disorder,20.0,0.2,0.2,0.05,59.0,1.9425337703446992,nan,nan,152.32516403698992,12.76757865527291,0.21355852837431089
onsite_damping_disorder,20.0,0.2,0.2,0.05,60.0,2.539901721059995,nan,nan,224.2578870445459,21.41279658014462,0.208050710675656
onsite_damping_disorder,20.0,0.2,0.2,0.05,61.0,1.537940879422269,nan,nan,107.3655380606676,8.107028526653552,0.22774115178307824
onsite_damping_disorder,20.0,0.2,0.2,0.05,62.0,2.931404534071022,nan,nan,261.9114274688216,27.632882117487274,0.2029041947448122
onsite_damping_disorder,20.0,0.2,0.2,0.05,63.0,2.382985701900054,nan,nan,229.9061267550975,19.339960813715265,0.20789011808564106
onsite_damping_disorder,20.0,0.2,0.2,0.05,64.0,2.651528299868343,nan,nan,219.74316252925118,22.266449770176678,0.21568294020228043
onsite_damping_disorder,20.0,0.2,0.2,0.05,65.0,1.8004590152293338,nan,nan,143.2488719353039,10.953065588532347,0.21584516688810113
onsite_damping_disorder,20.0,0.2,0.2,0.05,66.0,2.387625861033098,nan,nan,194.01930570842032,18.31726618325414,0.21111433558675383
onsite_damping_disorder,20.0,0.2,0.2,0.05,67.0,2.793111969109042,nan,nan,292.5587259809076,25.87302739296582,0.2022474588106985
onsite_damping_disorder,20.0,0.2,0.2,0.05,68.0,2.8774704542220535,nan,nan,322.0989264206042,26.93634887552685,0.2038546493372398
onsite_damping_disorder,20.0,0.2,0.2,0.05,69.0,2.239463972172025,nan,nan,172.43761632722223,16.2151919570788,0.20936253570902283
onsite_damping_disorder,20.0,0.2,0.2,0.05,70.0,2.426525139229992,nan,nan,187.26455611346245,18.718605527213885,0.20919751302284434
onsite_damping_disorder,20.0,0.2,0.2,0.05,71.0,2.7597302877632104,nan,nan,224.72038891840563,25.41779318409041,0.20882051902152973
onsite_damping_disorder,20.0,0.2,0.2,0.05,72.0,2.304711060321814,nan,nan,199.12940969835182,17.786730249475728,0.2128786899491023
onsite_damping_disorder,20.0,0.2,0.2,0.05,73.0,2.527137146394522,nan,nan,237.90055023287283,22.02965742686895,0.21105885858798315
onsite_damping_disorder,20.0,0.2,0.2,0.05,74.0,2.199985868389267,nan,nan,197.94030350841084,16.669622608065414,0.20505373542041672
onsite_damping_disorder,20.0,0.2,0.2,0.05,75.0,2.037106308536917,nan,nan,170.6302840693932,13.916121503369382,0.2169442121463654
onsite_damping_disorder,20.0,0.2,0.2,0.05,76.0,2.3175560885827022,nan,nan,216.90161162588117,17.633090688622197,0.21311123461560227
onsite_damping_disorder,20.0,0.2,0.2,0.05,77.0,2.870582039864738,nan,nan,288.9529734280703,27.197450735318533,0.19337091318123364
onsite_damping_disorder,20.0,0.2,0.2,0.05,78.0,2.016334994518844,nan,nan,202.59963959261174,13.899241033998189,0.21786480086554927
onsite_damping_disorder,20.0,0.2,0.2,0.05,79.0,2.4695368909157587,nan,nan,221.46939084820823,19.400442646216273,0.21112268497124853
onsite_damping_disorder,30.0,0.2,0.2,0.05,0.0,5.04851830962839,nan,nan,1082.6382523464154,84.77383770041249,0.20166211475694124
onsite_damping_disorder,30.0,0.2,0.2,0.05,1.0,4.1042261787786325,nan,nan,815.8157450561303,55.83932485824938,0.20409892623277423
onsite_damping_disorder,30.0,0.2,0.2,0.05,2.0,5.233230885256587,nan,nan,1052.367985033526,91.36534466109362,0.20157709536535667
onsite_damping_disorder,30.0,0.2,0.2,0.05,3.0,6.30927401008836,nan,nan,1561.9664716220714,133.45842965647174,0.18756062327562803
onsite_damping_disorder,30.0,0.2,0.2,0.05,4.0,8.787463157281929,nan,nan,2443.811261281085,265.052739028967,0.1912822599823526
onsite_damping_disorder,30.0,0.2,0.2,0.05,5.0,5.562692635926086,nan,nan,1500.561986577981,105.41583546748925,0.19303628470249898
onsite_damping_disorder,30.0,0.2,0.2,0.05,6.0,4.837357213333658,nan,nan,833.0053441636604,76.19953965472197,0.19595414011074666
onsite_damping_disorder,30.0,0.2,0.2,0.05,7.0,5.042916691152606,nan,nan,901.7127421174471,83.70691147097259,0.198899769239211
onsite_damping_disorder,30.0,0.2,0.2,0.05,8.0,4.993777268710614,nan,nan,1063.516840876813,83.56554063518011,0.1980293703351554
onsite_damping_disorder,30.0,0.2,0.2,0.05,9.0,5.795493832103006,nan,nan,1078.0823531968265,111.75897495449045,0.19645758302762567
onsite_damping_disorder,30.0,0.2,0.2,0.05,10.0,6.447579439954493,nan,nan,1444.4671522872236,136.8559315049757,0.19395890229528484
onsite_damping_disorder,30.0,0.2,0.2,0.05,11.0,4.18842354288822,nan,nan,667.4824738823274,56.46073069142962,0.21109907845234754
onsite_damping_disorder,30.0,0.2,0.2,0.05,12.0,7.284032101083405,nan,nan,1435.3787183433808,168.81889079283368,0.19415542621525855
onsite_damping_disorder,30.0,0.2,0.2,0.05,13.0,4.644437518290052,nan,nan,901.8514785447782,74.12564296425235,0.20359877969034057
onsite_damping_disorder,30.0,0.2,0.2,0.05,14.0,3.785462310271615,nan,nan,673.6540424869643,49.12494168468751,0.20586085074439903
onsite_damping_disorder,30.0,0.2,0.2,0.05,15.0,5.315634996456282,nan,nan,1018.233380598841,96.5339916595805,0.20235535783118103
onsite_damping_disorder,30.0,0.2,0.2,0.05,16.0,3.188999701402894,nan,nan,486.5914199358006,34.47663921719675,0.21365820982233102
onsite_damping_disorder,30.0,0.2,0.2,0.05,17.0,4.139505688015361,nan,nan,771.5041504470732,57.778076664926346,0.1958419723442598
onsite_damping_disorder,30.0,0.2,0.2,0.05,18.0,6.475030492627987,nan,nan,1660.3238917505591,141.08243785585447,0.19300328567268074
onsite_damping_disorder,30.0,0.2,0.2,0.05,19.0,6.780358438487468,nan,nan,1713.5936159623343,156.2769743753746,0.19878303365571134
onsite_damping_disorder,30.0,0.2,0.2,0.05,20.0,10.457700881466668,nan,nan,2791.1166079956947,364.00252075800034,0.18902131372041514
onsite_damping_disorder,30.0,0.2,0.2,0.05,21.0,3.9534132865417115,nan,nan,608.6022362894206,53.91298566169782,0.20451272001881837
onsite_damping_disorder,30.0,0.2,0.2,0.05,22.0,4.023877448351506,nan,nan,610.3338933962917,53.03645590099965,0.20396146409601462
onsite_damping_disorder,30.0,0.2,0.2,0.05,23.0,4.296684626373522,nan,nan,857.2321310483172,63.56552035280508,0.20157805882303292
onsite_damping_disorder,30.0,0.2,0.2,0.05,24.0,4.981884715861673,nan,nan,845.189842216892,80.80639741545762,0.2015926538185949
onsite_damping_disorder,30.0,0.2,0.2,0.05,25.0,8.723173737106752,nan,nan,2354.654122483238,255.0530338909366,0.18837007797609773
onsite_damping_disorder,30.0,0.2,0.2,0.05,26.0,4.255115229585074,nan,nan,736.0678373742389,62.288592255762,0.20909770960764432
onsite_damping_disorder,30.0,0.2,0.2,0.05,27.0,7.346071608103461,nan,nan,2003.8193285833834,185.15011384407802,0.1920563790926924
onsite_damping_disorder,30.0,0.2,0.2,0.05,28.0,4.671195305514404,nan,nan,1020.4765716879186,74.7562920291452,0.20270460266797558
onsite_damping_disorder,30.0,0.2,0.2,0.05,29.0,5.334592894032525,nan,nan,1047.022360933619,90.27289211232413,0.20112742566408653
onsite_damping_disorder,30.0,0.2,0.2,0.05,30.0,7.678034055128354,nan,nan,1960.3699819727042,195.93144843861225,0.19606641940802932
onsite_damping_disorder,30.0,0.2,0.2,0.05,31.0,5.08625919391003,nan,nan,879.0547023369238,83.79082733732169,0.19959556402758183
onsite_damping_disorder,30.0,0.2,0.2,0.05,32.0,7.435775446158976,nan,nan,1647.549044957857,179.066504663805,0.19561030643035293
onsite_damping_disorder,30.0,0.2,0.2,0.05,33.0,6.0507251737660726,nan,nan,1119.4523863307843,116.13878604627804,0.2016503433248784
onsite_damping_disorder,30.0,0.2,0.2,0.05,34.0,4.116673503311886,nan,nan,779.1739575801276,58.36695140424603,0.20699719208346257
onsite_damping_disorder,30.0,0.2,0.2,0.05,35.0,4.415445325033826,nan,nan,742.5078543238678,65.41099533733235,0.20696739869441128
onsite_damping_disorder,30.0,0.2,0.2,0.05,36.0,5.2596606505730605,nan,nan,998.651751648658,90.97028037130661,0.20290219097206494
onsite_damping_disorder,30.0,0.2,0.2,0.05,37.0,4.372770452926778,nan,nan,729.4428521008731,62.86291385842819,0.20574559564769268
onsite_damping_disorder,30.0,0.2,0.2,0.05,38.0,4.557504790652467,nan,nan,821.463267357842,67.9729102394797,0.19833080665077088
onsite_damping_disorder,30.0,0.2,0.2,0.05,39.0,6.598344106587536,nan,nan,1855.9818945900545,148.81376222904865,0.1878053353941258
onsite_damping_disorder,30.0,0.2,0.2,0.05,40.0,4.333591143602717,nan,nan,732.036271240159,64.42828034162959,0.20261762648398107
onsite_damping_disorder,30.0,0.2,0.2,0.05,41.0,4.933440320617069,nan,nan,817.3029187919453,79.12962958057552,0.20437186228232235
onsite_damping_disorder,30.0,0.2,0.2,0.05,42.0,4.694723426734264,nan,nan,1030.0483558204148,75.45659786246273,0.19915598098480508
onsite_damping_disorder,30.0,0.2,0.2,0.05,43.0,5.928957574995161,nan,nan,1245.734316325287,118.91855051655776,0.2013307228152683
onsite_damping_disorder,30.0,0.2,0.2,0.05,44.0,4.9006548748436005,nan,nan,855.3313689485841,79.28440790406596,0.19998245642937212
onsite_damping_disorder,30.0,0.2,0.2,0.05,45.0,5.227245834881616,nan,nan,1046.8481428759444,91.57384522339045,0.20089476189216815
onsite_damping_disorder,30.0,0.2,0.2,0.05,46.0,4.806911624413663,nan,nan,890.754161898468,76.14123788606783,0.2031761405842726
onsite_damping_disorder,30.0,0.2,0.2,0.05,47.0,5.038640734805886,nan,nan,823.6395506650276,84.78594705820672,0.20290619546637828
onsite_damping_disorder,30.0,0.2,0.2,0.05,48.0,5.38532269704823,nan,nan,1041.418341540463,94.3088615470166,0.19120042564539236
onsite_damping_disorder,30.0,0.2,0.2,0.05,49.0,5.0439620189049945,nan,nan,967.3215577346072,85.38725953799194,0.20145311677689023
onsite_damping_disorder,30.0,0.2,0.2,0.05,50.0,4.7357178739582215,nan,nan,973.9960937445711,75.92452333233193,0.20467988067638662
onsite_damping_disorder,30.0,0.2,0.2,0.05,51.0,5.509111580307378,nan,nan,1160.8982544334149,103.76271878374214,0.19948658823233287
onsite_damping_disorder,30.0,0.2,0.2,0.05,52.0,3.7924787671633133,nan,nan,692.2421580487484,49.46502204003465,0.206197120134486
onsite_damping_disorder,30.0,0.2,0.2,0.05,53.0,6.323084741525291,nan,nan,1472.8489585420239,133.78988768238764,0.19412769004927602
onsite_damping_disorder,30.0,0.2,0.2,0.05,54.0,3.9451400461931114,nan,nan,621.8978258283089,50.59279419852228,0.20856664444884723
onsite_damping_disorder,30.0,0.2,0.2,0.05,55.0,6.436379162245631,nan,nan,1466.1351922201834,134.68477860877263,0.19056704500569036
onsite_damping_disorder,30.0,0.2,0.2,0.05,56.0,7.011358798905887,nan,nan,1905.4272333872416,156.98559030388012,0.19413072028297645
onsite_damping_disorder,30.0,0.2,0.2,0.05,57.0,6.179423802701603,nan,nan,1331.476347660838,122.90858244012922,0.19930106190372748
onsite_damping_disorder,30.0,0.2,0.2,0.05,58.0,5.1908491598213145,nan,nan,1012.0443599576984,86.85883760671904,0.19740113298222908
onsite_damping_disorder,30.0,0.2,0.2,0.05,59.0,6.447416518128728,nan,nan,1371.7040024327268,138.2635374982581,0.19045161054049162
onsite_damping_disorder,30.0,0.2,0.2,0.05,60.0,7.616776928047226,nan,nan,1575.3771467521697,185.786345576962,0.1947464028870149
onsite_damping_disorder,30.0,0.2,0.2,0.05,61.0,3.899459167140201,nan,nan,697.3376806367727,48.26205113335144,0.20880232855435005
onsite_damping_disorder,30.0,0.2,0.2,0.05,62.0,5.578982369456368,nan,nan,1402.1781438436087,102.58509998954774,0.19929511010328743
onsite_damping_disorder,30.0,0.2,0.2,0.05,63.0,4.428800807091799,nan,nan,767.050031333942,67.08978757294199,0.20824206571402554
onsite_damping_disorder,30.0,0.2,0.2,0.05,64.0,6.291762054950431,nan,nan,1159.2214762755689,129.48748132416858,0.1961233385811521
onsite_damping_disorder,30.0,0.2,0.2,0.05,65.0,4.978942544168348,nan,nan,990.3060376452031,83.0367375446506,0.19929191540107993
onsite_damping_disorder,30.0,0.2,0.2,0.05,66.0,4.530785119757462,nan,nan,721.3188967494941,66.00988263401243,0.20857085365868433
onsite_damping_disorder,30.0,0.2,0.2,0.05,67.0,6.066509377245357,nan,nan,1274.77601041703,117.75645708191182,0.20224237908989234
onsite_damping_disorder,30.0,0.2,0.2,0.05,68.0,4.929290066956758,nan,nan,1237.6404577337441,81.25953191831597,0.19959661724889455
onsite_damping_disorder,30.0,0.2,0.2,0.05,69.0,4.812633325568956,nan,nan,811.0919363394952,75.34954820386572,0.19660232851052056
onsite_damping_disorder,30.0,0.2,0.2,0.05,70.0,3.183448499252122,nan,nan,439.89619015047435,33.06054104318917,0.21505132424550716
onsite_damping_disorder,30.0,0.2,0.2,0.05,71.0,4.769061090593366,nan,nan,979.4486064091712,77.79018033729459,0.20485532689863117
onsite_damping_disorder,30.0,0.2,0.2,0.05,72.0,5.748136023469354,nan,nan,1327.032088260417,105.15436970510576,0.19355920518637254
onsite_damping_disorder,30.0,0.2,0.2,0.05,73.0,6.640736652592212,nan,nan,1820.9327253789195,149.74671850517888,0.1968955350042907
onsite_damping_disorder,30.0,0.2,0.2,0.05,74.0,2.360909479469728,nan,nan,265.2731686534909,17.928486726103277,0.2220862051371605
onsite_damping_disorder,30.0,0.2,0.2,0.05,75.0,4.649003767400708,nan,nan,930.4784386990851,73.84747539439425,0.20593103317201317
onsite_damping_disorder,30.0,0.2,0.2,0.05,76.0,3.7737806983792974,nan,nan,555.6062414701705,46.03314862016911,0.21242625034851298
onsite_damping_disorder,30.0,0.2,0.2,0.05,77.0,4.326348949112441,nan,nan,763.1906494161187,63.40009543006617,0.19824583879101976
onsite_damping_disorder,30.0,0.2,0.2,0.05,78.0,5.571023361757183,nan,nan,1224.8355490334166,104.91976780647379,0.19474013498071852
onsite_damping_disorder,30.0,0.2,0.2,0.05,79.0,6.282690024776828,nan,nan,1485.1138763394245,126.33585947541759,0.18911028382897854
onsite_damping_disorder,40.0,0.2,0.2,0.05,0.0,14.089243072216624,nan,nan,6241.546094375946,639.689800146308,0.1952255370069657
onsite_damping_disorder,40.0,0.2,0.2,0.05,1.0,9.254621153656855,nan,nan,3343.042568641499,292.0337201236656,0.20084337353112314
onsite_damping_disorder,40.0,0.2,0.2,0.05,2.0,7.620120858109304,nan,nan,2677.545728572492,193.1280541369279,0.20398345818245178
onsite_damping_disorder,40.0,0.2,0.2,0.05,3.0,9.318961913809819,nan,nan,3538.896568660016,275.4142835809978,0.2016548244980074
onsite_damping_disorder,40.0,0.2,0.2,0.05,4.0,17.44330070530316,nan,nan,11792.011730111131,1035.9418473309106,0.18688336888876017
onsite_damping_disorder,40.0,0.2,0.2,0.05,5.0,11.230116875037007,nan,nan,5603.609663681531,410.6499051744703,0.19130288069277085
onsite_damping_disorder,40.0,0.2,0.2,0.05,6.0,14.409539441858055,nan,nan,7514.970048193785,662.7524449339584,0.189448558051595
onsite_damping_disorder,40.0,0.2,0.2,0.05,7.0,6.776560924108158,nan,nan,2362.0795434788506,145.5776239872252,0.2051782961129358
onsite_damping_disorder,40.0,0.2,0.2,0.05,8.0,7.748020359636728,nan,nan,2276.0228568601237,190.98843155949214,0.20554185128945046
onsite_damping_disorder,40.0,0.2,0.2,0.05,9.0,11.123377398473862,nan,nan,5187.253768737504,418.4101955768085,0.19868964239387882
onsite_damping_disorder,40.0,0.2,0.2,0.05,10.0,8.02098336970467,nan,nan,2683.64084832943,216.18948357219358,0.20397292464407382
onsite_damping_disorder,40.0,0.2,0.2,0.05,11.0,12.107344238663364,nan,nan,5582.303188304281,475.30451321744204,0.19724484760169242
onsite_damping_disorder,40.0,0.2,0.2,0.05,12.0,9.449960126248104,nan,nan,3842.6915128872306,301.3419455430765,0.19786645313084178
onsite_damping_disorder,40.0,0.2,0.2,0.05,13.0,8.735305017757984,nan,nan,2600.929039329818,260.0367367225065,0.1984871431583951
onsite_damping_disorder,40.0,0.2,0.2,0.05,14.0,7.123477749596366,nan,nan,1993.4765828630036,170.77212900590146,0.2095066590216223
onsite_damping_disorder,40.0,0.2,0.2,0.05,15.0,6.902793849034053,nan,nan,2518.8352453064244,163.80487339921228,0.20291963895259932
onsite_damping_disorder,40.0,0.2,0.2,0.05,16.0,11.419950240694945,nan,nan,4425.78558679026,423.17485903104944,0.2005202683040962
onsite_damping_disorder,40.0,0.2,0.2,0.05,17.0,12.965635033442343,nan,nan,5644.938012264401,532.2859101063755,0.19658034284090087
onsite_damping_disorder,40.0,0.2,0.2,0.05,18.0,8.878283435661665,nan,nan,3269.5172957371055,264.2752254465204,0.203930400567688
onsite_damping_disorder,40.0,0.2,0.2,0.05,19.0,11.006058717010207,nan,nan,4574.119846309763,386.7692437380464,0.19056655786435253
onsite_damping_disorder,40.0,0.2,0.2,0.05,20.0,16.30743694683344,nan,nan,8916.296946144346,858.1263538671227,0.19042628921853427
onsite_damping_disorder,40.0,0.2,0.2,0.05,21.0,14.446754747042565,nan,nan,6955.554846191339,677.0751279068107,0.1890429623432437
onsite_damping_disorder,40.0,0.2,0.2,0.05,22.0,13.282752803193429,nan,nan,5612.388748253806,594.1129752880495,0.19677436006606921
onsite_damping_disorder,40.0,0.2,0.2,0.05,23.0,12.32798412753014,nan,nan,5193.146112809764,494.18974611405275,0.19666801015527413
onsite_damping_disorder,40.0,0.2,0.2,0.05,24.0,9.123644734343088,nan,nan,3222.4203886625482,275.899344354484,0.2025276863211581
onsite_damping_disorder,40.0,0.2,0.2,0.05,25.0,9.239398815434607,nan,nan,2822.5353992768833,281.50621729154733,0.20412515607977266
onsite_damping_disorder,40.0,0.2,0.2,0.05,26.0,10.142163813305373,nan,nan,4400.94354970265,327.84236678579447,0.199485836278176
onsite_damping_disorder,40.0,0.2,0.2,0.05,27.0,8.062885150565794,nan,nan,3209.8293956328653,212.43820714622265,0.2035429403195571
onsite_damping_disorder,40.0,0.2,0.2,0.05,28.0,14.312762501762043,nan,nan,8472.3875660007,669.1888477058385,0.19309453634577134
onsite_damping_disorder,40.0,0.2,0.2,0.05,29.0,7.172299511267792,nan,nan,2436.8363033568776,175.41586341811035,0.20726784369565493
onsite_damping_disorder,40.0,0.2,0.2,0.05,30.0,11.378581765873225,nan,nan,4787.884763866111,414.91653851054593,0.19513879637554477
onsite_damping_disorder,40.0,0.2,0.2,0.05,31.0,7.7758591317242205,nan,nan,2277.054874498389,192.00286090460932,0.20226918648937153
onsite_damping_disorder,40.0,0.2,0.2,0.05,32.0,11.581215995086868,nan,nan,4155.000324477815,429.73261581536184,0.1956099346976724
onsite_damping_disorder,40.0,0.2,0.2,0.05,33.0,11.69760147873381,nan,nan,4359.579484866518,443.95487664458807,0.19607283208819587
onsite_damping_disorder,40.0,0.2,0.2,0.05,34.0,12.831856697546577,nan,nan,6012.4925685801145,566.0852502904053,0.19807475848114703
onsite_damping_disorder,40.0,0.2,0.2,0.05,35.0,11.78031425731148,nan,nan,4031.7199130326862,440.17811805634074,0.19995800870591998
onsite_damping_disorder,40.0,0.2,0.2,0.05,36.0,15.285609756152516,nan,nan,7473.396251842825,793.4230148508481,0.1909200124185196
onsite_damping_disorder,40.0,0.2,0.2,0.05,37.0,8.752970676472891,nan,nan,2692.7369966739825,244.50770344594133,0.20566304648561018
onsite_damping_disorder,40.0,0.2,0.2,0.05,38.0,11.960901464057033,nan,nan,5434.940527332359,478.41729083078286,0.19648654291363818
onsite_damping_disorder,40.0,0.2,0.2,0.05,39.0,12.682777513913692,nan,nan,6010.877933253563,542.2022626825972,0.19555049603247351
onsite_damping_disorder,40.0,0.2,0.2,0.05,40.0,17.6183783366833,nan,nan,12052.579242697138,1057.1284859606988,0.18852484356686708
onsite_damping_disorder,40.0,0.2,0.2,0.05,41.0,10.790867013767011,nan,nan,4697.9376286439265,376.1353034053517,0.19414931400348343
onsite_damping_disorder,40.0,0.2,0.2,0.05,42.0,9.98861968701452,nan,nan,3695.2699171755758,318.0133689891777,0.2012393028105784
onsite_damping_disorder,40.0,0.2,0.2,0.05,43.0,9.753938318987515,nan,nan,4291.513909232624,319.4546080675364,0.1983901914233688
onsite_damping_disorder,40.0,0.2,0.2,0.05,44.0,13.037520969770867,nan,nan,6224.777104604671,550.2226462040757,0.19952320991469835
onsite_damping_disorder,40.0,0.2,0.2,0.05,45.0,10.707289668075099,nan,nan,4218.208315073656,375.39930030030416,0.1988892620196355
onsite_damping_disorder,40.0,0.2,0.2,0.05,46.0,12.260815010243359,nan,nan,6430.212678279226,483.9170147167851,0.18966405921152646
onsite_damping_disorder,40.0,0.2,0.2,0.05,47.0,10.308342201586395,nan,nan,4183.455236509584,344.36527492438853,0.19945309537742673
onsite_damping_disorder,40.0,0.2,0.2,0.05,48.0,17.73307678566502,nan,nan,9659.92665154708,1028.2719390661628,0.1857759976517201
onsite_damping_disorder,40.0,0.2,0.2,0.05,49.0,6.676266870336297,nan,nan,1889.1702434438796,151.18124445025006,0.20177051597947024
onsite_damping_disorder,40.0,0.2,0.2,0.05,50.0,9.62126260278973,nan,nan,3382.165623623455,293.39650805371303,0.1963860362896913
onsite_damping_disorder,40.0,0.2,0.2,0.05,51.0,16.36829977690826,nan,nan,9245.013166474095,904.150452533736,0.19161006272730668
onsite_damping_disorder,40.0,0.2,0.2,0.05,52.0,8.780625532755506,nan,nan,2992.0798864080452,264.50962152252885,0.2055686501559997
onsite_damping_disorder,40.0,0.2,0.2,0.05,53.0,8.003612738175867,nan,nan,2534.2125134572384,205.55777674987067,0.20020613914492483
onsite_damping_disorder,40.0,0.2,0.2,0.05,54.0,12.03251867043095,nan,nan,5632.1464227728475,484.03830410158827,0.194329618651845
onsite_damping_disorder,40.0,0.2,0.2,0.05,55.0,12.885116721331435,nan,nan,5496.630422510335,543.003514690988,0.19632629263705478
onsite_damping_disorder,40.0,0.2,0.2,0.05,56.0,10.080692073312594,nan,nan,4789.342376555936,343.77723912566626,0.2013427935400129
onsite_damping_disorder,40.0,0.2,0.2,0.05,57.0,11.934398114826298,nan,nan,6512.712962524063,475.2400428840069,0.1920978523461506
onsite_damping_disorder,40.0,0.2,0.2,0.05,58.0,15.622222832143034,nan,nan,7793.6068530735065,786.9117706151712,0.19470366567101233
onsite_damping_disorder,40.0,0.2,0.2,0.05,59.0,8.909698163740558,nan,nan,2746.1116243949405,263.6549899041249,0.20522841335761238
onsite_damping_disorder,40.0,0.2,0.2,0.05,60.0,5.3197152667160195,nan,nan,1668.2137298585553,96.5003700142884,0.2035549463682251
onsite_damping_disorder,40.0,0.2,0.2,0.05,61.0,9.901420897293598,nan,nan,3743.1221716893897,327.57052410464934,0.1978565474941019
onsite_damping_disorder,40.0,0.2,0.2,0.05,62.0,9.183740711415872,nan,nan,3619.185177380514,283.3074361736172,0.19481666944754628
onsite_damping_disorder,40.0,0.2,0.2,0.05,63.0,10.944166408158182,nan,nan,4596.526687530219,385.1618200014337,0.19661041336669288
onsite_damping_disorder,40.0,0.2,0.2,0.05,64.0,19.033637074069713,nan,nan,11959.876746324251,1231.4722974088056,0.18891635254699182
onsite_damping_disorder,40.0,0.2,0.2,0.05,65.0,19.742330403817846,nan,nan,13665.156955216902,1291.0137310110815,0.1856400083278744
onsite_damping_disorder,40.0,0.2,0.2,0.05,66.0,9.085294709357655,nan,nan,3444.0509279141515,278.3158954021067,0.20432490129215236
onsite_damping_disorder,40.0,0.2,0.2,0.05,67.0,11.540150048611258,nan,nan,4704.846355407932,446.70343974963487,0.20071419074488148
onsite_damping_disorder,40.0,0.2,0.2,0.05,68.0,11.36761558407078,nan,nan,5035.374320604417,432.6141151313965,0.19803971410664495
onsite_damping_disorder,40.0,0.2,0.2,0.05,69.0,7.109064671067855,nan,nan,2291.8165979685436,163.9804530065559,0.20531006628169834
onsite_damping_disorder,40.0,0.2,0.2,0.05,70.0,10.306459606184488,nan,nan,4179.1074073833215,348.85763831636933,0.19667486216126012
onsite_damping_disorder,40.0,0.2,0.2,0.05,71.0,10.829134147117465,nan,nan,5164.769900912452,398.07245818526746,0.19565375813907884
onsite_damping_disorder,40.0,0.2,0.2,0.05,72.0,22.213924541475897,nan,nan,15295.93435519735,1590.403735992298,0.184794871175045
onsite_damping_disorder,40.0,0.2,0.2,0.05,73.0,13.15052415736147,nan,nan,6485.4576295083925,575.0614824521169,0.19411382730390947
onsite_damping_disorder,40.0,0.2,0.2,0.05,74.0,9.264143017835371,nan,nan,3815.021004339158,279.3515951733839,0.19782383363124184
onsite_damping_disorder,40.0,0.2,0.2,0.05,75.0,7.611114773909907,nan,nan,3070.7170227127554,197.30247807132315,0.2017014699640421
onsite_damping_disorder,40.0,0.2,0.2,0.05,76.0,12.041702062150833,nan,nan,5678.140019661214,483.56883357939205,0.19438257185446323
onsite_damping_disorder,40.0,0.2,0.2,0.05,77.0,8.836689843623189,nan,nan,2665.8485205791253,251.33111532180442,0.2014163295638306
onsite_damping_disorder,40.0,0.2,0.2,0.05,78.0,10.175005500934212,nan,nan,3597.9725963880737,337.7159351750157,0.19472709703350638
onsite_damping_disorder,40.0,0.2,0.2,0.05,79.0,13.107067549452525,nan,nan,7396.64694301708,555.3859699019491,0.19273791840279964
onsite_damping_disorder,50.0,0.2,0.2,0.05,0.0,29.928168668708434,nan,nan,29148.707984157914,3070.05192956973,0.18626256430312094
onsite_damping_disorder,50.0,0.2,0.2,0.05,1.0,16.164214612556247,nan,nan,9254.474448709545,871.705385894673,0.1939807007949199
onsite_damping_disorder,50.0,0.2,0.2,0.05,2.0,21.60164134189835,nan,nan,18675.53809366316,1534.450864677943,0.1949793060112768
onsite_damping_disorder,50.0,0.2,0.2,0.05,3.0,28.752552742388428,nan,nan,34973.79201741437,2745.4335186849985,0.18984764995076572
onsite_damping_disorder,50.0,0.2,0.2,0.05,4.0,21.410099315830923,nan,nan,17332.094852089518,1457.9762173045735,0.2001445570389192
onsite_damping_disorder,50.0,0.2,0.2,0.05,5.0,17.181870196334362,nan,nan,12837.587462801479,976.5563292946237,0.19745770938877347
onsite_damping_disorder,50.0,0.2,0.2,0.05,6.0,27.26912438315103,nan,nan,27188.52611603947,2420.82636296478,0.19815139799301495
onsite_damping_disorder,50.0,0.2,0.2,0.05,7.0,44.965024979004646,nan,nan,79311.66143865924,6440.57097077526,0.18888610498128416
onsite_damping_disorder,50.0,0.2,0.2,0.05,8.0,11.614667575870993,nan,nan,5573.871915693985,453.4992877679227,0.2065499955595641
onsite_damping_disorder,50.0,0.2,0.2,0.05,9.0,19.716712117845475,nan,nan,14230.870262712004,1290.6302384845374,0.20051020204084394
onsite_damping_disorder,50.0,0.2,0.2,0.05,10.0,13.844632407988076,nan,nan,9158.013196881986,643.0893996770579,0.20052172548191777
onsite_damping_disorder,50.0,0.2,0.2,0.05,11.0,23.150714956517287,nan,nan,18571.805877306826,1777.6353752342018,0.19366925023981535
onsite_damping_disorder,50.0,0.2,0.2,0.05,12.0,22.259228558089262,nan,nan,18007.19313547999,1709.3887121284426,0.1963842680425424
onsite_damping_disorder,50.0,0.2,0.2,0.05,13.0,34.796713887820864,nan,nan,37041.62009194166,3855.446406408523,0.1929441576627288
onsite_damping_disorder,50.0,0.2,0.2,0.05,14.0,20.32245962391493,nan,nan,17105.69303963363,1335.8834706841149,0.19992212830726713
onsite_damping_disorder,50.0,0.2,0.2,0.05,15.0,29.93054256518285,nan,nan,29926.27010064968,2885.002296396484,0.19493929576153626
onsite_damping_disorder,50.0,0.2,0.2,0.05,16.0,21.774924100499216,nan,nan,20864.468464319074,1565.0570748874552,0.1939615155096711
onsite_damping_disorder,50.0,0.2,0.2,0.05,17.0,11.703289776807962,nan,nan,6009.236119103585,435.46205820357056,0.20700027449263705
onsite_damping_disorder,50.0,0.2,0.2,0.05,18.0,26.664323030644383,nan,nan,30686.56488309769,2354.8800663771526,0.19407881519380366
onsite_damping_disorder,50.0,0.2,0.2,0.05,19.0,19.883580503825492,nan,nan,12575.061878095301,1308.647876538021,0.2004129892322337
onsite_damping_disorder,50.0,0.2,0.2,0.05,20.0,15.221878461397818,nan,nan,7359.525532516011,737.1434406970453,0.20458659420525546
onsite_damping_disorder,50.0,0.2,0.2,0.05,21.0,24.926330987280544,nan,nan,20491.446336129025,1969.0458071605196,0.19850672578594222
onsite_damping_disorder,50.0,0.2,0.2,0.05,22.0,25.303021580925524,nan,nan,25652.6604057841,2031.872256981895,0.19084220063907642
onsite_damping_disorder,50.0,0.2,0.2,0.05,23.0,26.956771926914282,nan,nan,29790.385788763895,2410.7618109191826,0.19073002816367512
onsite_damping_disorder,50.0,0.2,0.2,0.05,24.0,22.704902337891134,nan,nan,26872.415449566553,1717.76193071404,0.1918122783170892
onsite_damping_disorder,50.0,0.2,0.2,0.05,25.0,16.639653870082736,nan,nan,12717.114461578547,950.3052431620667,0.19592293591146695
onsite_damping_disorder,50.0,0.2,0.2,0.05,26.0,27.826910681853096,nan,nan,31366.326111226936,2541.5950958791736,0.19429142146446418
onsite_damping_disorder,50.0,0.2,0.2,0.05,27.0,11.31584058415231,nan,nan,5576.519635986552,437.14510955256594,0.20631196281169983
onsite_damping_disorder,50.0,0.2,0.2,0.05,28.0,20.225402538791776,nan,nan,19671.34087416128,1310.1771803956153,0.1969066615290393
onsite_damping_disorder,50.0,0.2,0.2,0.05,29.0,36.21033959766252,nan,nan,45196.27198130088,4203.4926084779,0.18981068080819286
onsite_damping_disorder,50.0,0.2,0.2,0.05,30.0,21.077617412782125,nan,nan,21536.18408910486,1492.8189789028681,0.19462602679108038
onsite_damping_disorder,50.0,0.2,0.2,0.05,31.0,35.99778111461045,nan,nan,37175.61793002989,4203.550292963137,0.19065912920953532
onsite_damping_disorder,50.0,0.2,0.2,0.05,32.0,11.040806702315262,nan,nan,6181.815991648026,408.90762943937904,0.21046040981038805
onsite_damping_disorder,50.0,0.2,0.2,0.05,33.0,24.146873796846496,nan,nan,20507.110010111635,1921.7108538712714,0.19427331963451974
onsite_damping_disorder,50.0,0.2,0.2,0.05,34.0,21.95139476261301,nan,nan,19449.07159251964,1591.0031929389113,0.19101723516685953
onsite_damping_disorder,50.0,0.2,0.2,0.05,35.0,14.377146854335209,nan,nan,8423.303319078268,657.1764806857484,0.20364236019097326
onsite_damping_disorder,50.0,0.2,0.2,0.05,36.0,13.088415383833865,nan,nan,8080.393821557169,561.0709116746668,0.2024462760172029
onsite_damping_disorder,50.0,0.2,0.2,0.05,37.0,26.656984663704513,nan,nan,25542.416385915683,2293.0207568151127,0.1874732787567438
onsite_damping_disorder,50.0,0.2,0.2,0.05,38.0,24.14018172377017,nan,nan,18447.39910319699,1886.7822941356785,0.20002226405865045
onsite_damping_disorder,50.0,0.2,0.2,0.05,39.0,19.0234098448826,nan,nan,16088.108672899358,1223.35494836806,0.20049524032449592
onsite_damping_disorder,50.0,0.2,0.2,0.05,40.0,27.43885390244216,nan,nan,21976.856082448972,2429.3151034284783,0.1960440987858635
onsite_damping_disorder,50.0,0.2,0.2,0.05,41.0,42.15257609531288,nan,nan,52357.781090268654,5789.870453454623,0.19000163929793212
onsite_damping_disorder,50.0,0.2,0.2,0.05,42.0,11.024202396779462,nan,nan,6488.665280974279,405.90324856291187,0.2034900908617681
onsite_damping_disorder,50.0,0.2,0.2,0.05,43.0,23.409978252141542,nan,nan,21971.681513295705,1889.8855333937693,0.19160228241283606
onsite_damping_disorder,50.0,0.2,0.2,0.05,44.0,26.098690776062654,nan,nan,23530.145416130315,2285.2630643561743,0.19389572593667725
onsite_damping_disorder,50.0,0.2,0.2,0.05,45.0,12.086439265246737,nan,nan,7279.871984406964,500.6844319608247,0.20196766119836845
onsite_damping_disorder,50.0,0.2,0.2,0.05,46.0,14.070252922307168,nan,nan,7607.150570789768,637.4270209254108,0.20627289013575512
onsite_damping_disorder,50.0,0.2,0.2,0.05,47.0,16.895894392665245,nan,nan,9503.230072277465,921.930283595726,0.1991047541601489
onsite_damping_disorder,50.0,0.2,0.2,0.05,48.0,27.11217115150686,nan,nan,24528.136057571646,2433.2742767610534,0.19264643350316635
onsite_damping_disorder,50.0,0.2,0.2,0.05,49.0,34.44720857490548,nan,nan,45345.58962497315,3873.083105427537,0.18704306037768093
onsite_damping_disorder,50.0,0.2,0.2,0.05,50.0,24.537063445030242,nan,nan,23847.861785398425,1926.5692431604398,0.19496679206844475
onsite_damping_disorder,50.0,0.2,0.2,0.05,51.0,17.727470898011873,nan,nan,10420.962493184472,1000.3145106495158,0.20325951314179358
onsite_damping_disorder,50.0,0.2,0.2,0.05,52.0,22.083369538989704,nan,nan,20397.781008122718,1547.5565600551865,0.19822874767045745
onsite_damping_disorder,50.0,0.2,0.2,0.05,53.0,18.308752751162242,nan,nan,13512.331583472447,1117.0839889502952,0.20094471167689112
onsite_damping_disorder,50.0,0.2,0.2,0.05,54.0,15.370283083760162,nan,nan,8843.793498982055,750.4527969468853,0.20251304924434604
onsite_damping_disorder,50.0,0.2,0.2,0.05,55.0,17.48436453673215,nan,nan,12883.65481276515,1012.33924172721,0.19125876052118163
onsite_damping_disorder,50.0,0.2,0.2,0.05,56.0,40.84202442546008,nan,nan,56280.66315312536,5693.5841407876405,0.18914864086892852
onsite_damping_disorder,50.0,0.2,0.2,0.05,57.0,37.07143620931952,nan,nan,45480.575511180614,4543.133641644007,0.191031459945366
onsite_damping_disorder,50.0,0.2,0.2,0.05,58.0,15.158540999094411,nan,nan,9523.873262090692,776.2922819032339,0.20378480395170795
onsite_damping_disorder,50.0,0.2,0.2,0.05,59.0,11.198207159353734,nan,nan,5220.2227701197735,413.0672390311581,0.20743798047339215
onsite_damping_disorder,50.0,0.2,0.2,0.05,60.0,23.842878665766396,nan,nan,25008.670622518835,1949.4559491204661,0.19539606097429696
onsite_damping_disorder,50.0,0.2,0.2,0.05,61.0,32.86876928091146,nan,nan,42967.81651899572,3689.295083164732,0.19217121211695104
onsite_damping_disorder,50.0,0.2,0.2,0.05,62.0,17.082788707191696,nan,nan,13443.017387555135,1004.8101146916651,0.20022840405708053
onsite_damping_disorder,50.0,0.2,0.2,0.05,63.0,28.97788087757754,nan,nan,25262.723345342572,2748.824009793796,0.18992832407305527
onsite_damping_disorder,50.0,0.2,0.2,0.05,64.0,23.953894427366375,nan,nan,24145.98860761053,1881.1443231986123,0.19178546701782606
onsite_damping_disorder,50.0,0.2,0.2,0.05,65.0,20.037570583644467,nan,nan,13453.324596792365,1280.0259569670154,0.20379109803547382
onsite_damping_disorder,50.0,0.2,0.2,0.05,66.0,13.32363859934964,nan,nan,8911.356565509212,577.8444868247054,0.19682928480171805
onsite_damping_disorder,50.0,0.2,0.2,0.05,67.0,18.21209143109127,nan,nan,15454.632800856412,1112.4762619972119,0.20109255061254758
onsite_damping_disorder,50.0,0.2,0.2,0.05,68.0,11.00440937479457,nan,nan,6404.180340719807,406.7998018621973,0.20476370123670432
onsite_damping_disorder,50.0,0.2,0.2,0.05,69.0,33.15176951760675,nan,nan,35793.09288732204,3577.920226501909,0.19209610145089706
onsite_damping_disorder,50.0,0.2,0.2,0.05,70.0,18.75170554741323,nan,nan,14014.322315294223,1126.9966325237244,0.2011568073912488
onsite_damping_disorder,50.0,0.2,0.2,0.05,71.0,23.323295954838656,nan,nan,20594.171266039044,1779.3886462152516,0.2002073988192013
onsite_damping_disorder,50.0,0.2,0.2,0.05,72.0,26.406754132969073,nan,nan,24847.806942320876,2299.835897781379,0.19335501945237255
onsite_damping_disorder,50.0,0.2,0.2,0.05,73.0,22.2551095334064,nan,nan,16866.943168574904,1699.0926639558352,0.1977669386517723
onsite_damping_disorder,50.0,0.2,0.2,0.05,74.0,30.545562070730917,nan,nan,33604.95468884994,3088.3424589968145,0.1928318367479754
onsite_damping_disorder,50.0,0.2,0.2,0.05,75.0,20.518332156060715,nan,nan,16507.12458664393,1349.3973811016776,0.20030087959640333
onsite_damping_disorder,50.0,0.2,0.2,0.05,76.0,27.862538454660186,nan,nan,29801.700608491185,2594.501908452677,0.18921585372035968
onsite_damping_disorder,50.0,0.2,0.2,0.05,77.0,17.235599933374413,nan,nan,12432.019560229915,955.220007768617,0.19741342121925728
onsite_damping_disorder,50.0,0.2,0.2,0.05,78.0,10.543675658933227,nan,nan,5340.6487442993275,361.4393824573833,0.21009157136583465
onsite_damping_disorder,50.0,0.2,0.2,0.05,79.0,26.784340797680365,nan,nan,33690.99355662005,2424.5058965557455,0.191325871388364
onsite_damping_disorder,60.0,0.2,0.2,0.05,0.0,26.277847614966706,nan,nan,28596.95162689959,2192.3736889960346,0.2004618409935051
onsite_damping_disorder,60.0,0.2,0.2,0.05,1.0,87.123847442707,nan,nan,262939.35075177794,24077.498608448182,0.18926113861332394
onsite_damping_disorder,60.0,0.2,0.2,0.05,2.0,55.074957397423844,nan,nan,115474.0632665787,10156.36747659966,0.1865415354546507
onsite_damping_disorder,60.0,0.2,0.2,0.05,3.0,23.208092960640744,nan,nan,26854.657094346974,1818.9230522830587,0.1979082778346486
onsite_damping_disorder,60.0,0.2,0.2,0.05,4.0,43.514852629660666,nan,nan,88442.74902913628,6464.211971963026,0.19533994087953815
onsite_damping_disorder,60.0,0.2,0.2,0.05,5.0,53.58187985150241,nan,nan,99924.13010941881,9468.563009786767,0.19027069380923822
onsite_damping_disorder,60.0,0.2,0.2,0.05,6.0,46.011833134886345,nan,nan,65702.00195385165,7192.980618342759,0.1950658397219918
onsite_damping_disorder,60.0,0.2,0.2,0.05,7.0,61.89483084869681,nan,nan,140742.609321611,12852.430695198105,0.19071749166157143
onsite_damping_disorder,60.0,0.2,0.2,0.05,8.0,86.47804572356657,nan,nan,235081.8514247379,24101.15379854577,0.18609054096882013
onsite_damping_disorder,60.0,0.2,0.2,0.05,9.0,40.272574638079995,nan,nan,46140.177999905674,5314.655301399085,0.1954807087133393
onsite_damping_disorder,60.0,0.2,0.2,0.05,10.0,41.982724558480406,nan,nan,50512.356267595766,5831.9547834568575,0.1932504587218674
onsite_damping_disorder,60.0,0.2,0.2,0.05,11.0,62.14968162856959,nan,nan,164360.8948805073,12984.611517656758,0.18764351765797885
onsite_damping_disorder,60.0,0.2,0.2,0.05,12.0,53.50158664000604,nan,nan,92021.36616850259,9852.044146511204,0.1923957327247337
onsite_damping_disorder,60.0,0.2,0.2,0.05,13.0,30.761648232558397,nan,nan,36055.27777230675,3216.0699943200584,0.19813427070532105
onsite_damping_disorder,60.0,0.2,0.2,0.05,14.0,65.36255954538517,nan,nan,133923.512083856,14212.999277728064,0.1933668706109687
onsite_damping_disorder,60.0,0.2,0.2,0.05,15.0,41.230222843662574,nan,nan,79102.12469244991,5660.069402524257,0.19435009794448047
onsite_damping_disorder,60.0,0.2,0.2,0.05,16.0,22.958384426143454,nan,nan,22962.232070589045,1669.9976654911582,0.19931651697144143
onsite_damping_disorder,60.0,0.2,0.2,0.05,17.0,47.19380740149075,nan,nan,81650.79278429378,7170.629798470737,0.19355628581514758
onsite_damping_disorder,60.0,0.2,0.2,0.05,18.0,36.238479729822984,nan,nan,42646.67172180361,4492.611153118099,0.1936428368230152
onsite_damping_disorder,60.0,0.2,0.2,0.05,19.0,39.11179014381445,nan,nan,64254.76498169618,4867.6470376521265,0.19065254257605996
onsite_damping_disorder,60.0,0.2,0.2,0.05,20.0,63.137456187323764,nan,nan,172868.95794900414,13677.451579088209,0.19108092972275253
onsite_damping_disorder,60.0,0.2,0.2,0.05,21.0,60.51747990432939,nan,nan,122413.6203110449,12556.970297411737,0.1918187180319234
onsite_damping_disorder,60.0,0.2,0.2,0.05,22.0,39.01410884594624,nan,nan,77808.90961823914,5005.7082323866525,0.19513932861860325
onsite_damping_disorder,60.0,0.2,0.2,0.05,23.0,67.52146299635623,nan,nan,141171.73006282584,14450.863156142452,0.19033270510747316
onsite_damping_disorder,60.0,0.2,0.2,0.05,24.0,49.06466398077303,nan,nan,87965.98846141621,7649.4108125539615,0.19210462643377132
onsite_damping_disorder,60.0,0.2,0.2,0.05,25.0,49.854655375115996,nan,nan,102030.24354674193,8456.307308480615,0.19422747409701777
onsite_damping_disorder,60.0,0.2,0.2,0.05,26.0,25.61541164796104,nan,nan,31273.64853877686,2137.965731951956,0.19372019814446328
onsite_damping_disorder,60.0,0.2,0.2,0.05,27.0,30.015157890590746,nan,nan,35732.254929047565,3077.8020544388537,0.19436182266759727
onsite_damping_disorder,60.0,0.2,0.2,0.05,28.0,28.738803332788613,nan,nan,42989.95834729606,2796.1677347761693,0.20112444340824415
onsite_damping_disorder,60.0,0.2,0.2,0.05,29.0,57.09115804730761,nan,nan,137264.7900422024,10368.750142576311,0.1910440953465062
onsite_damping_disorder,60.0,0.2,0.2,0.05,30.0,29.413155029475305,nan,nan,31105.83971322476,2919.3647343499124,0.19927351609802704
onsite_damping_disorder,60.0,0.2,0.2,0.05,31.0,36.35532118172038,nan,nan,48830.68734658014,4421.459182042449,0.20040399340580695
onsite_damping_disorder,60.0,0.2,0.2,0.05,32.0,59.15068222118511,nan,nan,145080.22728899255,11323.245515080129,0.18779951038347295
onsite_damping_disorder,60.0,0.2,0.2,0.05,33.0,47.45525621458664,nan,nan,77348.58255715361,7133.649737808103,0.19773996915526718
onsite_damping_disorder,60.0,0.2,0.2,0.05,34.0,45.41094080747692,nan,nan,84875.96904036847,6918.529030427003,0.19267086425940017
onsite_damping_disorder,60.0,0.2,0.2,0.05,35.0,26.16441895150455,nan,nan,36618.53818602388,2359.00711370911,0.1984593729926068
onsite_damping_disorder,60.0,0.2,0.2,0.05,36.0,24.9110735250392,nan,nan,25514.000590674517,2025.6038842006437,0.20396905679889266
onsite_damping_disorder,60.0,0.2,0.2,0.05,37.0,35.08591510769195,nan,nan,43603.78600055461,4106.1656772321885,0.19036709777077077
onsite_damping_disorder,60.0,0.2,0.2,0.05,38.0,24.108713594899317,nan,nan,27208.337779941732,1906.375486760642,0.2026646370733448
onsite_damping_disorder,60.0,0.2,0.2,0.05,39.0,50.654706521251214,nan,nan,99710.86710681488,8407.916373032644,0.19278604701594984
onsite_damping_disorder,60.0,0.2,0.2,0.05,40.0,37.232508197087945,nan,nan,64075.33558462474,4634.669016206719,0.19730279646929566
onsite_damping_disorder,60.0,0.2,0.2,0.05,41.0,53.28122770204782,nan,nan,95086.99859249285,9637.903042032673,0.19317139766186592
onsite_damping_disorder,60.0,0.2,0.2,0.05,42.0,45.02913284397726,nan,nan,85010.05667429307,6877.445125808474,0.19415107657859404
onsite_damping_disorder,60.0,0.2,0.2,0.05,43.0,53.92923915512829,nan,nan,78537.80166950607,9254.988556381066,0.19394811310258026
onsite_damping_disorder,60.0,0.2,0.2,0.05,44.0,26.4375417139458,nan,nan,36000.091334806704,2237.8268071857856,0.19436405457965455
onsite_damping_disorder,60.0,0.2,0.2,0.05,45.0,26.969391293602396,nan,nan,27271.505746979325,2309.774149904801,0.20306624432607898
onsite_damping_disorder,60.0,0.2,0.2,0.05,46.0,28.64570080656453,nan,nan,34966.22681715887,2710.15520615988,0.19881363185608697
onsite_damping_disorder,60.0,0.2,0.2,0.05,47.0,39.87170280533965,nan,nan,73174.88384447419,5203.216349885534,0.1976042169523478
onsite_damping_disorder,60.0,0.2,0.2,0.05,48.0,36.22143538079696,nan,nan,76410.47000276475,4468.3985303610525,0.19701429941459392
onsite_damping_disorder,60.0,0.2,0.2,0.05,49.0,45.12454416531956,nan,nan,90292.57985297602,6921.58828441484,0.1958971291337991
onsite_damping_disorder,60.0,0.2,0.2,0.05,50.0,32.17368959215006,nan,nan,51218.238092613516,3510.881964975401,0.1969117643985689
onsite_damping_disorder,60.0,0.2,0.2,0.05,51.0,43.66250810796781,nan,nan,73424.7656662489,6040.904429355095,0.19692296301268752
onsite_damping_disorder,60.0,0.2,0.2,0.05,52.0,45.29077192989639,nan,nan,70537.55381295113,6831.974080101301,0.19468234087384279
onsite_damping_disorder,60.0,0.2,0.2,0.05,53.0,40.86574998382916,nan,nan,75666.70402779816,5731.151855661714,0.19514577347417197
onsite_damping_disorder,60.0,0.2,0.2,0.05,54.0,40.594111387204286,nan,nan,75058.0188287304,5577.64324335017,0.1934481455375988
onsite_damping_disorder,60.0,0.2,0.2,0.05,55.0,82.76954454358311,nan,nan,231328.02923426058,21913.377636895486,0.18658402379498434
onsite_damping_disorder,60.0,0.2,0.2,0.05,56.0,94.23944388044647,nan,nan,316428.4336042491,28468.89229834875,0.1875158592764915
onsite_damping_disorder,60.0,0.2,0.2,0.05,57.0,34.175274358821206,nan,nan,45190.43226974797,3853.9366020822577,0.19826547413226006
onsite_damping_disorder,60.0,0.2,0.2,0.05,58.0,35.308149980251244,nan,nan,54643.15600970855,4193.6879129392,0.19575679870014925
onsite_damping_disorder,60.0,0.2,0.2,0.05,59.0,49.534937834592554,nan,nan,128462.65638867635,8259.1593948777,0.18796283002565473
onsite_damping_disorder,60.0,0.2,0.2,0.05,60.0,45.582051395146266,nan,nan,70876.07843740295,6843.354297557555,0.19476564501306498
onsite_damping_disorder,60.0,0.2,0.2,0.05,61.0,29.540503013569854,nan,nan,32178.014968665946,2768.0156205224484,0.199275250056641
onsite_damping_disorder,60.0,0.2,0.2,0.05,62.0,30.218616452157097,nan,nan,41743.859244180385,2926.918440106951,0.2022056873376541
onsite_damping_disorder,60.0,0.2,0.2,0.05,63.0,109.29179542333819,nan,nan,370534.05040549376,39960.43066767291,0.1815543760181877
onsite_damping_disorder,60.0,0.2,0.2,0.05,64.0,48.1690347899036,nan,nan,87277.72500410407,7751.543913115882,0.19433342836274534
onsite_damping_disorder,60.0,0.2,0.2,0.05,65.0,40.30817021600267,nan,nan,43879.298803289515,5176.518647116974,0.19595933863322298
onsite_damping_disorder,60.0,0.2,0.2,0.05,66.0,80.49972017330404,nan,nan,210834.07166328927,20863.689587007284,0.18951254828576486
onsite_damping_disorder,60.0,0.2,0.2,0.05,67.0,54.77702613243392,nan,nan,125023.2199152139,10291.890065769105,0.19275759371839774
onsite_damping_disorder,60.0,0.2,0.2,0.05,68.0,43.16922202133032,nan,nan,55066.748734724824,5919.247884601025,0.19565220765123803
onsite_damping_disorder,60.0,0.2,0.2,0.05,69.0,27.0531948743023,nan,nan,27673.249272576515,2501.980017535332,0.20004288311899784
onsite_damping_disorder,60.0,0.2,0.2,0.05,70.0,29.077339952866293,nan,nan,46381.37343339097,2737.2885821903774,0.19868936279852703
onsite_damping_disorder,60.0,0.2,0.2,0.05,71.0,72.18229826424417,nan,nan,185005.31987228757,17485.95685424899,0.19083349612520045
onsite_damping_disorder,60.0,0.2,0.2,0.05,72.0,36.171454533029575,nan,nan,62458.93172941013,4253.544020798579,0.19212086619131255
onsite_damping_disorder,60.0,0.2,0.2,0.05,73.0,49.58358917837989,nan,nan,94270.17306487485,8426.528392135488,0.18301491854964935
onsite_damping_disorder,60.0,0.2,0.2,0.05,74.0,41.51090841002479,nan,nan,82273.02093560624,5764.679522703194,0.19442908724078176
onsite_damping_disorder,60.0,0.2,0.2,0.05,75.0,31.938461441295264,nan,nan,40760.68836770418,3364.3031238925755,0.19948530646299378
onsite_damping_disorder,60.0,0.2,0.2,0.05,76.0,39.364383342028226,nan,nan,61376.87647729683,5333.019914295458,0.19669330653007927
onsite_damping_disorder,60.0,0.2,0.2,0.05,77.0,35.39419981174293,nan,nan,64271.85065070679,4107.71802401865,0.19437064556843367
onsite_damping_disorder,60.0,0.2,0.2,0.05,78.0,58.02805323349552,nan,nan,140262.62233952098,11487.070859636735,0.19057660381067867
onsite_damping_disorder,60.0,0.2,0.2,0.05,79.0,35.18094554346299,nan,nan,51403.21634258345,3994.8249162033826,0.19828054790192318
onsite_damping_disorder,80.0,0.2,0.2,0.05,0.0,264.6232632322061,nan,nan,2500114.638986322,224930.0153149981,0.18720295407228263
onsite_damping_disorder,80.0,0.2,0.2,0.05,1.0,291.52000375173577,nan,nan,3351433.6206100723,275989.06761596084,0.18659212653547552
onsite_damping_disorder,80.0,0.2,0.2,0.05,2.0,176.64689465020854,nan,nan,1244044.1381147956,99497.12090510159,0.19091098338391868
onsite_damping_disorder,80.0,0.2,0.2,0.05,3.0,218.90996975541546,nan,nan,1612669.3922921605,153589.63358681707,0.193323613537293
onsite_damping_disorder,80.0,0.2,0.2,0.05,4.0,225.10547374501797,nan,nan,1758599.530938086,162298.61481409933,0.19047132876072403
onsite_damping_disorder,80.0,0.2,0.2,0.05,5.0,79.78212472100171,nan,nan,203529.35655465044,20403.44472807603,0.20100949619190736
onsite_damping_disorder,80.0,0.2,0.2,0.05,6.0,161.49644838346785,nan,nan,864397.9663724354,89653.51865875904,0.19320899020786403
onsite_damping_disorder,80.0,0.2,0.2,0.05,7.0,86.29176681161657,nan,nan,299980.91365634045,24905.369915571497,0.19956273116037623
onsite_damping_disorder,80.0,0.2,0.2,0.05,8.0,120.34795422191227,nan,nan,632655.5829632856,46878.76451680872,0.19332818744527788
onsite_damping_disorder,80.0,0.2,0.2,0.05,9.0,372.2559837792026,nan,nan,4883660.883593077,474630.0336266313,0.18406218040584857
onsite_damping_disorder,80.0,0.2,0.2,0.05,10.0,193.60837558844628,nan,nan,1172237.2945897896,121634.46755441838,0.18940215265346624
onsite_damping_disorder,80.0,0.2,0.2,0.05,11.0,127.65177218536473,nan,nan,697896.7014641777,53254.717148288866,0.19404215728797597
onsite_damping_disorder,80.0,0.2,0.2,0.05,12.0,243.97507795105338,nan,nan,2313500.70485081,191303.8070615606,0.185601733431249
onsite_damping_disorder,80.0,0.2,0.2,0.05,13.0,210.3572640640881,nan,nan,2055162.2698621466,143932.5601901017,0.18810720307344517
onsite_damping_disorder,80.0,0.2,0.2,0.05,14.0,202.3585427286508,nan,nan,1475248.667421332,138367.89050650544,0.1927582626079026
onsite_damping_disorder,80.0,0.2,0.2,0.05,15.0,110.88399386549574,nan,nan,489619.9098318913,40352.136113174914,0.19030256724821948
onsite_damping_disorder,80.0,0.2,0.2,0.05,16.0,192.75939378966265,nan,nan,1663877.9531565062,126367.72674545203,0.182679985661514
onsite_damping_disorder,80.0,0.2,0.2,0.05,17.0,205.0779266187656,nan,nan,1380550.918805448,135603.8934961227,0.1939167005127136
onsite_damping_disorder,80.0,0.2,0.2,0.05,18.0,113.098618105486,nan,nan,624943.4498581856,43369.16064494775,0.19383397717903952
onsite_damping_disorder,80.0,0.2,0.2,0.05,19.0,318.60750346557484,nan,nan,3687472.2324692504,330046.2809054626,0.18792444150340643
onsite_damping_disorder,80.0,0.2,0.2,0.05,20.0,172.11830097420062,nan,nan,1268694.2671711536,94356.23713811686,0.19397769273926324
onsite_damping_disorder,80.0,0.2,0.2,0.05,21.0,152.39867486499907,nan,nan,958980.4188328639,76291.38434679976,0.19528918403112747
onsite_damping_disorder,80.0,0.2,0.2,0.05,22.0,317.5450318092771,nan,nan,3146092.9877719264,337527.5943371744,0.18976260125617994
onsite_damping_disorder,80.0,0.2,0.2,0.05,23.0,128.40540606094754,nan,nan,649647.1867883203,53606.02544867633,0.19589575031037276
onsite_damping_disorder,80.0,0.2,0.2,0.05,24.0,112.2093029460382,nan,nan,526350.7178312356,40596.52138540258,0.1952839091803948
onsite_damping_disorder,80.0,0.2,0.2,0.05,25.0,435.32265084885415,nan,nan,5929404.0667348225,610243.6852749634,0.18229268431368245
onsite_damping_disorder,80.0,0.2,0.2,0.05,26.0,164.54036035514082,nan,nan,1141367.1758935016,87645.79162196735,0.19235077474968418
onsite_damping_disorder,80.0,0.2,0.2,0.05,27.0,156.45362592952364,nan,nan,1141778.9098262563,78973.2321942378,0.18984811025426732
onsite_damping_disorder,80.0,0.2,0.2,0.05,28.0,263.89032825683563,nan,nan,2399368.323021519,231705.29966543757,0.19246831271537182
onsite_damping_disorder,80.0,0.2,0.2,0.05,29.0,229.17228649107045,nan,nan,1682235.721284333,170590.67019800423,0.18745478539449018
onsite_damping_disorder,80.0,0.2,0.2,0.05,30.0,192.20115667828074,nan,nan,1564243.0736498644,120643.92384973561,0.1905057665314197
onsite_damping_disorder,80.0,0.2,0.2,0.05,31.0,299.43655791332384,nan,nan,3314375.963516273,305036.32103105757,0.18564468602497605
onsite_damping_disorder,80.0,0.2,0.2,0.05,32.0,230.66061907524502,nan,nan,2061808.613810787,179474.42937619417,0.19077508935637488
onsite_damping_disorder,80.0,0.2,0.2,0.05,33.0,174.65613839175535,nan,nan,1512892.918980303,97171.12455749305,0.19150969702347548
onsite_damping_disorder,80.0,0.2,0.2,0.05,34.0,234.45710937250115,nan,nan,2070161.679770315,176244.35327806164,0.19146043933857818
onsite_damping_disorder,80.0,0.2,0.2,0.05,35.0,133.30056451777585,nan,nan,839292.2223762694,59736.530799575936,0.19470762170079545
onsite_damping_disorder,80.0,0.2,0.2,0.05,36.0,304.16656390830315,nan,nan,3970616.7091882625,314980.9103491537,0.18612065907856226
onsite_damping_disorder,80.0,0.2,0.2,0.05,37.0,214.93387570027537,nan,nan,1504601.2836095719,154097.2252486094,0.1883577073789433
onsite_damping_disorder,80.0,0.2,0.2,0.05,38.0,240.03263778811785,nan,nan,2399778.143424693,186535.5803214802,0.18365982618722917
onsite_damping_disorder,80.0,0.2,0.2,0.05,39.0,301.10188650967496,nan,nan,3175333.386180277,297671.84138587094,0.1882408842017514
onsite_damping_disorder,80.0,0.2,0.2,0.05,40.0,100.35942298348812,nan,nan,405730.0312121754,33391.1275230493,0.19482745477212127
onsite_damping_disorder,80.0,0.2,0.2,0.05,41.0,107.04851263141923,nan,nan,475661.1469914662,38489.764980398,0.19787605630545552
onsite_damping_disorder,80.0,0.2,0.2,0.05,42.0,228.4002469218565,nan,nan,1969609.0611859448,177124.52909784712,0.18813197102888568
onsite_damping_disorder,80.0,0.2,0.2,0.05,43.0,174.3642696735666,nan,nan,1300528.099207367,103648.4457157328,0.19345228220469082
onsite_damping_disorder,80.0,0.2,0.2,0.05,44.0,140.65482706658395,nan,nan,609849.5695978756,65139.54268460767,0.1930661857500242
onsite_damping_disorder,80.0,0.2,0.2,0.05,45.0,106.55484148775282,nan,nan,392438.5273982213,37124.97608494403,0.19232512025726514
onsite_damping_disorder,80.0,0.2,0.2,0.05,46.0,171.3253708788835,nan,nan,914603.4778825492,95060.48444591853,0.1921717495133295
onsite_damping_disorder,80.0,0.2,0.2,0.05,47.0,159.6948262585562,nan,nan,1208575.0780879809,85206.17588735455,0.1909453984921387
onsite_damping_disorder,80.0,0.2,0.2,0.05,48.0,276.95585642051657,nan,nan,2724605.0943295835,258419.695735687,0.18685208614576462
onsite_damping_disorder,80.0,0.2,0.2,0.05,49.0,138.77092606595752,nan,nan,642113.3688297071,63483.46099460874,0.1955737254934754
onsite_damping_disorder,80.0,0.2,0.2,0.05,50.0,267.2833788191105,nan,nan,2574630.110457953,235784.50121920285,0.18714566393798496
onsite_damping_disorder,80.0,0.2,0.2,0.05,51.0,116.49186958687382,nan,nan,729376.6528613059,44466.779700092884,0.19648569504929106
onsite_damping_disorder,80.0,0.2,0.2,0.05,52.0,103.98818011641228,nan,nan,482013.84804886807,35568.8250422984,0.19345383863730758
onsite_damping_disorder,80.0,0.2,0.2,0.05,53.0,170.5818677366561,nan,nan,1134959.1991171283,92330.54118076123,0.1927928378141617
onsite_damping_disorder,80.0,0.2,0.2,0.05,54.0,120.59680785854388,nan,nan,680436.536435904,49932.46738423501,0.19368523270872912
onsite_damping_disorder,80.0,0.2,0.2,0.05,55.0,285.51099298442216,nan,nan,3147575.997699515,262752.5932835901,0.1866422521490029
onsite_damping_disorder,80.0,0.2,0.2,0.05,56.0,259.0554905508317,nan,nan,2524414.559183321,219868.89017502175,0.18798199457456713
onsite_damping_disorder,80.0,0.2,0.2,0.05,57.0,176.944127301279,nan,nan,1175779.4930255497,107848.38227821598,0.19051203168814246
onsite_damping_disorder,80.0,0.2,0.2,0.05,58.0,158.13697735998585,nan,nan,829949.8621542437,80225.27314480496,0.1910849590845501
onsite_damping_disorder,80.0,0.2,0.2,0.05,59.0,203.00968779595274,nan,nan,1487343.1079195202,137649.95472083392,0.19270029289593077
onsite_damping_disorder,80.0,0.2,0.2,0.05,60.0,195.9041653804408,nan,nan,1698541.0349527542,129931.64333368064,0.1899188684091819
onsite_damping_disorder,80.0,0.2,0.2,0.05,61.0,121.35882802493944,nan,nan,609298.1946576966,48430.90566884585,0.1924995699255609
onsite_damping_disorder,80.0,0.2,0.2,0.05,62.0,384.8454791746905,nan,nan,5942685.642527932,509753.98076351575,0.18810473652651732
onsite_damping_disorder,80.0,0.2,0.2,0.05,63.0,167.79986519384408,nan,nan,968406.2886010521,89693.66872490506,0.19656412842383214
onsite_damping_disorder,80.0,0.2,0.2,0.05,64.0,194.57160525960555,nan,nan,1338356.4356670605,120906.25260852087,0.18839923862718888
onsite_damping_disorder,80.0,0.2,0.2,0.05,65.0,274.6771453623794,nan,nan,2865958.962638351,241471.9495635449,0.18763533318087317
onsite_damping_disorder,80.0,0.2,0.2,0.05,66.0,257.02004257658245,nan,nan,2845015.1335713295,212460.78004690332,0.1945972320257948
onsite_damping_disorder,80.0,0.2,0.2,0.05,67.0,260.98003045652587,nan,nan,2574620.910490563,222553.88133473415,0.18612981620210473
onsite_damping_disorder,80.0,0.2,0.2,0.05,68.0,245.3673853780381,nan,nan,2339936.9180583074,202470.4274225427,0.1883462354711763
onsite_damping_disorder,80.0,0.2,0.2,0.05,69.0,145.18116419039987,nan,nan,1109324.2507788893,70511.3530558961,0.1936305414278408
onsite_damping_disorder,80.0,0.2,0.2,0.05,70.0,182.85517663559287,nan,nan,1502671.1189702894,113920.59022338415,0.19008199557175912
onsite_damping_disorder,80.0,0.2,0.2,0.05,71.0,184.32075985043107,nan,nan,1308961.12229959,114335.57243536954,0.1906013165959874
onsite_damping_disorder,80.0,0.2,0.2,0.05,72.0,124.96661688039869,nan,nan,830897.4743914043,50211.86567730538,0.18937192414713222
onsite_damping_disorder,80.0,0.2,0.2,0.05,73.0,229.7376541207631,nan,nan,1673672.4658998866,170621.52102319486,0.1892286995005936
onsite_damping_disorder,80.0,0.2,0.2,0.05,74.0,137.0992630939544,nan,nan,728319.2278405642,64487.674466474266,0.19260977391134992
onsite_damping_disorder,80.0,0.2,0.2,0.05,75.0,194.47538308846092,nan,nan,1960064.8398058838,125449.85086379985,0.1901751067960246
onsite_damping_disorder,80.0,0.2,0.2,0.05,76.0,86.13542423086638,nan,nan,438222.66915643564,25366.895456182516,0.19465286161006004
onsite_damping_disorder,80.0,0.2,0.2,0.05,77.0,149.0258042332419,nan,nan,1047809.9471053497,75535.29924026638,0.1879767245880623
onsite_damping_disorder,80.0,0.2,0.2,0.05,78.0,74.61343650809407,nan,nan,287229.33787029056,18872.448164617756,0.19464515715664804
onsite_damping_disorder,80.0,0.2,0.2,0.05,79.0,152.20030781766604,nan,nan,730595.7433775002,76961.97187284492,0.19220238708547058
onsite_damping_disorder,100.0,0.2,0.2,0.05,0.0,1678.1149307436167,nan,nan,102579745.19723774,9142850.944639126,0.17831828110393835
onsite_damping_disorder,100.0,0.2,0.2,0.05,1.0,748.1597654366446,nan,nan,21917148.27308287,1824114.9827751073,0.1579002327232373
onsite_damping_disorder,100.0,0.2,0.2,0.05,2.0,597.4639220047208,nan,nan,19328119.9462381,1212518.8331054605,0.18500296649138182
onsite_damping_disorder,100.0,0.2,0.2,0.05,3.0,654.2577506832748,nan,nan,20007876.866220698,1448090.9736155295,0.1843571415153231
onsite_damping_disorder,100.0,0.2,0.2,0.05,4.0,611.8754948239484,nan,nan,13683685.82002248,1192252.4259848036,0.18640252355940218
onsite_damping_disorder,100.0,0.2,0.2,0.05,5.0,1039.3986966870896,nan,nan,44033779.432469,3688678.2441570302,0.16257299671753453
onsite_damping_disorder,100.0,0.2,0.2,0.05,6.0,457.1228734726731,nan,nan,8296389.441928343,709356.9538719195,0.17298181983244557
onsite_damping_disorder,100.0,0.2,0.2,0.05,7.0,554.4512282576945,nan,nan,12832193.999304404,1011568.3882089289,0.1842168842776598
onsite_damping_disorder,100.0,0.2,0.2,0.05,8.0,2077.379577917333,nan,nan,131181242.53454337,13738694.571955906,0.158972250042126
onsite_damping_disorder,100.0,0.2,0.2,0.05,9.0,585.0336207944086,nan,nan,13658153.056328261,1170043.7185964198,0.18670715262795756
onsite_damping_disorder,100.0,0.2,0.2,0.05,10.0,1130.160322204429,nan,nan,50210826.70967652,4364727.35298246,0.1518792389028907
onsite_damping_disorder,100.0,0.2,0.2,0.05,11.0,638.1259700235395,nan,nan,15588255.488909569,1365787.2562860074,0.17621998993170104
onsite_damping_disorder,100.0,0.2,0.2,0.05,12.0,942.5659953713182,nan,nan,35781796.5333196,3012207.7726521925,0.1655991940309907
onsite_damping_disorder,100.0,0.2,0.2,0.05,13.0,274.34803045987866,nan,nan,3827658.1213120255,242305.46102918606,0.17414311356993623
onsite_damping_disorder,100.0,0.2,0.2,0.05,14.0,898.98201442977,nan,nan,36294791.17798452,2784400.396959253,0.1555098559542632
onsite_damping_disorder,100.0,0.2,0.2,0.05,15.0,278.798071233272,nan,nan,4146485.4668441373,250848.95424282033,0.19418912908915698
onsite_damping_disorder,100.0,0.2,0.2,0.05,16.0,1085.4046067896372,nan,nan,46776044.11844015,3805337.00230469,0.16363415186943914
onsite_damping_disorder,100.0,0.2,0.2,0.05,17.0,790.695900883072,nan,nan,22130667.33824901,2018910.0496786288,0.18325975016446672
onsite_damping_disorder,100.0,0.2,0.2,0.05,18.0,570.9245256442188,nan,nan,14457646.726066256,1074906.8302866046,0.19036460274048234
onsite_damping_disorder,100.0,0.2,0.2,0.05,19.0,640.8586558223409,nan,nan,13616636.198746039,1317612.530475606,0.1833697386236079
onsite_damping_disorder,100.0,0.2,0.2,0.05,20.0,1025.5831035786805,nan,nan,40523086.13011513,3434121.7268147636,0.18542890028530318
onsite_damping_disorder,100.0,0.2,0.2,0.05,21.0,841.8708598666198,nan,nan,27959201.17693068,2245870.2067642435,0.179464324526037
onsite_damping_disorder,100.0,0.2,0.2,0.05,22.0,571.2759105524691,nan,nan,12602447.285390083,1080650.0644862645,0.17810178978188113
onsite_damping_disorder,100.0,0.2,0.2,0.05,23.0,590.3364788880754,nan,nan,18148442.829651486,1177179.1191951162,0.1919382565321724
onsite_damping_disorder,100.0,0.2,0.2,0.05,24.0,620.5452847884713,nan,nan,11631893.076571826,1230361.442426625,0.18432194762767332
onsite_damping_disorder,100.0,0.2,0.2,0.05,25.0,778.2303003622915,nan,nan,26403953.7572614,1948375.0336344028,0.18540377268855668
onsite_damping_disorder,100.0,0.2,0.2,0.05,26.0,610.7884107589542,nan,nan,14352932.37526016,1203004.714658425,0.1885133656483997
onsite_damping_disorder,100.0,0.2,0.2,0.05,27.0,799.7846030637551,nan,nan,19159948.139185913,2043960.962447093,0.16352336101691614
onsite_damping_disorder,100.0,0.2,0.2,0.05,28.0,622.522839925357,nan,nan,16083000.140166348,1328245.143986062,0.18002828538097645
onsite_damping_disorder,100.0,0.2,0.2,0.05,29.0,778.6835002590336,nan,nan,24158037.730712455,2057895.369508224,0.18579648598564957
onsite_damping_disorder,100.0,0.2,0.2,0.05,30.0,574.388922104251,nan,nan,11954117.792507103,1088028.1888982975,0.18073983506955527
onsite_damping_disorder,100.0,0.2,0.2,0.05,31.0,657.2231583865994,nan,nan,17197517.507565543,1416233.0018574006,0.1660844216720785
onsite_damping_disorder,100.0,0.2,0.2,0.05,32.0,1438.0603578899088,nan,nan,73794612.55943413,6904104.173358265,0.1847536066049621
onsite_damping_disorder,100.0,0.2,0.2,0.05,33.0,377.75627139850184,nan,nan,6906212.374613475,491229.0779587678,0.1714262361231144
onsite_damping_disorder,100.0,0.2,0.2,0.05,34.0,1535.5961649044377,nan,nan,71100340.28176367,7768693.125207486,0.1594499106605994
onsite_damping_disorder,100.0,0.2,0.2,0.05,35.0,391.58023256765864,nan,nan,6771120.969972797,502682.9899771749,0.18248524294467455
onsite_damping_disorder,100.0,0.2,0.2,0.05,36.0,519.3990602066891,nan,nan,11278105.445892286,856215.1866986636,0.16956248663048124
onsite_damping_disorder,100.0,0.2,0.2,0.05,37.0,787.2036797360339,nan,nan,27575743.48442263,2130829.6585034495,0.16637908417341354
onsite_damping_disorder,100.0,0.2,0.2,0.05,38.0,785.2071892268352,nan,nan,20422805.945394132,1966726.5219324995,0.18341342183510773
onsite_damping_disorder,100.0,0.2,0.2,0.05,39.0,1769.514215425493,nan,nan,106235353.05486262,10350195.044250535,0.1652874145618186
onsite_damping_disorder,100.0,0.2,0.2,0.05,40.0,811.7434415181486,nan,nan,24760472.618489675,2226038.0707730013,0.17002034393293594
onsite_damping_disorder,100.0,0.2,0.2,0.05,41.0,739.9337973151271,nan,nan,22510293.74944398,1767134.273939314,0.1670353663603133
onsite_damping_disorder,100.0,0.2,0.2,0.05,42.0,853.4345687641179,nan,nan,36330536.26994218,2442131.265970599,0.17497472172447356
onsite_damping_disorder,100.0,0.2,0.2,0.05,43.0,899.1249643233838,nan,nan,27461595.002451863,2670620.212608839,0.18483156371936763
onsite_damping_disorder,100.0,0.2,0.2,0.05,44.0,676.4220627460309,nan,nan,15775146.908917729,1534666.4681061,0.18159935809728786
onsite_damping_disorder,100.0,0.2,0.2,0.05,45.0,1016.3452013471023,nan,nan,34592951.154397026,3451945.3540504,0.19066424103545343
onsite_damping_disorder,100.0,0.2,0.2,0.05,46.0,467.83355855189143,nan,nan,10069826.640334312,752535.6568158942,0.16628760085594985
onsite_damping_disorder,100.0,0.2,0.2,0.05,47.0,459.7256204824958,nan,nan,8416402.16103468,683206.6048649586,0.18593253882231645
onsite_damping_disorder,100.0,0.2,0.2,0.05,48.0,466.74132718326064,nan,nan,11985924.753683653,744653.6302423333,0.19282569724679588
onsite_damping_disorder,100.0,0.2,0.2,0.05,49.0,410.58533814658784,nan,nan,7294691.178466845,552053.5937231169,0.1698910679221396
onsite_damping_disorder,100.0,0.2,0.2,0.05,50.0,466.59804825760057,nan,nan,10394002.214609804,735494.2738901081,0.16472245440232053
onsite_damping_disorder,100.0,0.2,0.2,0.05,51.0,842.8955098854676,nan,nan,27021563.733509704,2345676.3172113793,0.18553251611807373
onsite_damping_disorder,100.0,0.2,0.2,0.05,52.0,517.1715228324338,nan,nan,11824332.845729543,902367.2632193647,0.1825869214602031
onsite_damping_disorder,100.0,0.2,0.2,0.05,53.0,496.68499549455595,nan,nan,9832681.923671579,843226.8559313604,0.16838302390068172
onsite_damping_disorder,100.0,0.2,0.2,0.05,54.0,571.3368470461529,nan,nan,17774934.392949365,1125787.1008052418,0.1808432348947425
onsite_damping_disorder,100.0,0.2,0.2,0.05,55.0,1067.517935440161,nan,nan,43604732.99387707,3839514.973416394,0.18204047451155514
onsite_damping_disorder,100.0,0.2,0.2,0.05,56.0,510.05700882433285,nan,nan,12463146.023033885,857069.1680112433,0.1926933347873356
onsite_damping_disorder,100.0,0.2,0.2,0.05,57.0,1156.5620885745545,nan,nan,53444586.19546758,4401385.932731476,0.155130855578678
onsite_damping_disorder,100.0,0.2,0.2,0.05,58.0,1215.7986262803897,nan,nan,51052311.86186599,4922108.824731589,0.17862465256364385
onsite_damping_disorder,100.0,0.2,0.2,0.05,59.0,1189.6448174374084,nan,nan,61977490.31011156,4870664.52905986,0.16043655512793245
onsite_damping_disorder,100.0,0.2,0.2,0.05,60.0,624.6261492347504,nan,nan,13367791.692131696,1274316.589179574,0.16609290871723967
onsite_damping_disorder,100.0,0.2,0.2,0.05,61.0,634.5396873494294,nan,nan,21503865.354800567,1352638.2836134967,0.15883277748861926
onsite_damping_disorder,100.0,0.2,0.2,0.05,62.0,1393.3259320453371,nan,nan,73233738.12837061,6444435.329105364,0.18063393115475368
onsite_damping_disorder,100.0,0.2,0.2,0.05,63.0,391.1790971314887,nan,nan,6838575.788075103,495002.6173905011,0.181082008701678
onsite_damping_disorder,100.0,0.2,0.2,0.05,64.0,536.9701631850584,nan,nan,11087295.120591378,938895.1270956963,0.1888862999507469
onsite_damping_disorder,100.0,0.2,0.2,0.05,65.0,448.6711961622547,nan,nan,9864491.200457163,657483.7454987863,0.1856293939021455
onsite_damping_disorder,100.0,0.2,0.2,0.05,66.0,892.0017592190236,nan,nan,22000878.521319225,2526947.034598703,0.185357043672577
onsite_damping_disorder,100.0,0.2,0.2,0.05,67.0,401.8157539445673,nan,nan,6470746.086547431,516662.3786827578,0.167568957170934
onsite_damping_disorder,100.0,0.2,0.2,0.05,68.0,630.9639218406268,nan,nan,15530971.602837685,1319564.7495916905,0.16854682721476147
onsite_damping_disorder,100.0,0.2,0.2,0.05,69.0,946.8809344672189,nan,nan,25569950.068036385,2892091.6742753396,0.18295223365334146
onsite_damping_disorder,100.0,0.2,0.2,0.05,70.0,356.93767342021414,nan,nan,5481883.395112569,408361.4144427449,0.1697185965162658
onsite_damping_disorder,100.0,0.2,0.2,0.05,71.0,650.993953711921,nan,nan,15510913.5243273,1452724.8532296398,0.16683951482643028
onsite_damping_disorder,100.0,0.2,0.2,0.05,72.0,535.7894766206184,nan,nan,12286316.567405121,947749.5779957476,0.17297043332007092
onsite_damping_disorder,100.0,0.2,0.2,0.05,73.0,343.62022825276546,nan,nan,4346455.607718696,384607.3399553029,0.16760148041632553
onsite_damping_disorder,100.0,0.2,0.2,0.05,74.0,1518.5511772484583,nan,nan,57002557.02052251,7325374.230061707,0.17239017629261416
onsite_damping_disorder,100.0,0.2,0.2,0.05,75.0,1112.3270050762555,nan,nan,44528170.08295159,3982725.1234926665,0.1713254738367636
onsite_damping_disorder,100.0,0.2,0.2,0.05,76.0,541.2921392141941,nan,nan,12359341.490613945,990661.3170573409,0.1767530643699684
onsite_damping_disorder,100.0,0.2,0.2,0.05,77.0,1552.3911868440637,nan,nan,104679959.89328961,7936093.190028681,0.17254851662132836
onsite_damping_disorder,100.0,0.2,0.2,0.05,78.0,474.7956965980026,nan,nan,12824126.482289292,775125.6501180218,0.1811057879068057
onsite_damping_disorder,100.0,0.2,0.2,0.05,79.0,694.7127166322888,nan,nan,17561642.67012103,1601872.8949783775,0.18654433229256942
onsite_damping_disorder,120.0,0.2,0.2,0.05,0.0,3918.726343075221,nan,nan,539758705.2176828,48983573.013066135,0.1737773252604811
onsite_damping_disorder,120.0,0.2,0.2,0.05,1.0,2177.4776436646093,nan,nan,253456932.08290336,16017851.98590556,0.15134791363311087
onsite_damping_disorder,120.0,0.2,0.2,0.05,2.0,2853.6997722847395,nan,nan,282344107.76797736,26007141.201104995,0.15694884873832296
onsite_damping_disorder,120.0,0.2,0.2,0.05,3.0,5647.592240915258,nan,nan,1021281618.439985,100977028.19563054,0.14164939678457603
onsite_damping_disorder,120.0,0.2,0.2,0.05,4.0,3714.231976489695,nan,nan,499509415.25133014,45183795.30837811,0.17464789598563418
onsite_damping_disorder,120.0,0.2,0.2,0.05,5.0,2466.2015158570584,nan,nan,271798635.5614769,20788748.1499717,0.1751865582685615
onsite_damping_disorder,120.0,0.2,0.2,0.05,6.0,1915.463407005338,nan,nan,129236802.7949277,12207851.629094617,0.17989929384498238
onsite_damping_disorder,120.0,0.2,0.2,0.05,7.0,6974.048510288537,nan,nan,2026395728.1081667,164476755.96112853,0.1610401117481954
onsite_damping_disorder,120.0,0.2,0.2,0.05,8.0,3099.6271481663603,nan,nan,318690332.13093424,31796832.96164596,0.1271866270163512
onsite_damping_disorder,120.0,0.2,0.2,0.05,9.0,3192.520199837929,nan,nan,497224123.2622773,35057470.55850633,0.1801010489134229
onsite_damping_disorder,120.0,0.2,0.2,0.05,10.0,2103.443997724206,nan,nan,164560785.9274433,14174744.594113242,0.17193504926490308
onsite_damping_disorder,120.0,0.2,0.2,0.05,11.0,1646.3119604632225,nan,nan,129491809.42786519,8955148.146747347,0.18682737338086244
onsite_damping_disorder,120.0,0.2,0.2,0.05,12.0,5360.39973527548,nan,nan,942038605.6632817,94267060.83178753,0.17108220574085312
onsite_damping_disorder,120.0,0.2,0.2,0.05,13.0,2824.022498111215,nan,nan,352188121.9190576,26226200.125165787,0.14530943454827633
onsite_damping_disorder,120.0,0.2,0.2,0.05,14.0,4849.719037852033,nan,nan,810054116.6463146,76471584.42328767,0.17340447015279792
onsite_damping_disorder,120.0,0.2,0.2,0.05,15.0,3351.8860858833846,nan,nan,488233985.651319,36316283.63658576,0.16267455884844778
onsite_damping_disorder,120.0,0.2,0.2,0.05,16.0,4370.646880301507,nan,nan,710729657.4692432,60626560.44018441,0.13886348828132514
onsite_damping_disorder,120.0,0.2,0.2,0.05,17.0,3376.5389538939407,nan,nan,442811805.9225208,38603045.733039655,0.1823529891153375
onsite_damping_disorder,120.0,0.2,0.2,0.05,18.0,2258.5213731250215,nan,nan,260147456.83286843,17587842.588682346,0.17822105890714365
onsite_damping_disorder,120.0,0.2,0.2,0.05,19.0,2931.5111953452106,nan,nan,366487851.22330916,27550220.951942246,0.17410075861715646
onsite_damping_disorder,120.0,0.2,0.2,0.05,20.0,7299.086479909138,nan,nan,1974425233.161224,179491738.30909777,0.13522254155084085
onsite_damping_disorder,120.0,0.2,0.2,0.05,21.0,3001.03892948438,nan,nan,421818556.41245544,30603067.115345027,0.15638846904662818
onsite_damping_disorder,120.0,0.2,0.2,0.05,22.0,2225.255793928046,nan,nan,151852810.11588687,16002309.424896609,0.14527199752875694
onsite_damping_disorder,120.0,0.2,0.2,0.05,23.0,3174.969699681621,nan,nan,409057769.5579704,32377407.455563515,0.14513381661528962
onsite_damping_disorder,120.0,0.2,0.2,0.05,24.0,2941.80224159649,nan,nan,446854811.3551847,29058016.48472536,0.15428789115182528
onsite_damping_disorder,120.0,0.2,0.2,0.05,25.0,4853.448789623711,nan,nan,831596909.8351101,74974172.79643017,0.17712796145096912
onsite_damping_disorder,120.0,0.2,0.2,0.05,26.0,3424.356695498611,nan,nan,425673515.4184531,39014211.620964065,0.1415797643114743
onsite_damping_disorder,120.0,0.2,0.2,0.05,27.0,2744.4000208691823,nan,nan,335892259.9777918,24635519.97259509,0.1493540192425854
onsite_damping_disorder,120.0,0.2,0.2,0.05,28.0,1917.1054521828917,nan,nan,200481759.889466,12068296.301662559,0.15133019282653815
onsite_damping_disorder,120.0,0.2,0.2,0.05,29.0,4517.419940409949,nan,nan,812415345.8905119,68027113.93207648,0.14902806835351617
onsite_damping_disorder,120.0,0.2,0.2,0.05,30.0,3925.798127136772,nan,nan,662973279.0475597,50815698.9624455,0.1696967428557767
onsite_damping_disorder,120.0,0.2,0.2,0.05,31.0,3609.719007052338,nan,nan,483835389.5942687,43475033.08532544,0.172282372436289
onsite_damping_disorder,120.0,0.2,0.2,0.05,32.0,2506.1184721321065,nan,nan,212261740.88139287,19958022.885135584,0.14201376213658523
onsite_damping_disorder,120.0,0.2,0.2,0.05,33.0,3708.588182980722,nan,nan,545004387.2040825,45268693.92459457,0.14361074453189646
onsite_damping_disorder,120.0,0.2,0.2,0.05,34.0,3361.4981708435635,nan,nan,393345429.20369744,36617434.45010733,0.17536142944637118
onsite_damping_disorder,120.0,0.2,0.2,0.05,35.0,4438.623240871491,nan,nan,575300175.1815922,63120481.94284669,0.15565408994179078
onsite_damping_disorder,120.0,0.2,0.2,0.05,36.0,6303.18721072574,nan,nan,1511474616.1773174,128313415.64949073,0.127575544302731
onsite_damping_disorder,120.0,0.2,0.2,0.05,37.0,1760.5181867090732,nan,nan,124047157.9855394,10335108.995963078,0.15216842066625583
onsite_damping_disorder,120.0,0.2,0.2,0.05,38.0,2006.7605822972585,nan,nan,154652980.31199124,13608296.01506143,0.15560329684854116
onsite_damping_disorder,120.0,0.2,0.2,0.05,39.0,2326.2321503111493,nan,nan,232940069.39596725,17238689.98300391,0.17755589156872395
onsite_damping_disorder,120.0,0.2,0.2,0.05,40.0,3129.987961430529,nan,nan,404221031.03121245,31451432.235232923,0.17848322577725048
onsite_damping_disorder,120.0,0.2,0.2,0.05,41.0,3147.3580830466863,nan,nan,341726560.8089091,31456673.071168993,0.1377478752358586
onsite_damping_disorder,120.0,0.2,0.2,0.05,42.0,2704.213567359614,nan,nan,279364528.8061701,24269335.451466016,0.16095698466221375
onsite_damping_disorder,120.0,0.2,0.2,0.05,43.0,2459.442159249813,nan,nan,208924229.3159811,20114731.918065604,0.18095287836009416
onsite_damping_disorder,120.0,0.2,0.2,0.05,44.0,4486.22398049018,nan,nan,921789756.5623219,66832780.12105099,0.18514535953271488
onsite_damping_disorder,120.0,0.2,0.2,0.05,45.0,1905.6793693948887,nan,nan,159467508.5377155,12506744.898984933,0.1415405351499631
onsite_damping_disorder,120.0,0.2,0.2,0.05,46.0,1515.1317097473568,nan,nan,106504039.23070139,7430428.521022596,0.13951075452502115
onsite_damping_disorder,120.0,0.2,0.2,0.05,47.0,2874.0106510662645,nan,nan,366521588.4724821,28220729.213708106,0.14007820819493355
onsite_damping_disorder,120.0,0.2,0.2,0.05,48.0,4055.738676910127,nan,nan,554694208.8757513,54312579.83081011,0.1713455963780032
onsite_damping_disorder,120.0,0.2,0.2,0.05,49.0,3946.323080120603,nan,nan,805364882.7889423,53446456.908960536,0.15713458968840155
onsite_damping_disorder,120.0,0.2,0.2,0.05,50.0,2025.2173736569919,nan,nan,187829401.3985222,13738130.70213489,0.16509688954336516
onsite_damping_disorder,120.0,0.2,0.2,0.05,51.0,2724.965217600659,nan,nan,239678733.89603347,23965851.70196244,0.17898986220712376
onsite_damping_disorder,120.0,0.2,0.2,0.05,52.0,4633.852347656313,nan,nan,854761781.1915699,69685082.47271584,0.15736571388051698
onsite_damping_disorder,120.0,0.2,0.2,0.05,53.0,3588.5791387363934,nan,nan,575534058.1113768,41746975.99778607,0.1352859295852129
onsite_damping_disorder,120.0,0.2,0.2,0.05,54.0,8268.60832432515,nan,nan,2576993775.3716164,231094177.8902376,0.13298518319391153
onsite_damping_disorder,120.0,0.2,0.2,0.05,55.0,12260.931806299865,nan,nan,5288197418.857349,480503156.79404134,0.14937360845255684
onsite_damping_disorder,120.0,0.2,0.2,0.05,56.0,2073.478990594397,nan,nan,202634276.72904807,14200301.279940296,0.1746179617031
onsite_damping_disorder,120.0,0.2,0.2,0.05,57.0,2118.4038752963115,nan,nan,172201732.94415733,14716247.009227525,0.15483759505694916
onsite_damping_disorder,120.0,0.2,0.2,0.05,58.0,2796.134841002689,nan,nan,344238020.3803048,26316210.72717863,0.16836461930113586
onsite_damping_disorder,120.0,0.2,0.2,0.05,59.0,2798.4439001023784,nan,nan,337450983.4211458,26705061.38373381,0.1424595109013467
onsite_damping_disorder,120.0,0.2,0.2,0.05,60.0,3801.131497517706,nan,nan,675499212.5498195,49721865.75480577,0.15494305723325213
onsite_damping_disorder,120.0,0.2,0.2,0.05,61.0,2192.033666112466,nan,nan,206639689.29438818,16404767.653909912,0.14075684600701718
onsite_damping_disorder,120.0,0.2,0.2,0.05,62.0,3167.697940419636,nan,nan,397594010.5997093,32414586.93305154,0.13926210886896706
onsite_damping_disorder,120.0,0.2,0.2,0.05,63.0,3801.7930974259148,nan,nan,468322952.1300484,47121009.31664912,0.14733633667395726
onsite_damping_disorder,120.0,0.2,0.2,0.05,64.0,7271.995191577742,nan,nan,1763686065.069912,173134182.70444888,0.1556724651971525
onsite_damping_disorder,120.0,0.2,0.2,0.05,65.0,2947.8260147642895,nan,nan,388833193.0486311,28378611.063910723,0.17221099469128576
onsite_damping_disorder,120.0,0.2,0.2,0.05,66.0,3678.4575763161847,nan,nan,554117867.0404845,44163367.043325834,0.16841177132721344
onsite_damping_disorder,120.0,0.2,0.2,0.05,67.0,4028.291494962194,nan,nan,519614061.3492385,52051004.36865671,0.13889417655213865
onsite_damping_disorder,120.0,0.2,0.2,0.05,68.0,1939.3946568360825,nan,nan,131031686.0602698,12315804.701216068,0.18159269310356377
onsite_damping_disorder,120.0,0.2,0.2,0.05,69.0,1948.0118635554497,nan,nan,129922650.52830431,12201267.01761499,0.1510801996608746
onsite_damping_disorder,120.0,0.2,0.2,0.05,70.0,5154.684728514751,nan,nan,990463528.5396295,89682467.64272536,0.16609677469220452
onsite_damping_disorder,120.0,0.2,0.2,0.05,71.0,1967.1808141168967,nan,nan,198794882.6693018,13276138.059696889,0.14089733465607898
onsite_damping_disorder,120.0,0.2,0.2,0.05,72.0,1457.1075232259257,nan,nan,93910638.2042581,7090412.000528135,0.14542831724387595
onsite_damping_disorder,120.0,0.2,0.2,0.05,73.0,8944.577667530219,nan,nan,2970400789.54989,269113635.8167324,0.1425803756163772
onsite_damping_disorder,120.0,0.2,0.2,0.05,74.0,9694.261745005799,nan,nan,2717229281.067152,316250296.4855634,0.1495450827242315
onsite_damping_disorder,120.0,0.2,0.2,0.05,75.0,3089.675612814388,nan,nan,371352085.9254429,30896790.77050575,0.1564831045247581
onsite_damping_disorder,120.0,0.2,0.2,0.05,76.0,1812.7997135551982,nan,nan,127139705.74906376,11213381.100270985,0.17424980486526026
onsite_damping_disorder,120.0,0.2,0.2,0.05,77.0,2751.117172085567,nan,nan,279490689.29969585,24416344.312528197,0.17199274105744614
onsite_damping_disorder,120.0,0.2,0.2,0.05,78.0,1690.8042151939712,nan,nan,104744549.19749272,9343292.981941698,0.1421076529640526
onsite_damping_disorder,120.0,0.2,0.2,0.05,79.0,4273.504601587694,nan,nan,747455690.1248384,59083815.44917558,0.17140053452390977
onsite_damping_disorder,20.0,0.2,0.2,0.08,0.0,3.953379639223603,nan,nan,509.969604913805,50.53160696147569,0.18710843964400417
onsite_damping_disorder,20.0,0.2,0.2,0.08,1.0,3.585224823801667,nan,nan,308.5567225400881,40.525110012773034,0.2015237344745887
onsite_damping_disorder,20.0,0.2,0.2,0.08,2.0,4.741038101065541,nan,nan,705.0767772630561,70.80895434114365,0.1810398371725629
onsite_damping_disorder,20.0,0.2,0.2,0.08,3.0,2.112663260017406,nan,nan,165.59550971117474,13.992781634264553,0.21780740975698779
onsite_damping_disorder,20.0,0.2,0.2,0.08,4.0,2.380516887818816,nan,nan,207.28890282000896,18.352934350267237,0.21270271216138426
onsite_damping_disorder,20.0,0.2,0.2,0.08,5.0,3.021103994999081,nan,nan,263.26868631697914,28.915974800013096,0.19777535879953276
onsite_damping_disorder,20.0,0.2,0.2,0.08,6.0,2.6258862011633184,nan,nan,223.27361495012136,21.609638483942927,0.19708313475112454
onsite_damping_disorder,20.0,0.2,0.2,0.08,7.0,2.0176364656954373,nan,nan,179.89043859338184,12.972714798086697,0.20976034839701818
onsite_damping_disorder,20.0,0.2,0.2,0.08,8.0,1.8729127760460156,nan,nan,183.3757470832373,12.272013120207987,0.2183378140558025
onsite_damping_disorder,20.0,0.2,0.2,0.08,9.0,1.8644954386902983,nan,nan,121.09345156251665,11.385905208964681,0.22332323825224898
onsite_damping_disorder,20.0,0.2,0.2,0.08,10.0,2.543307281174758,nan,nan,234.23288708430826,22.794766738220474,0.19913644483444262
onsite_damping_disorder,20.0,0.2,0.2,0.08,11.0,2.254661481939829,nan,nan,172.8153735806857,17.11858615701932,0.20908061964072144
onsite_damping_disorder,20.0,0.2,0.2,0.08,12.0,3.3074908959408886,nan,nan,280.69423086213646,36.05771573626084,0.19998577811840973
onsite_damping_disorder,20.0,0.2,0.2,0.08,13.0,2.7734656702944753,nan,nan,241.05731444494623,25.709762542772744,0.19266913575424818
onsite_damping_disorder,20.0,0.2,0.2,0.08,14.0,2.056192665775582,nan,nan,167.6795853753796,13.422661816827233,0.22406681451206314
onsite_damping_disorder,20.0,0.2,0.2,0.08,15.0,1.6789056243704321,nan,nan,125.96051115059929,9.62797075706319,0.21824593985870536
onsite_damping_disorder,20.0,0.2,0.2,0.08,16.0,3.0061196691731973,nan,nan,311.8101425732152,28.567927138348665,0.19529566737735515
onsite_damping_disorder,20.0,0.2,0.2,0.08,17.0,2.300100039884643,nan,nan,175.6586313077838,16.698500890882897,0.21215724583058604
onsite_damping_disorder,20.0,0.2,0.2,0.08,18.0,2.457371498748828,nan,nan,199.34094576602195,20.28930620551751,0.2038704572307156
onsite_damping_disorder,20.0,0.2,0.2,0.08,19.0,1.9860998291639391,nan,nan,120.68800969093859,12.733677023561777,0.22108784614224314
onsite_damping_disorder,20.0,0.2,0.2,0.08,20.0,3.519475784393663,nan,nan,353.9274313048491,39.095921047095565,0.20324179032116751
onsite_damping_disorder,20.0,0.2,0.2,0.08,21.0,2.3604295077231887,nan,nan,193.72662801244914,17.482360793151788,0.22230887050665626
onsite_damping_disorder,20.0,0.2,0.2,0.08,22.0,2.1646073964061783,nan,nan,165.60372001310367,16.52249341960955,0.20287374187411897
onsite_damping_disorder,20.0,0.2,0.2,0.08,23.0,2.569759137176459,nan,nan,231.41270450744705,21.59729852373303,0.20934275564224142
onsite_damping_disorder,20.0,0.2,0.2,0.08,24.0,2.732356957190249,nan,nan,210.67006974825128,24.390167086019126,0.19067649939930637
onsite_damping_disorder,20.0,0.2,0.2,0.08,25.0,1.908099098775425,nan,nan,138.6322286327332,11.372340449230322,0.21499668401655625
onsite_damping_disorder,20.0,0.2,0.2,0.08,26.0,2.802895498977451,nan,nan,295.48037230691557,26.137184078388685,0.2107388128289389
onsite_damping_disorder,20.0,0.2,0.2,0.08,27.0,2.91611062542051,nan,nan,268.6208247310334,28.48968578765879,0.19949593102720684
onsite_damping_disorder,20.0,0.2,0.2,0.08,28.0,2.1101092672966155,nan,nan,185.04488230385368,14.167908333199085,0.20954917370076018
onsite_damping_disorder,20.0,0.2,0.2,0.08,29.0,1.52750103458087,nan,nan,120.88639888350565,7.971625341428165,0.22361350316467166
onsite_damping_disorder,20.0,0.2,0.2,0.08,30.0,1.800688009529861,nan,nan,132.57487877051898,11.461375347071137,0.19704552734646205
onsite_damping_disorder,20.0,0.2,0.2,0.08,31.0,1.7664363143642214,nan,nan,126.58315490692603,10.676735410234581,0.21450758657276436
onsite_damping_disorder,20.0,0.2,0.2,0.08,32.0,2.7825003207892185,nan,nan,291.28478952937417,24.635909237890367,0.18882458380590555
onsite_damping_disorder,20.0,0.2,0.2,0.08,33.0,1.8941781263206305,nan,nan,110.34379716815906,11.428306119182414,0.2238135966677758
onsite_damping_disorder,20.0,0.2,0.2,0.08,34.0,3.039800128061721,nan,nan,385.8991863395079,31.575475741127416,0.20010751962478804
onsite_damping_disorder,20.0,0.2,0.2,0.08,35.0,3.060466085947716,nan,nan,327.6561765130286,31.653717479811935,0.19842920066034136
onsite_damping_disorder,20.0,0.2,0.2,0.08,36.0,2.0044360727539448,nan,nan,179.01258618382042,13.861069752328122,0.20535814906590644
onsite_damping_disorder,20.0,0.2,0.2,0.08,37.0,2.9064730095722897,nan,nan,277.3258392693707,29.598942334805486,0.19780001234558214
onsite_damping_disorder,20.0,0.2,0.2,0.08,38.0,2.303715830403033,nan,nan,174.29090219257915,18.07501450550815,0.19783491223931662
onsite_damping_disorder,20.0,0.2,0.2,0.08,39.0,2.2363194112085076,nan,nan,188.414577516215,16.076103339857173,0.21356200895547447
onsite_damping_disorder,20.0,0.2,0.2,0.08,40.0,3.7700741955451678,nan,nan,369.34779614055,44.04136311945538,0.20011668192886256
onsite_damping_disorder,20.0,0.2,0.2,0.08,41.0,1.9706230943830314,nan,nan,152.37961143816804,12.974550468970067,0.2098426008914796
onsite_damping_disorder,20.0,0.2,0.2,0.08,42.0,2.8720283448857056,nan,nan,340.6982862103252,26.080569231623567,0.1968386247355838
onsite_damping_disorder,20.0,0.2,0.2,0.08,43.0,3.9292985190152394,nan,nan,435.7042996581917,52.2685827200872,0.18527264490487802
onsite_damping_disorder,20.0,0.2,0.2,0.08,44.0,2.3998239016762746,nan,nan,292.9691699474267,20.312388769352868,0.19609528730744827
onsite_damping_disorder,20.0,0.2,0.2,0.08,45.0,3.1996104212714864,nan,nan,378.1804668013615,35.80129310660377,0.19350656340641645
onsite_damping_disorder,20.0,0.2,0.2,0.08,46.0,4.168008816415097,nan,nan,457.5292440401824,57.82482994726554,0.19616588253037068
onsite_damping_disorder,20.0,0.2,0.2,0.08,47.0,1.6351957052076527,nan,nan,144.4689388941065,9.366913410594606,0.2168466114502718
onsite_damping_disorder,20.0,0.2,0.2,0.08,48.0,2.71969585972301,nan,nan,188.93946911076404,23.43392865360347,0.19174841163344936
onsite_damping_disorder,20.0,0.2,0.2,0.08,49.0,3.555340949705431,nan,nan,447.15792766177594,44.38285907993781,0.1800568964284111
onsite_damping_disorder,20.0,0.2,0.2,0.08,50.0,5.039969221226484,nan,nan,714.9537926411235,86.31866427169403,0.17224916276062846
onsite_damping_disorder,20.0,0.2,0.2,0.08,51.0,2.1174931273289648,nan,nan,165.06246999746168,14.890938888023769,0.2198664133325898
onsite_damping_disorder,20.0,0.2,0.2,0.08,52.0,1.720617382394637,nan,nan,136.56441391664012,9.711758973378062,0.22884899261810226
onsite_damping_disorder,20.0,0.2,0.2,0.08,53.0,3.4072582144072987,nan,nan,347.7478534405473,40.57088064269965,0.19446089001302427
onsite_damping_disorder,20.0,0.2,0.2,0.08,54.0,2.890481619893454,nan,nan,360.4912184592276,27.945139616566234,0.19604450280008198
onsite_damping_disorder,20.0,0.2,0.2,0.08,55.0,3.236926153669371,nan,nan,322.9277319190914,35.950330303071745,0.19484439535654283
onsite_damping_disorder,20.0,0.2,0.2,0.08,56.0,3.9864450847954296,nan,nan,423.4433099536734,55.26608084128869,0.19727102441625796
onsite_damping_disorder,20.0,0.2,0.2,0.08,57.0,3.214606826079333,nan,nan,304.0588790870924,32.655869074170745,0.19743221134239808
onsite_damping_disorder,20.0,0.2,0.2,0.08,58.0,2.116860294577943,nan,nan,170.69311946354054,14.23727682935554,0.22251067907485164
onsite_damping_disorder,20.0,0.2,0.2,0.08,59.0,4.03215843376006,nan,nan,392.77463748716156,50.12093281617975,0.18899120569670427
onsite_damping_disorder,20.0,0.2,0.2,0.08,60.0,2.695068156355983,nan,nan,240.13542059257844,23.899678811818664,0.19512114233680122
onsite_damping_disorder,20.0,0.2,0.2,0.08,61.0,2.367015861566551,nan,nan,182.57229333149607,17.407739883028665,0.21845066195148719
onsite_damping_disorder,20.0,0.2,0.2,0.08,62.0,3.7879508484074,nan,nan,405.16554422389106,46.05610443168808,0.19043606087411147
onsite_damping_disorder,20.0,0.2,0.2,0.08,63.0,2.7196813838393457,nan,nan,259.42701619764824,24.618583994955006,0.20183695574974794
onsite_damping_disorder,20.0,0.2,0.2,0.08,64.0,4.934139185430493,nan,nan,547.7081692201177,76.6502210182354,0.1886384106071948
onsite_damping_disorder,20.0,0.2,0.2,0.08,65.0,3.6340016368360355,nan,nan,325.84033843616766,41.2969889303689,0.1818315637105389
onsite_damping_disorder,20.0,0.2,0.2,0.08,66.0,2.5473819270859486,nan,nan,238.0988586255034,21.097026994637034,0.2011983613756269
onsite_damping_disorder,20.0,0.2,0.2,0.08,67.0,3.6974574714150834,nan,nan,441.7263325790294,43.59356662807537,0.19278590282986677
onsite_damping_disorder,20.0,0.2,0.2,0.08,68.0,3.429669596876149,nan,nan,429.9823240103986,37.60611925096313,0.19232650900875198
onsite_damping_disorder,20.0,0.2,0.2,0.08,69.0,3.83129481938952,nan,nan,422.286335407822,47.72024889006413,0.19801419481154098
onsite_damping_disorder,20.0,0.2,0.2,0.08,70.0,2.191441346690726,nan,nan,207.66202813224942,14.950501878327326,0.21550889364786546
onsite_damping_disorder,20.0,0.2,0.2,0.08,71.0,2.648248787030096,nan,nan,227.60728132919772,22.373273567316595,0.20543059592363344
onsite_damping_disorder,20.0,0.2,0.2,0.08,72.0,2.528075849987526,nan,nan,250.0488893890085,21.387672500231712,0.21236803199086163
onsite_damping_disorder,20.0,0.2,0.2,0.08,73.0,2.606145847691874,nan,nan,293.94656145468707,22.405462250018672,0.2015464286692767
onsite_damping_disorder,20.0,0.2,0.2,0.08,74.0,2.7092803016430245,nan,nan,229.52713972779333,23.04144319321604,0.19860651469920737
onsite_damping_disorder,20.0,0.2,0.2,0.08,75.0,1.8672790293412376,nan,nan,205.60430879799952,12.329894986354956,0.19290689883358278
onsite_damping_disorder,20.0,0.2,0.2,0.08,76.0,2.5914327605375598,nan,nan,254.1475943284163,22.55750682537804,0.20843548813743293
onsite_damping_disorder,20.0,0.2,0.2,0.08,77.0,3.722924989940997,nan,nan,395.01757225222764,46.421242628321956,0.19702461914309688
onsite_damping_disorder,20.0,0.2,0.2,0.08,78.0,2.2770222986528297,nan,nan,204.0335990463457,16.305482841529862,0.205560704628194
onsite_damping_disorder,20.0,0.2,0.2,0.08,79.0,3.072886782066998,nan,nan,314.1982785177727,30.306645198278137,0.20789492575303697
onsite_damping_disorder,30.0,0.2,0.2,0.08,0.0,3.3704714602997443,nan,nan,519.8968943154763,39.62004133739758,0.2070083329207045
onsite_damping_disorder,30.0,0.2,0.2,0.08,1.0,9.263919108837237,nan,nan,2992.1018808328913,288.87397859589737,0.18598368142320965
onsite_damping_disorder,30.0,0.2,0.2,0.08,2.0,4.658269471085916,nan,nan,881.232765317336,68.26792843773573,0.19796763635787268
onsite_damping_disorder,30.0,0.2,0.2,0.08,3.0,4.5216002515179685,nan,nan,801.3247763290183,65.12600101590478,0.2002699250697676
onsite_damping_disorder,30.0,0.2,0.2,0.08,4.0,9.310493691536093,nan,nan,2541.9245404049407,275.7592915910477,0.18515388209637693
onsite_damping_disorder,30.0,0.2,0.2,0.08,5.0,2.6934344936392374,nan,nan,414.0670493155212,25.611154694232848,0.21069548932625023
onsite_damping_disorder,30.0,0.2,0.2,0.08,6.0,3.7536999207257438,nan,nan,820.3200036764594,48.18972872141433,0.19921560463067955
onsite_damping_disorder,30.0,0.2,0.2,0.08,7.0,3.879918090412949,nan,nan,571.4713661791911,46.764151428263176,0.20714317229739898
onsite_damping_disorder,30.0,0.2,0.2,0.08,8.0,3.6926068172298763,nan,nan,422.74732765844857,45.42633351729052,0.20439163435424537
onsite_damping_disorder,30.0,0.2,0.2,0.08,9.0,5.452484479550784,nan,nan,928.1760730849323,100.72994329808218,0.19371322809813324
onsite_damping_disorder,30.0,0.2,0.2,0.08,10.0,5.929158444507084,nan,nan,1378.8971193539408,115.75982854802653,0.19285617846975248
onsite_damping_disorder,30.0,0.2,0.2,0.08,11.0,2.965385949793071,nan,nan,401.5083416802912,29.109827138244025,0.2089616782077614
onsite_damping_disorder,30.0,0.2,0.2,0.08,12.0,8.233891733226008,nan,nan,1852.8708789718817,227.17963453018498,0.19280998834525012
onsite_damping_disorder,30.0,0.2,0.2,0.08,13.0,8.957775522391222,nan,nan,2599.7568637153004,253.5702250758078,0.19462582393426014
onsite_damping_disorder,30.0,0.2,0.2,0.08,14.0,7.242353764420834,nan,nan,1801.5308433340588,184.38690270613316,0.17162804305005983
onsite_damping_disorder,30.0,0.2,0.2,0.08,15.0,3.847629504641372,nan,nan,702.7913124864936,49.5898010561451,0.19517521168047056
onsite_damping_disorder,30.0,0.2,0.2,0.08,16.0,4.4812866155973365,nan,nan,646.4792626213265,63.97547138699126,0.2040621782327663
onsite_damping_disorder,30.0,0.2,0.2,0.08,17.0,5.901904541511085,nan,nan,1603.1796643519278,114.08592585564949,0.1962126185495116
onsite_damping_disorder,30.0,0.2,0.2,0.08,18.0,5.744994388055322,nan,nan,1156.4389775645996,112.46178549692021,0.194189607445253
onsite_damping_disorder,30.0,0.2,0.2,0.08,19.0,4.327849297958163,nan,nan,1064.5964494413713,62.60617820032333,0.19731217104312046
onsite_damping_disorder,30.0,0.2,0.2,0.08,20.0,3.96998648970743,nan,nan,477.1254391132343,50.014159731271704,0.2137776137308659
onsite_damping_disorder,30.0,0.2,0.2,0.08,21.0,3.4599803781700413,nan,nan,466.8922455540817,38.08940846364598,0.2137844904776121
onsite_damping_disorder,30.0,0.2,0.2,0.08,22.0,5.137601843103361,nan,nan,1450.4629257762906,91.1290815203665,0.19571336023852137
onsite_damping_disorder,30.0,0.2,0.2,0.08,23.0,6.599032137972727,nan,nan,1848.0919460164346,154.12369816436976,0.19255281825180054
onsite_damping_disorder,30.0,0.2,0.2,0.08,24.0,4.320971945847374,nan,nan,648.4971123047208,59.72795866024077,0.19942133097860254
onsite_damping_disorder,30.0,0.2,0.2,0.08,25.0,4.015121799200555,nan,nan,697.625773018552,56.73324975970028,0.20953446229696304
onsite_damping_disorder,30.0,0.2,0.2,0.08,26.0,3.8506505179184396,nan,nan,536.7348934995587,51.15448811900714,0.20289709358109098
onsite_damping_disorder,30.0,0.2,0.2,0.08,27.0,3.422087774892854,nan,nan,458.39530410911334,39.23131874721961,0.21216814122822614
onsite_damping_disorder,30.0,0.2,0.2,0.08,28.0,6.039493859034383,nan,nan,1019.3702983197074,126.80543866702516,0.19775835693112945
onsite_damping_disorder,30.0,0.2,0.2,0.08,29.0,5.590819913770316,nan,nan,1105.2989061712915,107.66165705449842,0.19308963724058992
onsite_damping_disorder,30.0,0.2,0.2,0.08,30.0,14.078114614230108,nan,nan,6109.353028577338,660.3934656705217,0.17075384908342572
onsite_damping_disorder,30.0,0.2,0.2,0.08,31.0,5.416391144022231,nan,nan,1285.1414030804074,93.4248387153417,0.1957371761219185
onsite_damping_disorder,30.0,0.2,0.2,0.08,32.0,4.183867096563962,nan,nan,640.5627576412815,59.447411725362215,0.19581828755252612
onsite_damping_disorder,30.0,0.2,0.2,0.08,33.0,2.6560300824921876,nan,nan,342.5040807036423,24.767939857961686,0.2110110744118118
onsite_damping_disorder,30.0,0.2,0.2,0.08,34.0,3.8583991980637062,nan,nan,485.19546433146155,49.68572842041904,0.20377610361453316
onsite_damping_disorder,30.0,0.2,0.2,0.08,35.0,5.385607155320793,nan,nan,1338.4698910991794,101.10139960758572,0.19166465644246072
onsite_damping_disorder,30.0,0.2,0.2,0.08,36.0,3.581047963315517,nan,nan,426.4496964333782,40.64332153902284,0.20378884103644734
onsite_damping_disorder,30.0,0.2,0.2,0.08,37.0,3.3813919725776045,nan,nan,406.7127953011543,36.45376202480985,0.21223813406464842
onsite_damping_disorder,30.0,0.2,0.2,0.08,38.0,2.9693994010019593,nan,nan,379.92747888008245,28.888315459088403,0.2123942172216582
onsite_damping_disorder,30.0,0.2,0.2,0.08,39.0,2.9019118682159406,nan,nan,329.8745140084838,26.709440994655033,0.21540888715380563
onsite_damping_disorder,30.0,0.2,0.2,0.08,40.0,7.568532993897153,nan,nan,2083.2646902259235,201.2237430315089,0.19287965969668686
onsite_damping_disorder,30.0,0.2,0.2,0.08,41.0,3.4457577394390473,nan,nan,496.0753015188066,40.98708015317476,0.2101476398939051
onsite_damping_disorder,30.0,0.2,0.2,0.08,42.0,6.173348894809858,nan,nan,1502.8038985752514,123.08245596843196,0.1993578404848672
onsite_damping_disorder,30.0,0.2,0.2,0.08,43.0,2.8346855499330283,nan,nan,399.1149144979938,27.644488954692452,0.21613099747200443
onsite_damping_disorder,30.0,0.2,0.2,0.08,44.0,3.772884207165017,nan,nan,715.2319432122201,47.44872089670606,0.19851515213542476
onsite_damping_disorder,30.0,0.2,0.2,0.08,45.0,5.019886047396462,nan,nan,1077.2275176144071,85.78765424306881,0.18915993164175451
onsite_damping_disorder,30.0,0.2,0.2,0.08,46.0,3.855699869512257,nan,nan,808.3498877236976,52.11241165923111,0.20108399447365422
onsite_damping_disorder,30.0,0.2,0.2,0.08,47.0,6.464360028459349,nan,nan,1644.5967841412935,144.96049899069985,0.1876666824167208
onsite_damping_disorder,30.0,0.2,0.2,0.08,48.0,4.083064391395381,nan,nan,819.9068784040302,54.15976826673487,0.2029784959464846
onsite_damping_disorder,30.0,0.2,0.2,0.08,49.0,8.608970710313942,nan,nan,2704.530716757865,245.04279094865765,0.1676776273542
onsite_damping_disorder,30.0,0.2,0.2,0.08,50.0,3.561115423973502,nan,nan,761.5390351229111,43.139639367061235,0.19737375181029446
onsite_damping_disorder,30.0,0.2,0.2,0.08,51.0,4.264000739255355,nan,nan,692.2612088650063,57.9147968279076,0.20259568232960978
onsite_damping_disorder,30.0,0.2,0.2,0.08,52.0,2.2254788278846083,nan,nan,284.76099217178125,16.777449558036725,0.21904883375103354
onsite_damping_disorder,30.0,0.2,0.2,0.08,53.0,4.17323678287139,nan,nan,779.2167566788773,60.01030583476426,0.20098238235332266
onsite_damping_disorder,30.0,0.2,0.2,0.08,54.0,4.912901946788189,nan,nan,1152.4468972656032,82.3028721351657,0.20170461603150758
onsite_damping_disorder,30.0,0.2,0.2,0.08,55.0,3.8785140505664755,nan,nan,768.0130293903194,51.05084148629926,0.20347761573505477
onsite_damping_disorder,30.0,0.2,0.2,0.08,56.0,5.858807553286006,nan,nan,1026.6680016644536,111.89971950538545,0.19383044233789265
onsite_damping_disorder,30.0,0.2,0.2,0.08,57.0,4.706761274750595,nan,nan,779.4908382353552,73.63273406086755,0.2039059549409812
onsite_damping_disorder,30.0,0.2,0.2,0.08,58.0,8.570772558575978,nan,nan,1846.025508628772,228.48221979664555,0.18920334535127062
onsite_damping_disorder,30.0,0.2,0.2,0.08,59.0,4.572807327259153,nan,nan,785.0647626432158,68.98108342697243,0.1909088791363983
onsite_damping_disorder,30.0,0.2,0.2,0.08,60.0,3.0049991062428183,nan,nan,363.81773980575133,28.372065005944528,0.21687954432806245
onsite_damping_disorder,30.0,0.2,0.2,0.08,61.0,4.840100071668267,nan,nan,902.2231913983177,76.27792435609064,0.19887374677434455
onsite_damping_disorder,30.0,0.2,0.2,0.08,62.0,2.784963896382352,nan,nan,330.6401960003835,25.17748450782616,0.2129458537467295
onsite_damping_disorder,30.0,0.2,0.2,0.08,63.0,5.667932157173774,nan,nan,1407.4817560370998,106.5494639370807,0.17810504346969763
onsite_damping_disorder,30.0,0.2,0.2,0.08,64.0,4.599289115850833,nan,nan,845.0041026321237,66.938948719777,0.1888156111984766
onsite_damping_disorder,30.0,0.2,0.2,0.08,65.0,6.641770706202708,nan,nan,1375.1165718812713,151.60782435783474,0.1958044680165479
onsite_damping_disorder,30.0,0.2,0.2,0.08,66.0,4.369140567607351,nan,nan,644.8117655753696,60.637341866527784,0.20410016668480013
onsite_damping_disorder,30.0,0.2,0.2,0.08,67.0,4.8491115626370505,nan,nan,834.3561795874317,79.48110370408422,0.18767431829097186
onsite_damping_disorder,30.0,0.2,0.2,0.08,68.0,7.570156954244072,nan,nan,1868.9886781063842,184.897611193387,0.18710288937485903
onsite_damping_disorder,30.0,0.2,0.2,0.08,69.0,3.3640582003220567,nan,nan,602.8652872849188,38.23237602069827,0.2112744017421635
onsite_damping_disorder,30.0,0.2,0.2,0.08,70.0,2.295330612156039,nan,nan,284.9506874184353,17.481499210725573,0.22329990215023648
onsite_damping_disorder,30.0,0.2,0.2,0.08,71.0,4.161773682652614,nan,nan,628.1474223332217,57.830281179427274,0.18870920593651813
onsite_damping_disorder,30.0,0.2,0.2,0.08,72.0,8.808146283755967,nan,nan,2680.6167452543846,268.4392062437139,0.18888662246915755
onsite_damping_disorder,30.0,0.2,0.2,0.08,73.0,6.4185323249211566,nan,nan,1470.9148618403653,132.22079207364538,0.20018611641622272
onsite_damping_disorder,30.0,0.2,0.2,0.08,74.0,4.860675321607236,nan,nan,854.7678167021448,74.87152116596808,0.19547910448400768
onsite_damping_disorder,30.0,0.2,0.2,0.08,75.0,8.790957967170494,nan,nan,3112.7602031241377,266.9993830040005,0.17749155175070597
onsite_damping_disorder,30.0,0.2,0.2,0.08,76.0,5.417133554787525,nan,nan,941.6224296377832,100.94819347261962,0.1960437180199635
onsite_damping_disorder,30.0,0.2,0.2,0.08,77.0,3.6868200684575454,nan,nan,490.036437710424,43.98328993058527,0.2099358726474937
onsite_damping_disorder,30.0,0.2,0.2,0.08,78.0,4.388993598234229,nan,nan,735.0721160227554,61.36866506968694,0.20706116331645041
onsite_damping_disorder,30.0,0.2,0.2,0.08,79.0,4.5420890158125875,nan,nan,1005.6353810346264,71.74480063583165,0.18619982522357664
onsite_damping_disorder,40.0,0.2,0.2,0.08,0.0,10.608890648889242,nan,nan,4089.9862503067116,359.86496662883627,0.19603507816287852
onsite_damping_disorder,40.0,0.2,0.2,0.08,1.0,12.372023768573422,nan,nan,5465.93095559279,531.3256370874799,0.1969320504837526
onsite_damping_disorder,40.0,0.2,0.2,0.08,2.0,7.840487336747084,nan,nan,2589.4344250631184,205.6902496496732,0.1992288985236107
onsite_damping_disorder,40.0,0.2,0.2,0.08,3.0,8.419017857939034,nan,nan,2363.0102389326607,236.62217106578802,0.20127864930355432
onsite_damping_disorder,40.0,0.2,0.2,0.08,4.0,15.365023367015883,nan,nan,11585.999336221506,826.1032461011888,0.1827581829090849
onsite_damping_disorder,40.0,0.2,0.2,0.08,5.0,21.08598270874024,nan,nan,18508.52819248984,1388.0923777794806,0.1770390167947497
onsite_damping_disorder,40.0,0.2,0.2,0.08,6.0,7.079468471103879,nan,nan,1896.9617187132603,177.16993912885127,0.20222486540795281
onsite_damping_disorder,40.0,0.2,0.2,0.08,7.0,10.157078026556476,nan,nan,4466.188816212458,327.4693754543839,0.1873272970045271
onsite_damping_disorder,40.0,0.2,0.2,0.08,8.0,25.533225022950194,nan,nan,19453.087376611133,2301.396943746058,0.1790322227391528
onsite_damping_disorder,40.0,0.2,0.2,0.08,9.0,23.349784945649002,nan,nan,20286.98474875888,1829.2261216629595,0.17487772628372492
onsite_damping_disorder,40.0,0.2,0.2,0.08,10.0,19.799155697101813,nan,nan,15417.073895164718,1360.2680735820911,0.17427370082438642
onsite_damping_disorder,40.0,0.2,0.2,0.08,11.0,11.605001923330335,nan,nan,4375.972445998437,440.3126559458314,0.19412855140294855
onsite_damping_disorder,40.0,0.2,0.2,0.08,12.0,12.879553135571832,nan,nan,5877.338314077758,547.3953679308676,0.1904300638832072
onsite_damping_disorder,40.0,0.2,0.2,0.08,13.0,10.2515397597857,nan,nan,3061.9986396472823,326.507243455231,0.202012323453427
onsite_damping_disorder,40.0,0.2,0.2,0.08,14.0,18.916126476637668,nan,nan,12275.243924329141,1219.5015461378382,0.1873652050622152
onsite_damping_disorder,40.0,0.2,0.2,0.08,15.0,14.37144894491979,nan,nan,9299.318965121824,698.4553808850177,0.1783802121836127
onsite_damping_disorder,40.0,0.2,0.2,0.08,16.0,13.004698413989042,nan,nan,7029.109159344515,588.2430522507251,0.18993077925171967
onsite_damping_disorder,40.0,0.2,0.2,0.08,17.0,11.913555137858575,nan,nan,4523.656212940514,477.88558557497424,0.18008535728108127
onsite_damping_disorder,40.0,0.2,0.2,0.08,18.0,7.801482912950614,nan,nan,2706.6626073243924,210.27952704505128,0.1901947181996722
onsite_damping_disorder,40.0,0.2,0.2,0.08,19.0,5.890781258576318,nan,nan,2475.9092656393404,120.11075219368142,0.20078205460908144
onsite_damping_disorder,40.0,0.2,0.2,0.08,20.0,23.361299157502668,nan,nan,14473.971128648653,1901.6000127336515,0.17412994464559484
onsite_damping_disorder,40.0,0.2,0.2,0.08,21.0,18.089673098219507,nan,nan,16878.174636859592,1099.116400713709,0.18331826085789538
onsite_damping_disorder,40.0,0.2,0.2,0.08,22.0,10.404089317661445,nan,nan,4240.947601561456,358.6505614131987,0.1853317743256797
onsite_damping_disorder,40.0,0.2,0.2,0.08,23.0,12.39418401004333,nan,nan,5151.639738526905,483.0019513604446,0.1904688901382029
onsite_damping_disorder,40.0,0.2,0.2,0.08,24.0,6.215147207674659,nan,nan,1774.4438387359733,119.14010515887101,0.20587493519602995
onsite_damping_disorder,40.0,0.2,0.2,0.08,25.0,4.631254105845588,nan,nan,1069.1905831090853,71.3811219561406,0.2108226243597394
onsite_damping_disorder,40.0,0.2,0.2,0.08,26.0,9.957530795615739,nan,nan,4849.68473555831,334.55273533033863,0.18338787438686166
onsite_damping_disorder,40.0,0.2,0.2,0.08,27.0,4.554681484407918,nan,nan,1102.105437852815,68.2557298420386,0.21031241648807086
onsite_damping_disorder,40.0,0.2,0.2,0.08,28.0,12.127041188754214,nan,nan,6206.7906588407295,482.95961546444846,0.19408535338292154
onsite_damping_disorder,40.0,0.2,0.2,0.08,29.0,5.010389743402398,nan,nan,1419.5575089852487,80.65436625524958,0.21133783760004354
onsite_damping_disorder,40.0,0.2,0.2,0.08,30.0,6.435984583481222,nan,nan,1952.8995794965745,146.35188631097913,0.19746309385646055
onsite_damping_disorder,40.0,0.2,0.2,0.08,31.0,9.685956847200515,nan,nan,3200.2501058935095,309.9261678267393,0.19121311932708426
onsite_damping_disorder,40.0,0.2,0.2,0.08,32.0,9.880823801528413,nan,nan,3911.515513629018,302.8496721850062,0.19850371313418796
onsite_damping_disorder,40.0,0.2,0.2,0.08,33.0,20.593522024940803,nan,nan,14022.191031639166,1473.8656386967257,0.17321832537959073
onsite_damping_disorder,40.0,0.2,0.2,0.08,34.0,15.832590587631993,nan,nan,8836.81982453997,846.6377124468879,0.1826314781961445
onsite_damping_disorder,40.0,0.2,0.2,0.08,35.0,9.851489627108595,nan,nan,3076.074209335083,299.3569083248298,0.20218399775860563
onsite_damping_disorder,40.0,0.2,0.2,0.08,36.0,10.990026545053158,nan,nan,4184.368813158455,423.961538643101,0.20006624591699887
onsite_damping_disorder,40.0,0.2,0.2,0.08,37.0,9.858805241320844,nan,nan,4871.298135007783,344.0607525367581,0.19824075266177907
onsite_damping_disorder,40.0,0.2,0.2,0.08,38.0,14.20543125342918,nan,nan,8246.099197875768,670.8236509207699,0.18088969242109829
onsite_damping_disorder,40.0,0.2,0.2,0.08,39.0,26.334074850169102,nan,nan,22551.663302633722,2295.18923224883,0.18181041336697895
onsite_damping_disorder,40.0,0.2,0.2,0.08,40.0,5.832544429351689,nan,nan,1743.8204457925144,117.32993674121654,0.20443037678114684
onsite_damping_disorder,40.0,0.2,0.2,0.08,41.0,6.474829922828367,nan,nan,2020.077597298302,135.2969523645819,0.20687037293984623
onsite_damping_disorder,40.0,0.2,0.2,0.08,42.0,14.66194200974099,nan,nan,8868.935239589995,734.624223540288,0.19072902076966344
onsite_damping_disorder,40.0,0.2,0.2,0.08,43.0,16.98305635037048,nan,nan,11609.887244344493,994.6296139519511,0.19027675595238586
onsite_damping_disorder,40.0,0.2,0.2,0.08,44.0,8.582821603291139,nan,nan,3680.332726249418,245.88900269384834,0.20128094321751516
onsite_damping_disorder,40.0,0.2,0.2,0.08,45.0,10.770846014497566,nan,nan,4281.8234534673875,393.40556369848315,0.19326508548003737
onsite_damping_disorder,40.0,0.2,0.2,0.08,46.0,11.036569117267044,nan,nan,4350.61914761976,429.5227145948716,0.19590579519451917
onsite_damping_disorder,40.0,0.2,0.2,0.08,47.0,4.520978624102211,nan,nan,1048.7428964496467,66.99042673841292,0.20903693973117654
onsite_damping_disorder,40.0,0.2,0.2,0.08,48.0,18.358432548570143,nan,nan,16316.71537137216,1117.1712328661092,0.1813306370419813
onsite_damping_disorder,40.0,0.2,0.2,0.08,49.0,10.978755420669353,nan,nan,4037.3926641036405,376.8786156786818,0.19051324161164096
onsite_damping_disorder,40.0,0.2,0.2,0.08,50.0,21.413469271964768,nan,nan,19798.28207510723,1494.7693384771294,0.16601842932260732
onsite_damping_disorder,40.0,0.2,0.2,0.08,51.0,12.575999064735191,nan,nan,6675.613762866811,505.34354796506267,0.18033724503110687
onsite_damping_disorder,40.0,0.2,0.2,0.08,52.0,7.5621579868695665,nan,nan,2816.121714265132,187.6419067555085,0.19537327990623035
onsite_damping_disorder,40.0,0.2,0.2,0.08,53.0,14.974754338466854,nan,nan,7401.715272038029,698.0721991390891,0.1881003672889417
onsite_damping_disorder,40.0,0.2,0.2,0.08,54.0,4.848750795364247,nan,nan,1867.7171770935224,81.59284878980722,0.1950097888223051
onsite_damping_disorder,40.0,0.2,0.2,0.08,55.0,6.947869230645326,nan,nan,3213.8951090436176,165.2589313868575,0.197422297224896
onsite_damping_disorder,40.0,0.2,0.2,0.08,56.0,11.284843747964436,nan,nan,5220.302167100861,424.200260718093,0.1909749009954202
onsite_damping_disorder,40.0,0.2,0.2,0.08,57.0,8.302023476659976,nan,nan,3700.57500153323,217.59725374799797,0.19858261885199957
onsite_damping_disorder,40.0,0.2,0.2,0.08,58.0,6.259893700622315,nan,nan,2572.91473978035,123.45902089324986,0.20262440733941847
onsite_damping_disorder,40.0,0.2,0.2,0.08,59.0,5.961744847810888,nan,nan,1927.415869729673,124.11243280867623,0.20224139850559736
onsite_damping_disorder,40.0,0.2,0.2,0.08,60.0,10.276607453422113,nan,nan,3724.1053740871957,368.24419171628284,0.19442409283107442
onsite_damping_disorder,40.0,0.2,0.2,0.08,61.0,10.874447899342098,nan,nan,5361.799960468161,408.33434057093865,0.1986863094021209
onsite_damping_disorder,40.0,0.2,0.2,0.08,62.0,16.993457937310314,nan,nan,11788.634629474676,1007.1984961951696,0.18433078728592545
onsite_damping_disorder,40.0,0.2,0.2,0.08,63.0,14.269770270678036,nan,nan,5894.574661615823,638.008641271621,0.18799156644242718
onsite_damping_disorder,40.0,0.2,0.2,0.08,64.0,12.021176682862274,nan,nan,4370.6674821038905,468.89378810543127,0.1949081884709432
onsite_damping_disorder,40.0,0.2,0.2,0.08,65.0,22.59650936865844,nan,nan,16195.745474638396,1762.461893429223,0.18983418876600888
onsite_damping_disorder,40.0,0.2,0.2,0.08,66.0,12.068960082495094,nan,nan,6876.364514119478,455.4500658554064,0.18586108449650993
onsite_damping_disorder,40.0,0.2,0.2,0.08,67.0,23.146328845364643,nan,nan,13414.594094362245,1785.7195550796985,0.18942908879524517
onsite_damping_disorder,40.0,0.2,0.2,0.08,68.0,4.790578941475055,nan,nan,971.0158997110607,71.90879703934152,0.20134623038404137
onsite_damping_disorder,40.0,0.2,0.2,0.08,69.0,14.362615887196249,nan,nan,8291.70510853062,643.5714723393115,0.19395499918972364
onsite_damping_disorder,40.0,0.2,0.2,0.08,70.0,7.738981257867636,nan,nan,1886.0570614496874,189.85421933681826,0.20203737528231352
onsite_damping_disorder,40.0,0.2,0.2,0.08,71.0,12.659903649782718,nan,nan,5535.512806868243,562.2788220365961,0.19580360102721728
onsite_damping_disorder,40.0,0.2,0.2,0.08,72.0,10.474473333394695,nan,nan,5648.582855156303,384.36528171244373,0.18880185541686362
onsite_damping_disorder,40.0,0.2,0.2,0.08,73.0,8.468703381203328,nan,nan,3825.1283708419287,239.03586543826597,0.19105808024551516
onsite_damping_disorder,40.0,0.2,0.2,0.08,74.0,14.796196438879495,nan,nan,8033.052757510317,721.4882179675283,0.18231315284276
onsite_damping_disorder,40.0,0.2,0.2,0.08,75.0,17.493095338287073,nan,nan,10188.197430988497,997.2791333517288,0.1899128197671822
onsite_damping_disorder,40.0,0.2,0.2,0.08,76.0,14.64892445674165,nan,nan,7488.76685321935,699.6079759220986,0.18655594303341405
onsite_damping_disorder,40.0,0.2,0.2,0.08,77.0,15.003085120917023,nan,nan,12067.266589507803,734.5839029641344,0.18343172574147318
onsite_damping_disorder,40.0,0.2,0.2,0.08,78.0,20.62589539047658,nan,nan,17935.968693694093,1396.3121278062554,0.17099250699853208
onsite_damping_disorder,40.0,0.2,0.2,0.08,79.0,8.476476135885216,nan,nan,2089.2402840463023,222.19378228492164,0.20051584072975592
onsite_damping_disorder,50.0,0.2,0.2,0.08,0.0,25.205585337948747,nan,nan,31368.039646010555,2003.4637588526648,0.18645163953229127
onsite_damping_disorder,50.0,0.2,0.2,0.08,1.0,23.452487725382742,nan,nan,18196.945721989,1930.0084294684802,0.19983775825263614
onsite_damping_disorder,50.0,0.2,0.2,0.08,2.0,10.921485339437757,nan,nan,6937.8315734196385,373.89177021288845,0.19828527773600593
onsite_damping_disorder,50.0,0.2,0.2,0.08,3.0,17.907218558633744,nan,nan,12026.590233735898,992.9116147992696,0.19279901333020835
onsite_damping_disorder,50.0,0.2,0.2,0.08,4.0,24.46613231154565,nan,nan,18590.059669219427,1930.0612630072935,0.1799275647513255
onsite_damping_disorder,50.0,0.2,0.2,0.08,5.0,22.446638722996298,nan,nan,23229.78090120341,1704.3189265906158,0.19041216050186183
onsite_damping_disorder,50.0,0.2,0.2,0.08,6.0,28.779598197559935,nan,nan,32874.04176364346,2811.3864608920153,0.18127309650948847
onsite_damping_disorder,50.0,0.2,0.2,0.08,7.0,37.079671503185466,nan,nan,43163.97390576998,4436.4632312120475,0.18822433177676173
onsite_damping_disorder,50.0,0.2,0.2,0.08,8.0,31.519225947739585,nan,nan,27857.321354863867,3331.4200304283027,0.1942418961700178
onsite_damping_disorder,50.0,0.2,0.2,0.08,9.0,30.20282513986201,nan,nan,26157.977773283474,2813.6621854407836,0.19122274210904755
onsite_damping_disorder,50.0,0.2,0.2,0.08,10.0,18.390792207783328,nan,nan,13542.621530794691,1138.7755230221296,0.19780911819325733
onsite_damping_disorder,50.0,0.2,0.2,0.08,11.0,21.254799699213365,nan,nan,23264.950646028054,1598.3720080003839,0.18828977348825254
onsite_damping_disorder,50.0,0.2,0.2,0.08,12.0,21.36203933460059,nan,nan,23198.7200476373,1591.64649152872,0.19112486400682155
onsite_damping_disorder,50.0,0.2,0.2,0.08,13.0,26.831034183404565,nan,nan,22744.737280749843,2462.514313586734,0.18881234851089124
onsite_damping_disorder,50.0,0.2,0.2,0.08,14.0,34.68813360146765,nan,nan,59590.993511570865,4078.6858996030037,0.18707963351752374
onsite_damping_disorder,50.0,0.2,0.2,0.08,15.0,33.01412787577039,nan,nan,31816.094271433703,3734.5445408949795,0.1822774613304359
onsite_damping_disorder,50.0,0.2,0.2,0.08,16.0,24.52966693355314,nan,nan,24167.64523494911,2115.142326759063,0.19229902056264916
onsite_damping_disorder,50.0,0.2,0.2,0.08,17.0,20.520719515684764,nan,nan,21953.129567857723,1398.5400116746996,0.19316569562472197
onsite_damping_disorder,50.0,0.2,0.2,0.08,18.0,18.385334723166213,nan,nan,19019.91578438242,1087.0132771036913,0.19255418764381313
onsite_damping_disorder,50.0,0.2,0.2,0.08,19.0,22.553817176555604,nan,nan,24325.13686534809,1733.8216323205652,0.19505934516758613
onsite_damping_disorder,50.0,0.2,0.2,0.08,20.0,13.400396031782849,nan,nan,8436.306445217097,591.4429914636924,0.19009604270408817
onsite_damping_disorder,50.0,0.2,0.2,0.08,21.0,14.39843892045697,nan,nan,9682.946045940656,658.9383043133691,0.18607779246817047
onsite_damping_disorder,50.0,0.2,0.2,0.08,22.0,26.926472326173474,nan,nan,29557.686302350343,2563.5164999801264,0.19336916770564633
onsite_damping_disorder,50.0,0.2,0.2,0.08,23.0,47.26509944181434,nan,nan,68791.89391679163,7338.14972511964,0.18130544530608037
onsite_damping_disorder,50.0,0.2,0.2,0.08,24.0,16.6610954375176,nan,nan,8247.551302727496,864.8029044751498,0.19476643526590806
onsite_damping_disorder,50.0,0.2,0.2,0.08,25.0,13.75440536373805,nan,nan,7601.958952483047,613.6308593779601,0.18456695280221608
onsite_damping_disorder,50.0,0.2,0.2,0.08,26.0,22.4507546035222,nan,nan,17881.95766652562,1562.8970816557746,0.19221192127632264
onsite_damping_disorder,50.0,0.2,0.2,0.08,27.0,9.861415883713521,nan,nan,4950.875721524136,311.84204608830817,0.19984994088847122
onsite_damping_disorder,50.0,0.2,0.2,0.08,28.0,15.419881928408373,nan,nan,14464.133092166092,839.581358661569,0.18816165913580252
onsite_damping_disorder,50.0,0.2,0.2,0.08,29.0,36.724226195339085,nan,nan,45701.028134028085,4677.010318747062,0.17035704828368886
onsite_damping_disorder,50.0,0.2,0.2,0.08,30.0,23.878161886427012,nan,nan,16305.141648609628,1924.2232088037947,0.1875545969606796
onsite_damping_disorder,50.0,0.2,0.2,0.08,31.0,13.284662068282614,nan,nan,6844.987002282735,577.6479247114029,0.19847845129570926
onsite_damping_disorder,50.0,0.2,0.2,0.08,32.0,68.65201276811695,nan,nan,179886.08974662516,15069.818699237652,0.1729597818757731
onsite_damping_disorder,50.0,0.2,0.2,0.08,33.0,22.869074297095256,nan,nan,19007.46698258914,1717.5075627101908,0.18503751051266967
onsite_damping_disorder,50.0,0.2,0.2,0.08,34.0,26.99335452031702,nan,nan,41269.94418072814,2547.4696748049732,0.18141317383178135
onsite_damping_disorder,50.0,0.2,0.2,0.08,35.0,12.685647045083027,nan,nan,5147.058651465252,561.294503575074,0.20137303379405322
onsite_damping_disorder,50.0,0.2,0.2,0.08,36.0,21.30484732514396,nan,nan,20501.836876657922,1597.1755235857693,0.1903981164878252
onsite_damping_disorder,50.0,0.2,0.2,0.08,37.0,24.274864059295936,nan,nan,16803.131360833515,1870.3240148777177,0.18798177725744164
onsite_damping_disorder,50.0,0.2,0.2,0.08,38.0,14.307629787827224,nan,nan,16864.05524224657,712.8862879922287,0.1981863589071957
onsite_damping_disorder,50.0,0.2,0.2,0.08,39.0,11.914940115268845,nan,nan,6391.636133217524,453.3239090923443,0.19519537300436315
onsite_damping_disorder,50.0,0.2,0.2,0.08,40.0,18.49269268757529,nan,nan,11272.869276815245,1151.7921461275985,0.18712617721023186
onsite_damping_disorder,50.0,0.2,0.2,0.08,41.0,11.101722610733876,nan,nan,5328.95240745345,409.5528212850952,0.20947560281063893
onsite_damping_disorder,50.0,0.2,0.2,0.08,42.0,23.559460265154666,nan,nan,22154.27941609906,1730.7323971832825,0.19082637515258655
onsite_damping_disorder,50.0,0.2,0.2,0.08,43.0,18.57176509751937,nan,nan,14891.702978821593,1140.1416847684454,0.19371187830539768
onsite_damping_disorder,50.0,0.2,0.2,0.08,44.0,17.65138640757979,nan,nan,20935.181795617274,1081.136885093521,0.18629966564254818
onsite_damping_disorder,50.0,0.2,0.2,0.08,45.0,17.16330547715445,nan,nan,14920.955411447554,990.8137009218889,0.19671054448412614
onsite_damping_disorder,50.0,0.2,0.2,0.08,46.0,17.794271030767117,nan,nan,11200.402957981454,1071.6747423540075,0.2005397825330001
onsite_damping_disorder,50.0,0.2,0.2,0.08,47.0,34.04776904362873,nan,nan,49074.282190536454,3956.4704224356165,0.18236815950142685
onsite_damping_disorder,50.0,0.2,0.2,0.08,48.0,35.78607427281568,nan,nan,67543.64387100413,4054.743443986601,0.1816652901106232
onsite_damping_disorder,50.0,0.2,0.2,0.08,49.0,37.88237994333111,nan,nan,46506.405795863466,4488.864071263165,0.1905842546177312
onsite_damping_disorder,50.0,0.2,0.2,0.08,50.0,15.566603968113974,nan,nan,9219.308524337002,824.5244189654172,0.19922636000155922
onsite_damping_disorder,50.0,0.2,0.2,0.08,51.0,20.018125329400185,nan,nan,17091.40989901548,1314.4598583326565,0.18661075415175973
onsite_damping_disorder,50.0,0.2,0.2,0.08,52.0,39.29594110171544,nan,nan,60063.368395452286,5045.163310757494,0.1705704387086313
onsite_damping_disorder,50.0,0.2,0.2,0.08,53.0,27.631863259174843,nan,nan,24039.08044622626,2461.877533551588,0.18387331928924852
onsite_damping_disorder,50.0,0.2,0.2,0.08,54.0,24.869383580997866,nan,nan,20689.44794410979,2031.8563956264409,0.18072828819329317
onsite_damping_disorder,50.0,0.2,0.2,0.08,55.0,32.01467272922572,nan,nan,30250.45860256648,3256.8941087914545,0.19021159171830243
onsite_damping_disorder,50.0,0.2,0.2,0.08,56.0,20.198761220000243,nan,nan,16714.687053149228,1387.844119018894,0.1870835960002959
onsite_damping_disorder,50.0,0.2,0.2,0.08,57.0,37.848386323829445,nan,nan,47248.11697809313,4641.498068808957,0.18561450361994086
onsite_damping_disorder,50.0,0.2,0.2,0.08,58.0,8.993026399126176,nan,nan,2896.742629065877,262.1843141386213,0.20843732837541715
onsite_damping_disorder,50.0,0.2,0.2,0.08,59.0,26.0812959266563,nan,nan,22509.7435007791,2325.810822564563,0.18742087822492925
onsite_damping_disorder,50.0,0.2,0.2,0.08,60.0,16.840521373125256,nan,nan,10639.853831854469,955.9012738375201,0.19333682291609783
onsite_damping_disorder,50.0,0.2,0.2,0.08,61.0,20.55336937324795,nan,nan,16011.026891232188,1365.6979873366843,0.19829424792727374
onsite_damping_disorder,50.0,0.2,0.2,0.08,62.0,27.57782414611315,nan,nan,21365.301733645865,2409.7981081175985,0.18703216262419659
onsite_damping_disorder,50.0,0.2,0.2,0.08,63.0,62.39939670605819,nan,nan,118549.71241383358,13020.553077259428,0.17815013161251822
onsite_damping_disorder,50.0,0.2,0.2,0.08,64.0,23.191648380065487,nan,nan,22254.089623560354,1833.5743743037226,0.18933256290987066
onsite_damping_disorder,50.0,0.2,0.2,0.08,65.0,26.53038646652405,nan,nan,20239.632068283267,2202.8407937288175,0.19144473465293743
onsite_damping_disorder,50.0,0.2,0.2,0.08,66.0,26.46153172742153,nan,nan,25632.13801964857,2250.093948625436,0.1914658088748392
onsite_damping_disorder,50.0,0.2,0.2,0.08,67.0,13.903200781038047,nan,nan,9762.932340547419,652.2832905125731,0.20335924000250696
onsite_damping_disorder,50.0,0.2,0.2,0.08,68.0,29.53152452159946,nan,nan,33277.65825350348,2997.7148561929366,0.18309576674512484
onsite_damping_disorder,50.0,0.2,0.2,0.08,69.0,29.44964088565719,nan,nan,41801.142137955765,2859.126701436056,0.18181716084955984
onsite_damping_disorder,50.0,0.2,0.2,0.08,70.0,24.474315251894197,nan,nan,25059.15625903583,2074.0544114720633,0.18260002600964428
onsite_damping_disorder,50.0,0.2,0.2,0.08,71.0,36.99891741403491,nan,nan,54210.74077688777,4309.857418795471,0.1857145470713188
onsite_damping_disorder,50.0,0.2,0.2,0.08,72.0,15.486202909565087,nan,nan,11154.514466082952,775.3770690067931,0.19947337500745901
onsite_damping_disorder,50.0,0.2,0.2,0.08,73.0,16.510597834620025,nan,nan,8431.563782417774,919.3239063539247,0.18399878091687769
onsite_damping_disorder,50.0,0.2,0.2,0.08,74.0,8.876003612086402,nan,nan,4104.866449137512,275.3951780156129,0.20946462705681468
onsite_damping_disorder,50.0,0.2,0.2,0.08,75.0,21.079131150881192,nan,nan,12589.496841580618,1404.5255557248531,0.2004219401718495
onsite_damping_disorder,50.0,0.2,0.2,0.08,76.0,16.15134076257671,nan,nan,9924.574910946572,860.1830706845767,0.19941790222915806
onsite_damping_disorder,50.0,0.2,0.2,0.08,77.0,25.87334465663405,nan,nan,45541.38028794405,2285.8992374842546,0.18339481024453666
onsite_damping_disorder,50.0,0.2,0.2,0.08,78.0,7.232333492184916,nan,nan,3488.854285440592,165.5568296471736,0.19964461608748174
onsite_damping_disorder,50.0,0.2,0.2,0.08,79.0,13.465781019840886,nan,nan,9578.821768941305,591.1171256665904,0.2038814624316828
onsite_damping_disorder,60.0,0.2,0.2,0.08,0.0,44.28034595390722,nan,nan,75304.96826429434,6643.657271499145,0.18938257168807937
onsite_damping_disorder,60.0,0.2,0.2,0.08,1.0,37.07756083033654,nan,nan,84103.60047809087,4307.371491035084,0.18725832551546
onsite_damping_disorder,60.0,0.2,0.2,0.08,2.0,63.67120960913897,nan,nan,159515.5672953905,13913.491864599555,0.19151612255268533
onsite_damping_disorder,60.0,0.2,0.2,0.08,3.0,51.7572276864414,nan,nan,95827.88001269088,9464.316824895237,0.19265606285022063
onsite_damping_disorder,60.0,0.2,0.2,0.08,4.0,109.15476874268981,nan,nan,432956.58299596125,40575.82896979827,0.17389327919964126
onsite_damping_disorder,60.0,0.2,0.2,0.08,5.0,111.12799086613944,nan,nan,354837.24892371346,40519.91039648188,0.17567637699823357
onsite_damping_disorder,60.0,0.2,0.2,0.08,6.0,44.65682560338909,nan,nan,106956.52268538509,6940.679311453777,0.18985036915286876
onsite_damping_disorder,60.0,0.2,0.2,0.08,7.0,14.387276114282741,nan,nan,13248.748826975787,725.1031994651216,0.2009077388950753
onsite_damping_disorder,60.0,0.2,0.2,0.08,8.0,14.044426108041906,nan,nan,7641.407398377228,685.3846454055124,0.2092487020028177
onsite_damping_disorder,60.0,0.2,0.2,0.08,9.0,36.14175140449978,nan,nan,49245.19453791363,4036.5058041780276,0.19572877539198558
onsite_damping_disorder,60.0,0.2,0.2,0.08,10.0,72.46746107989478,nan,nan,194567.8783260627,17622.28884530632,0.18807084124973544
onsite_damping_disorder,60.0,0.2,0.2,0.08,11.0,91.68550368027584,nan,nan,308761.3999579097,26987.70362656499,0.1787929966060511
onsite_damping_disorder,60.0,0.2,0.2,0.08,12.0,28.472858921835254,nan,nan,42868.23500160704,2743.2751434964284,0.18747824877914013
onsite_damping_disorder,60.0,0.2,0.2,0.08,13.0,50.23352930210396,nan,nan,67205.24783127414,8124.53258110985,0.19158340216558126
onsite_damping_disorder,60.0,0.2,0.2,0.08,14.0,57.09531324806459,nan,nan,119472.7299557903,10224.787827846638,0.18963238148396058
onsite_damping_disorder,60.0,0.2,0.2,0.08,15.0,45.37286605360955,nan,nan,79088.82421311674,7175.928230045078,0.19470899408426537
onsite_damping_disorder,60.0,0.2,0.2,0.08,16.0,97.70070348643434,nan,nan,356150.4374027292,29863.25526186946,0.175414923908825
onsite_damping_disorder,60.0,0.2,0.2,0.08,17.0,39.06754540763794,nan,nan,73049.2329666159,5214.608068060845,0.18972972853906397
onsite_damping_disorder,60.0,0.2,0.2,0.08,18.0,29.405798022989213,nan,nan,41169.787697258624,2809.8095862497353,0.19434581788991315
onsite_damping_disorder,60.0,0.2,0.2,0.08,19.0,47.1508016526312,nan,nan,74841.54807332627,7073.21137613461,0.17424768786409378
onsite_damping_disorder,60.0,0.2,0.2,0.08,20.0,48.59147718002301,nan,nan,81146.6526306875,8114.661439052403,0.1837599940351407
onsite_damping_disorder,60.0,0.2,0.2,0.08,21.0,33.13123543365929,nan,nan,50203.766262682264,3631.8798925433935,0.18682123690909982
onsite_damping_disorder,60.0,0.2,0.2,0.08,22.0,70.33446741271767,nan,nan,182047.2421031526,16456.518840366985,0.18542837561250544
onsite_damping_disorder,60.0,0.2,0.2,0.08,23.0,45.14335290726241,nan,nan,68877.2311156052,6864.917737335617,0.19470818390851863
onsite_damping_disorder,60.0,0.2,0.2,0.08,24.0,19.313617557878366,nan,nan,15813.313442424645,1257.323551799713,0.1964290020478524
onsite_damping_disorder,60.0,0.2,0.2,0.08,25.0,49.450936259415805,nan,nan,101409.86174370782,7746.677443627491,0.19250112498191305
onsite_damping_disorder,60.0,0.2,0.2,0.08,26.0,105.01397422734374,nan,nan,393310.5750028747,37620.88507458799,0.1842771897613525
onsite_damping_disorder,60.0,0.2,0.2,0.08,27.0,94.53941973865844,nan,nan,335818.31483585516,27942.255030334254,0.1810845530524554
onsite_damping_disorder,60.0,0.2,0.2,0.08,28.0,57.38490255290236,nan,nan,106111.89064580572,11551.316666634473,0.1826352601339262
onsite_damping_disorder,60.0,0.2,0.2,0.08,29.0,97.87117353663758,nan,nan,237916.86070693322,30554.607884065194,0.18600706304115108
onsite_damping_disorder,60.0,0.2,0.2,0.08,30.0,100.9338306232791,nan,nan,370735.09338125633,33975.11094493139,0.17878912359536736
onsite_damping_disorder,60.0,0.2,0.2,0.08,31.0,55.83034732800156,nan,nan,121917.8985141366,10684.01746658623,0.1806671486795914
onsite_damping_disorder,60.0,0.2,0.2,0.08,32.0,44.566353039438596,nan,nan,59460.656225176484,6368.195445134745,0.18098355667110333
onsite_damping_disorder,60.0,0.2,0.2,0.08,33.0,65.01834826237219,nan,nan,150666.50067502094,13945.140723832974,0.18552571113563568
onsite_damping_disorder,60.0,0.2,0.2,0.08,34.0,30.718516061913178,nan,nan,26407.962387312935,3043.2800247185073,0.19303951194466262
onsite_damping_disorder,60.0,0.2,0.2,0.08,35.0,45.10101324793904,nan,nan,94455.89008305623,6349.838218699357,0.1807206626843179
onsite_damping_disorder,60.0,0.2,0.2,0.08,36.0,44.834955048923774,nan,nan,93541.55064339691,6256.292788994804,0.18146575923761338
onsite_damping_disorder,60.0,0.2,0.2,0.08,37.0,42.784672307058074,nan,nan,84920.84234437477,6175.817543858983,0.19525538010582555
onsite_damping_disorder,60.0,0.2,0.2,0.08,38.0,33.34474353922314,nan,nan,41223.87153799425,3430.393396764331,0.18431330200760415
onsite_damping_disorder,60.0,0.2,0.2,0.08,39.0,128.9792575609655,nan,nan,610926.8446723244,53376.86758868644,0.16538864899686273
onsite_damping_disorder,60.0,0.2,0.2,0.08,40.0,40.06364054461141,nan,nan,61832.04187613971,5014.100117946834,0.19700256902102076
onsite_damping_disorder,60.0,0.2,0.2,0.08,41.0,43.11968618765464,nan,nan,60790.90870048217,5881.751589399104,0.1897102135441175
onsite_damping_disorder,60.0,0.2,0.2,0.08,42.0,69.94621465833676,nan,nan,217931.8758257495,16136.706290313406,0.1836453574871014
onsite_damping_disorder,60.0,0.2,0.2,0.08,43.0,41.09730212636364,nan,nan,82062.27461024183,5881.984227906219,0.17810273550961458
onsite_damping_disorder,60.0,0.2,0.2,0.08,44.0,26.915067072142865,nan,nan,29130.70589476163,2528.9683281428156,0.19625165193462216
onsite_damping_disorder,60.0,0.2,0.2,0.08,45.0,38.45878543597502,nan,nan,95499.39917218068,5157.078178742509,0.18142891868591626
onsite_damping_disorder,60.0,0.2,0.2,0.08,46.0,19.48715359054875,nan,nan,20967.54077567461,1236.3688523097458,0.18981821531344822
onsite_damping_disorder,60.0,0.2,0.2,0.08,47.0,14.63816030106727,nan,nan,14288.637447811849,748.7975466013593,0.19621237544887093
onsite_damping_disorder,60.0,0.2,0.2,0.08,48.0,31.420274418131203,nan,nan,37130.68632044951,3362.7272867904403,0.1945251411474213
onsite_damping_disorder,60.0,0.2,0.2,0.08,49.0,77.22913155297664,nan,nan,256483.4436730765,19982.087823616555,0.17890849974054127
onsite_damping_disorder,60.0,0.2,0.2,0.08,50.0,95.36438610252455,nan,nan,245319.31387300388,31451.86359076768,0.1792816734925316
onsite_damping_disorder,60.0,0.2,0.2,0.08,51.0,67.22340261116075,nan,nan,198613.81132538227,15344.090659455213,0.17736172655153012
onsite_damping_disorder,60.0,0.2,0.2,0.08,52.0,27.917910124888525,nan,nan,31604.060740429843,2725.4474682308423,0.19778737218436263
onsite_damping_disorder,60.0,0.2,0.2,0.08,53.0,27.268119657659547,nan,nan,43251.29853345796,2605.9635999441825,0.1923231821902279
onsite_damping_disorder,60.0,0.2,0.2,0.08,54.0,47.28650800975861,nan,nan,69713.91738655973,7711.085423952786,0.192092056437495
onsite_damping_disorder,60.0,0.2,0.2,0.08,55.0,16.637014778115592,nan,nan,13337.14034626265,959.9840806935234,0.19038034409807425
onsite_damping_disorder,60.0,0.2,0.2,0.08,56.0,26.278441750096672,nan,nan,26329.483767158967,2415.4364972172534,0.1997799486160292
onsite_damping_disorder,60.0,0.2,0.2,0.08,57.0,56.895727636090726,nan,nan,133204.5490678969,10483.433046237556,0.18561174037892447
onsite_damping_disorder,60.0,0.2,0.2,0.08,58.0,47.38491206977991,nan,nan,70839.35681842084,7870.010838204001,0.17181437660643456
onsite_damping_disorder,60.0,0.2,0.2,0.08,59.0,53.431744837509385,nan,nan,106506.01990414325,9185.040654915787,0.1889611255616351
onsite_damping_disorder,60.0,0.2,0.2,0.08,60.0,16.623018324301015,nan,nan,17211.79755698894,956.3020458628093,0.18868613632124073
onsite_damping_disorder,60.0,0.2,0.2,0.08,61.0,133.6943456764123,nan,nan,459221.5275796619,57809.4774152797,0.18037756672585958
onsite_damping_disorder,60.0,0.2,0.2,0.08,62.0,53.710057648301266,nan,nan,107403.73751745283,9066.371513993503,0.18022794439975473
onsite_damping_disorder,60.0,0.2,0.2,0.08,63.0,35.3291119050208,nan,nan,44546.07713229176,4023.234508054575,0.19332995041853498
onsite_damping_disorder,60.0,0.2,0.2,0.08,64.0,59.704073137239504,nan,nan,146990.1085399029,11693.861986171876,0.18816720567987757
onsite_damping_disorder,60.0,0.2,0.2,0.08,65.0,49.521557008289726,nan,nan,66022.31647027083,7721.209381700177,0.1935716023858054
onsite_damping_disorder,60.0,0.2,0.2,0.08,66.0,33.43278098097505,nan,nan,60237.4751420038,3754.243720868155,0.18405824803060938
onsite_damping_disorder,60.0,0.2,0.2,0.08,67.0,93.01460371519721,nan,nan,231588.32789658214,27162.777485931678,0.18401211470202727
onsite_damping_disorder,60.0,0.2,0.2,0.08,68.0,82.36912741191645,nan,nan,239719.32428626248,22356.095555790114,0.18073415224311118
onsite_damping_disorder,60.0,0.2,0.2,0.08,69.0,64.85511937423504,nan,nan,159339.01356664987,13853.159010209487,0.18496284311095015
onsite_damping_disorder,60.0,0.2,0.2,0.08,70.0,104.83273859734473,nan,nan,362657.8036720815,34837.597159910205,0.17850385955457806
onsite_damping_disorder,60.0,0.2,0.2,0.08,71.0,72.44421877904779,nan,nan,215455.7073976561,16168.306714539833,0.16747469171093052
onsite_damping_disorder,60.0,0.2,0.2,0.08,72.0,81.66791101574448,nan,nan,190491.19546683293,22448.601944321726,0.18761197357935833
onsite_damping_disorder,60.0,0.2,0.2,0.08,73.0,47.95700882279855,nan,nan,107317.47975255159,7461.196945619775,0.1758432292718434
onsite_damping_disorder,60.0,0.2,0.2,0.08,74.0,44.43562886349681,nan,nan,68258.49132601803,6461.306858270013,0.1912056417826842
onsite_damping_disorder,60.0,0.2,0.2,0.08,75.0,35.656499006624564,nan,nan,54203.13830657993,4050.0206108143557,0.19839420716044448
onsite_damping_disorder,60.0,0.2,0.2,0.08,76.0,32.21379117679054,nan,nan,35712.60369421519,3216.6610895305644,0.1985991357320218
onsite_damping_disorder,60.0,0.2,0.2,0.08,77.0,21.599704715398644,nan,nan,19151.428115828592,1587.8354573236486,0.19621933223352456
onsite_damping_disorder,60.0,0.2,0.2,0.08,78.0,13.042598789935337,nan,nan,5259.164217889249,528.654520080652,0.2071104837325736
onsite_damping_disorder,60.0,0.2,0.2,0.08,79.0,73.99205666138752,nan,nan,175949.67021237075,18788.32115766544,0.18724681059685166
onsite_damping_disorder,80.0,0.2,0.2,0.08,0.0,86.98307312345263,nan,nan,411393.122999146,25256.10405286199,0.1891891270302377
onsite_damping_disorder,80.0,0.2,0.2,0.08,1.0,79.73203266668278,nan,nan,336795.44055373664,21927.596883900063,0.19321942697768202
onsite_damping_disorder,80.0,0.2,0.2,0.08,2.0,162.10487739166473,nan,nan,920615.3811131662,91591.22397107395,0.18239780268269087
onsite_damping_disorder,80.0,0.2,0.2,0.08,3.0,667.5716093322652,nan,nan,13851721.677759038,1476888.9695935627,0.18359914553894613
onsite_damping_disorder,80.0,0.2,0.2,0.08,4.0,229.89359649362095,nan,nan,2264910.7994378894,178485.0859072674,0.1841705604202227
onsite_damping_disorder,80.0,0.2,0.2,0.08,5.0,135.82631393620562,nan,nan,1210533.071161983,63808.92435940768,0.18486475571271335
onsite_damping_disorder,80.0,0.2,0.2,0.08,6.0,197.7715305973876,nan,nan,2191979.4916754165,137768.87297204332,0.1869031583488628
onsite_damping_disorder,80.0,0.2,0.2,0.08,7.0,178.67194240211222,nan,nan,1019808.9538866327,103921.11602260459,0.18681864664343245
onsite_damping_disorder,80.0,0.2,0.2,0.08,8.0,84.74103211537026,nan,nan,242961.43303114438,22940.970343153913,0.19328825302653452
onsite_damping_disorder,80.0,0.2,0.2,0.08,9.0,69.05213869799078,nan,nan,246810.37424089666,15857.059134604266,0.17915219394252122
onsite_damping_disorder,80.0,0.2,0.2,0.08,10.0,167.44762702569787,nan,nan,1538512.693257716,91931.41444857795,0.17901659410925086
onsite_damping_disorder,80.0,0.2,0.2,0.08,11.0,292.73401144648454,nan,nan,3194583.98289047,288464.13424501184,0.17795465351270592
onsite_damping_disorder,80.0,0.2,0.2,0.08,12.0,214.81895376523278,nan,nan,2845064.396795216,150476.33010342642,0.18585844949817978
onsite_damping_disorder,80.0,0.2,0.2,0.08,13.0,180.69719573804113,nan,nan,1227269.9247225714,114785.79816734143,0.18515242011450714
onsite_damping_disorder,80.0,0.2,0.2,0.08,14.0,131.14802939075042,nan,nan,494844.1292642865,53895.158592866086,0.19100288381587738
onsite_damping_disorder,80.0,0.2,0.2,0.08,15.0,173.1271839759161,nan,nan,1170881.136145269,101583.42221901908,0.1890828953710037
onsite_damping_disorder,80.0,0.2,0.2,0.08,16.0,166.17466248941466,nan,nan,1200149.6715384137,87325.34421163492,0.18713244817742075
onsite_damping_disorder,80.0,0.2,0.2,0.08,17.0,159.57137510108146,nan,nan,1062342.1978553352,89100.57150604832,0.18481078923940036
onsite_damping_disorder,80.0,0.2,0.2,0.08,18.0,242.67940430539701,nan,nan,1850663.8753244523,193384.61974336056,0.17450897196025708
onsite_damping_disorder,80.0,0.2,0.2,0.08,19.0,161.99061541066357,nan,nan,1042266.4694857469,90134.34031518345,0.17947064349945216
onsite_damping_disorder,80.0,0.2,0.2,0.08,20.0,182.30727664452166,nan,nan,1014631.9713750666,104463.57232450045,0.18659269481445123
onsite_damping_disorder,80.0,0.2,0.2,0.08,21.0,454.087050700533,nan,nan,7968396.716420202,667992.4537096071,0.1731881777093332
onsite_damping_disorder,80.0,0.2,0.2,0.08,22.0,118.48292366294342,nan,nan,775212.3924875101,46260.926177689944,0.18807315905003852
onsite_damping_disorder,80.0,0.2,0.2,0.08,23.0,161.86088443291158,nan,nan,1032426.7236132575,92025.63855416035,0.18161517840105276
onsite_damping_disorder,80.0,0.2,0.2,0.08,24.0,186.03536904460734,nan,nan,1603659.209999295,114257.08065185689,0.181920674308122
onsite_damping_disorder,80.0,0.2,0.2,0.08,25.0,201.74506062622334,nan,nan,1694698.1177071815,141141.3160397081,0.19060945964083995
onsite_damping_disorder,80.0,0.2,0.2,0.08,26.0,378.50761952171734,nan,nan,3717515.88707732,448095.3110904329,0.18847462823734354
onsite_damping_disorder,80.0,0.2,0.2,0.08,27.0,119.73230629958945,nan,nan,590309.598664609,44989.24515334172,0.18991811645413822
onsite_damping_disorder,80.0,0.2,0.2,0.08,28.0,253.67851011090661,nan,nan,1855377.2210506517,212295.472935872,0.17919943881046324
onsite_damping_disorder,80.0,0.2,0.2,0.08,29.0,175.99664128299244,nan,nan,1940757.0605470017,102929.65227509812,0.184038781177871
onsite_damping_disorder,80.0,0.2,0.2,0.08,30.0,264.94868907648623,nan,nan,2745151.225327365,225717.7374870849,0.17941856755041907
onsite_damping_disorder,80.0,0.2,0.2,0.08,31.0,312.5741089448391,nan,nan,2907410.167407769,302377.84574165195,0.1814212193139234
onsite_damping_disorder,80.0,0.2,0.2,0.08,32.0,103.0453666355809,nan,nan,579798.9713269013,37485.451825933094,0.18292938540840073
onsite_damping_disorder,80.0,0.2,0.2,0.08,33.0,112.74658587384877,nan,nan,579578.1205380626,40674.79536651505,0.1949707588984117
onsite_damping_disorder,80.0,0.2,0.2,0.08,34.0,264.653573092466,nan,nan,2517673.68461217,241534.01562538583,0.18223733435239178
onsite_damping_disorder,80.0,0.2,0.2,0.08,35.0,376.5325143145349,nan,nan,5602874.334277939,458316.5668955317,0.17986080030909635
onsite_damping_disorder,80.0,0.2,0.2,0.08,36.0,171.01323095761904,nan,nan,1496578.506721215,96874.11333114901,0.18020483188231398
onsite_damping_disorder,80.0,0.2,0.2,0.08,37.0,128.3697508739127,nan,nan,798654.6968406169,55262.42532494257,0.1909971539515976
onsite_damping_disorder,80.0,0.2,0.2,0.08,38.0,275.562784358717,nan,nan,2388864.2021332756,267116.85005508753,0.18541505230250213
onsite_damping_disorder,80.0,0.2,0.2,0.08,39.0,301.5395950617166,nan,nan,2589371.284357026,311488.1614482706,0.18244638676215158
onsite_damping_disorder,80.0,0.2,0.2,0.08,40.0,309.552980840029,nan,nan,5177028.983590307,328508.02547673456,0.17765196998689703
onsite_damping_disorder,80.0,0.2,0.2,0.08,41.0,461.3348821609092,nan,nan,6518609.748724103,706742.4181719286,0.16642294230125984
onsite_damping_disorder,80.0,0.2,0.2,0.08,42.0,321.23168737246294,nan,nan,2827385.1209913003,325001.77447566774,0.1892743719389972
onsite_damping_disorder,80.0,0.2,0.2,0.08,43.0,293.7100433091444,nan,nan,3394296.602467823,292093.2420930438,0.17860789261174134
onsite_damping_disorder,80.0,0.2,0.2,0.08,44.0,283.2012848426409,nan,nan,3210913.6866473295,279549.36103131383,0.18199734334532966
onsite_damping_disorder,80.0,0.2,0.2,0.08,45.0,145.17346477428816,nan,nan,1004702.6325503876,71103.02924489549,0.1898052789796619
onsite_damping_disorder,80.0,0.2,0.2,0.08,46.0,252.7261140533128,nan,nan,2708406.0943652214,201264.16637951345,0.1703045442384905
onsite_damping_disorder,80.0,0.2,0.2,0.08,47.0,306.6910617304988,nan,nan,4342716.615636556,300201.27198072936,0.17634922815467688
onsite_damping_disorder,80.0,0.2,0.2,0.08,48.0,540.749470251493,nan,nan,7642619.841471767,1009491.4997934208,0.1766259628050318
onsite_damping_disorder,80.0,0.2,0.2,0.08,49.0,139.52229068124294,nan,nan,771365.6079295077,64090.319450274605,0.17664538733431545
onsite_damping_disorder,80.0,0.2,0.2,0.08,50.0,172.47133243945962,nan,nan,1364685.5225460683,97714.9022683788,0.18106309618537436
onsite_damping_disorder,80.0,0.2,0.2,0.08,51.0,87.51365839421683,nan,nan,353769.6946164656,27024.071259627202,0.19810421047346888
onsite_damping_disorder,80.0,0.2,0.2,0.08,52.0,56.369652867840436,nan,nan,185026.98230915354,10298.034644294812,0.19782100693828367
onsite_damping_disorder,80.0,0.2,0.2,0.08,53.0,109.49934504858612,nan,nan,433051.807007718,40835.78441734812,0.19511971567730135
onsite_damping_disorder,80.0,0.2,0.2,0.08,54.0,250.48484696481054,nan,nan,1761844.3462845064,210508.9795302744,0.19108293998044132
onsite_damping_disorder,80.0,0.2,0.2,0.08,55.0,1398.5148348113496,nan,nan,52090490.92561121,6033766.986727194,0.16627970559721703
onsite_damping_disorder,80.0,0.2,0.2,0.08,56.0,108.32055789066936,nan,nan,530193.4819735457,39856.64763489965,0.18944659230056393
onsite_damping_disorder,80.0,0.2,0.2,0.08,57.0,154.18654535351504,nan,nan,783149.7985762691,76679.14487683558,0.17768917467011064
onsite_damping_disorder,80.0,0.2,0.2,0.08,58.0,380.95198511913406,nan,nan,5321844.432793855,476363.47085252026,0.17862196167791075
onsite_damping_disorder,80.0,0.2,0.2,0.08,59.0,249.89070654570295,nan,nan,2836380.150138513,205620.0187865899,0.17538485522661934
onsite_damping_disorder,80.0,0.2,0.2,0.08,60.0,126.1420272266508,nan,nan,687757.103491169,52083.75584679784,0.18625267352966168
onsite_damping_disorder,80.0,0.2,0.2,0.08,61.0,64.0321571121058,nan,nan,152610.6171845913,14068.831286319111,0.1909454030509921
onsite_damping_disorder,80.0,0.2,0.2,0.08,62.0,125.5834210501709,nan,nan,762153.5199891111,50158.787511547416,0.19138478562522876
onsite_damping_disorder,80.0,0.2,0.2,0.08,63.0,381.20330614908414,nan,nan,6742721.887314588,508565.06182401424,0.17909293343368732
onsite_damping_disorder,80.0,0.2,0.2,0.08,64.0,88.77961049002245,nan,nan,353056.9891738107,25970.431915552042,0.18097456646841925
onsite_damping_disorder,80.0,0.2,0.2,0.08,65.0,87.28784994858545,nan,nan,342371.5416410499,23921.306871962093,0.19513227818633458
onsite_damping_disorder,80.0,0.2,0.2,0.08,66.0,183.0799085995325,nan,nan,1370130.6292445944,115691.74143383573,0.17955357526952484
onsite_damping_disorder,80.0,0.2,0.2,0.08,67.0,210.98820114251706,nan,nan,1750957.3511561926,141087.15970359906,0.1803556476490656
onsite_damping_disorder,80.0,0.2,0.2,0.08,68.0,141.16992852253776,nan,nan,891098.5310489042,62262.8442821156,0.17765084813569965
onsite_damping_disorder,80.0,0.2,0.2,0.08,69.0,694.0954275936925,nan,nan,19638060.115907893,1627025.2063937867,0.1760972182180173
onsite_damping_disorder,80.0,0.2,0.2,0.08,70.0,79.32837785330649,nan,nan,307559.0204701228,21573.60077895983,0.1877093070804187
onsite_damping_disorder,80.0,0.2,0.2,0.08,71.0,71.63430097312518,nan,nan,283627.77627429593,16675.739408679052,0.19234265822008703
onsite_damping_disorder,80.0,0.2,0.2,0.08,72.0,153.22362155879185,nan,nan,1643788.750164122,80094.3124293049,0.17794657269893108
onsite_damping_disorder,80.0,0.2,0.2,0.08,73.0,84.44004383953893,nan,nan,313169.7702682107,22571.781550238018,0.18782388493698107
onsite_damping_disorder,80.0,0.2,0.2,0.08,74.0,149.48818044634132,nan,nan,787712.1112649683,75432.54724054821,0.18356859399982192
onsite_damping_disorder,80.0,0.2,0.2,0.08,75.0,152.63430289884263,nan,nan,948040.6713764493,80015.47150645657,0.18993897806253834
onsite_damping_disorder,80.0,0.2,0.2,0.08,76.0,202.86662784629124,nan,nan,1915113.097772763,131675.65631837517,0.18487996793070066
onsite_damping_disorder,80.0,0.2,0.2,0.08,77.0,253.54867434845832,nan,nan,2424455.9981747665,217516.74029676657,0.17800752218450097
onsite_damping_disorder,80.0,0.2,0.2,0.08,78.0,156.78283073192242,nan,nan,1024366.0774248925,81689.0326859817,0.1888484398332491
onsite_damping_disorder,80.0,0.2,0.2,0.08,79.0,150.17336702649905,nan,nan,682998.0845522031,70491.1818754577,0.1891568378286097
onsite_damping_disorder,100.0,0.2,0.2,0.08,0.0,243.53422367876422,nan,nan,2385074.7198170554,199573.73764217948,0.18528209228437825
onsite_damping_disorder,100.0,0.2,0.2,0.08,1.0,1183.3635802073481,nan,nan,38600191.374789536,4415949.39950441,0.17657410115961944
onsite_damping_disorder,100.0,0.2,0.2,0.08,2.0,2319.5955262402526,nan,nan,166980190.8044917,17904634.458545722,0.17851087600507204
onsite_damping_disorder,100.0,0.2,0.2,0.08,3.0,1898.0973115581648,nan,nan,186535032.0721648,12103922.214116165,0.15567545573903602
onsite_damping_disorder,100.0,0.2,0.2,0.08,4.0,991.0432364137461,nan,nan,45410639.29238753,3240777.721369805,0.16724804830337026
onsite_damping_disorder,100.0,0.2,0.2,0.08,5.0,401.2372822631012,nan,nan,6361390.257776115,524885.0752065865,0.16138331976143686
onsite_damping_disorder,100.0,0.2,0.2,0.08,6.0,388.71893394060055,nan,nan,5300839.211455898,472204.66482401505,0.186761441412217
onsite_damping_disorder,100.0,0.2,0.2,0.08,7.0,776.0316212409566,nan,nan,21718414.76590868,2046593.466009352,0.17248357122565725
onsite_damping_disorder,100.0,0.2,0.2,0.08,8.0,1440.8125882507989,nan,nan,105015998.31608213,7302263.414365885,0.17695517277242945
onsite_damping_disorder,100.0,0.2,0.2,0.08,9.0,1105.372901194233,nan,nan,50892906.40421673,4187929.776615593,0.16860825298806886
onsite_damping_disorder,100.0,0.2,0.2,0.08,10.0,2545.573011066561,nan,nan,267002930.02850375,20095519.6208944,0.14503921091901295
onsite_damping_disorder,100.0,0.2,0.2,0.08,11.0,517.5143944096284,nan,nan,8854661.992754264,910640.3037869476,0.1856522928188751
onsite_damping_disorder,100.0,0.2,0.2,0.08,12.0,306.5978163758876,nan,nan,3995645.077631342,299465.4415380435,0.1710401374489514
onsite_damping_disorder,100.0,0.2,0.2,0.08,13.0,1163.5152464954645,nan,nan,57942223.04528555,4714610.182422276,0.14900117275785907
onsite_damping_disorder,100.0,0.2,0.2,0.08,14.0,1140.1477206745978,nan,nan,39727779.39032996,4475440.534482567,0.18100042051223586
onsite_damping_disorder,100.0,0.2,0.2,0.08,15.0,1414.750970328351,nan,nan,79034251.29513144,6394063.252110976,0.17640632720345548
onsite_damping_disorder,100.0,0.2,0.2,0.08,16.0,769.9402303128334,nan,nan,27168894.980301533,2022200.3346088005,0.15941246721982938
onsite_damping_disorder,100.0,0.2,0.2,0.08,17.0,639.7823794221714,nan,nan,14776662.98120642,1444944.6279904926,0.18104592060969102
onsite_damping_disorder,100.0,0.2,0.2,0.08,18.0,287.575017632966,nan,nan,3506561.266894709,274284.11305535055,0.16694090674429854
onsite_damping_disorder,100.0,0.2,0.2,0.08,19.0,976.1077432910369,nan,nan,31864794.42389556,3011878.6186854183,0.16740069316699552
onsite_damping_disorder,100.0,0.2,0.2,0.08,20.0,648.1374893019328,nan,nan,16070077.182646468,1462098.0305652902,0.17926704836341267
onsite_damping_disorder,100.0,0.2,0.2,0.08,21.0,1656.0710614331358,nan,nan,92021897.20625275,9567783.316618655,0.1760463933882877
onsite_damping_disorder,100.0,0.2,0.2,0.08,22.0,361.6078710609221,nan,nan,4453592.987215084,427784.4475856837,0.18910380191703033
onsite_damping_disorder,100.0,0.2,0.2,0.08,23.0,405.39825176169086,nan,nan,8035088.775865949,565250.2083292558,0.18241267680544554
onsite_damping_disorder,100.0,0.2,0.2,0.08,24.0,1109.4809121313494,nan,nan,31440544.980624728,3971556.045449905,0.17537963002116183
onsite_damping_disorder,100.0,0.2,0.2,0.08,25.0,623.753807861922,nan,nan,16282192.832782404,1314115.4811886556,0.18229291562733432
onsite_damping_disorder,100.0,0.2,0.2,0.08,26.0,777.957367132835,nan,nan,25363249.579291686,2120249.734409222,0.16200182935458474
onsite_damping_disorder,100.0,0.2,0.2,0.08,27.0,314.2890051354872,nan,nan,5011176.913335386,342914.91533249046,0.18451639331457612
onsite_damping_disorder,100.0,0.2,0.2,0.08,28.0,1329.9573655475833,nan,nan,134902681.94708297,6159168.720881257,0.15066677138998694
onsite_damping_disorder,100.0,0.2,0.2,0.08,29.0,1183.1955015697745,nan,nan,57722462.72793285,4831666.9649302615,0.1809086536054339
onsite_damping_disorder,100.0,0.2,0.2,0.08,30.0,453.8385112474794,nan,nan,11937340.77750874,695967.0820650304,0.19454995064971956
onsite_damping_disorder,100.0,0.2,0.2,0.08,31.0,788.8349712712159,nan,nan,31893229.05242661,2140044.7957999497,0.16706740867140243
onsite_damping_disorder,100.0,0.2,0.2,0.08,32.0,443.47401808984034,nan,nan,5233379.737102511,612650.7754162651,0.17926730414598424
onsite_damping_disorder,100.0,0.2,0.2,0.08,33.0,752.3956669976448,nan,nan,17571134.95279895,1881060.067393565,0.18930810297395964
onsite_damping_disorder,100.0,0.2,0.2,0.08,34.0,826.3084290569143,nan,nan,20127684.327033967,2192760.3170033577,0.17733116707566954
onsite_damping_disorder,100.0,0.2,0.2,0.08,35.0,2736.2456265207666,nan,nan,253095092.81087816,24201333.473898344,0.17878112067513177
onsite_damping_disorder,100.0,0.2,0.2,0.08,36.0,703.3587101786029,nan,nan,16970503.872048005,1745027.9617147204,0.17857043268177653
onsite_damping_disorder,100.0,0.2,0.2,0.08,37.0,2472.8637680837155,nan,nan,222279978.609088,20163524.96071082,0.17127141906229157
onsite_damping_disorder,100.0,0.2,0.2,0.08,38.0,710.0006671360502,nan,nan,25729313.21574437,1654251.7700926668,0.16898619932009337
onsite_damping_disorder,100.0,0.2,0.2,0.08,39.0,1495.7788266987739,nan,nan,70919691.25149547,7514596.250620068,0.16230333193494131
onsite_damping_disorder,100.0,0.2,0.2,0.08,40.0,900.858733340659,nan,nan,38045517.14707061,2503315.1762851467,0.1806007980481289
onsite_damping_disorder,100.0,0.2,0.2,0.08,41.0,931.2446898478725,nan,nan,38890587.367204614,2896477.527670573,0.18291156700980718
onsite_damping_disorder,100.0,0.2,0.2,0.08,42.0,3474.516372434847,nan,nan,403601323.88500774,37656658.25740233,0.1728484132764841
onsite_damping_disorder,100.0,0.2,0.2,0.08,43.0,1047.0454065727754,nan,nan,52319012.84947343,3767899.542200736,0.1830402926497566
onsite_damping_disorder,100.0,0.2,0.2,0.08,44.0,1649.597805970525,nan,nan,55602496.66963262,8560751.302878877,0.1524041751483253
onsite_damping_disorder,100.0,0.2,0.2,0.08,45.0,883.9015213193056,nan,nan,22688461.656069253,2616528.7453803685,0.1879779425000295
onsite_damping_disorder,100.0,0.2,0.2,0.08,46.0,1585.1173579899876,nan,nan,58415545.68486303,7791311.445119866,0.1675019917742336
onsite_damping_disorder,100.0,0.2,0.2,0.08,47.0,1042.9138998388696,nan,nan,38954612.944978096,3661794.9772183555,0.1809892174751846
onsite_damping_disorder,100.0,0.2,0.2,0.08,48.0,542.7494705788995,nan,nan,13605654.751184383,1037313.01966724,0.1635745707470553
onsite_damping_disorder,100.0,0.2,0.2,0.08,49.0,547.2596567256782,nan,nan,23644002.406385116,1003919.8822700197,0.18067639217583967
onsite_damping_disorder,100.0,0.2,0.2,0.08,50.0,896.8493366280551,nan,nan,38620735.48986449,2819631.252895317,0.1709529060636973
onsite_damping_disorder,100.0,0.2,0.2,0.08,51.0,822.279206072542,nan,nan,25852025.027664408,2308305.481561297,0.17921493679434647
onsite_damping_disorder,100.0,0.2,0.2,0.08,52.0,558.1960190115777,nan,nan,15751174.226319151,1092249.931211994,0.18540839021735173
onsite_damping_disorder,100.0,0.2,0.2,0.08,53.0,1044.030318068861,nan,nan,40110474.17085493,3790038.979402963,0.14853896322850785
onsite_damping_disorder,100.0,0.2,0.2,0.08,54.0,725.4121198419756,nan,nan,22815254.64009973,1760942.2432911932,0.17881815874934984
onsite_damping_disorder,100.0,0.2,0.2,0.08,55.0,680.9954623448883,nan,nan,20517839.77682486,1634923.1229495842,0.182457283192418
onsite_damping_disorder,100.0,0.2,0.2,0.08,56.0,2762.74422647094,nan,nan,345027614.01295215,26986137.383002628,0.15149161869050398
onsite_damping_disorder,100.0,0.2,0.2,0.08,57.0,579.9876284263147,nan,nan,14824302.494358169,1120612.9276504503,0.18525344823180037
onsite_damping_disorder,100.0,0.2,0.2,0.08,58.0,659.4331940283357,nan,nan,14022160.900909228,1537061.3926276793,0.18151275598607022
onsite_damping_disorder,100.0,0.2,0.2,0.08,59.0,2156.613047638772,nan,nan,212911842.92343414,15797909.670845784,0.16841556709116529
onsite_damping_disorder,100.0,0.2,0.2,0.08,60.0,546.818679456095,nan,nan,10460676.505815351,971499.0989553845,0.16917978370600467
onsite_damping_disorder,100.0,0.2,0.2,0.08,61.0,944.1711950281315,nan,nan,34590070.45015018,2938487.905771937,0.17055820913991132
onsite_damping_disorder,100.0,0.2,0.2,0.08,62.0,633.4512084280639,nan,nan,15275104.294495806,1348113.5460191136,0.18304654736240883
onsite_damping_disorder,100.0,0.2,0.2,0.08,63.0,617.3379066691384,nan,nan,18965768.300863184,1321264.6470166685,0.16366688894930032
onsite_damping_disorder,100.0,0.2,0.2,0.08,64.0,1163.2505746247941,nan,nan,48875124.97796732,4394226.786638562,0.16209411460533474
onsite_damping_disorder,100.0,0.2,0.2,0.08,65.0,686.0885946559208,nan,nan,25488922.724385235,1603014.6017002896,0.1785499895112813
onsite_damping_disorder,100.0,0.2,0.2,0.08,66.0,993.7351562697597,nan,nan,54857884.68038672,3487032.4037554003,0.18269472949157528
onsite_damping_disorder,100.0,0.2,0.2,0.08,67.0,267.6699387666705,nan,nan,2672279.7850622074,244371.964225115,0.18602623359041828
onsite_damping_disorder,100.0,0.2,0.2,0.08,68.0,828.4557154065573,nan,nan,36809032.99944471,2392525.8024408026,0.17235700247301178
onsite_damping_disorder,100.0,0.2,0.2,0.08,69.0,911.2705901258429,nan,nan,36164965.946128294,2737988.1047235937,0.16495878696878846
onsite_damping_disorder,100.0,0.2,0.2,0.08,70.0,1806.1991466787676,nan,nan,145084898.15271097,11116554.37521734,0.14939921473660842
onsite_damping_disorder,100.0,0.2,0.2,0.08,71.0,619.8277551303478,nan,nan,15986228.06160141,1204679.7483594064,0.17909109829799733
onsite_damping_disorder,100.0,0.2,0.2,0.08,72.0,483.57609255622106,nan,nan,11867834.292119928,811383.0217043874,0.1863942354708879
onsite_damping_disorder,100.0,0.2,0.2,0.08,73.0,1824.7547943664142,nan,nan,107667611.04850733,11106445.5395693,0.18029158225429304
onsite_damping_disorder,100.0,0.2,0.2,0.08,74.0,2612.138602284766,nan,nan,309770155.3463268,22632046.453576423,0.158971623400701
onsite_damping_disorder,100.0,0.2,0.2,0.08,75.0,2810.2725862556126,nan,nan,251329509.5624011,26606717.788669977,0.17256728354911763
onsite_damping_disorder,100.0,0.2,0.2,0.08,76.0,944.247456122746,nan,nan,40066534.17500742,3037324.005176497,0.1783149902717973
onsite_damping_disorder,100.0,0.2,0.2,0.08,77.0,2541.8948139764157,nan,nan,303536416.9549098,22269303.915100675,0.155661386520611
onsite_damping_disorder,100.0,0.2,0.2,0.08,78.0,158.73488427484364,nan,nan,1612304.2546504668,85183.46019796116,0.200002040862967
onsite_damping_disorder,100.0,0.2,0.2,0.08,79.0,883.5168089595767,nan,nan,40494887.191010386,2449292.981457092,0.16073464391275738
onsite_damping_disorder,120.0,0.2,0.2,0.08,0.0,717.974831688902,nan,nan,28875240.2723948,1754065.6842361023,0.14777464882985866
onsite_damping_disorder,120.0,0.2,0.2,0.08,1.0,1041.4614546550206,nan,nan,37215935.94085599,3703922.693575029,0.18532244433862755
onsite_damping_disorder,120.0,0.2,0.2,0.08,2.0,5263.353438201919,nan,nan,1299178714.6400087,95450415.461885,0.13278565209212453
onsite_damping_disorder,120.0,0.2,0.2,0.08,3.0,7933.193754976351,nan,nan,2136876864.9615984,200443075.35193336,0.1661299505160261
onsite_damping_disorder,120.0,0.2,0.2,0.08,4.0,3136.5724448765977,nan,nan,334910775.3648385,34552526.50902998,0.17671708018843083
onsite_damping_disorder,120.0,0.2,0.2,0.08,5.0,3939.9962042816214,nan,nan,455592156.5922607,51780504.65214489,0.1757922364783227
onsite_damping_disorder,120.0,0.2,0.2,0.08,6.0,611.658367010017,nan,nan,17320767.157037646,1222348.6077222987,0.18953725629824494
onsite_damping_disorder,120.0,0.2,0.2,0.08,7.0,2610.57185025675,nan,nan,320144645.7284668,23747910.258063767,0.15328538498011046
onsite_damping_disorder,120.0,0.2,0.2,0.08,8.0,1723.3008025336603,nan,nan,101750642.98980987,9859871.357592814,0.17007065920030282
onsite_damping_disorder,120.0,0.2,0.2,0.08,9.0,4313.695305548161,nan,nan,861178541.0744116,60858763.04910298,0.14313189681975752
onsite_damping_disorder,120.0,0.2,0.2,0.08,10.0,1668.6411978055844,nan,nan,133034294.18005753,9796321.023223424,0.1819792370497401
onsite_damping_disorder,120.0,0.2,0.2,0.08,11.0,2126.355768329949,nan,nan,215339240.773701,14659957.204213006,0.1624531849629195
onsite_damping_disorder,120.0,0.2,0.2,0.08,12.0,1022.645943029857,nan,nan,56362639.19101305,3372425.232147643,0.17230581811972323
onsite_damping_disorder,120.0,0.2,0.2,0.08,13.0,1768.4390874009189,nan,nan,113766081.50125962,10987801.264490288,0.17334387590069622
onsite_damping_disorder,120.0,0.2,0.2,0.08,14.0,2970.0016939868847,nan,nan,280912105.56168294,28048930.28708609,0.1409308359979958
onsite_damping_disorder,120.0,0.2,0.2,0.08,15.0,4036.568817698061,nan,nan,691420474.0605484,54812287.663332365,0.14919571182227684
onsite_damping_disorder,120.0,0.2,0.2,0.08,16.0,1175.4514553744827,nan,nan,55308477.73934379,4426437.761790797,0.146243039842142
onsite_damping_disorder,120.0,0.2,0.2,0.08,17.0,2525.2992458103827,nan,nan,262018677.7688281,20102098.709697165,0.14738628376368013
onsite_damping_disorder,120.0,0.2,0.2,0.08,18.0,3086.8635083674153,nan,nan,469817665.28632694,33196138.386083417,0.17137056147798418
onsite_damping_disorder,120.0,0.2,0.2,0.08,19.0,4183.7719789648145,nan,nan,688966141.7613715,59573018.420360856,0.15214311583145898
onsite_damping_disorder,120.0,0.2,0.2,0.08,20.0,1786.0648343573343,nan,nan,105181894.75564894,10339001.916287575,0.18051011148589804
onsite_damping_disorder,120.0,0.2,0.2,0.08,21.0,3101.6162281584257,nan,nan,359325699.2883825,31258294.81091237,0.1377084122686258
onsite_damping_disorder,120.0,0.2,0.2,0.08,22.0,16970.895776879563,nan,nan,6904351719.052307,914007111.8829715,0.15702276283981867
onsite_damping_disorder,120.0,0.2,0.2,0.08,23.0,1693.6278658883343,nan,nan,193167260.1076497,9823231.484168347,0.14432034659028595
onsite_damping_disorder,120.0,0.2,0.2,0.08,24.0,10025.292486558441,nan,nan,3111217036.1744657,321082679.5595895,0.1680592473818625
onsite_damping_disorder,120.0,0.2,0.2,0.08,25.0,3555.58326725646,nan,nan,413817215.385352,41200321.91169332,0.13672747092290305
onsite_damping_disorder,120.0,0.2,0.2,0.08,26.0,1721.1675336859023,nan,nan,143665015.69958857,9670035.611008879,0.14535161183572504
onsite_damping_disorder,120.0,0.2,0.2,0.08,27.0,6848.399262893703,nan,nan,1228275413.48955,151422784.69838536,0.1462891723926303
onsite_damping_disorder,120.0,0.2,0.2,0.08,28.0,3745.9716479468566,nan,nan,840855661.1917176,44315718.23320451,0.1742802075621142
onsite_damping_disorder,120.0,0.2,0.2,0.08,29.0,3430.003589210517,nan,nan,576834866.0648029,36710339.50785879,0.1338943316879818
onsite_damping_disorder,120.0,0.2,0.2,0.08,30.0,1882.9291561989166,nan,nan,93933245.31632124,11670623.359733693,0.16002950419049575
onsite_damping_disorder,120.0,0.2,0.2,0.08,31.0,3035.246656265643,nan,nan,397477179.5497755,32030437.79445114,0.18709538387904726
onsite_damping_disorder,120.0,0.2,0.2,0.08,32.0,7448.47856057485,nan,nan,2368066398.906884,194623585.73322,0.17260027840823047
onsite_damping_disorder,120.0,0.2,0.2,0.08,33.0,2336.494291032694,nan,nan,210369252.1298884,17587594.25810942,0.1400163155072827
onsite_damping_disorder,120.0,0.2,0.2,0.08,34.0,16419.712869772542,nan,nan,7628219609.18931,929344481.6092508,0.14962703780852368
onsite_damping_disorder,120.0,0.2,0.2,0.08,35.0,2087.6064590171654,nan,nan,232682412.00886324,14958722.158726498,0.16821304194921982
onsite_damping_disorder,120.0,0.2,0.2,0.08,36.0,367.24712846394436,nan,nan,4444792.328499807,422249.0746640921,0.1858537420010538
onsite_damping_disorder,120.0,0.2,0.2,0.08,37.0,11504.406005382267,nan,nan,6204825230.865015,464771266.0487194,0.16460666645682998
onsite_damping_disorder,120.0,0.2,0.2,0.08,38.0,1393.5370133825497,nan,nan,73898871.3179918,6592089.96203862,0.18477274409972455
onsite_damping_disorder,120.0,0.2,0.2,0.08,39.0,2447.735420045784,nan,nan,196280758.02764684,19009306.903903045,0.18396211075155827
onsite_damping_disorder,120.0,0.2,0.2,0.08,40.0,3630.305143957531,nan,nan,771251355.2346644,45912859.642913096,0.1361544307844504
onsite_damping_disorder,120.0,0.2,0.2,0.08,41.0,1285.2205839768383,nan,nan,112143210.34455007,5466159.042691945,0.14285196277705087
onsite_damping_disorder,120.0,0.2,0.2,0.08,42.0,6037.526929520219,nan,nan,1101701911.930612,115958639.10051672,0.13646277289017036
onsite_damping_disorder,120.0,0.2,0.2,0.08,43.0,6732.6999813411485,nan,nan,1923079245.282124,146759697.64994535,0.13559758266304756
onsite_damping_disorder,120.0,0.2,0.2,0.08,44.0,9344.025458373633,nan,nan,4429092785.817303,276760436.8545914,0.1583147020166646
onsite_damping_disorder,120.0,0.2,0.2,0.08,45.0,8237.024455460862,nan,nan,2985410194.533807,237936018.19675228,0.16807798102247037
onsite_damping_disorder,120.0,0.2,0.2,0.08,46.0,4991.968977774903,nan,nan,1337140365.7937675,85632034.81771973,0.1473107931038052
onsite_damping_disorder,120.0,0.2,0.2,0.08,47.0,1940.3912345003089,nan,nan,165379066.3956331,12743393.11267395,0.15698578431775398
onsite_damping_disorder,120.0,0.2,0.2,0.08,48.0,14089.322569417993,nan,nan,7453446506.716986,642592219.6588618,0.1702510741592015
onsite_damping_disorder,120.0,0.2,0.2,0.08,49.0,1851.879726360654,nan,nan,177378096.7148324,11841867.088036263,0.15561634518583017
onsite_damping_disorder,120.0,0.2,0.2,0.08,50.0,2018.3588956929063,nan,nan,146707239.35169056,13826624.675606541,0.13733724372827488
onsite_damping_disorder,120.0,0.2,0.2,0.08,51.0,3493.20269478867,nan,nan,528680234.9178871,41496209.73169935,0.1616914753509535
onsite_damping_disorder,120.0,0.2,0.2,0.08,52.0,12762.08335773662,nan,nan,5789164048.10107,505719894.6868396,0.1669237092008781
onsite_damping_disorder,120.0,0.2,0.2,0.08,53.0,4335.609140761817,nan,nan,537521471.0282071,58280156.199761085,0.13300672715821638
onsite_damping_disorder,120.0,0.2,0.2,0.08,54.0,4770.013537790169,nan,nan,775972767.0562878,70403500.98601678,0.14181612946581837
onsite_damping_disorder,120.0,0.2,0.2,0.08,55.0,4276.154133757844,nan,nan,656153346.2266233,58297777.01512847,0.13985203688701867
onsite_damping_disorder,120.0,0.2,0.2,0.08,56.0,2006.8584289825721,nan,nan,109035561.43837187,12902022.426641027,0.1463713776887339
onsite_damping_disorder,120.0,0.2,0.2,0.08,57.0,1726.1821904961141,nan,nan,94112508.52957165,9632980.49911851,0.15366039782720703
onsite_damping_disorder,120.0,0.2,0.2,0.08,58.0,606.2627524236481,nan,nan,15663946.953508401,1225683.268076661,0.18482766656539695
onsite_damping_disorder,120.0,0.2,0.2,0.08,59.0,2924.4627902520056,nan,nan,462519952.7916012,29072416.638361186,0.1208113652897329
onsite_damping_disorder,120.0,0.2,0.2,0.08,60.0,13524.569840570832,nan,nan,4946358526.743034,595525498.7510742,0.11660663958424021
onsite_damping_disorder,120.0,0.2,0.2,0.08,61.0,2890.7340573804454,nan,nan,353817712.52361655,27130070.679049324,0.16401866206982116
onsite_damping_disorder,120.0,0.2,0.2,0.08,62.0,4441.4501014144635,nan,nan,890826261.7161932,62593460.262356,0.1350240751085397
onsite_damping_disorder,120.0,0.2,0.2,0.08,63.0,872.4543664970103,nan,nan,36108753.288676746,2536484.0787136,0.13884501291124007
onsite_damping_disorder,120.0,0.2,0.2,0.08,64.0,1745.0333163964324,nan,nan,128353496.0891594,10589534.557919951,0.1878711442980936
onsite_damping_disorder,120.0,0.2,0.2,0.08,65.0,10260.770897443299,nan,nan,3808098655.9038734,332804285.3082531,0.12925047918828478
onsite_damping_disorder,120.0,0.2,0.2,0.08,66.0,1429.554483152357,nan,nan,98030140.49412006,7075061.912684039,0.1535355815987234
onsite_damping_disorder,120.0,0.2,0.2,0.08,67.0,4947.604120194799,nan,nan,1190257139.0311697,82613383.47692387,0.13382514041719865
onsite_damping_disorder,120.0,0.2,0.2,0.08,68.0,3983.5931746625706,nan,nan,666838422.2386655,53433019.837907895,0.13332047775138836
onsite_damping_disorder,120.0,0.2,0.2,0.08,69.0,2804.324695849679,nan,nan,261030342.83192784,27044083.31265342,0.15557560558537514
onsite_damping_disorder,120.0,0.2,0.2,0.08,70.0,3523.9750643985326,nan,nan,406110234.65526724,41076065.55874745,0.14296030344425145
onsite_damping_disorder,120.0,0.2,0.2,0.08,71.0,3269.3335064975377,nan,nan,393073635.3034986,34281230.160796635,0.13879220107972365
onsite_damping_disorder,120.0,0.2,0.2,0.08,72.0,7348.737677324147,nan,nan,1711165880.9743328,176273804.2271112,0.16431335703161015
onsite_damping_disorder,120.0,0.2,0.2,0.08,73.0,2663.7453565052706,nan,nan,219420171.32446,23853061.5797104,0.15717067199837215
onsite_damping_disorder,120.0,0.2,0.2,0.08,74.0,1114.12040596182,nan,nan,61106887.908644795,4232391.944483373,0.1855340806377888
onsite_damping_disorder,120.0,0.2,0.2,0.08,75.0,4436.121435538849,nan,nan,748045698.7147963,65155308.13509307,0.18057780514338245
onsite_damping_disorder,120.0,0.2,0.2,0.08,76.0,14971.455917231197,nan,nan,9890139004.02686,780765814.7629825,0.15942811136874951
onsite_damping_disorder,120.0,0.2,0.2,0.08,77.0,2276.808368499234,nan,nan,293964558.7646544,16802486.01020319,0.1359305993383251
onsite_damping_disorder,120.0,0.2,0.2,0.08,78.0,5510.830180704105,nan,nan,1125581271.3816702,101401041.24098471,0.13452319346361596
onsite_damping_disorder,120.0,0.2,0.2,0.08,79.0,1654.2722498226772,nan,nan,98973378.13359469,9585548.01047406,0.15174630979543294
