omega,chi_N20,noise_N20,chi_N40,noise_N40,chi_N60,noise_N60,chi_N80,noise_N80,chi_N100,noise_N100
-0.8,0.0011035057205124633,1.6602479979122213,1.23125535608009e-06,1.660251762938537,1.3737941939910283e-09,1.6602517629432243,1.5328343370233383e-12,1.6602517629432243,1.7102860930951927e-15,1.6602517629432243
-0.798,0.001127081594466301,1.6694940272286267,1.284753934952804e-06,1.6694979717467566,1.4644837441057747e-09,1.6694979717518819,1.6693567370384062e-12,1.6694979717518819,1.9028903029559616e-15,1.6694979717518819
-0.796,0.0011511764709820343,1.678815396736209,1.3406148408876913e-06,1.6788195294835528,1.561227315630548e-09,1.6788195294891581,1.8181439267500708e-12,1.678819529489158,2.1173389072065276e-15,1.6788195294891581
-0.794,0.0011758020934535935,1.6882129381960531,1.3989440191728392e-06,1.688217268344218,1.664433478793342e-09,1.6882172683503476,1.9803071226296364e-12,1.6882172683503478,2.356126784220123e-15,1.6882172683503476
-0.792,0.001200970477606438,1.6976874951835241,1.4598522377857506e-06,1.6976920323603468,1.7745386717711259e-09,1.697692032367051,2.1570590612564325e-12,1.697692032367051,2.622035725546923e-15,1.697692032367051
-0.79,0.0012266939179475032,1.7072399232951019,1.5234553100620697e-06,1.707244677607816,1.8920091212644636e-09,1.7072446776151489,2.3497233501402024e-12,1.7072446776151489,2.918167655821967e-15,1.7072446776151489
-0.788,0.001252984994370443,1.7168710903595192,1.5898743277839302e-06,1.7168760724191194,2.0173428967650473e-09,1.7168760724271408,2.5597446867394636e-12,1.7168760724271408,3.247981724771717e-15,1.7168760724271408
-0.786,0.0012798565789199547,1.7265818766533214,1.659235905181662e-06,1.7265870976001938,2.151072107913269e-09,1.7265870976089688,2.7887000269174075e-12,1.726587097608969,3.615335725622598e-15,1.7265870976089688
-0.784,0.001307321842719024,1.7363731751209348,1.7316724343661959e-06,1.7363786466518196,2.2937652550093886e-09,1.7363786466614197,3.0383107917369946e-12,1.7363786466614197,4.024532347861245e-15,1.7363786466614197
-0.782,0.0013353942630630847,1.746245891599365,1.8073223527343494e-06,1.746251625995714,2.4460297434563065e-09,1.7462516260062175,3.310456209884743e-12,1.7462516260062175,4.480370832318219e-15,1.7462516260062175
-0.78,0.0013640876306851252,1.7562009450476441,1.886330422915309e-06,1.756206955205462,2.6085145736778613e-09,1.7562069552169555,3.6071879021988744e-12,1.7562069552169555,4.988204663707894e-15,1.7562069552169555
-0.778,0.00139341605719592,1.7662392677811214,1.9688480258535917e-06,1.7662455672423563,2.781913218876128e-09,1.7662455672549333,3.9307458248345465e-12,1.7662455672549333,5.554006010905045e-15,1.7662455672549333
-0.776,0.0014233939827036246,1.776361805710743,2.0550334676527725e-06,1.7763684086963147,2.966966703871695e-09,1.7763684087100784,4.283575698617595e-12,1.7763684087100784,6.1844377093423326e-15,1.7763684087100784
-0.774,0.0014540361836171017,1.7865695185874095,2.145052300833779e-06,1.7865764400319621,3.1644668992116086e-09,1.7865764400470254,4.6683480642003765e-12,1.7865764400470252,6.886933674026736e-15,1.7865764400470254
-0.772,0.0014853577806374595,1.7968633802515765,2.2390776606935287e-06,1.7968706358400455,3.3752600457414478e-09,1.796870635856533,5.087979115851608e-12,1.796870635856533,7.669788737020235e-15,1.7968706358565332
-0.77,0.001517374246942349,1.8072443788881887,2.337290617482085e-06,1.8072519850942843,3.600250525918768e-09,1.8072519851123312,5.545653481184061e-12,1.8072519851123312,8.54225902113313e-15,1.8072519851123312
-0.768,0.0015501014165677218,1.8177135172871097,2.439880545151502e-06,1.8177214914138071,3.84040489930661e-09,1.8177214914335633,6.044849129981648e-12,1.8177214914335633,9.514674093566875e-15,1.8177214914335633
-0.766,0.0015835554929918547,1.8282718131091613,2.5470455074655623e-06,1.8282801733313245,4.096756220928892e-09,1.8282801733529528,6.589364612656614e-12,1.828280173352953,1.0598562290993809e-14,1.8282801733529528
-0.764,0.00161775305792654,1.8389202991579285,2.658992662297615e-06,1.838929064567155,4.370408662502809e-09,1.8389290645908352,7.18334884789603e-12,1.838929064590835,1.1806790772975255e-14,1.8389290645908352
-0.762,0.0016527110803204786,1.8496600236574645,2.775938684983726e-06,1.849669214309301,4.662542457992673e-09,1.8496692143352296,7.831333699905476e-12,1.8496692143352298,1.315372204582114e-14,1.8496692143352296
-0.76,0.0016884469255800476,1.8604920505360483,2.898110211639885e-06,1.860501687499679,4.974419196461257e-09,1.8605016875280707,8.538269608497903e-12,1.860501687528071,1.4655388906359277e-14,1.860501687528071
-0.758,0.0017249783650126872,1.8714174597161448,3.0257443033960734e-06,1.8714275651266943,5.307387486837526e-09,1.8714275651577865,9.309564560304574e-12,1.8714275651577867,1.632968998729e-14,1.8714275651577865
-0.756,0.001762323585498361,1.8824373474107174,3.1590889325457425e-06,1.8824479445243136,5.6628890209801245e-09,1.8824479445583653,1.0151126716807907e-11,1.8824479445583657,1.8196608345832682e-14,1.8824479445583657
-0.754,0.0018005011993945824,1.8935528264260737,3.298403491657737e-06,1.8935639396778108,6.042465063304687e-09,1.8935639397151067,1.1069411044949981e-11,1.893563939715107,2.0278455828596334e-14,1.8935639397151067
-0.752,0.001839530254680705,1.9047650264713845,3.4439593267478247e-06,1.9047766815363498,6.4477633972658255e-09,1.904776681577202,1.2071470329000512e-11,1.9047766815772023,2.2600146271764947e-14,1.904776681577202
-0.75,0.0018794302453472838,1.9160750944750635,3.596040295660262e-06,1.9160873183325813,6.880545761155845e-09,1.9160873183773326,1.3165010978462156e-11,1.9160873183773328,2.5189500961027544e-14,1.9160873183773326
-0.748,0.0019202211220364293,1.927484194908173,3.754943352865476e-06,1.9274970159094578,7.342695808009726e-09,1.9274970159584839,1.4358454086349874e-11,1.927497015958484,2.807759018491868e-14,1.9274970159584839
-0.746,0.0019619233029392813,1.93899351011504,3.920979161937861e-06,1.9390069580544234,7.836227626899607e-09,1.9390069581081366,1.5661002235532365e-11,1.9390069581081366,3.129911517366033e-14,1.9390069581081366
-0.744,0.0020045576849568197,1.9506042406512774,4.094472737039404e-06,1.950618346841215,8.363294865580328e-09,1.950618346900068,1.708271259835455e-11,1.9506183469000682,3.489283522920866e-14,1.9506183469000682
-0.742,0.0020481456551303713,1.9623176056293674,4.275764114798084e-06,1.962332402979426,8.92620049731343e-09,1.9623324030439155,1.86345769268427e-11,1.962332403043916,3.8902045427607407e-14,1.9623324030439158
-0.74,0.0020927091023484226,1.9741348430720522,4.465209058038392e-06,1.9741503661720925,9.527407277778698e-09,1.974150366242764,2.0328609087912973e-11,1.9741503662427644,4.337511091952888e-14,1.9741503662427644
-0.738,0.0021382704293363584,1.9860572102736835,4.663179792890615e-06,1.9860734954814672,1.016954894127789e-08,1.986073495558919,2.2177940860594258e-11,1.9860734955589194,4.83660645773154e-14,1.9860734955589194
-0.736,0.002184852564936031,1.9980859841697771,4.870065780880517e-06,1.9981030697032343,1.0855442188977981e-08,1.9981030697881237,2.419692678092274e-11,1.9981030697881241,5.3935275546473036e-14,1.9981030697881241
-0.734,0.0022324789766821527,2.010222461714969,5.086274527677966e-06,2.0102403877493913,1.1588099525735862e-08,2.0102403878424395,2.6401258895410893e-11,2.01024038784244,6.015019716688616e-14,2.0102403878424404
-0.732,0.002281173683682717,2.0224679602695796,5.312232430264526e-06,2.0224867690399893,1.2370743006116145e-08,2.022486769141988,2.8808092366498907e-11,2.022486769141989,6.708620374592082e-14,2.022486769141989
-0.73,0.002330961269810812,2.0348238179950457,5.548385664365897e-06,2.034843553904039,1.3206818954585026e-08,2.034843554015859,3.143618296388197e-11,2.03484355401586,7.482752680542936e-14,2.0348435540158594
-0.728,0.0023818668972153284,2.0472913942584166,5.795201114083524e-06,2.047312103989766,1.4100013729540812e-08,2.0473121041123616,3.4306037574794375e-11,2.0473121041123625,8.346830270225068e-14,2.0473121041123625
-0.7260000000000001,0.0024339163201583013,2.059872070046186,6.053167345755105e-06,2.0598938026845364,1.5054270605873913e-08,2.0598938028189573,3.74400789751515e-11,2.059893802818958,9.31137449541154e-14,2.0598938028189577
-0.7240000000000001,0.002487135899186826,2.072567248387679,6.32279562817028e-06,2.072590055544632,1.6073807856128814e-08,2.0725900556920296,4.0862826222728304e-11,2.0725900556920305,1.0388145620841306e-13,2.0725900556920305
-0.7220000000000001,0.002541552615647488,2.085378354788263,6.604621001373141e-06,2.085402290735259,1.7163138116133895e-08,2.0854022908968988,4.460109216444733e-11,2.0854022908969,1.159028965915947e-13,2.0854022908968997
-0.7200000000000001,0.0025971940865517954,2.0983068376726424,6.899203396389715e-06,2.098331959480946,1.832708912715524e-08,2.098331959658218,4.868419969332346e-11,2.0983319596582195,1.2932502719526502e-13,2.0983319596582195
-0.7180000000000001,0.0026540885798008954,2.111354168838502,7.207128808333557e-06,2.1113805365267337,1.9570825953295078e-08,2.1113805367211644,5.314421854806982e-11,2.111380536721166,1.443121497184174e-13,2.111380536721166
-0.7160000000000001,0.00271226502977836,2.124521843920785,7.529010525461052e-06,2.124549520610379,2.0899874779986224e-08,2.1245495208236473,5.801622462101093e-11,2.1245495208236487,1.6104796582316238e-13,2.1245495208236487
-0.7140000000000001,0.0027717530533198794,2.137811382866862,7.865490416873037e-06,2.1378404349459044,2.232014840709617e-08,2.137840435179853,6.333858392937362e-11,2.1378404351798546,1.797378826075753e-13,2.1378404351798546
-0.7120000000000001,0.002832582966068976,2.1512243304229544,8.217240281691853e-06,2.1512548277188634,2.3837973558376245e-08,2.1512548279755173,6.91532636128352e-11,2.15125482797552,2.0061159379153304e-13,2.15125482797552
-0.7100000000000001,0.0028947857992279924,2.1647622566320024,8.58496326267733e-06,2.164794272593518,2.5460120137792143e-08,2.164794272875104,7.55061725480994e-11,2.164794272875106,2.2392596979150595e-13,2.164794272875106
-0.7080000000000001,0.0029583933167139404,2.1784267573434146,8.969395327394167e-06,2.1784603692324334,2.7193832572756345e-08,2.1784603695413978,8.244753442147015e-11,2.1784603695414004,2.499682938766624e-13,2.1784603695414004
-0.7060000000000001,0.003023438032728905,2.192219454734923,9.371306820190234e-06,2.1922547438287188,2.904686339441124e-08,2.192254744167749,9.003229637469722e-11,2.192254744167753,2.790598861032586e-13,2.1922547441677525
-0.7040000000000001,0.003089953229755007,2.206141997846931,9.791504088406682e-06,2.2061790496513156,3.1027509216016983e-08,2.2061790500233687,9.832057664050598e-11,2.2061790500233722,3.1156016177835406e-13,2.2061790500233722
-0.7020000000000001,0.003157972976984124,2.2201960631296647,1.0230831186406546e-05,2.2202349676037194,3.3144649282182575e-08,2.220234968012043,1.0737815491458065e-10,2.2202349680120474,3.4787117687372427e-13,2.2202349680120474
-0.7000000000000001,0.0032275321491928017,2.234383355003497,1.0690171661183336e-05,2.2344242067964997,3.540778677422265e-08,2.2344242072446665,1.1727700957329984e-10,2.234424207244671,3.8844271917240764e-13,2.2344242072446714
-0.6980000000000001,0.0032986664460730817,2.2487056064327993,1.117045042349463e-05,2.2487485051340297,3.78270930703816e-08,2.2487485056259655,1.2809590624436655e-10,2.2487485056259713,4.337780110682982e-13,2.2487485056259713
-0.6960000000000001,0.0033714124120301464,2.263164579513689,1.1672635708657814e-05,2.263209629915826,4.041345517411448e-08,2.26320963045585,1.399210426740852e-10,2.263209630455856,4.844400979489414e-13,2.2632096304558567
-0.6940000000000001,0.003445807456457994,2.2777620660760682,1.2197741131346747e-05,2.277809378452935,4.317852653911393e-08,2.277809379045795,1.5284675531420467e-10,2.2778093790458023,5.410590050801626e-13,2.2778093790458023
-0.6920000000000001,0.003521889874504644,2.2924998883003442,1.2746827838940666e-05,2.2925495786997985,4.61347815364175e-08,2.2925495793507147,1.6697629357719898e-10,2.292549579350723,6.043397559988533e-13,2.292549579350723
-0.6900000000000001,0.0035996988683384672,2.3073798993492383,1.332100676819733e-05,2.3074320899020595,4.929557382678103e-08,2.3074320906167753,1.824226682860899e-10,2.3074320906167856,6.750713567419247e-13,2.3074320906167856
-0.6880000000000001,0.0036792745689278048,2.322403984015099,1.3921441010256108e-05,2.3224588032607447,5.2675198920671726e-08,2.322458804045578,1.9930958147854047e-10,2.3224588040455885,7.541368629471208e-13,2.3224588040455885
-0.686,0.0037606580583459865,2.3375740593831775,1.4549348289221808e-05,2.337631642613373,5.628896122881863e-08,2.3376316434752704,2.1777244542057176e-10,2.3376316434752833,8.425246611261946e-13,2.337631643475283
-0.684,0.003843891392614454,2.352892075511292,1.52060035598351e-05,2.3529525651324454,6.015324592832729e-08,2.3529525660790505,2.379594994487205e-10,2.352952566079065,9.413411114232162e-13,2.352952566079065
-0.682,0.003929017625096637,2.3683600161263234,1.589274173000408e-05,2.368423562041806,6.428559599306972e-08,2.3684235630815285,2.6003303409770617e-10,2.3684235630815453,1.0518247171473401e-12,2.3684235630815453
-0.68,0.004016080830455939,2.383979899338069,1.661096051425617e-05,2.384046659351493,6.870479476252285e-08,2.384046660493585,2.841707328910451e-10,2.3840466604936044,1.1753620065521664e-12,2.3840466604936044
-0.678,0.004105126129191108,2.399753778370918,1.736212342446294e-05,2.3998239186115775,7.343095445052312e-08,2.39982391986622,3.1056714318234944e-10,2.3998239198662423,1.3135053349937603e-12,2.3998239198662423
-0.676,0.004196199712762806,2.4156837423138304,1.814776290450112e-05,2.4157574376855475,7.848561102473042e-08,2.4157574390639436,3.3943528854443233e-10,2.4157574390639693,1.4679928410436663e-12,2.4157574390639693
-0.674,0.0042893488693253965,2.431771916889182,1.8969483615841544e-05,2.431849351543903,8.389182591908745e-08,2.431849353058383,3.7100843642159726e-10,2.4318493530584124,1.6407708187059508e-12,2.431849353058413
-0.672,0.004384622010078435,2.448020465240997,1.9828965881395438e-05,2.448101833078482,8.967429507532641e-08,2.448101834742617,4.0554203609789025e-10,2.4481018347426513,1.834018799972418e-12,2.4481018347426513
-0.67,0.004482068696252373,2.4644315887431203,2.072796929531e-05,2.4645170939382464,9.585946584588482e-08,2.4645170957669738,4.4331584350317954e-10,2.464517095767013,2.05017767798643e-12,2.464517095767013
-0.668,0.004581739666743732,2.4810075278279022,2.1668336506778507e-05,2.4810973853871126,1.0247566232951848e-07,2.481097387396876,4.846362509917807e-10,2.481097387396921,2.2919812415568326e-12,2.481097387396921
-0.666,0.0046836868664149435,2.4977505628359866,2.2651997186325816e-05,2.497844999184535,1.0955321975272596e-07,2.4978450013934363,5.298388419999534e-10,2.4978450013934888,2.56249153722263e-12,2.4978450013934888
-0.664,0.004787963475074736,2.5146630148878404,2.3680972183445712e-05,2.5147622684895845,1.1712462855501965e-07,2.514762270917557,5.792911924342821e-10,2.5147622709176165,2.865138526132388e-12,2.5147622709176165
-0.662,0.004894623937154983,2.5317472467775866,2.47573778848961e-05,2.5318515687891536,1.2522468888423092e-07,2.5318515714581413,6.333959427795131e-10,2.5318515714582097,3.203764560361134e-12,2.5318515714582097
-0.66,0.005003723992100631,2.549005663889869,2.588343078342125e-05,2.5491153188511673,1.3389067625988374e-07,2.5491153217853375,6.925941672620674e-10,2.549115321785416,3.582674267731366e-12,2.549115321785416
-0.658,0.005115320705489314,2.5664407151403563,2.706145226714e-05,2.566555981703485,1.4316251921816612e-07,2.566555984929451,7.573690689830024e-10,2.566555984929541,4.006690506598694e-12,2.5665559849295407
-0.656,0.005229472500898053,2.5840548939406256,2.8293873640347255e-05,2.5841760656393546,1.530829898117755e-07,2.5841760691864284,8.282500327666179e-10,2.5841760691865323,4.481217133408342e-12,2.5841760691865323
-0.654,0.00534623919253439,2.6018507391880905,2.958324138699709e-05,2.6019781252502394,1.6369790790195877e-07,2.601978129150707,9.058170705816039e-10,2.6019781291508264,5.012309417225118e-12,2.6019781291508264
-0.652,0.005465682018650029,2.6198308362817384,3.0932222688691124e-05,2.6199647624869016,1.7505636024890808e-07,2.6199647667763273,9.90705697809399e-10,2.6199647667764645,5.60675303814407e-12,2.619964766776464
-0.65,0.005587863675755378,2.6379978181644694,3.23436112095743e-05,2.638138627749636,1.872109354805771e-07,2.6381386324671983,1.0836122823891091e-09,2.6381386324673564,6.2721527219031425e-12,2.6381386324673564
-0.648,0.005712848353653556,2.656354366392724,3.382033316114415e-05,2.6565024210085864,2.0021797609930963e-07,2.6565024261974504,1.1852999129931554e-09,2.6565024261976324,7.017031692722357e-12,2.6565024261976324
-0.646,0.005840701771313208,2.674903212234328,3.5365453660622866e-05,2.675058892955125,2.1413784877094574e-07,2.6750588986628534,1.2966048369204166e-09,2.675058898663062,7.850943272170963e-12,2.675058898663062
-0.644,0.005971491213599587,2.6936471377952924,3.6982183397204744e-05,2.6938108461853094,2.2903523423256517e-07,2.6938108524643085,1.4184435233732277e-09,2.6938108524645497,8.7845961157071e-12,2.693810852464549
-0.642,0.0061052855688840234,2.7125889771765066,3.867388562119511e-05,2.7127611364164093,2.4497943825331546e-07,2.712761143324436,1.5518204132563025e-09,2.712761143324713,9.829994762698707e-12,2.712761143324713
-0.64,0.006242155367552086,2.731731617661171,4.0444083471794e-05,2.7319126737376807,2.6204472518839333e-07,2.731912681338387,1.6978364226488087e-09,2.731912681338706,1.100059738275772e-11,2.731912681338706
-0.638,0.006382172821431389,2.751078000933875,4.229646766004424e-05,2.7512684238963887,2.803106757795276e-07,2.7512684322599337,1.8576982737071746e-09,2.751268432260301,1.231149283393316e-11,2.7512684322603014
-0.636,0.006525411864160371,2.7706311243323545,4.4234904524281e-05,2.7708314096203575,2.9986257097720057e-07,2.770831418824077,2.0327287340181773e-09,2.7708314188245,1.3779599409948737e-11,2.7708314188245
-0.634,0.006671948192519841,2.790394042132805,4.626344447626314e-05,2.7906047119781925,3.207918036905406e-07,2.790604722107342,2.22437785340065e-09,2.790604722107829,1.542388794781163e-11,2.790604722107829
-0.632,0.006821859308749448,2.8103698668698334,4.8386330857056406e-05,2.8105914717784097,3.4319632051129386e-07,2.8105914829269816,2.4342352959237406e-09,2.8105914829275425,1.726563229784376e-11,2.8105914829275425
-0.63,0.006975224563871939,2.8305617706920874,5.060800922268371e-05,2.8307948910088685,3.6718109560927645e-07,2.8307949032804984,2.664043874549371e-09,2.830794903281145,1.9328690530070752e-11,2.8307949032811446
-0.628,0.0071321252020482735,2.8509729867546096,5.2933137080521755e-05,2.851218234317759,3.9285863915858153e-07,2.851218247826723,2.9157144063982836e-09,2.8512182478274672,2.1639820669049398e-11,2.8512182478274672
-0.626,0.00729264440598735,2.8716068106490784,5.5366594098466424e-05,2.871864830537591,4.2034954282805227e-07,2.871864845409911,3.1913420182847564e-09,2.8718648454107685,2.422903521947199e-11,2.8718648454107685
-0.6240000000000001,0.007456867343434497,2.892466601873057,5.791349280995886e-05,2.89273807425367,4.497830650564283e-07,2.8927380906283315,3.493224044963263e-09,2.8927380906293196,2.7129999273713425e-11,2.8927380906293196
-0.6220000000000001,0.007624881214763512,2.9135557853394687,6.057918983910039e-05,2.9138414274185243,4.812977590334283e-07,2.913841445448824,3.8238796765995185e-09,2.9138414454499624,3.03804775872544e-11,2.9138414454499624
-0.6200000000000001,0.007796775301697179,2.9348778529275052,6.336929767126614e-05,2.935178421013884,5.150421465237581e-07,2.935178440868917,4.186071527443838e-09,2.935178440870228,3.402283667685763e-11,2.935178440870229
-0.6180000000000001,0.00797264101718236,2.9564363650762617,6.628969699588163e-05,2.9567526567618643,5.511754409028701e-07,2.9567526786281704,4.582829314687426e-09,2.956752678629682,3.81046087488131e-11,2.956752678629682
-0.6160000000000001,0.008152571956445528,2.978234952422405,6.93465496493172e-05,2.9785678088870147,5.898683230220628e-07,2.9785678329703944,5.0174758551709184e-09,2.9785678329721366,4.267912511091313e-11,2.9785678329721366
-0.6140000000000001,0.008336663949255823,3.0002773174832384,7.254631218724309e-05,3.0006276259310445,6.313037737881632e-07,3.0006276524585673,5.493655608165542e-09,3.000627652460576,4.780622767393092e-11,3.0006276524605764
-0.6120000000000001,0.008525015113422725,3.0225672363865694,7.589575011720612e-05,3.022935932622033,6.756779676301048e-07,3.0229359618442597,6.015366015036568e-09,3.022935961846575,5.355306821942411e-11,3.022935961846576
-0.6100000000000001,0.008717725909556292,3.0451085606488117,7.94019528237111e-05,3.045496631800058,7.232012313334746e-07,3.045496663993492,6.586991911439099e-09,3.045496663996163,5.999500631568666e-11,3.045496663996163
-0.6080000000000001,0.008914899197118437,3.0679052190028697,8.307234921965786e-05,3.0683137064012174,7.740990730555203e-07,3.06831374187102,7.213343315005436e-09,3.0683137418741,6.721661811937312e-11,3.0683137418741007
-0.6060000000000001,0.00911664029179408,3.0909612192772893,8.691472415964738e-05,3.0913912215021018,8.286132866892994e-07,3.091391260585091,7.899696921512146e-09,3.0913912605886433,7.531282982570396e-11,3.0913912605886438
-0.6040000000000001,0.00932305702421196,3.1142806503283498,9.093723565241476e-05,3.1147333264269204,8.870031371283828e-07,3.114733369494888,8.65184167553591e-09,3.1147333694989854,8.439019124653425e-11,3.1147333694989863
-0.6020000000000001,0.009534259800044943,3.1378676840266957,9.514843291145338e-05,3.1383442569194813,9.495466323943335e-07,3.13834430438286,9.476128817912311e-09,3.1383443043875867,9.45683069268963e-11,3.138344304387587
-0.6000000000000001,0.009750361661520768,3.1617265773002488,9.95572752848211e-05,3.1622283373823556,1.01654188903099e-06,3.1622283896942758,1.0379526852240427e-08,3.1622283896997296,1.0598144438403541e-10,3.16222838969973
-0.5980000000000001,0.009971478350374492,3.185861674235179,0.00010417315210711699,3.1863899831856872,1.0883085976438956e-06,3.186390040846463,1.1369681916581896e-08,3.1863900408527566,1.1878034149882502e-10,3.186390040852757
-0.5960000000000001,0.01019772837227448,3.210277408236735,0.00010900590351871558,3.2108337030481318,1.1651895959728653e-06,3.210833766610221,1.2454984094786272e-08,3.2108337666174833,1.3313423784208886e-10,3.210833766617484
-0.5940000000000001,0.010429233062754449,3.2349783042518556,0.0001140658422995638,3.2355641014926415,1.2475525574334643e-06,3.23556417156614,1.3644640254979554e-08,3.2355641715745223,1.4923315781646962e-10,3.2355641715745236
-0.5920000000000001,0.010666116654684758,3.2599689810554953,0.00011936377676713319,3.2605858813797317,1.3357918036510649e-06,3.2605859586384405,1.4948754061145646e-08,3.2605859586481163,1.6729047698139033e-10,3.260585958648117
-0.5900000000000001,0.010908506347316597,3.2852541536027218,0.00012491103479057083,3.2859038465212027,1.4303302501436747e-06,3.285903931709349,1.637841386796757e-08,3.285903931720519,1.8754580685368773e-10,3.2859039317205205
-0.5880000000000001,0.011156532376933462,3.3108386354486212,0.00013071948897560627,3.3115229043771883,1.5316214949882498e-06,3.311522998316861,1.7945789279728663e-08,3.311522998329757,2.1026823789443763e-10,3.311522998329759
-0.5860000000000001,0.011410328089144908,3.336727341238238,0.0001368015830774634,3.337448068839767,1.6401520610353099e-06,3.337448172439142,1.966423723178056e-08,3.3374481724540335,2.357599853660273e-10,3.337448172454036
-0.5840000000000001,0.011670030012858167,3.3629252892687322,0.00014317035970178854,3.3636844631062344,1.756443803019775e-06,3.363684577368681,2.1548418538533797e-08,3.3636845773858783,2.6436048834213635e-10,3.363684577385881
-0.5820000000000001,0.011935777935963846,3.3894376041261047,0.00014983948935656783,3.3902373226455578,1.881056491758865e-06,3.3902374486797147,2.36144259459402e-08,3.390237448699578,2.9645101845658907e-10,3.3902374486995805
-0.5800000000000001,0.012207714982772667,3.416269519398848,0.00015682330092104657,3.417111998261448,2.0145905885318553e-06,3.4171121372923796,2.5879924829821284e-08,3.4171121373153235,3.324598620731666e-10,3.417112137315327
-0.5780000000000001,0.01248598769324068,3.4434263804710348,0.0001641368136008958,3.4443139592557146,2.1576902237089114e-06,3.4443141126372585,2.8364307795138068e-08,3.444314112663764,3.728681475482592e-10,3.4443141126637684
-0.5760000000000001,0.01277074610402119,3.470913647397361,0.0001717957704422549,3.4718487966958627,2.3110463947407734e-06,3.471848965924301,3.1088864556415597e-08,3.4718489659549254,4.1821639825433574e-10,3.4718489659549308
-0.5740000000000001,0.013062143831382237,3.4987368978628295,0.00017981667348079271,3.499722226790804,2.47540039974253e-06,3.4997224135200007,3.407696861715111e-08,3.4997224135553875,4.691119021613966e-10,3.499722413555394
-0.5720000000000001,0.013360338156028894,3.5269018302297717,0.00018821682060564962,3.527940094378949,2.6515475241106373e-06,3.527940300437112,3.735428241744623e-08,3.527940300478007,5.262370001798657e-10,3.5279403004780154
-0.5700000000000001,0.013665490109870887,3.555414266675066,0.0001970143442220091,3.5565083765329963,2.8403409989072832e-06,3.5565086039412392,4.09489827856523e-08,3.5565086039885054,5.903584083125029e-10,3.556508603988515
-0.5680000000000001,0.013977764564775855,3.5842801564204696,0.0002062282518001202,3.5854331862860587,3.04269625113805e-06,3.585433437278958,4.489200871305711e-08,3.5854334373335943,6.623377031274236e-10,3.5854334373336063
-0.5660000000000001,0.014297330323350087,3.613505579059069,0.00021587846840284575,3.61472077648381,3.2595954675430987e-06,3.614721053532177,4.921733367220539e-08,3.61472105359534,7.431431163533408e-10,3.6147210535953547
-0.5640000000000001,0.014624360211788465,3.643096747981045,0.00022598588128830394,3.6443775437676895,3.4920924951291187e-06,3.644377849603794,5.3962264921230177e-08,3.644377849676823,8.338628027438195e-10,3.644377849676841
-0.562,0.014959031174836598,3.6730600139018956,0.00023657238668884292,3.6744100326943525,3.7413181033942716e-06,3.674410370339865,5.9167772480548126e-08,3.6744103704243116,9.35719766018778e-10,3.674410370424333
-0.56,0.015301524372908338,3.7034018684965613,0.00024766093887250727,3.704824939996831,4.008485635052696e-06,3.7048253127937842,6.487885073671383e-08,3.704825312891445,1.0500886509629365e-09,3.70482531289147
-0.558,0.015652025281402873,3.7341289481428563,0.0002592756015982945,3.7356291189930664,4.2948970740566245e-06,3.735629530638159,7.11449159235564e-08,3.7356295307511136,1.1785146359721988e-09,3.7356295307511447
-0.556,0.016010723792265827,3.765248037777811,0.0002714416020818931,3.7668295841477795,4.6019495618541044e-06,3.76683003873039,7.802024305566788e-08,3.766830038861051,1.3227346898632673e-09,3.7668300388610882
-0.554,0.01637781431783987,3.7967660748706407,0.00028418538759425406,3.7984335157939477,4.9311423951195585e-06,3.7984340178382654,8.556444624683829e-08,3.798434017989425,1.4847014900186377e-09,3.79843401798947
-0.552,0.016753495897050646,3.8286901535161713,0.0002975346848212439,3.830448265020351,5.284084540663636e-06,3.830448819532071,9.38430067393838e-08,3.8304488197069655,1.6666103364012438e-09,3.8304488197070206
-0.55,0.017137972303974614,3.86102752865267,0.0003115185621188437,3.8628813587320296,5.662502705882283e-06,3.862881971250107,1.0292785340313645e-07,3.862881971452487,1.8709294381744325e-09,3.862881971452554
-0.548,0.017531452158835798,3.893785620408241,0.00032616749480484926,3.895740504890842,6.0682500059559264e-06,3.8957411815448726,1.1289800093910717e-07,3.8957411817790866,2.100433997204566e-09,3.895741181779168
-0.546,0.017934149041479608,3.926972018579967,0.00034151343363482113,3.929033597943517,6.5033152720706345e-06,3.9290343455173513,1.238402515467986e-07,3.9290343457884376,2.358244566281238e-09,3.9290343457885357
-0.544,0.018346281607371562,3.9605944872502223,0.0003575898766171627,3.9627687244451186,6.969833048223742e-06,3.9627695504473883,1.3584996639074403e-07,3.9627695507611906,2.647870220229961e-09,3.9627695507613097
-0.542,0.018768073706170205,3.9946609695447126,0.00037443194432967565,3.9969541688860915,7.470094327709789e-06,3.9969550816284256,1.4903191383625579e-07,3.9969550819917163,2.9732571460722868e-09,3.996955081991861
-0.54,0.019199754502923636,4.029179592536936,0.00039207645890771634,4.031598419731467,8.006558084177888e-06,4.03159942841522,1.6350120212242272e-07,4.031599428835856,3.3388433349787196e-09,4.03159942883603
-0.538,0.019641558601939616,4.0641586723039,0.0004105620268823272,4.066710175681355,8.581863656231385e-06,4.0667112904938065,1.7938430490858294e-07,4.066711290980894,3.749620145056733e-09,4.066711290981107
-0.536,0.020093726173379945,4.099606719138165,0.00042992912605519044,4.102298352162007,9.198844048917794e-06,4.102299584383061,1.9682018897563074e-07,4.1022995849471675,4.211201601244708e-09,4.102299584947426
-0.534,0.020556503082629973,4.1355324429213836,0.0004502201966062934,4.138372088057506,9.860540220164555e-06,4.138373450178046,2.159615542936389e-07,4.138373450831428,4.7299024081406834e-09,4.1383734508317405
-0.532,0.021030141022495504,4.171944758664788,0.0004714797366395717,4.174940752692462,1.0570216425269703e-05,4.174942258545667,2.369761976906638e-07,4.174942259302543,5.312825775040052e-09,4.174942259302923
-0.53,0.02151489764827778,4.208852792222058,0.0004937544023815542,4.212013953076545,1.1331376697982146e-05,4.21201561798358,2.6004851248364184e-07,4.2120156188604465,5.9679622915543284e-09,4.2120156188609075
-0.528,0.02201103671578088,4.246265886180517,0.0005170931132584313,4.24960154142242,1.2147782552540757e-05,4.249603382354088,2.8538113767154776e-07,4.249603383370089,6.704301248928177e-09,4.2496033833706495
-0.526,0.02251882822230289,4.28419360593643,0.0005415471620876188,4.287713622949009,1.3023471997299232e-05,4.287715658705157,3.131967716543873e-07,4.28771565988251,7.531955978795243e-09,4.28771565988319
-0.524,0.023038548550664836,4.322645745960715,0.0005671703306312399,4.326360563982806,1.396277995729325e-05,4.326362815391419,3.437401669421027e-07,4.326362816755911,8.462304980153103e-09,4.326362816756738
-0.522,0.023570480616331005,4.361632336261321,0.0005940190107706766,4.365553000370408,1.4970360210325644e-05,4.3655554905086,3.7728032396831876e-07,4.365555492090166,9.508150829628117e-09,4.36555549209117
-0.52,0.024114914017674675,4.401163649048972,0.0006221523315737155,4.405301846216309,1.6051208948906482e-05,4.405304600655631,4.1411290394067926e-07,4.405304602489023,1.0683899122867331e-08,4.405304602490244
-0.518,0.024672145189443207,4.441250205613047,0.0006516322925386436,4.445618302960436,1.7210690088710164e-05,4.445621350039202,4.5456288265833734e-07,4.445621352164771,1.2005759979734918e-08,4.4456213521662535
-0.516,0.0252424775594774,4.481902783414617,0.0006825239033132779,4.4865138688110555,1.8454562453165053e-05,4.486517239936701,4.989874694270562e-07,4.486517242401302,1.349197496700956e-08,4.486517242403104
-0.514,0.025826221708739338,4.523132423403994,0.000714895330200838,4.528000348549017,1.978900897338856e-05,4.528004078533815,5.477793176223966e-07,4.528004081391867,1.5163072654035866e-08,4.528004081394058
-0.512,0.026423695534704195,4.564950437570333,0.0007488180497794746,4.570089863720403,2.122066805300149e-05,4.570093991154288,6.01370056114827e-07,4.570093994468999,1.704215642449571e-08,4.5700939944716605
-0.51,0.027035224418170363,4.607368416731008,0.0007843670099777106,4.612794863235708,2.2756667258433294e-05,4.612799430900306,6.602341737011173e-07,4.612799434745099,1.9155228626953513e-08,4.612799434748336
-0.508,0.027661141393543292,4.650398238568945,0.0008216207989639879,4.656128134393982,2.4404659507210215e-05,4.656133189722489,7.248932919101664e-07,4.656133194182665,2.1531555664651273e-08,4.656133194186601
-0.506,0.028301787322647612,4.69405207592615,0.0008606618222256801,4.700102814352205,2.6172861939502848e-05,4.700108409940202,7.959208650998502e-07,4.700108415114877,2.4204079208669364e-08,4.700108415119662
-0.504,0.02895751107212318,4.7383424053621255,0.0009015764882303242,4.744732402060535,2.807009767190346e-05,4.744738596233473,8.739473506643928e-07,4.744738602237823,2.7209879376295e-08,4.744738602243644
-0.502,0.029628669694459025,4.78328201598607,0.0009444554030802882,4.790030770685377,3.010584064712044e-05,4.790037628129049,9.596658964666424e-07,4.790037635096933,3.0590696457739094e-08,4.790037635104013
-0.5,0.03031562861272003,4.828884018572026,0.0009893935745915112,4.836012180543671,3.229026380908478e-05,4.836019773004757,1.0538385973355164e-06,4.83601978109176,3.439351860983031e-08,4.836019781100374
-0.49800000000000005,0.031018761809021356,4.875161854966632,0.001036490626246872,4.882691292572667,3.463429084990702e-05,4.8826996996371905,1.1573033776672544e-06,4.882699709024178,3.8671243876894085e-08,4.882699709034659
-0.49600000000000005,0.03173845201680298,4.922129307799166,0.00108585102149579,4.930083182360832,3.714965179332706e-05,4.930092492319308,1.2709815628891036e-06,4.930092503216555,4.3483425960245207e-08,4.93009250322931
-0.49400000000000005,0.03247509091695973,4.969800510504184,0.0011375842988937917,4.978203354767285,3.9848942698844044e-05,4.9782136655762805,1.395886208837358e-06,4.97821367822828,4.889711435377313e-08,4.9782136782438045
-0.49200000000000005,0.03322907933787806,5.018189957667232,0.0011918053185984597,5.027067759158138,4.274568979166552e-05,5.027079179509111,1.5331312650240909e-06,5.027079194200183,5.498780081103439e-08,5.027079194219081
-0.49000000000000005,0.03400082745943314,5.067312515704462,0.00124863452076226,5.076692805290017,4.585441834612313e-05,5.076705455797519,1.683941655383412e-06,5.076705472858331,6.184048562847322e-08,5.076705472881338
-0.48800000000000004,0.03479075502099729,5.117183433887484,0.0013081981963877017,5.127095379872641,4.919072667434674e-05,5.127109394395334,1.8496643684663598e-06,5.1271094142105,6.955087894154372e-08,5.127109414238516
-0.48600000000000004,0.03559929153351037,5.167818355724927,0.0013706287712363875,5.178292863844035,5.2771365597896304e-05,5.178308390953525,2.031780658270265e-06,5.178308413970466,7.822675416013339e-08,5.178308414004586
-0.48400000000000004,0.03642687649566274,5.219233330712846,0.0014360651034106913,5.230303150393912,5.6614323807848614e-05,5.230320355008091,2.23191946702663e-06,5.230320381747349,8.7989472844359e-08,5.230320381788906
-0.48200000000000004,0.03727395961423819,5.271444826466168,0.001504652795255185,5.283144663772626,6.0738919548660666e-05,5.283163728972145,2.45187219242363e-06,5.283163760039399,9.897570277265193e-08,5.283163760090025
-0.48000000000000004,0.03814100102866651,5.324469741244269,0.0015765445202547059,5.336836378925398,6.516589909313243e-05,5.336857507973967,2.6936089340060245e-06,5.336857544074055,1.113393537160865e-07,5.336857544135733
-0.47800000000000004,0.03902847153982909,5.378325416883472,0.0016519003656366796,5.391397841993602,6.991754251010933e-05,5.391421260585268,2.9592963669868945e-06,5.391421302538497,1.2525375854558386e-07,5.391421302613654
-0.47600000000000003,0.03993685284316549,5.433029652150536,0.0017308881914176036,5.446849191727253,7.501777726337823e-05,5.446875150486344,3.2513174065441775e-06,5.446875199247533,1.409141308064014e-07,5.446875199339127
-0.47400000000000003,0.040866637766121455,5.488600716530901,0.00181368400666738,5.503211181855684,8.04923002197161e-05,5.5032399591181544,3.5722928419962224e-06,5.5032400157988155,1.5854033384738148e-07,5.503240015910455
-0.47200000000000003,0.041818330509981676,5.545057364466399,0.001900472363799741,5.5605052044655,8.636870868636117e-05,5.560537109373621,3.925105138195821e-06,5.560537175267829,1.7838000104688522e-07,5.560537175403922
-0.47000000000000003,0.042792446896125214,5.602418850057341,0.001991446771734151,5.618753314438479,9.267664114363759e-05,5.618788690384552,4.312924621222654e-06,5.6187887669990975,2.0071205169724243e-07,5.618788767165023
-0.468,0.043789514616742915,5.660704942244529,0.002086810128811949,5.677978255004424,9.944792838710958e-05,5.678017483463233,4.739238287154628e-06,5.6780175725528,2.2585065276577103e-07,5.678017572755127
-0.466,0.04481007349004962,5.7199359404871135,0.0021867751763895715,5.738203484467791,0.00010671675584588158,5.738246989262116,5.207881496566181e-06,5.738247092870304,2.541496831242282e-07,5.73824709311705
-0.464,0.04585467572002549,5.780132690952799,0.0022915649740727177,5.799453204169944,0.00011451983789961856,5.799501456218552,5.723072843641198e-06,5.799501576725712,2.8600776402017955e-07,5.799501577026674
-0.462,0.04692388616071581,5.841316603237416,0.0024014133975981985,5.861752387752682,0.00012289660507684057,5.861805910355869,6.289452517637714e-06,5.861806050534929,3.2187392765558006e-07,5.861806050902066
-0.46,0.048018282585115736,5.903509667631317,0.002516565660415161,5.92512681179277,0.00013188940508138597,5.925186186516927,6.912124506162215e-06,5.9251863495984995,3.6225400485509694e-07,5.9251863500464275
-0.458,0.04913845595866516,5.966734472950755,0.002637278860063478,5.989603087880824,0.00014154371866280057,5.989668961110551,7.596703024575799e-06,5.989669150858918,4.0771782307826287e-07,5.989669151405494
-0.456,0.050285010717372874,6.031014224952794,0.002763822550495909,6.055208696223035,0.000151908391420321,6.05528178645727,8.349363594189112e-06,6.055282007259052,4.5890731760223956e-07,6.055282007926082
-0.454,0.051458565050587955,6.09637276535301,0.0028964793415404066,6.121972020848147,0.0001630358827091795,6.122053126825592,9.176899234028431e-06,6.122053383793205,5.165456717386175e-07,6.122053384607354
-0.452,0.05265975118843066,6.162834591465673,0.00303554552675173,6.1899223865077415,0.00017498253290279225,6.190012396256748,1.0086782277267105e-05,6.190012695349195,5.814476166344618e-07,6.190012696343047
-0.45,0.053889215693892635,6.230424876486898,0.003181331740955533,6.2590900973627965,0.00018780885035515869,6.259189998281905,1.108723237430504e-05,6.259190346445755,6.545310377512848e-07,6.259190347659137
-0.44800000000000006,0.055147619759610404,6.299169490441621,0.0033341636488444042,6.3295064775551895,0.0002015798195050506,6.3296173676428005,1.2187291300405235e-05,6.329617772976773,7.368300537505523e-07,6.329617774458381
-0.44600000000000006,0.05643563950931202,6.3690950218161095,0.003494382666044526,6.40120391376926,0.0002163652316677948,6.401327014134676,1.3396905247257758e-05,6.401327486081824,8.295097545042268e-07,6.401327487891193
-0.44400000000000006,0.057753966303931654,6.440228799898141,0.0036623467141316695,6.474215899894373,0.00023224004017188918,6.4743525686978085,1.4727015345358595e-05,6.474353118269907,9.338828085884893e-07,6.474353120479844
-0.44200000000000006,0.059103307052381523,6.512598917847737,0.0038384310111389142,6.548577083906702,0.0002492847416171653,6.548728831893018,1.618965723828348e-05,6.548729471932628,1.0514281772433062e-06,6.548729474632174
-0.44000000000000006,0.06048438452696553,6.586234256522098,0.004023028899163926,6.624323317095765,0.00026758578515901916,6.624491824905828,1.779807061143638e-05,6.624492570392369,1.1838122017633591e-06,6.624492573690437
-0.43800000000000006,0.06189793768341071,6.661164509078717,0.0042165527107510675,6.701491705768795,0.0002872360118600073,6.701678843233794,1.95668196673738e-05,6.701679711641064,1.3329123650488643e-06,6.701679715670888
-0.43600000000000005,0.0633447219854895,6.737420206381708,0.00441943467579466,6.780120665574607,0.0003083351262965578,6.780328513222611,2.15119256381405e-05,6.780329524936434,1.5008440660627131e-06,6.780329529861025
-0.43400000000000005,0.064825509734196,6.815032743236863,0.004632127870781978,6.8602499785973965,0.0003309902027651411,6.860480851628118,2.3651012533040196e-05,6.860482030434294,1.689990788745289e-06,6.860482036453118
-0.43200000000000005,0.06634109040143335,6.894034405481602,0.004855107212270357,6.941920853380308,0.0003553162285998593,6.942177328393992,2.600346743885607e-05,6.94217870204845,1.903038095130553e-06,6.942178709405605
-0.43000000000000005,0.06789227096816289,6.974458397956878,0.005088870496571103,7.02517598804902,0.0003814366872926622,7.025460932848721,2.8590616819750952e-05,7.02546253374377,2.1430119266599224e-06,7.025462542738021
-0.42800000000000005,0.06947987626695447,7.056338873388622,0.00533393948769293,7.110059636715842,0.00040948418429900834,7.110376243539758,3.143592040702906e-05,7.110378109482733,2.4133217587604393e-06,7.1103781204797905
-0.42600000000000005,0.0711047493288729,7.139710962207117,0.005590861055682268,7.196617679357002,0.00043960111861686993,7.196969501939206,3.456518442589353e-05,7.1969716770625585,2.7178092224949665e-06,7.196971690510137
-0.42400000000000004,0.0727677517346214,7.224610803333398,0.0058602083675831865,7.284897695367587,0.00047194040344594973,7.28528869027221,3.800679607858059e-05,7.285291226097333,3.06080288445625e-06,7.2852912425436065
-0.42200000000000004,0.07446976396985967,7.311075575962528,0.006142582133329293,7.374949041011963,0.0005066662394682409,7.375383613738036,4.179198139231896e-05,7.375386570418937,3.4471799631430012e-06,7.375386590535161
-0.42000000000000004,0.07621168578459551,7.399143532374199,0.006438611908971766,7.46682293100141,0.0005439549445412271,7.4673059874139245,4.595508874801894e-05,7.467309435191275,3.882435858027645e-06,7.467309459799517
-0.41800000000000004,0.07799443655654996,7.48885403180215,0.006748957459742869,7.560572524445899,0.0005839958438624528,7.561109528153871,5.053390063324123e-05,7.561113549055198,4.372762477761332e-06,7.561113579162342
-0.41600000000000004,0.07981895565836987,7.580247575394088,0.007074310185551781,7.656253015442756,0.0006269922249496866,7.656850051818031,5.5569976412717325e-05,7.656854741645931,4.925136477980667e-06,7.656854778485373
-0.41400000000000003,0.08168620282856555,7.673365842295212,0.0074153946116103115,7.75392172858189,0.000673162362085828,7.754585576194032,6.110902918362249e-05,7.75459104685139,5.547418658693081e-06,7.754591091934166
-0.41200000000000003,0.08359715854602551,7.768251726888482,0.007772969946990101,7.853638219666019,0.0007227406152034095,7.8543764299998795,6.720134008325497e-05,7.854382812209517,6.2484659281453225e-06,7.854382867387015
-0.41000000000000003,0.08555282440795521,7.864949377226019,0.008147831714019175,7.955464381963304,0.0007759786085309377,7.956285368387929,7.390221374621205e-05,7.956292814873861,7.0382574165677684e-06,7.9562928824147505
-0.40800000000000003,0.08755422351107064,7.963504234686408,0.008540813451535435,8.059464558330971,0.000833146494694287,8.060377695402698,8.127247896938776e-05,8.06038638461174,7.928036521660314e-06,8.060386467296318
-0.406,0.08960240083586125,8.063963074893525,0.008952788495127168,8.165705659570635,0.0008945343103619443,8.166721393880984,8.937903903909349e-05,8.166731534336847,8.930470890847636e-06,8.166731635572813
-0.404,0.09169842363372337,8.166374049933127,0.009384671837606271,8.274257289400053,0.0009604534299450112,8.275387263321889,9.829547660863448e-05,8.275399098719772,1.0059832596226741e-05,8.275399222684264
-0.402,0.09384338181675027,8.270786731904135,0.00983742207307764,8.385191876451152,0.0010312381243127984,8.386449066296514,0.00010810271849030026,8.386462881464647,1.1332201040162895e-05,8.38646303327853
-0.4,0.09603838834994476,8.377252157842198,0.010312043428089009,8.49858481373133,0.0011072472319643514,8.499983684013188,0.00011888976624683549,8.499999811889488,1.27656914464811e-05,8.499999997831242
-0.398,0.09828457964560475,8.485822876053595,0.010809587883471042,8.614514606014994,0.0011888659506080485,8.6160712817054,0.00013075449903843348,8.616090111502821,1.438071214845337e-05,8.616090339271055
-0.396,0.10058311595961467,8.596552993898477,0.011331157390601337,8.733063025661906,0.0012765077576452472,8.734795484562985,0.00014380455580645867,8.734817471326926,1.6200254285050713e-05,8.734817750362572
-0.394,0.10293518178935447,8.70949822706257,0.01187790618595685,8.854315277393393,0.001370616468634665,8.856243564988286,0.0001581583045599063,8.856269240784336,1.825021796665099e-05,8.85626958266617
-0.392,0.1053419862729159,8.824715950357211,0.012451043207949548,8.978360172592218,0.0014716684434313333,8.98050664202363,0.00017394590728018759,8.980536629034876,2.055977947653767e-05,8.980537047965065
-0.39,0.10780476358930112,8.942265250088184,0.01305183462017463,9.105290313730215,0.0015801749503515977,9.10767989386814,0.0001913104897804218,9.107714919729244,2.316180464187289e-05,9.107715433129455
-0.388,0.11032477335924681,9.062206978033915,0.013681606445335474,9.235202289568324,0.0016966846994148554,9.237862784479972,0.0002104094267533868,9.237903700231458,2.6093314144906945e-05,9.237904329474803
-0.386,0.11290330104630385,9.184603807074284,0.014341747314247559,9.368196881816761,0.00182178655645659,9.371159305344905,0.00023141575322477287,9.371207106457078,2.939600726045047e-05,9.371207877766889
-0.384,0.11554165835776808,9.309520288511429,0.015033711334462371,9.504379283989639,0.0019561124506981566,9.507678233585853,0.00025451971470311514,9.507734084579088,3.311685130854029e-05,9.507735030132626
-0.38200000000000006,0.11824118364504266,9.437022911124217,0.015759021083194616,9.643859333238053,0.002100340489199638,9.647533407690075,0.0002799304694931663,9.647598670968858,3.7308745012350385e-05,9.647599830252812
-0.38000000000000006,0.12100324230297639,9.567180161998362,0.01651927072937492,9.786751755997965,0.002255198292514448,9.790844022241814,0.0003078779579243886,9.79092029186625,4.20312649625174e-05,9.790921713341604
-0.37800000000000006,0.12382922716770128,9.700062589173895,0.017316129289795548,9.933176428346377,0.002421466566813286,9.937734943171424,0.00033861495465097437,9.937824084414533,4.7351505523438656e-05,9.937825827561486
-0.37600000000000006,0.126720558912461,9.8357428661522,0.018151344024458994,10.083258652019738,0.002599982928751635,10.08833704516585,0.0003724193217147407,10.088441240851212,5.334502378946831e-05,10.08844337868114
-0.37400000000000005,0.12967868644089137,9.974295858304366,0.01902674397638104,10.237129447112466,0.0027916460004224625,10.242787573032082,0.0004095964817390183,10.24290937781764,6.009690262576029e-05,10.242911999958965
-0.37200000000000005,0.13270508727718416,10.115798691222425,0.019944243661244875,10.394925862543452,0.0029974197928695117,10.401230528967417,0.0004504821324533052,10.401372932942381,6.770294642826885e-05,10.401376149431684
-0.37000000000000005,0.1358012679525312,10.260330821054914,0.02090584691244196,10.556791305451016,0.0032183383978361076,10.563817087866443,0.0004954452257479211,10.563983591063824,7.62710260305288e-05,10.563987537003662
-0.36800000000000005,0.13896876438721298,10.407974106867657,0.02191365088717862,10.722875890756693,0.003455511008697811,10.730706042990441,0.0005448912366409017,10.730900742694104,8.592259119438858e-05,10.730905583976037
-0.36600000000000005,0.14220914226765924,10.558812885069905,0.022969850239463088,10.893336812221401,0.003710127292873444,10.902064284537552,0.0005992657499209791,10.902291977586827,9.67943713732312e-05,10.902297917923596
-0.36400000000000005,0.1455239974177731,10.712934045945591,0.024076741465924582,11.06833873640761,0.0039834631394352876,11.078067313887338,0.0006590583948287735,11.078333616562341,0.00010904028795804448,11.078340906129071
-0.36200000000000004,0.14891495616377048,10.870427112328075,0.02523672743054796,11.248054221057298,0.004276886807147474,11.258899796551876,0.0007248071609717012,11.259211285068165,0.0001228336040406557,11.259220231121404
-0.36000000000000004,0.1523836756917495,11.031384320456173,0.02645232207453552,11.432664159497321,0.004591865499756072,11.444756157149147,0.0007971031317567348,11.445120532313275,0.00013836934088991659,11.445131512240998
-0.35800000000000004,0.15593184439715965,11.195900703047542,0.027726155317629286,11.62235825279297,0.004929972397038536,11.635841220027036,0.0008765956749909761,11.636267500217276,0.00015586699387495152,11.636280977577076
-0.35600000000000004,0.15956118222529952,11.36407417462431,0.029060978157346297,11.817335511487812,0.005292894171899997,11.832370899511231,0.0009639981339668414,11.83286964686652,0.00017557358452870088,11.832886191096971
-0.35400000000000004,0.16327344100192767,11.536005619123937,0.030459667972686923,12.017804788890876,0.005682439025679502,12.034572944128026,0.0010600940663410973,12.035156529670926,0.00019776708987338776,12.035176840318167
-0.35200000000000004,0.16707040475302368,11.711798979826352,0.0319252340389777,12.223985348005309,0.006100545275808685,12.242687739570993,0.0011657440824632205,12.24337065397873,0.00022276029508163506,12.243395590473437
-0.35000000000000003,0.17095389001268776,11.891561351626494,0.03346082326060605,12.436107464334503,0.006549290532051787,12.456969175641337,0.001281893339537824,12.457768393537659,0.00025090512108288325,12.457799011795023
-0.34800000000000003,0.17492574611812173,12.075403075678127,0.03506972612848035,12.654413066950427,0.007030901499749044,12.677685582897038,0.001409579753148627,12.678620989896311,0.0002825974849110694,12.678658587303325
-0.34600000000000003,0.1789878554905776,12.263437836433125,0.036755382909124217,12.879156420371194,0.007547764450797971,12.905120745307132,0.001549942993263921,12.906215638634968,0.0003182827575009901,12.906261809348141
-0.34400000000000003,0.18314213390110923,12.455782761096067,0.03852139007236616,13.110604849964158,0.008102436405533247,13.13957499582288,0.001704234337919313,13.140856671205162,0.00035846189135897705,13.140913374122487
-0.342,0.1873905307199104,12.652558521511592,0.04037150696462566,13.349039513772322,0.008697657071215326,13.381366402457846,0.0018738274643735101,13.382866842159288,0.00040369829915009865,13.382936484472209
-0.34,0.19173502914795845,12.85388943849727,0.04230966273482945,13.594756223857411,0.009336361585517193,13.63083205322234,0.002060230264699425,13.632588732682247,0.0004546255738603483,13.632674272579155
-0.338,0.19617764642963342,13.059903588631167,0.04433996351998207,13.848066320454791,0.010021694116197546,13.888329449082729,0.0022650977805465993,13.890386282603846,0.0005119561519189354,13.89049135551491
-0.336,0.2007204340449138,13.270732913498161,0.04646669989741524,14.109297602457715,0.010757022371092074,14.154238015035375,0.0024902463602458655,14.156646464507716,0.0005764910326284105,14.156775538286263
-0.334,0.20536547787969336,13.486513331394207,0.04869435461069198,14.37879531797821,0.011545953075622905,14.428960740393343,0.0027376691505675075,14.431781115167158,0.0006491306805839125,14.43193968083813
-0.332,0.21011489837269642,13.707384851482116,0.051027610576080316,14.656923218979088,0.012392348478238387,14.712925960501046,0.003009553045348451,14.716228941365571,0.0007308872526197448,14.71642374758925
-0.33,0.2149708506374047,13.933491690386287,0.05347135917642254,14.944064684233586,0.013300343947545801,15.006589293325534,0.003308297223928044,15.010457719224407,0.000822898307368177,15.01069706048783
-0.328,0.21993552455733772,14.164982391207218,0.05603070884910421,15.240623915147083,0.014274366728393661,15.310435745736548,0.003636533423937395,15.31496670849857,0.0009264421739360768,15.315260779336956
-0.326,0.22501114485296503,14.402009944929514,0.058710993974665705,15.547027209267302,0.01531915592779046,15.624982005790205,0.003997148105535777,15.630289305942089,0.0010429551767016125,15.630650636304793
-0.324,0.23019997111844734,14.644731914188998,0.061517784072422796,15.863724316624982,0.016439783805333133,15.950778938999687,0.004393306677755461,15.956995964849611,0.0011740509360317355,15.95743995517849
-0.322,0.23550429782634105,14.893310559356589,0.06445689330921878,16.191189884373266,0.017641678446733106,16.28841430841109,0.004828479972264113,16.295697411275352,0.0013215419900634783,16.296242990103472
-0.32000000000000006,0.24092645429831863,15.147912966886988,0.0675343903271682,16.529924995544725,0.018930647903093685,16.63851574033672,0.005306473165668569,16.64704819129226,0.0014874640108518912,16.647718623376026
-0.31800000000000006,0.246468804639876,15.408711179870544,0.0707566083959277,16.88045880811352,0.020312905882794285,17.001753959844365,0.005831457368538963,17.011750588037323,0.001674102919459274,17.01257446742411
-0.31600000000000006,0.2521337476369337,15.675882330716194,0.07413015589467263,17.243350300940115,0.02179509908717756,17.378846322584103,0.006408004117714612,17.39055895227103,0.0018840252392706579,17.391571422545205
-0.31400000000000006,0.2579237166121401,15.949608775881824,0.07766192712851992,17.619190133584738,0.023384336285698366,17.77056067227603,0.007041123028246571,17.78428449584293,0.0021201120653240534,17.785528749413828
-0.31200000000000006,0.2638411792386175,16.230078232555993,0.08135911348367965,18.008602627411726,0.025088219230795905,18.177719556217912,0.00773630288263572,18.193800603906418,0.002385597070134459,18.19532972400448
-0.31000000000000005,0.26988863730879675,16.517483917182304,0.08522921492505663,18.412247875859514,0.0269148755174533,18.601204834519397,0.008499556457923413,18.62004872906494,0.002684109013789827,18.621927952588443
-0.30800000000000005,0.2760686264559082,16.812024685702838,0.08928005183943095,18.830823992232666,0.028872993497232432,19.041962722474928,0.009337469415794416,19.064044939000436,0.003019719278475692,19.066354436107478
-0.30600000000000005,0.2823837158256088,17.113905175383074,0.09351977722666133,19.265069503874464,0.030971859361484527,19.501009309576958,0.010257253607252013,19.52688719867063,0.0033969950055475623,19.529725486775302
-0.30400000000000005,0.2888365076951313,17.42333594806361,0.09795688924059778,19.715765902107016,0.03322139651343064,19.97943660319057,0.01126680517173031,20.00976347904006,0.003821058477370443,20.013251615549017
-0.30200000000000005,0.29542963703725866,17.74053363466726,0.10260024408055582,20.183740357878214,0.03563220735386736,20.47841914990066,0.012374767840826365,20.51396079672198,0.004297653456984888,20.51824752753862
-0.30000000000000004,0.3021657710263341,18.065721080772324,0.10745906923327929,20.669868613634552,0.038215617610361394,20.99922129305535,0.01359060188927338,21.040875303080846,0.004833219276891716,21.046143383954686
-0.29800000000000004,0.3090476084834272,18.39912749304246,0.11254297706430265,21.175078062542052,0.04098372334492607,21.543205131111815,0.014924659210443147,21.59202355752863,0.005434973554579256,21.5984975143802
-0.29600000000000004,0.316077879257677,18.74098858628325,0.11786197875650348,21.700351026807464,0.04394944078029994,22.11183924810486,0.01638826503067268,22.169055138239823,0.00611100450761494,22.177010792653494
-0.29400000000000004,0.32325934354075236,19.091546730874242,0.12342649859241736,22.246728247507313,0.04712655909004844,22.706708294966056,0.017993806816166677,22.77376676464359,0.006870373946013325,22.783542924240805
-0.29200000000000004,0.33059479111126816,19.451051100300965,0.1292473885755514,22.81531259901221,0.050529796302739335,23.329523508589794,0.019754830968239052,23.408118130211815,0.00772323213506681,23.42013093358268
-0.29000000000000004,0.33808704050590715,19.819757818487425,0.13533594338449317,23.4072730418013,0.05417485847538763,23.982134264551526,0.021686147947335054,24.07424967169307,0.008680945848845417,24.089010187617692
-0.28800000000000003,0.3457389381138926,20.19793010660295,0.1417039156520071,24.023848828185976,0.05807850229613357,24.66654076930304,0.023803946513698295,24.77450253253833,0.009756241074156128,24.792638347810286
-0.28600000000000003,0.35355335719139014,20.58583842899088,0.14836353155964682,24.66635397621973,0.06225860128075062,25.384908008609173,0.02612591782285226,25.511441014423603,0.010963361978025481,25.533722709103117
-0.28400000000000003,0.36153319679229073,20.983760637835587,0.15532750673651777,25.336182027837175,0.06673421573190556,26.1395810810181,0.02867139016727356,26.287877852129235,0.012318247919874938,26.31525146208672
-0.28200000000000003,0.3696813806117704,21.391982116155887,0.16260906244886728,26.034811108061312,0.07152566663417416,26.933102058405684,0.0314614752118857,27.106902694370902,0.013838730473784526,27.140529506541647
-0.28,0.37800085573889614,21.810795918678515,0.1702219420650168,26.763809302926198,0.07665461366150937,27.768228530198797,0.034519226630318464,27.971914227339006,0.01554475262789844,28.01321955293711
-0.278,0.3864945913144954,22.240502910113094,0.17818042777783982,27.524840374581036,0.08214413747709867,28.647954003882155,0.037869812111292304,28.88665643967547,0.0174586125485146,28.937389376545905
-0.276,0.3951655770903945,22.68141190031365,0.18649935756453076,28.31966983288039,0.08801882650832521,29.57553035198147,0.04154069977008901,29.855259598550234,0.019605234537243624,29.917566240247947
-0.274,0.4040168218860581,23.133839775774156,0.19519414236072452,29.15017138359683,0.09430486838165121,30.55449251499748,0.04556186006875799,30.88228658764046,0.022012470072319056,30.958799681161107
-0.272,0.41305135193857584,23.59811162686697,0.20428078342323513,30.018333774242063,0.10103014620374695,31.588685690935797,0.04996598442058603,31.97278535067614,0.024711432111395433,32.066734068186086
-0.27,0.4222722091418798,24.074560870192265,0.2137758898526125,30.92626805931057,0.10822433987579894,32.68229526524799,0.0547887217292259,33.132348290410874,0.02773686614459833,33.247692588479495
-0.268,0.4316824491709807,24.563529365363223,0.22369669624350605,31.876215307590982,0.11591903262770481,33.839879760387305,0.06006893419076571,34.36717959435252,0.031127561825012716,34.50877461813768
-0.266,0.44128513948695286,25.065367525507064,0.23406108042739807,32.870554774997494,0.12414782295758604,35.06640711193997,0.0658489737677209,35.684171597471185,0.03492680937098168,35.85796878463316
-0.264,0.45108335721835,25.580434420717523,0.24488758126861582,33.91181256715592,0.13294644215961007,36.367294608624945,0.0721749808272687,37.09099145085205,0.03918290533237907,37.30428444611914
-0.262,0.461080186914645,26.1090978736433,0.2561954164706586,35.0026708167229,0.14235287761936352,37.74845286655844,0.07909720652178136,38.59617954665116,0.04394971274327305,38.857904807832774
-0.26,0.4712787181672575,26.65173454634919,0.26800450034581114,36.1459774011214,0.15240750205087003,39.216334244280674,0.08667036057758126,40.20926135690412,0.049287281148015324,40.53036548301876
-0.258,0.4816820430936893,27.20873001753435,0.2803354614966562,37.34475622700994,0.1631532088424933,40.77798614433528,0.09495398624736502,41.940874580258814,0.055262532488521275,42.33476300223151
-0.256,0.4922932536802421,27.780478849137687,0.29320966035356916,38.60221810837545,0.17463555367040925,42.441109689939765,0.10401286427259807,43.80291376061389,0.06195001937926152,44.285998600990894
-0.254,0.5031154389787676,28.367384641306224,0.3066492065074642,39.92177226562076,0.18690290252775885,44.21412431170194,0.11391744779372392,45.80869484945363,0.06943276287487529,46.40106359567217
-0.252,0.5141516821528886,28.969860074644807,0.3206769757720167,41.30703847339086,0.20000658630483767,46.10623882966578,0.12474433023764746,47.973142534487465,0.07780317745497588,48.699373819772305
-0.25,0.525405057369121,29.588326938606926,0.3353166269043025,42.76185988513993,0.21400106204057834,48.127529670470345,0.1365767483029271,50.31300355678866,0.08716409161307868,51.20316197109092
-0.248,0.5368786265283223,30.223216144826576,0.3505926179072369,44.29031656254631,0.22894408094782134,50.28902691829677,0.14950512225249168,52.84708969339791,0.09762987314280763,53.937938354741476
-0.246,0.548575435832926,30.874967724129874,0.3665302218314061,45.89673973782641,0.2448968632942996,52.602808961819235,0.16362763581054304,55.59655459954872,0.10932766896557845,56.93303244432824
-0.244,0.5604985121854458,31.544030805902217,0.38315554198789264,47.58572683676026,0.2619242801976827,55.08210656781648,0.17905085804355156,58.58520929237088,0.12239877014049985,60.22222997956217
-0.242,0.5726508594137685,32.23086357842306,0.4004955264772998,49.36215728975459,0.2800950423658523,57.74141728557735,0.19589040968320365,61.83988172502181,0.13700011353907346,63.84452303818844
-0.24,0.5850354543188354,32.93593322871588,0.41857798193380524,51.231209157582846,0.2994818957832013,60.596631165101655,0.21427167642105938,65.39082665687286,0.15330593255469335,67.84499374030669
-0.238,0.5976552425403896,33.65971586039619,0.437431586376148,53.19837659741906,0.32016182430900414,63.66516885633638,0.2343305717679168,69.27219288248668,0.17150957014813112,72.27585605379325
-0.236,0.6105131342365334,34.40269638793228,0.4570859010506124,55.269488193500734,0.3422162591154458,66.96613324664338,0.25621435212459615,73.52255585218435,0.1918254685043503,77.19768467648763
-0.23399999999999999,0.6236119995730214,35.1653684056715,0.47757138114374625,57.450726175071935,0.3657312948495725,70.52047588927562,0.28008248675203606,78.18552481330033,0.2144913505896996,82.68086529742928
-0.23199999999999998,0.6369546640182735,35.94823402991383,0.4989193852352472,59.748646542228016,0.3907979123556705,74.35117957706724,0.3061075853557773,83.31043483884659,0.23977060994907537,88.80730683045338
-0.22999999999999998,0.650543903440334,36.75180371225384,0.5211621833537516,62.17020011777258,0.41751220774140707,78.48345852262105,0.33447638600973156,88.95313550529059,0.2679549261645115,95.67246363711632
-0.22799999999999998,0.6643824390021195,37.57659602234298,0.544332963490601,64.72275454025126,0.4459756275128725,82.94497771908684,0.36539080613466285,95.17688955147662,0.29936712450476893,103.38772450871355
-0.22599999999999998,0.6784729318515559,38.42313739816363,0.5684658364186689,67.41411720981199,0.47629520943943915,87.76609317379004,0.3990690592141084,102.05339661538375,0.33436429942149704,112.08323548672814
-0.22399999999999998,0.6928179776034389,39.29196186184342,0.5935958386553961,70.25255919447702,0.508583828739424,92.98011483032937,0.43574683987198876,109.66395912541512,0.3733412226830915,121.9112357319487
-0.2220000000000001,0.7074201006100678,40.183610698976196,0.6197589334009554,73.24684009968736,0.542960449101055,98.62359412275197,0.47567857984758327,118.10080964039155,0.41673405807077607,133.04999991018656
-0.22000000000000008,0.7222817480180965,41.09863209936243,0.646992009274448,76.40623389858803,0.5795503779704739,104.73663823752361,0.5191387772816255,127.46862141132242,0.46502440568021075,145.70849729984593
-0.21800000000000008,0.7374052836092624,42.03758075702359,0.6753328766627191,79.74055571436122,0.6184855254485695,111.36325329437291,0.5664234015671015,137.88622670344574,0.5187436999599193,160.131897449228
-0.21600000000000008,0.752792981423111,43.0010174272977,0.7048202614883047,83.26018953895071,0.659904666041673,118.5517187947734,0.617851375816043,149.48857049554417,0.5784779866576518,176.6080751851172
-0.21400000000000008,0.7684470191601832,43.98950843877526,0.7354937961949716,86.97611686469375,0.7039537024069438,126.35499582557875,0.6737661387439892,162.42893059267647,0.6448731048161422,195.4752946314656
-0.21200000000000008,0.7843694713645588,45.00362515779395,0.7673940077412897,90.8999461965877,0.7507859301214981,134.83117164362045,0.7345372874718028,176.88143897650602,0.718640300836646,217.13128324499945
-0.21000000000000008,0.8005623023851629,46.04394340317608,0.800562302385021,95.04394340315766,0.8005623023850247,144.04394340315872,0.8005623023850281,193.04394340316034,0.8005623023850318,242.04394340316236
-0.20800000000000007,0.8170273591157264,47.11104280886466,0.8350409470335317,99.42106285303484,0.8534516934383501,154.06314391973666,0.872268354767924,211.14125287052283,0.8914998805196017,270.76399156930825
-0.20600000000000007,0.8337663635138419,48.20550613209127,0.8708730469283996,104.04497927240624,0.9096311593456247,164.96531248881735,0.9501141974376595,231.42881564314564,0.9923989288383748,303.9398643902563
-0.20400000000000007,0.8507809049001789,49.327918504699326,0.9081025194254537,108.9301202453008,0.9692861946446013,176.8343138924199,1.034592138036389,254.19688406947247,1.1042980886353926,342.33528823787697
-0.20200000000000007,0.8680724320395418,50.4788666252407,0.9467740636253887,114.09169926428626,1.0326109832192303,189.7620088287291,1.1262300939909184,279.77522647724743,1.2283369489800435,386.8499747910406
-0.20000000000000007,0.8856422450061541,51.65893788947338,0.9869331256043311,119.54574922341085,1.099808641590361,203.84897908411466,1.225593727413061,308.5384530083717,1.3657648502399315,438.54398148749374
-0.19800000000000006,0.9034914868362978,52.86871945690672,1.0286258589887598,125.30915622813839,1.1710914526549194,219.20531082994916,1.3332886573838263,340.91202936960065,1.5179503188058718,498.666363404962
-0.19600000000000006,0.9216211349721876,54.10879725107031,1.0718990806148907,131.39969357851436,1.2466810877311438,235.95143946283508,1.4499627461336548,377.37906013822106,1.6863911595880785,568.6888438316607
-0.19400000000000006,0.9400319925018542,55.37975489123272,1.1168002210094934,137.83605576188924,1.3268088145887829,254.219059410958,1.576308454594698,418.4879314723589,1.872725231175692,650.3453460626447
-0.19200000000000006,0.9587246792006294,56.68217255335169,1.163377269426566,144.63789227007095,1.4117156889576712,274.15210229457,1.7130652616511606,464.8609118216128,2.0787419263171127,745.6783605350945
-0.19000000000000006,0.9776996223808254,58.016625758118714,1.2116787131733413,151.82584103290463,1.5016527268182975,295.90778674852993,1.861022140147343,517.2038184911678,2.306394377518197,857.0932711342793
-0.18800000000000006,0.9969570475571385,59.38368408405279,1.2617534709590228,159.42156123585477,1.5968810545830616,319.6577430812355,2.021020081322313,576.3168676388934,2.557812403989285,987.4219342977331
-0.18600000000000005,1.0164969689364245,60.78390980371373,1.3136508200013894,167.4477652633166,1.697672034079717,345.589215749211,2.193954657823999,643.1068354197394,2.835316211824694,1139.9969964293268
-0.18400000000000005,1.0363191797414708,62.217856441235114,1.3674203166291554,175.92824948201013,1.8043073590478138,373.9063463602422,2.380778613805687,718.6006684480958,3.1414308540789646,1318.738651149702
-0.18200000000000005,1.0564232423797075,63.686067249537665,1.4231117101231194,184.88792355014374,1.9170791196595613,404.83153957129184,2.5825044688281853,803.9606924160144,3.4789014512358314,1528.255780095345
-0.18000000000000005,1.076808478468836,65.18907360575646,1.4807748495454254,194.35283790793972,2.036289831376211,438.6069138088591,2.8002071203728662,900.5015784351629,3.8507091653487797,1773.9636912917292
-0.17800000000000005,1.0974739587327331,66.72739332362045,1.5404595833152368,204.35020907391834,2.1622524242554713,475.4958381988111,3.0350264277215455,1009.7092372833821,4.260087912788424,2062.2209693830337
-0.17600000000000005,1.1184184927822447,68.30152888175037,1.6022156512995982,214.90844233892324,2.295290188632792,515.78455643701,3.2881697577730282,1133.261822004302,4.710541790959089,2400.488283750491
-0.17400000000000004,1.1396406187968342,69.91196556709274,1.6660925692018025,226.0571514167059,2.435736672916251,559.7838975504719,3.560914471055742,1273.0530289621834,5.2058631834748255,2797.512364987032
-0.17200000000000004,1.1611385931245137,71.55916953299504,1.7321395050449493,237.82717457584175,2.5839355290590613,607.8310725769765,3.8546103237570777,1431.2178961622544,5.750151496010889,3263.538757959702
-0.17000000000000004,1.1829103798188543,73.24358577173268,1.8004051475669638,250.25058674338723,2.7402403011126393,660.2915551178864,4.170681759041467,1610.1613050296173,6.347832461313104,3810.557390752751
-0.16800000000000004,1.2049536401334755,74.96563600164598,1.870937566364428,263.3607070360178,2.9050141521163244,717.5610424801669,4.510630058273323,1812.5893974419312,7.003677936569346,4452.585462169001
-0.16600000000000004,1.2272657219958423,76.72571646941282,1.9437840636467008,277.1921011399253,3.078629524452358,780.0674927075781,4.8760353200181665,2041.5441231166246,7.722826099478151,5205.992644066128
-0.16400000000000003,1.2498436494839005,78.52419566839507,2.018991017489449,291.78057792685445,3.26146772869058,848.2732311956904,5.268558231882115,2300.4411328672822,8.51080193084633,6089.87411506073
-0.16200000000000003,1.2726841123305483,80.36141197442439,2.0966037165068854,307.16317966056664,3.4539184558673517,922.6771187786724,5.68994159738338,2593.1112300910527,9.373537851374547,7126.47748371958
-0.16000000000000003,1.2957834554827241,82.2376712008766,2.176666185896484,323.3781651165558,3.6563792080961,1003.8167711595775,6.142011577163932,2923.8455853823025,10.31739435846401,8341.6902148689
-0.15800000000000003,1.3191376687434482,84.15324407537926,2.2592210048474195,340.46498490820653,3.8692546423923506,1092.270817320356,6.626678600965765,3297.4449065473254,11.349180485403854,9765.59473214237
-0.15600000000000003,1.3427423765268804,86.10836364103912,2.344309115345264,358.464248285587,4.092955822621955,1188.6611820885364,7.145937903955864,3719.272737611455,12.476173880245113,11433.098920527893
-0.15400000000000003,1.3665928277581412,88.10322258565182,2.4319696224505094,377.41768064923923,4.3278993745491094,1293.6553753501353,7.701869638219026,4195.313034666653,13.70614027510749,13384.65027822852
-0.15200000000000002,1.3906838859513528,90.13797050295861,2.52223958617752,397.3680710014876,4.5745065390790325,1407.9687674849392,8.296638507601315,4732.232132552586,15.047352088750333,15667.042447629214
-0.15000000000000002,1.4150100195009625,92.2127110906525,2.6151538051530023,418.35920854253766,4.833202118959712,1532.366827463735,8.93249287161907,5337.445173270915,16.50860587611824,18334.323266215877
-0.14800000000000002,1.4395652922232323,94.32749929051397,2.710744592290201,440.43580760901386,5.104413314436831,1667.6672966981778,9.611763261911417,6019.1870135454965,18.099238308491636,21448.813790939214
-0.14600000000000002,1.4643433541862607,96.48233837674819,2.809041542774856,463.64342014905253,5.388568443645202,1814.7422681854434,10.336860252755676,6786.587563864202,19.829140337079746,25082.24792956467
-0.14400000000000002,1.4893374328686357,98.67717699933047,2.9100712947241063,488.02833493217383,5.686095543882619,1974.5201367672598,11.110271625570965,7649.7514335104515,21.708769161778864,29317.04232053183
-0.14200000000000002,1.5145403246883522,100.91190618992408,3.013857282947047,513.637462704045,5.997420850340761,2147.9873824484935,11.934558766143807,8619.841664333946,23.749157595710056,34247.70589337763
-0.14,1.5399443869450984,103.18635633870691,3.120419486307506,540.51820651753,6.322967149377865,2336.19014473658,12.812352232622798,9709.16722927711,25.961920385581358,39982.39806401124
-0.138,1.565541530220526,105.50029415125329,3.2297741692650255,568.7183165028459,6.663152004008328,2540.2355419117966,13.74634643220995,10931.273848998131,28.359257018398832,46644.64371640337
-0.136,1.5913232112824152,107.85341959542669,3.341933618247893,598.2857283819471,7.018385849956457,2761.292685072577,14.739293344998828,12301.037540522766,30.953950517165524,54375.211932604914
-0.134,1.6172804265399388,110.24536284907408,3.4569058735937994,629.268385086958,7.389069961386527,3000.59333278926,15.793995234676219,13834.760155197751,33.75936170269618,63334.16379007774
-0.132,1.6434037060983628,112.67568126015018,3.574694457877458,661.7140409100327,7.775594286273071,3259.432128313566,16.91329628787957,15550.26598904236,36.789418376239915,73703.07237883392
-0.13,1.6696831084625474,115.14385633174211,3.6952981015304345,695.6700476934649,8.178335152320333,3539.1663576178853,18.100073126976557,17466.998357045588,40.058598859078224,85687.41542853395
-0.128,1.6961082159394687,117.64929074530386,3.818710466746326,731.1831226652056,8.597652845377599,3841.2151631744937,19.35722414499044,19606.114814635686,43.5819093115458,99519.13750489129
-0.126,1.7226681307907155,120.1913054362423,3.944919870753829,768.2990976369063,9.03388906343206,4167.058145441289,20.687657616427693,21990.579485629383,47.37485424599021,115459.37456522234
-0.124,1.7493514721864267,122.76913673680787,4.073909009629393,807.0626494093758,9.487364250480658,4518.233281606873,22.094278543910526,24645.250718162555,51.453399646922286,133801.32868904946
-0.122,1.776146374012496,125.38193360203844,4.2056546839109235,847.5170113750455,9.958374815897038,4896.33408940158,23.579974207885478,27596.962040988776,55.83392811816541,154873.2749653446
-0.12,1.8030404835830223,128.02875493526813,4.340127527363421,889.70366646881,10.447190246311044,5303.005962836869,25.14759839532182,30874.594135416854,60.53318549221377,179041.67577996402
-0.118,1.830020961309766,130.70856703042074,4.477291740334023,933.6620217971038,10.954050118494223,5739.941606730603,26.799954293246824,34509.13527718227,65.56821836221887,206714.37007927045
-0.11599999999999999,1.8570744813802216,133.42024114900113,4.617104829219531,979.429065471021,11.479161023300506,6208.875497970672,28.539776044274046,38533.72744297114,70.95630203322361,238343.7965876597
-0.11399999999999999,1.8841872334950949,136.16255125029264,4.7595173536507565,1027.0390063815912,12.022693412326538,6711.577303806401,30.36970897394199,42983.69502422999,76.71485843732019,274430.20045463333
-0.11199999999999999,1.9113449257152415,138.93417189382902,4.904472683075843,1076.5228978839739,12.584778380631555,7249.844191198448,32.29228851373385,47896.552853599394,82.861363618379,315524.7624650663
-0.10999999999999999,1.9385327884668488,141.7336763336763,5.051906764496293,1127.908246600719,13.165504400566526,7825.491966539812,34.30991785902818,53311.99003495509,89.41324446654743,362232.57886885805
-0.10799999999999998,1.9657355797521352,144.5595348244339,5.2017479031752645,1181.2186078117197,13.764914023505257,8440.34499203617,36.424844417937514,59271.82588600982,96.38776447170929,415215.40822804073
-0.10599999999999998,1.992937591611102,147.41011315916427,5.353916558196228,1236.4731691681875,14.383000568023848,9096.224833827397,38.6391351249356,65819.93416289496,103.80189836898282,475194.0896487683
-0.10399999999999998,2.0201226578775797,150.28367145961448,5.508325154798818,1293.6863247474514,15.019704814817528,9794.937607650478,40.95465071224396,73002.1316501063,111.67219566839955,542950.5246302504
-0.10199999999999998,2.0472741632704,153.1783632391694,5.664877915458686,1352.8672417529344,15.674911730361574,10538.260000583916,43.37301905203235,80866.02717840805,120.01463319529437,619329.1028550664
-0.09999999999999998,2.074375053857538,156.0922347588817,5.823470711706684,1414.0194224560223,16.348447242993757,11327.92396223631,45.89560770343785,89460.82718993006,128.84445691749585,705237.4409642897
-0.09799999999999998,2.1014078489279564,159.02322469672785,5.983990938699045,1477.140264270454,17.040075096688533,12165.600075665569,48.52349581998391,98837.09411590436,138.17601349946887,801646.2931698748
-0.09600000000000009,2.1283546543020755,161.96916414986245,6.146317414552517,1542.220621141648,17.74949380928875,13052.879637334092,51.2574455949924,109046.45408047055,148.0225722013921,909588.4839857316
-0.09400000000000008,2.155197177107971,164.92777698913238,6.310320306447615,1609.2443697195629,18.476333763333574,13991.25549646041,54.09787344475974,120141.25080519605,158.39613793149059,1030156.7069947026
-0.09200000000000008,2.1819167420458343,167.89668058441544,6.475861085474743,1678.1879840587335,19.22015445883681,14982.101727102061,57.04482115129596,132174.14307376076,169.30725646105378,1164500.0300465745
-0.09000000000000008,2.208494309158588,170.8733869184953,6.642792512154751,1749.020122849597,19.980441958406836,16026.652231034786,60.09792720799101,145197.6437335011,180.76481302143216,1313818.947273383
-0.08800000000000008,2.2349104931213875,173.8553041061445,6.810958654503523,1821.7012334250214,20.75660655592507,17125.978395750863,63.25639863231228,159263.5989668811,192.77582571838016,1479358.8225006047
-0.08600000000000008,2.2611455840570773,176.8397383338459,6.980194940429634,1896.183177000088,21.54798070058149,18280.96595938052,66.51898352914108,174422.6074652602,205.3452354183116,1662401.5777063654
-0.08400000000000007,2.287179569879062,179.82389623419726,7.150328246155555,1972.4088797867053,22.353817208385284,19492.291262701052,69.88394470625416,190723.38018032524,218.47569398012297,1864255.494785658
-0.08200000000000007,2.31299216015655,182.80488770741047,7.32117702223345,2050.312014771245,23.17328779328884,20760.397097198536,73.34903465928868,208212.04251179536,232.16735292122192,2086243.019593876
-0.08000000000000007,2.338562811490851,185.77972920054867,7.4925514585873785,2129.8167190477243,24.005481949756966,22085.468386886318,76.9114722568423,226931.3821055147,246.41765481300453,2329686.484553376
-0.07800000000000007,2.363870754384359,188.74534745313895,7.664253689854805,2210.837351656246,24.849406217968987,23467.40796973033,80.56792146677154,246920.04687139494,261.22112989492604,2595891.7003544886
-0.07600000000000007,2.3888950215768543,191.69858371564445,7.836078042119712,2293.278296880025,25.703983861819655,24905.81277143816,84.31447247173696,268211.6993671764,276.5692005723206,2886129.4086245378
-0.07400000000000007,2.4136144778164375,194.63619844493678,8.007811321930815,2377.0338179008686,26.568054988482153,26399.950689394027,88.14662552523978,290834.13530813163,292.44999661643465,3201614.6358206994
-0.07200000000000006,2.4380078510246856,197.5548764783685,8.179233148277904,2461.9879655963805,27.440377136491364,27948.738526955036,92.05927789837023,314808.3756249091,308.8481840105275,3543484.0437083244
-0.07000000000000006,2.4620537648080583,200.45123268539558,8.350116327960967,2548.014547079626,28.319626357081347,29550.721337416348,96.04671426182865,340147.7431660608,325.7448104779336,3912771.433000985
-0.06800000000000006,2.4857307722595983,203.32181809285004,8.520227274531313,2634.9771583305096,29.20439881088873,31204.053552013684,100.1026008372947,366856.93678855407,343.11717078232226,4310381.623148849
-0.06600000000000006,2.509017390987082,206.16312647701906,8.6893264707096,2722.729284943691,30.09321289907044,32906.48227654286,104.2199836364101,394931.11715172656,360.93869490117174,4737063.001579335
-0.06400000000000006,2.5318921392957936,208.9716014126054,8.857168973898014,2811.1144746208765,30.984511944430178,34655.33314590514,108.39129108451749,424355.01997926435,379.1788621372995,5193379.108328595
-0.062000000000000055,2.5543335734460397,211.74364376547308,9.023504964102008,2899.9665845646914,31.876667434289285,36447.49912442771,112.60834129960494,455102.1138265149,397.8031441457374,5679679.6949969195
-0.06000000000000005,2.5763203258978162,214.47561961285135,9.188080333263843,2989.1101063872466,32.7679828325941,38279.432631548836,116.86235426456739,487133.8204317576,416.77297971094214,6196071.768047682
-0.05800000000000005,2.597831144447057,217.16386857136845,9.350637314689097,3078.360570533191,33.65669796418126,40147.14135697969,121.14396909316827,520398.81648721255,436.04578391098045,6742391.193148406
-0.05600000000000005,2.6188449321505707,219.80471250998798,9.510915150917544,3167.5250315341264,34.54099396919315,42046.18810621083,125.44326654672545,554832.436082201,455.57499404758397,7318175.496727818
-0.05400000000000005,2.639340787929246,222.3944646216083,9.668650798059407,3256.402634668666,35.41899882047581,43971.694986174654,129.74979691030507,590356.1931016626,475.31015440597474,7922638.55039317
-0.052000000000000046,2.6592980477322614,224.9294388238228,9.823579664285008,3344.7852638016775,36.28879339136471,45918.35220172216,134.0526132840193,626877.4424607754,495.19704153489386,8554647.860353624
-0.050000000000000044,2.6786963261383936,227.40595945614268,9.975436379826643,3432.4582693280518,37.14841805568298,47880.43168653273,138.3403102876362,664289.1981869868,515.1778313088015,9212705.204743072
-0.04800000000000004,2.697515558264326,229.8203712378844,10.123955595527908,3519.2012742585503,37.99587979607344,49851.80573737136,142.60106811564705,702470.1249977059,535.1913085540624,9894931.364107795
-0.04600000000000004,2.715736041844235,232.1690494479564,10.268872806662449,3604.7890555683352,38.829159791031145,51825.97075870886,146.82270181584417,741284.7181505712,555.1731194936526,10599055.67203402
-0.04400000000000004,2.7333384793398805,234.4484102849962,10.40992519844396,3688.992496995027,39.64622144528153,53796.076156360214,150.99271559830737,780583.6839645349,575.0560666977436,11322411.072172605
-0.04200000000000004,2.750304019935913,236.65492136369267,10.546852509364976,3771.57960853314,40.445018822507,55754.958344785606,155.09836191417784,820204.5305368683,594.7704456271586,12061935.30355256
-0.040000000000000036,2.7666143012713795,238.78511230077868,10.679397908240169,3852.316606942132,41.22350543397187,57695.17975421493,159.12670497589366,859972.3748461405,614.2444212329905,12814178.747639462
-0.038000000000000034,2.7822514907553986,240.83558534207103,10.807308880590986,3930.969050677748,41.979643331398755,59609.07264205521,163.0646883236933,899700.9686817463,633.4044424387748,13575319.358472962
-0.03600000000000003,2.7971983263127007,242.80302598013068,10.930338119795787,4007.303021784941,42.71141244755597,61488.787429480515,166.8992059780236,939193.9417382637,652.1756916912419,14341184.962642875
-0.03400000000000003,2.811438156403389,244.68421351063222,11.048244418251665,4081.0863464749586,43.416820123589694,63326.34520051948,170.61717665569535,978246.2558438892,670.482566136718,15107283.06120041
-0.03200000000000003,2.8249549791606006,246.47603147438315,11.160793553644373,4152.089845355923,44.09391075813277,65113.693918724704,174.20562046963983,1016645.8597437956,688.2491863712686,15868838.093892751
-0.030000000000000027,2.837733480490336,248.17547793118808,11.267759165315374,4220.088603618824,44.74077550984276,66842.76783775906,177.65173747979364,1054175.5292469733,705.399928140415,16620835.941637866
-0.028000000000000025,2.8497590709786933,249.77967551134526,11.368923615641375,4284.863250904681,45.355561982225225,68505.5495084944,180.9429874164406,1090614.872979982,721.8599718380095,17358075.250731353
-0.026000000000000023,2.8610179214544034,251.2858811906351,11.464078831313731,4346.201240112913,45.93648381752387,70094.13371848597,184.06716985875946,1125742.4796023837,737.5558641884685,18075224.967648305
-0.02400000000000002,2.871496997057248,252.6914957350574,11.553027119414356,4403.898114061305,46.48183012510159,71600.79264156107,187.01250412093918,1159338.178250276,752.4160861019416,18766887.282571986
-0.02200000000000002,2.8811840896674736,253.9940727624827,11.635581953244177,4457.758748690328,46.989974669195966,73018.04142749625,189.76770807720894,1191185.3803163813,766.3716203806355,19427664.999504894
-0.020000000000000018,2.8900678485562357,255.1913273696864,11.711568722958674,4507.598561420775,47.459384741185815,74338.70342567023,192.32207514578653,1221073.4675643097,779.356512733785,20052232.187456302
-0.018000000000000016,2.8981378091230954,256.2811442749428,11.78082544620977,4553.244673332742,47.88862964260091,75555.97421347607,194.6655486508394,1248800.1891242426,791.308419437876,20635406.827159747
-0.016000000000000014,2.9053844195934704,257.2615854285134,11.843203434183481,4594.537014040373,48.27638870707664,76663.48359122287,196.7887927914698,1274174.028224915,802.1691349636388,21172224.056930434
-0.014000000000000012,2.911799065556976,258.1308970459644,11.898567908655135,4631.329358489005,48.6214587922427,77655.35471078061,198.68325946739554,1297016.498657296,811.8850929846327,21658008.544679806
-0.01200000000000001,2.917374092235751,258.8875160221351,11.946798565957447,4663.49028539966,48.92276117617744,78526.25952587662,200.3412502426735,1317164.3309996559,820.4078343873557,22088444.474982183
-0.010000000000000009,2.922102824381778,259.53007568698706,11.987790084070175,4690.904047724732,49.179347797470356,79271.46978756222,201.75597277086902,1334471.509587876,827.694436216444,22459641.64319461
-0.008000000000000007,2.925979583711805,260.0574108681736,12.02145256939266,4713.471346255702,49.390406783149416,79886.90285887761,202.92159105762798,1348811.123101716,833.7078959108243,22768196.19465511
-0.006000000000000005,2.92899970379972,260.4685622292348,12.047711940143902,4731.109998423082,49.55526721460138,80369.16168715272,203.8332689983963,1360076.9944259932,838.4174657084798,23011244.63571465
-0.0040000000000000036,2.931159542357122,260.7627798565366,12.06651024375089,4743.755495345473,49.673403088145946,80715.56834989268,204.4872066996579,1368185.0590902716,841.798932713095,23186509.873331934
-0.0020000000000000018,2.932456490845058,260.9395260726685,12.07780590602791,4751.361441301199,49.74443643400436,80924.1906793158,204.88066917035817,1373074.4660116006,843.8348408144731,23292338.20799753
0.0,2.932888981371897,260.99847745870517,12.081573910415806,4753.89987100018,49.768139564973275,80993.86156977376,205.01200705508197,1374708.379360628,844.5146514243731,23327726.406253815
0.0020000000000000018,2.932456490845058,260.9395260726685,12.07780590602791,4751.361441301199,49.74443643400436,80924.1906793158,204.88066917035817,1373074.4660116006,843.8348408144731,23292338.20799753
0.0040000000000000036,2.931159542357122,260.7627798565366,12.06651024375089,4743.755495345473,49.673403088145946,80715.56834989268,204.4872066996579,1368185.0590902716,841.798932713095,23186509.873331934
0.006000000000000005,2.92899970379972,260.4685622292348,12.047711940143902,4731.109998423082,49.55526721460138,80369.16168715272,203.8332689983963,1360076.9944259932,838.4174657084798,23011244.63571465
0.008000000000000007,2.925979583711805,260.0574108681736,12.02145256939266,4713.471346255702,49.390406783149416,79886.90285887761,202.92159105762798,1348811.123101716,833.7078959108243,22768196.19465511
0.010000000000000009,2.922102824381778,259.53007568698706,11.987790084070175,4690.904047724732,49.179347797470356,79271.46978756222,201.75597277086902,1334471.509587876,827.694436216444,22459641.64319461
0.01200000000000001,2.917374092235751,258.8875160221351,11.946798565957447,4663.49028539966,48.92276117617744,78526.25952587662,200.3412502426735,1317164.3309996559,820.4078343873557,22088444.474982183
0.014000000000000012,2.911799065556976,258.1308970459644,11.898567908655135,4631.329358489005,48.6214587922427,77655.35471078061,198.68325946739554,1297016.498657296,811.8850929846327,21658008.544679806
0.016000000000000014,2.9053844195934704,257.2615854285134,11.843203434183481,4594.537014040373,48.27638870707664,76663.48359122287,196.7887927914698,1274174.028224915,802.1691349636388,21172224.056930434
0.018000000000000016,2.8981378091230954,256.2811442749428,11.78082544620977,4553.244673332742,47.88862964260091,75555.97421347607,194.6655486508394,1248800.1891242426,791.308419437876,20635406.827159747
0.020000000000000018,2.8900678485562357,255.1913273696864,11.711568722958674,4507.598561420775,47.459384741185815,74338.70342567023,192.32207514578653,1221073.4675643097,779.356512733785,20052232.187456302
0.02200000000000002,2.8811840896674736,253.9940727624827,11.635581953244177,4457.758748690328,46.989974669195966,73018.04142749625,189.76770807720894,1191185.3803163813,766.3716203806355,19427664.999504894
0.02400000000000002,2.871496997057248,252.6914957350574,11.553027119414356,4403.898114061305,46.48183012510159,71600.79264156107,187.01250412093918,1159338.178250276,752.4160861019416,18766887.282571986
0.026000000000000023,2.8610179214544034,251.2858811906351,11.464078831313731,4346.201240112913,45.93648381752387,70094.13371848597,184.06716985875946,1125742.4796023837,737.5558641884685,18075224.967648305
0.028000000000000025,2.8497590709786933,249.77967551134526,11.368923615641375,4284.863250904681,45.355561982225225,68505.5495084944,180.9429874164406,1090614.872979982,721.8599718380095,17358075.250731353
0.030000000000000027,2.837733480490336,248.17547793118808,11.267759165315374,4220.088603618824,44.74077550984276,66842.76783775906,177.65173747979364,1054175.5292469733,705.399928140415,16620835.941637866
0.03200000000000003,2.8249549791606006,246.47603147438315,11.160793553644373,4152.089845355923,44.09391075813277,65113.693918724704,174.20562046963983,1016645.8597437956,688.2491863712686,15868838.093892751
0.03399999999999992,2.811438156403389,244.68421351063222,11.048244418251667,4081.0863464749586,43.41682012358968,63326.34520051946,170.61717665569526,978246.2558438885,670.4825661367184,15107283.061200421
0.03599999999999992,2.797198326312704,242.8030259801311,10.930338119795794,4007.303021784945,42.711412447556015,61488.78742948054,166.89920597802367,939193.9417382639,652.1756916912424,14341184.962642886
0.03799999999999992,2.7822514907553972,240.83558534207083,10.80730888059098,3930.9690506777424,41.97964333139874,59609.07264205518,163.0646883236932,899700.9686817453,633.4044424387739,13575319.358472925
0.039999999999999925,2.766614301271385,238.7851123007793,10.679397908240182,3852.316606942138,41.22350543397194,57695.17975421508,159.12670497589372,859972.374846141,614.2444212329908,12814178.747639474
0.041999999999999926,2.7503040199359168,236.65492136369318,10.546852509364992,3771.579608533146,40.445018822507016,55754.95834478562,155.09836191417796,820204.5305368688,594.7704456271589,12061935.30355257
0.04399999999999993,2.733338479339879,234.448410284996,10.409925198443963,3688.9924969950316,39.646221445281654,53796.07615636051,150.9927155983079,780583.683964541,575.0560666977472,11322411.072172746
0.04599999999999993,2.7157360418442344,232.16904944795635,10.268872806662467,3604.7890555683425,38.829159791031216,51825.97075870899,146.82270181584434,741284.7181505717,555.1731194936524,10599055.672034005
0.04799999999999993,2.6975155582643278,229.82037123788464,10.123955595527915,3519.201274258551,37.99587979607344,49851.80573737132,142.60106811564694,702470.1249977045,535.1913085540622,9894931.364107784
0.04999999999999993,2.6786963261383967,227.40595945614314,9.975436379826661,3432.4582693280618,37.14841805568302,47880.431686532786,138.34031028763638,664289.1981869878,515.1778313088013,9212705.204743065
0.051999999999999935,2.6592980477322636,224.92943882382315,9.823579664285024,3344.785263801685,36.28879339136472,45918.352201722155,134.05261328401926,626877.4424607755,495.197041534894,8554647.860353626
0.05399999999999994,2.6393407879292474,222.3944646216084,9.6686507980594,3256.4026346686633,35.4189988204758,43971.694986174625,129.74979691030492,590356.1931016612,475.31015440597423,7922638.550393148
0.05599999999999994,2.6188449321505707,219.80471250998795,9.510915150917542,3167.5250315341254,34.54099396919316,42046.18810621083,125.44326654672538,554832.4360822004,455.5749940475832,7318175.496727796
0.05799999999999994,2.5978311444470576,217.16386857136857,9.350637314689147,3078.360570533224,33.65669796418171,40147.14135698078,121.14396909317095,520398.81648723525,436.04578391099375,6742391.193148814
0.05999999999999994,2.5763203258978162,214.4756196128514,9.188080333263832,2989.110106387241,32.76798283259409,38279.43263154881,116.86235426456717,487133.8204317561,416.77297971094094,6196071.768047652
0.061999999999999944,2.5543335734460415,211.7436437654733,9.023504964102006,2899.9665845646896,31.876667434289267,36447.49912442768,112.60834129960493,455102.1138265146,397.80314414573724,5679679.694996912
0.06399999999999995,2.5318921392957954,208.97160141260574,8.857168973898057,2811.1144746209043,30.984511944430583,34655.33314590603,108.39129108451975,424355.0199792818,379.1788621373103,5193379.10832889
0.06599999999999995,2.509017390987084,206.16312647701926,8.689326470709615,2722.729284943698,30.09321289907048,32906.48227654292,104.21998363641018,394931.11715172674,360.93869490117186,4737063.001579335
0.06799999999999995,2.4857307722595983,203.3218180928501,8.520227274531345,2634.97715833053,29.204398810889103,31204.053552014484,100.10260083729679,366856.9367885696,343.11717078233187,4310381.623149094
0.06999999999999995,2.462053764808059,200.45123268539567,8.35011632796096,2548.014547079622,28.319626357081344,29550.721337416326,96.04671426182858,340147.7431660604,325.7448104779335,3912771.433000983
0.07199999999999995,2.4380078510246896,197.55487647836895,8.179233148277916,2461.987965596387,27.440377136491374,27948.73852695505,92.0592778983703,314808.37562490965,308.848184010528,3543484.0437083314
0.07399999999999995,2.413614477816438,194.63619844493672,8.007811321930863,2377.033817900895,26.568054988482505,26399.950689394715,88.1466255252416,290834.13530814357,292.4499966164434,3201614.635820886
0.07599999999999996,2.388895021576859,191.69858371564507,7.836078042119712,2293.2782968800234,25.70398386181965,24905.812771438133,84.31447247173686,268211.69936717564,276.56920057232026,2886129.408624527
0.07799999999999996,2.36387075438436,188.745347453139,7.664253689854812,2210.837351656249,24.84940621796898,23467.4079697303,80.56792146677144,246920.04687139427,261.22112989492564,2595891.70035448
0.07999999999999996,2.338562811490855,185.77972920054924,7.492551458587416,2129.816719047745,24.005481949757144,22085.46838688664,76.91147225684324,226931.38210552008,246.4176548130083,2329686.484553447
0.08199999999999996,2.3129921601565524,182.80488770741078,7.321177022233471,2050.312014771256,23.173287793289,20760.397097198816,73.34903465928944,208212.04251179966,232.1673529212257,2086243.0195939417
0.08399999999999996,2.2871795698790613,179.82389623419724,7.150328246155558,1972.4088797867062,22.353817208385273,19492.291262701034,69.88394470625411,190723.380180325,218.47569398012266,1864255.494785654
0.08599999999999997,2.2611455840570764,176.83973833384576,6.980194940429628,1896.183177000085,21.547980700581473,18280.96595938048,66.51898352914097,174422.6074652596,205.3452354183114,1662401.5777063621
0.08799999999999997,2.2349104931213883,173.85530410614467,6.810958654503515,1821.701233425018,20.756606555925057,17125.97839575084,63.25639863231221,159263.59896688076,192.77582571837988,1479358.8225006
0.08999999999999997,2.208494309158591,170.87338691849564,6.642792512154759,1749.0201228496003,19.98044195840685,16026.652231034797,60.09792720799105,145197.64373350114,180.76481302143213,1313818.9472733818
0.09199999999999997,2.1819167420458347,167.89668058441544,6.475861085474739,1678.1879840587324,19.220154458836777,14982.10172710201,57.044821151295906,132174.14307376038,169.30725646105338,1164500.0300465692
0.09399999999999997,2.1551971771079725,164.9277769891325,6.3103203064476325,1609.2443697195708,18.47633376333372,13991.255496460606,54.09787344476034,120141.25080519865,158.39613793149292,1030156.7069947321
0.09599999999999997,2.1283546543020777,161.96916414986276,6.146317414552536,1542.2206211416565,17.74949380928884,13052.879637334208,51.25744559499273,109046.45408047187,148.02257220139333,909588.4839857456
0.09799999999999998,2.1014078489279564,159.02322469672785,5.983990938699045,1477.140264270454,17.040075096688533,12165.600075665569,48.52349581998391,98837.09411590436,138.17601349946887,801646.2931698748
0.09999999999999998,2.074375053857538,156.0922347588817,5.823470711706684,1414.0194224560223,16.348447242993757,11327.92396223631,45.89560770343785,89460.82718993006,128.84445691749585,705237.4409642897
0.10199999999999998,2.0472741632704,153.1783632391694,5.664877915458686,1352.8672417529344,15.674911730361574,10538.260000583916,43.37301905203235,80866.02717840805,120.01463319529437,619329.1028550664
0.10399999999999998,2.0201226578775797,150.28367145961448,5.508325154798818,1293.6863247474514,15.019704814817528,9794.937607650478,40.95465071224396,73002.1316501063,111.67219566839955,542950.5246302504
0.10599999999999998,1.992937591611102,147.41011315916427,5.353916558196228,1236.4731691681875,14.383000568023848,9096.224833827397,38.6391351249356,65819.93416289496,103.80189836898282,475194.0896487683
0.10799999999999998,1.9657355797521352,144.5595348244339,5.2017479031752645,1181.2186078117197,13.764914023505257,8440.34499203617,36.424844417937514,59271.82588600982,96.38776447170929,415215.40822804073
0.10999999999999999,1.9385327884668488,141.7336763336763,5.051906764496293,1127.908246600719,13.165504400566526,7825.491966539812,34.30991785902818,53311.99003495509,89.41324446654743,362232.57886885805
0.11199999999999999,1.9113449257152415,138.93417189382902,4.904472683075843,1076.5228978839739,12.584778380631555,7249.844191198448,32.29228851373385,47896.552853599394,82.861363618379,315524.7624650663
0.11399999999999999,1.8841872334950949,136.16255125029264,4.7595173536507565,1027.0390063815912,12.022693412326538,6711.577303806401,30.36970897394199,42983.69502422999,76.71485843732019,274430.20045463333
0.11599999999999999,1.8570744813802216,133.42024114900113,4.617104829219531,979.429065471021,11.479161023300506,6208.875497970672,28.539776044274046,38533.72744297114,70.95630203322361,238343.7965876597
0.118,1.830020961309766,130.70856703042074,4.477291740334023,933.6620217971038,10.954050118494223,5739.941606730603,26.799954293246824,34509.13527718227,65.56821836221887,206714.37007927045
0.12,1.8030404835830223,128.02875493526813,4.340127527363421,889.70366646881,10.447190246311044,5303.005962836869,25.14759839532182,30874.594135416854,60.53318549221377,179041.67577996402
0.122,1.776146374012496,125.38193360203844,4.2056546839109235,847.5170113750455,9.958374815897038,4896.33408940158,23.579974207885478,27596.962040988776,55.83392811816541,154873.2749653446
0.124,1.7493514721864267,122.76913673680787,4.073909009629393,807.0626494093758,9.487364250480658,4518.233281606873,22.094278543910526,24645.250718162555,51.453399646922286,133801.32868904946
0.126,1.7226681307907155,120.1913054362423,3.944919870753829,768.2990976369063,9.03388906343206,4167.058145441289,20.687657616427693,21990.579485629383,47.37485424599021,115459.37456522234
0.128,1.6961082159394687,117.64929074530386,3.818710466746326,731.1831226652056,8.597652845377599,3841.2151631744937,19.35722414499044,19606.114814635686,43.5819093115458,99519.13750489129
0.13,1.6696831084625474,115.14385633174211,3.6952981015304345,695.6700476934649,8.178335152320333,3539.1663576178853,18.100073126976557,17466.998357045588,40.058598859078224,85687.41542853395
0.132,1.6434037060983628,112.67568126015018,3.574694457877458,661.7140409100327,7.775594286273071,3259.432128313566,16.91329628787957,15550.26598904236,36.789418376239915,73703.07237883392
0.134,1.6172804265399388,110.24536284907408,3.4569058735937994,629.268385086958,7.389069961386527,3000.59333278926,15.793995234676219,13834.760155197751,33.75936170269618,63334.16379007774
0.136,1.5913232112824152,107.85341959542669,3.341933618247893,598.2857283819471,7.018385849956457,2761.292685072577,14.739293344998828,12301.037540522766,30.953950517165524,54375.211932604914
0.138,1.565541530220526,105.50029415125329,3.2297741692650255,568.7183165028459,6.663152004008328,2540.2355419117966,13.74634643220995,10931.273848998131,28.359257018398832,46644.64371640337
0.14,1.5399443869450984,103.18635633870691,3.120419486307506,540.51820651753,6.322967149377865,2336.19014473658,12.812352232622798,9709.16722927711,25.961920385581358,39982.39806401124
0.14200000000000002,1.5145403246883522,100.91190618992408,3.013857282947047,513.637462704045,5.997420850340761,2147.9873824484935,11.934558766143807,8619.841664333946,23.749157595710056,34247.70589337763
0.14400000000000002,1.4893374328686357,98.67717699933047,2.9100712947241063,488.02833493217383,5.686095543882619,1974.5201367672598,11.110271625570965,7649.7514335104515,21.708769161778864,29317.04232053183
0.14600000000000002,1.4643433541862607,96.48233837674819,2.809041542774856,463.64342014905253,5.388568443645202,1814.7422681854434,10.336860252755676,6786.587563864202,19.829140337079746,25082.24792956467
0.14800000000000002,1.4395652922232323,94.32749929051397,2.710744592290201,440.43580760901386,5.104413314436831,1667.6672966981778,9.611763261911417,6019.1870135454965,18.099238308491636,21448.813790939214
0.15000000000000002,1.4150100195009625,92.2127110906525,2.6151538051530023,418.35920854253766,4.833202118959712,1532.366827463735,8.93249287161907,5337.445173270915,16.50860587611824,18334.323266215877
0.15200000000000002,1.3906838859513528,90.13797050295861,2.52223958617752,397.3680710014876,4.5745065390790325,1407.9687674849392,8.296638507601315,4732.232132552586,15.047352088750333,15667.042447629214
0.15400000000000003,1.3665928277581412,88.10322258565182,2.4319696224505094,377.41768064923923,4.3278993745491094,1293.6553753501353,7.701869638219026,4195.313034666653,13.70614027510749,13384.65027822852
0.15600000000000003,1.3427423765268804,86.10836364103912,2.344309115345264,358.464248285587,4.092955822621955,1188.6611820885364,7.145937903955864,3719.272737611455,12.476173880245113,11433.098920527893
0.15800000000000003,1.3191376687434482,84.15324407537926,2.2592210048474195,340.46498490820653,3.8692546423923506,1092.270817320356,6.626678600965765,3297.4449065473254,11.349180485403854,9765.59473214237
0.15999999999999992,1.295783455482726,82.23767120087678,2.176666185896487,323.3781651165563,3.656379208096103,1003.8167711595773,6.142011577163929,2923.845585382296,10.317394358464005,8341.690214868875
0.16199999999999992,1.2726841123305492,80.36141197442444,2.0966037165068894,307.1631796605677,3.45391845586737,922.677118778681,5.689941597383434,2593.111230091097,9.373537851374659,7126.477483719743
0.16399999999999992,1.2498436494839016,78.52419566839512,2.0189910174894563,291.78057792685604,3.261467728690603,848.2732311957005,5.26855823188217,2300.441132867323,8.510801930846458,6089.874115060889
0.16599999999999993,1.2272657219958438,76.72571646941299,1.9437840636467025,277.1921011399254,3.0786295244523583,780.0674927075772,4.876035320018164,2041.5441231166192,7.722826099478139,5205.992644066105
0.16799999999999993,1.2049536401334773,74.96563600164615,1.8709375663644296,263.36070703601786,2.9050141521163244,717.561042480166,4.510630058273319,1812.5893974419268,7.003677936569331,4452.585462168978
0.16999999999999993,1.1829103798188563,73.24358577173285,1.8004051475669665,250.25058674338726,2.7402403011126397,660.2915551178855,4.17068175904146,1610.1613050296096,6.347832461313094,3810.5573907527328
0.17199999999999993,1.161138593124515,71.55916953299521,1.732139505044951,237.82717457584198,2.583935529059065,607.8310725769768,3.8546103237570795,1431.217896162253,5.750151496010885,3263.5387579596927
0.17399999999999993,1.1396406187968355,69.91196556709286,1.666092569201807,226.05715141670686,2.4357366729162697,559.7838975504787,3.560914471055777,1273.0530289622047,5.205863183474898,2797.5123649871016
0.17599999999999993,1.118418492782245,68.30152888175041,1.602215651299598,214.9084423389231,2.295290188632789,515.7845564370087,3.288169757773022,1133.2618220042987,4.710541790959077,2400.48828375048
0.17799999999999994,1.097473958732734,66.7273933236205,1.5404595833152364,204.3502090739181,2.162252424255468,475.4958381988094,3.0350264277215357,1009.7092372833761,4.260087912788406,2062.2209693830173
0.17999999999999994,1.0768084784688368,65.1890736057565,1.4807748495454274,194.35283790793994,2.036289831376212,438.606913808859,2.8002071203728662,900.5015784351615,3.8507091653487784,1773.9636912917258
0.18199999999999994,1.056423242379709,63.686067249537814,1.4231117101231203,184.88792355014374,1.9170791196595613,404.8315395712914,2.5825044688281866,803.9606924160134,3.4789014512358247,1528.2557800953396
0.18399999999999994,1.0363191797414721,62.21785644123519,1.3674203166291574,175.9282494820103,1.8043073590478136,373.9063463602415,2.380778613805687,718.6006684480942,3.1414308540789624,1318.738651149697
0.18599999999999994,1.0164969689364252,60.78390980371378,1.3136508200013917,167.4477652633169,1.6976720340797187,345.58921574921123,2.193954657824,643.1068354197394,2.8353162118246913,1139.9969964293246
0.18799999999999994,0.9969570475571393,59.383684084052824,1.2617534709590232,159.4215612358547,1.5968810545830618,319.6577430812349,2.0210200813223094,576.3168676388907,2.5578124039892782,987.4219342977269
0.18999999999999995,0.977699622380826,58.016625758118764,1.2116787131733429,151.82584103290475,1.5016527268182969,295.90778674852913,1.8610221401473388,517.2038184911651,2.3063943775181928,857.0932711342743
0.19199999999999995,0.9587246792006306,56.682172553351776,1.1633772694265678,144.63789227007106,1.4117156889576739,274.15210229457,1.7130652616511632,464.8609118216125,2.078741926317116,745.6783605350935
0.19399999999999995,0.9400319925018552,55.37975489123278,1.1168002210094954,137.83605576188953,1.3268088145887849,254.21905941095835,1.5763084545946997,418.4879314723591,1.8727252311756932,650.3453460626446
0.19599999999999995,0.921621134972189,54.10879725107043,1.0718990806148936,131.39969357851476,1.2466810877311483,235.95143946283622,1.4499627461336626,377.37906013822374,1.6863911595880894,568.6888438316655
0.19799999999999995,0.9034914868362983,52.86871945690676,1.0286258589887605,125.30915622813846,1.1710914526549197,219.2053108299491,1.333288657383827,340.91202936960053,1.517950318805872,498.6663634049615
0.19999999999999996,0.8856422450061553,51.658937889473435,0.9869331256043332,119.54574922341094,1.0998086415903618,203.84897908411455,1.2255937274130608,308.538453008371,1.3657648502399284,438.54398148749164
0.20199999999999996,0.8680724320395429,50.47886662524077,0.9467740636253899,114.09169926428632,1.0326109832192305,189.762008828729,1.126230093990918,279.775226477247,1.2283369489800415,386.84997479103936
0.20399999999999996,0.8507809049001792,49.327918504699355,0.9081025194254557,108.9301202453011,0.9692861946446049,176.83431389242065,1.0345921380363938,254.19688406947395,1.1042980886353995,342.33528823787947
0.20599999999999996,0.8337663635138425,48.205506132091294,0.8708730469284021,104.04497927240676,0.9096311593456313,164.96531248881905,0.9501141974376697,231.42881564314905,0.9923989288383904,303.9398643902622
0.20799999999999996,0.8170273591157277,47.111042808864724,0.8350409470335325,99.42106285303477,0.8534516934383503,154.0631439197364,0.8722683547679232,211.14125287052218,0.8914998805196,270.76399156930717
0.20999999999999996,0.8005623023851647,46.04394340317617,0.8005623023850212,95.04394340315756,0.8005623023850242,144.04394340315844,0.8005623023850273,193.0439434031597,0.8005623023850303,242.04394340316128
0.21199999999999997,0.7843694713645588,45.00362515779396,0.7673940077412924,90.89994619658816,0.750785930121504,134.83117164362187,0.734537287471812,176.88143897650875,0.7186403008366574,217.13128324500371
0.21399999999999997,0.7684470191601839,43.989508438775275,0.735493796194973,86.97611686469395,0.7039537024069468,126.35499582557934,0.6737661387439934,162.4289305926775,0.6448731048161471,195.4752946314671
0.21599999999999997,0.7527929814231128,43.001017427297796,0.7048202614883056,83.26018953895073,0.6599046660416736,118.55171879477328,0.6178513758160434,149.48857049554394,0.5784779866576519,176.60807518511677
0.21799999999999997,0.7374052836092625,42.03758075702363,0.6753328766627186,79.74055571436112,0.6184855254485686,111.3632532943727,0.5664234015671005,137.88622670344543,0.5187436999599182,160.13189744922755
0.21999999999999997,0.7222817480180973,41.098632099362476,0.6469920092744493,76.40623389858811,0.5795503779704746,104.73663823752348,0.5191387772816256,127.46862141132212,0.4650244056802102,145.70849729984548
0.22199999999999998,0.7074201006100677,40.18361069897618,0.6197589334009549,73.24684009968725,0.5429604491010543,98.6235941227518,0.4756785798475827,118.1008096403913,0.4167340580707754,133.04999991018627
0.22399999999999998,0.6928179776034389,39.29196186184342,0.5935958386553961,70.25255919447702,0.508583828739424,92.98011483032937,0.43574683987198876,109.66395912541512,0.3733412226830915,121.9112357319487
0.22599999999999998,0.6784729318515559,38.42313739816363,0.5684658364186689,67.41411720981199,0.47629520943943915,87.76609317379004,0.3990690592141084,102.05339661538375,0.33436429942149704,112.08323548672814
0.22799999999999998,0.6643824390021195,37.57659602234298,0.544332963490601,64.72275454025126,0.4459756275128725,82.94497771908684,0.36539080613466285,95.17688955147662,0.29936712450476893,103.38772450871355
0.22999999999999998,0.650543903440334,36.75180371225384,0.5211621833537516,62.17020011777258,0.41751220774140707,78.48345852262105,0.33447638600973156,88.95313550529059,0.2679549261645115,95.67246363711632
0.23199999999999998,0.6369546640182735,35.94823402991383,0.4989193852352472,59.748646542228016,0.3907979123556705,74.35117957706724,0.3061075853557773,83.31043483884659,0.23977060994907537,88.80730683045338
0.23399999999999999,0.6236119995730214,35.1653684056715,0.47757138114374625,57.450726175071935,0.3657312948495725,70.52047588927562,0.28008248675203606,78.18552481330033,0.2144913505896996,82.68086529742928
0.236,0.6105131342365334,34.40269638793228,0.4570859010506124,55.269488193500734,0.3422162591154458,66.96613324664338,0.25621435212459615,73.52255585218435,0.1918254685043503,77.19768467648763
0.238,0.5976552425403896,33.65971586039619,0.437431586376148,53.19837659741906,0.32016182430900414,63.66516885633638,0.2343305717679168,69.27219288248668,0.17150957014813112,72.27585605379325
0.24,0.5850354543188354,32.93593322871588,0.41857798193380524,51.231209157582846,0.2994818957832013,60.596631165101655,0.21427167642105938,65.39082665687286,0.15330593255469335,67.84499374030669
0.242,0.5726508594137685,32.23086357842306,0.4004955264772998,49.36215728975459,0.2800950423658523,57.74141728557735,0.19589040968320365,61.83988172502181,0.13700011353907346,63.84452303818844
0.244,0.5604985121854458,31.544030805902217,0.38315554198789264,47.58572683676026,0.2619242801976827,55.08210656781648,0.17905085804355156,58.58520929237088,0.12239877014049985,60.22222997956217
0.246,0.548575435832926,30.874967724129874,0.3665302218314061,45.89673973782641,0.2448968632942996,52.602808961819235,0.16362763581054304,55.59655459954872,0.10932766896557845,56.93303244432824
0.248,0.5368786265283223,30.223216144826576,0.3505926179072369,44.29031656254631,0.22894408094782134,50.28902691829677,0.14950512225249168,52.84708969339791,0.09762987314280763,53.937938354741476
0.25,0.525405057369121,29.588326938606926,0.3353166269043025,42.76185988513993,0.21400106204057834,48.127529670470345,0.1365767483029271,50.31300355678866,0.08716409161307868,51.20316197109092
0.252,0.5141516821528886,28.969860074644807,0.3206769757720167,41.30703847339086,0.20000658630483767,46.10623882966578,0.12474433023764746,47.973142534487465,0.07780317745497588,48.699373819772305
0.254,0.5031154389787676,28.367384641306224,0.3066492065074642,39.92177226562076,0.18690290252775885,44.21412431170194,0.11391744779372392,45.80869484945363,0.06943276287487529,46.40106359567217
0.256,0.4922932536802421,27.780478849137687,0.29320966035356916,38.60221810837545,0.17463555367040925,42.441109689939765,0.10401286427259807,43.80291376061389,0.06195001937926152,44.285998600990894
0.258,0.4816820430936893,27.20873001753435,0.2803354614966562,37.34475622700994,0.1631532088424933,40.77798614433528,0.09495398624736502,41.940874580258814,0.055262532488521275,42.33476300223151
0.26,0.4712787181672575,26.65173454634919,0.26800450034581114,36.1459774011214,0.15240750205087003,39.216334244280674,0.08667036057758126,40.20926135690412,0.049287281148015324,40.53036548301876
0.262,0.461080186914645,26.1090978736433,0.2561954164706586,35.0026708167229,0.14235287761936352,37.74845286655844,0.07909720652178136,38.59617954665116,0.04394971274327305,38.857904807832774
0.264,0.45108335721835,25.580434420717523,0.24488758126861582,33.91181256715592,0.13294644215961007,36.367294608624945,0.0721749808272687,37.09099145085205,0.03918290533237907,37.30428444611914
0.266,0.44128513948695286,25.065367525507064,0.23406108042739807,32.870554774997494,0.12414782295758604,35.06640711193997,0.0658489737677209,35.684171597471185,0.03492680937098168,35.85796878463316
0.268,0.4316824491709807,24.563529365363223,0.22369669624350605,31.876215307590982,0.11591903262770481,33.839879760387305,0.06006893419076571,34.36717959435252,0.031127561825012716,34.50877461813768
0.27,0.4222722091418798,24.074560870192265,0.2137758898526125,30.92626805931057,0.10822433987579894,32.68229526524799,0.0547887217292259,33.132348290410874,0.02773686614459833,33.247692588479495
0.272,0.41305135193857584,23.59811162686697,0.20428078342323513,30.018333774242063,0.10103014620374695,31.588685690935797,0.04996598442058603,31.97278535067614,0.024711432111395433,32.066734068186086
0.274,0.4040168218860581,23.133839775774156,0.19519414236072452,29.15017138359683,0.09430486838165121,30.55449251499748,0.04556186006875799,30.88228658764046,0.022012470072319056,30.958799681161107
0.276,0.3951655770903945,22.68141190031365,0.18649935756453076,28.31966983288039,0.08801882650832521,29.57553035198147,0.04154069977008901,29.855259598550234,0.019605234537243624,29.917566240247947
0.278,0.3864945913144954,22.240502910113094,0.17818042777783982,27.524840374581036,0.08214413747709867,28.647954003882155,0.037869812111292304,28.88665643967547,0.0174586125485146,28.937389376545905
0.28,0.37800085573889614,21.810795918678515,0.1702219420650168,26.763809302926198,0.07665461366150937,27.768228530198797,0.034519226630318464,27.971914227339006,0.01554475262789844,28.01321955293711
0.28200000000000003,0.3696813806117704,21.391982116155887,0.16260906244886728,26.034811108061312,0.07152566663417416,26.933102058405684,0.0314614752118857,27.106902694370902,0.013838730473784526,27.140529506541647
0.28400000000000003,0.36153319679229073,20.983760637835587,0.15532750673651777,25.336182027837175,0.06673421573190556,26.1395810810181,0.02867139016727356,26.287877852129235,0.012318247919874938,26.31525146208672
0.28600000000000003,0.35355335719139014,20.58583842899088,0.14836353155964682,24.66635397621973,0.06225860128075062,25.384908008609173,0.02612591782285226,25.511441014423603,0.010963361978025481,25.533722709103117
0.28800000000000003,0.3457389381138926,20.19793010660295,0.1417039156520071,24.023848828185976,0.05807850229613357,24.66654076930304,0.023803946513698295,24.77450253253833,0.009756241074156128,24.792638347810286
0.29000000000000004,0.33808704050590715,19.819757818487425,0.13533594338449317,23.4072730418013,0.05417485847538763,23.982134264551526,0.021686147947335054,24.07424967169307,0.008680945848845417,24.089010187617692
0.29200000000000004,0.33059479111126816,19.451051100300965,0.1292473885755514,22.81531259901221,0.050529796302739335,23.329523508589794,0.019754830968239052,23.408118130211815,0.00772323213506681,23.42013093358268
0.29400000000000004,0.32325934354075236,19.091546730874242,0.12342649859241736,22.246728247507313,0.04712655909004844,22.706708294966056,0.017993806816166677,22.77376676464359,0.006870373946013325,22.783542924240805
0.29600000000000004,0.316077879257677,18.74098858628325,0.11786197875650348,21.700351026807464,0.04394944078029994,22.11183924810486,0.01638826503067268,22.169055138239823,0.00611100450761494,22.177010792653494
0.29800000000000004,0.3090476084834272,18.39912749304246,0.11254297706430265,21.175078062542052,0.04098372334492607,21.543205131111815,0.014924659210443147,21.59202355752863,0.005434973554579256,21.5984975143802
0.30000000000000004,0.3021657710263341,18.065721080772324,0.10745906923327929,20.669868613634552,0.038215617610361394,20.99922129305535,0.01359060188927338,21.040875303080846,0.004833219276891716,21.046143383954686
0.30200000000000005,0.29542963703725866,17.74053363466726,0.10260024408055582,20.183740357878214,0.03563220735386736,20.47841914990066,0.012374767840826365,20.51396079672198,0.004297653456984888,20.51824752753862
0.30400000000000005,0.2888365076951313,17.42333594806361,0.09795688924059778,19.715765902107016,0.03322139651343064,19.97943660319057,0.01126680517173031,20.00976347904006,0.003821058477370443,20.013251615549017
0.30600000000000005,0.2823837158256088,17.113905175383074,0.09351977722666133,19.265069503874464,0.030971859361484527,19.501009309576958,0.010257253607252013,19.52688719867063,0.0033969950055475623,19.529725486775302
0.30800000000000005,0.2760686264559082,16.812024685702838,0.08928005183943095,18.830823992232666,0.028872993497232432,19.041962722474928,0.009337469415794416,19.064044939000436,0.003019719278475692,19.066354436107478
0.31000000000000005,0.26988863730879675,16.517483917182304,0.08522921492505663,18.412247875859514,0.0269148755174533,18.601204834519397,0.008499556457923413,18.62004872906494,0.002684109013789827,18.621927952588443
0.31200000000000006,0.2638411792386175,16.230078232555993,0.08135911348367965,18.008602627411726,0.025088219230795905,18.177719556217912,0.00773630288263572,18.193800603906418,0.002385597070134459,18.19532972400448
0.31400000000000006,0.2579237166121401,15.949608775881824,0.07766192712851992,17.619190133584738,0.023384336285698366,17.77056067227603,0.007041123028246571,17.78428449584293,0.0021201120653240534,17.785528749413828
0.31600000000000006,0.2521337476369337,15.675882330716194,0.07413015589467263,17.243350300940115,0.02179509908717756,17.378846322584103,0.006408004117714612,17.39055895227103,0.0018840252392706579,17.391571422545205
0.31800000000000006,0.246468804639876,15.408711179870544,0.0707566083959277,16.88045880811352,0.020312905882794285,17.001753959844365,0.005831457368538963,17.011750588037323,0.001674102919459274,17.01257446742411
0.32000000000000006,0.24092645429831863,15.147912966886988,0.0675343903271682,16.529924995544725,0.018930647903093685,16.63851574033672,0.005306473165668569,16.64704819129226,0.0014874640108518912,16.647718623376026
0.32200000000000006,0.23550429782634102,14.89331055935659,0.06445689330921879,16.191189884373273,0.01764167844673312,16.2884143084111,0.004828479972264119,16.295697411275356,0.0013215419900634807,16.29624299010348
0.32400000000000007,0.23019997111844712,14.644731914188988,0.06151778407242273,15.863724316624989,0.016439783805333133,15.950778938999697,0.004393306677755461,15.95699596484962,0.001174050936031736,15.9574399551785
0.32600000000000007,0.22501114485296486,14.402009944929503,0.05871099397466556,15.547027209267274,0.015319155927790384,15.624982005790175,0.00399714810553575,15.630289305942057,0.001042955176701603,15.630650636304763
0.32800000000000007,0.2199355245573375,14.164982391207209,0.05603070884910404,15.240623915147056,0.014274366728393573,15.31043574573652,0.00363653342393736,15.314966708498536,0.0009264421739360649,15.315260779336926
0.33000000000000007,0.21497085063740454,13.93349169038628,0.05347135917642256,14.944064684233599,0.013300343947545817,15.006589293325549,0.003308297223928052,15.010457719224423,0.0008228983073681794,15.010697060487846
0.3320000000000001,0.21011489837269628,13.70738485148211,0.051027610576080316,14.656923218979095,0.012392348478238393,14.712925960501053,0.0030095530453484566,14.716228941365582,0.0007308872526197465,14.716423747589257
0.3340000000000001,0.20536547787969306,13.4865133313942,0.048694354610691916,14.37879531797821,0.011545953075622903,14.428960740393345,0.002737669150567506,14.431781115167158,0.0006491306805839128,14.431939680838127
0.3360000000000001,0.20072043404491374,13.27073291349816,0.04646669989741524,14.109297602457715,0.010757022371092077,14.154238015035375,0.0024902463602458668,14.156646464507718,0.0005764910326284117,14.156775538286263
0.3380000000000001,0.19617764642963328,13.059903588631155,0.04433996351998205,13.848066320454791,0.01002169411619754,13.888329449082729,0.002265097780546602,13.890386282603849,0.0005119561519189357,13.890491355514914
0.3400000000000001,0.19173502914795848,12.853889438497273,0.042309662734829445,13.594756223857416,0.00933636158551719,13.630832053222347,0.002060230264699425,13.632588732682251,0.00045462557386034873,13.632674272579163
0.3420000000000001,0.1873905307199102,12.652558521511581,0.04037150696462558,13.349039513772317,0.0086976570712153,13.381366402457841,0.0018738274643735015,13.382866842159281,0.0004036982991500964,13.382936484472204
0.3440000000000001,0.18314213390110917,12.455782761096064,0.03852139007236593,13.110604849964117,0.008102436405533167,13.139574995822835,0.001704234337919289,13.140856671205118,0.00035846189135896995,13.14091337412244
0.3460000000000001,0.17898785549057758,12.263437836433123,0.03675538290912428,12.87915642037121,0.0075477644507979886,12.905120745307148,0.001549942993263926,12.906215638634984,0.00031828275750099154,12.906261809348159
0.3480000000000001,0.17492574611812173,12.075403075678125,0.03506972612848037,12.65441306695043,0.007030901499749045,12.677685582897041,0.0014095797531486279,12.678620989896313,0.0002825974849110698,12.678658587303328
0.3500000000000001,0.17095389001268763,11.891561351626486,0.03346082326060601,12.43610746433449,0.006549290532051768,12.456969175641326,0.001281893339537819,12.457768393537648,0.000250905121082882,12.45779901179501
0.3520000000000001,0.1670704047530236,11.71179897982634,0.03192523403897768,12.22398534800531,0.006100545275808685,12.242687739570997,0.0011657440824632216,12.243370653978733,0.00022276029508163544,12.243395590473442
0.35399999999999987,0.16327344100192817,11.536005619123946,0.03045966797268706,12.017804788890885,0.005682439025679529,12.034572944128037,0.0010600940663411048,12.035156529670935,0.00019776708987338942,12.035176840318176
0.35599999999999987,0.1595611822252996,11.36407417462432,0.02906097815734637,11.817335511487823,0.005292894171900017,11.83237089951124,0.0009639981339668465,11.83286964686653,0.00017557358452870197,11.832886191096982
0.3579999999999999,0.15593184439715987,11.195900703047553,0.02772615531762927,11.622358252792957,0.00492997239703853,11.635841220027022,0.0008765956749909743,11.636267500217262,0.00015586699387495095,11.636280977577062
0.3599999999999999,0.15238367569174974,11.031384320456176,0.0264523220745356,11.43266415949733,0.004591865499756093,11.444756157149158,0.0007971031317567401,11.445120532313284,0.00013836934088991764,11.445131512241005
0.3619999999999999,0.14891495616377085,10.87042711232809,0.02523672743054819,11.248054221057354,0.004276886807147543,11.25889979655193,0.0007248071609717179,11.259211285068222,0.00012283360404065946,11.259220231121459
0.3639999999999999,0.1455239974177735,10.712934045945605,0.02407674146592462,11.0683387364076,0.003983463139435288,11.078067313887328,0.0006590583948287738,11.078333616562333,0.00010904028795804432,11.07834090612906
0.3659999999999999,0.14220914226765946,10.558812885069916,0.022969850239463175,10.893336812221415,0.003710127292873468,10.902064284537566,0.0005992657499209838,10.902291977586843,9.679437137323226e-05,10.902297917923612
0.3679999999999999,0.13896876438721312,10.407974106867663,0.021913650887178674,10.722875890756702,0.0034555110086978208,10.730706042990448,0.0005448912366409042,10.730900742694105,8.592259119438902e-05,10.730905583976046
0.3699999999999999,0.1358012679525314,10.260330821054927,0.020905846912442013,10.556791305451021,0.0032183383978361176,10.56381708786645,0.0004954452257479223,10.563983591063824,7.627102603052916e-05,10.563987537003669
0.3719999999999999,0.13270508727718458,10.115798691222452,0.01994424366124494,10.394925862543456,0.002997419792869524,10.40123052896742,0.00045048213245330715,10.401372932942387,6.770294642826918e-05,10.401376149431684
0.3739999999999999,0.12967868644089164,9.97429585830438,0.019026743976381176,10.237129447112503,0.0027916460004225037,10.242787573032123,0.00040959648173902733,10.24290937781768,6.009690262576214e-05,10.242911999959004
0.3759999999999999,0.12672055891246137,9.835742866152213,0.018151344024459063,10.083258652019746,0.0025999829287516483,10.088337045165858,0.00037241932171474314,10.088441240851221,5.334502378946872e-05,10.088443378681145
0.3779999999999999,0.12382922716770153,9.700062589173903,0.017316129289795586,9.933176428346378,0.002421466566813293,9.937734943171424,0.00033861495465097534,9.937824084414533,4.7351505523438846e-05,9.937825827561486
0.3799999999999999,0.1210032423029767,9.567180161998376,0.016519270729374987,9.786751755997976,0.0022551982925144566,9.790844022241824,0.00030787795792439033,9.790920291866257,4.203126496251771e-05,9.790921713341614
0.3819999999999999,0.11824118364504274,9.437022911124226,0.01575902108319465,9.643859333238058,0.0021003404891996444,9.64753340769008,0.00027993046949316755,9.647598670968865,3.7308745012350534e-05,9.647599830252817
0.3839999999999999,0.11554165835776813,9.309520288511427,0.015033711334462381,9.504379283989639,0.0019561124506981597,9.507678233585859,0.00025451971470311573,9.507734084579093,3.31168513085403e-05,9.507735030132626
0.3859999999999999,0.11290330104630401,9.184603807074293,0.014341747314247555,9.368196881816758,0.0018217865564565882,9.3711593053449,0.00023141575322477252,9.371207106457074,2.939600726045038e-05,9.371207877766881
0.3879999999999999,0.11032477335924704,9.062206978033927,0.013681606445335486,9.235202289568315,0.0016966846994148567,9.237862784479965,0.00021040942675338675,9.237903700231449,2.60933141449069e-05,9.237904329474794
0.3899999999999999,0.10780476358930119,8.942265250088191,0.013051834620174705,9.105290313730242,0.0015801749503516166,9.10767989386817,0.00019131048978042508,9.107714919729272,2.3161804641873402e-05,9.107715433129485
0.3919999999999999,0.10534198627291598,8.824715950357213,0.012451043207949583,8.978360172592232,0.0014716684434313407,8.980506642023643,0.00017394590728018897,8.980536629034889,2.055977947653785e-05,8.980537047965077
0.3939999999999999,0.10293518178935458,8.709498227062571,0.01187790618595692,8.854315277393418,0.0013706164686346793,8.856243564988311,0.0001581583045599088,8.85626924078436,1.825021796665137e-05,8.856269582666195
0.3959999999999999,0.1005831159596148,8.596552993898484,0.011331157390601376,8.73306302566191,0.0012765077576452546,8.734795484562989,0.00014380455580645976,8.734817471326929,1.6200254285050858e-05,8.734817750362575
0.3979999999999999,0.09828457964560486,8.485822876053604,0.010809587883471061,8.61451460601499,0.0011888659506080492,8.616071281705397,0.0001307544990384335,8.616090111502817,1.4380712148453363e-05,8.616090339271052
0.3999999999999999,0.09603838834994492,8.377252157842207,0.010312043428089036,8.498584813731338,0.001107247231964357,8.499983684013195,0.00011888976624683641,8.499999811889495,1.2765691446481203e-05,8.49999999783125
0.4019999999999999,0.09384338181675037,8.270786731904142,0.009837422073077647,8.385191876451149,0.0010312381243127988,8.386449066296512,0.00010810271849030034,8.386462881464645,1.1332201040162885e-05,8.386463033278526
0.4039999999999999,0.09169842363372345,8.166374049933129,0.009384671837606287,8.274257289400053,0.0009604534299450147,8.275387263321889,9.829547660863498e-05,8.275399098719772,1.0059832596226802e-05,8.275399222684264
0.4059999999999999,0.08960240083586132,8.06396307489353,0.00895278849512718,8.165705659570634,0.0008945343103619436,8.166721393880982,8.937903903909334e-05,8.166731534336844,8.930470890847602e-06,8.16673163557281
0.4079999999999999,0.0875542235110708,7.963504234686415,0.008540813451535437,8.059464558330967,0.0008331464946942873,8.060377695402694,8.127247896938767e-05,8.060386384611734,7.928036521660297e-06,8.060386467296313
0.4099999999999999,0.08555282440795531,7.864949377226022,0.0081478317140192,7.955464381963313,0.0007759786085309414,7.956285368387938,7.390221374621254e-05,7.95629281487387,7.038257416567829e-06,7.956292882414759
0.4119999999999999,0.0835971585460256,7.76825172688849,0.007772969946990128,7.853638219666022,0.0007227406152034116,7.854376429999885,6.72013400832553e-05,7.85438281220952,6.2484659281453556e-06,7.854382867387019
0.4139999999999999,0.08168620282856563,7.673365842295219,0.007415394611610345,7.753921728581905,0.0006731623620858337,7.754585576194048,6.11090291836233e-05,7.754591046851407,5.547418658693174e-06,7.754591091934182
0.4159999999999999,0.07981895565836998,7.58024757539409,0.00707431018555181,7.656253015442765,0.0006269922249496906,7.656850051818038,5.5569976412717826e-05,7.65685474164594,4.925136477980725e-06,7.65685477848538
0.4179999999999999,0.07799443655654996,7.48885403180215,0.006748957459742867,7.5605725244458934,0.0005839958438624519,7.561109528153866,5.053390063324114e-05,7.561113549055195,4.372762477761316e-06,7.561113579162337
0.41999999999999993,0.07621168578459567,7.399143532374209,0.006438611908971772,7.4668229310014045,0.0005439549445412267,7.46730598741392,4.595508874801887e-05,7.46730943519127,3.8824358580276325e-06,7.4673094597995116
0.42199999999999993,0.07446976396985974,7.311075575962532,0.006142582133329319,7.374949041011969,0.0005066662394682435,7.375383613738042,4.179198139231925e-05,7.375386570418944,3.4471799631430326e-06,7.375386590535167
0.42399999999999993,0.07276775173462162,7.224610803333407,0.005860208367583225,7.284897695367606,0.00047194040344595575,7.285288690272228,3.8006796078581285e-05,7.285291226097353,3.0608028844563223e-06,7.285291242543627
0.42599999999999993,0.07110474932887301,7.139710962207125,0.005590861055682304,7.196617679357019,0.0004396011186168752,7.1969695019392255,3.456518442589409e-05,7.196971677062578,2.7178092224950237e-06,7.196971690510155
0.42799999999999994,0.06947987626695462,7.056338873388627,0.005333939487692954,7.110059636715852,0.0004094841842990118,7.110376243539768,3.1435920407029434e-05,7.110378109482744,2.4133217587604723e-06,7.110378120479799
0.42999999999999994,0.06789227096816298,6.97445839795688,0.00508887049657111,7.025175988049019,0.000381436687292662,7.02546093284872,2.8590616819750928e-05,7.025462533743768,2.1430119266599174e-06,7.025462542738019
0.43199999999999994,0.06634109040143339,6.894034405481605,0.004855107212270371,6.941920853380312,0.00035531622859986066,6.942177328393994,2.600346743885621e-05,6.942178702048452,1.9030380951305628e-06,6.942178709405607
0.43399999999999994,0.0648255097341961,6.81503274323687,0.004632127870781996,6.860249978597404,0.0003309902027651435,6.860480851628125,2.3651012533040416e-05,6.8604820304343015,1.6899907887453091e-06,6.860482036453124
0.43599999999999994,0.06334472198548961,6.737420206381719,0.00441943467579469,6.780120665574622,0.0003083351262965612,6.780328513222627,2.151192563814084e-05,6.780329524936449,1.5008440660627462e-06,6.780329529861041
0.43799999999999994,0.06189793768341077,6.661164509078719,0.004216552710751088,6.701491705768809,0.0002872360118600106,6.7016788432338075,1.956681966737411e-05,6.701679711641079,1.3329123650488933e-06,6.701679715670903
0.43999999999999995,0.060484384526965584,6.586234256522101,0.004023028899163929,6.624323317095763,0.000267585785159019,6.624491824905826,1.779807061143636e-05,6.624492570392367,1.1838122017633553e-06,6.624492573690436
0.44199999999999995,0.059103307052381614,6.512598917847743,0.0038384310111389294,6.548577083906708,0.0002492847416171667,6.548728831893025,1.6189657238283586e-05,6.548729471932634,1.0514281772433134e-06,6.5487294746321805
0.44399999999999995,0.05775396630393168,6.440228799898142,0.0036623467141316747,6.474215899894377,0.0002322400401718897,6.474352568697814,1.4727015345358652e-05,6.474353118269911,9.338828085884945e-07,6.474353120479848
0.44599999999999995,0.05643563950931211,6.3690950218161175,0.003494382666044534,6.4012039137692645,0.00021636523166779548,6.401327014134679,1.3396905247257824e-05,6.4013274860818274,8.29509754504231e-07,6.401327487891197
0.44799999999999995,0.05514761975961045,6.299169490441623,0.003334163648844408,6.329506477555192,0.0002015798195050511,6.329617367642802,1.2187291300405271e-05,6.329617772976777,7.368300537505562e-07,6.329617774458384
0.44999999999999996,0.053889215693892635,6.230424876486898,0.00318133174095554,6.259090097362802,0.00018780885035515966,6.25918999828191,1.1087232374305122e-05,6.25919034644576,6.545310377512915e-07,6.259190347659143
0.45199999999999996,0.05265975118843065,6.162834591465677,0.0030355455267517296,6.1899223865077415,0.00017498253290279233,6.190012396256748,1.0086782277267113e-05,6.190012695349195,5.814476166344615e-07,6.190012696343047
0.45399999999999996,0.051458565050588004,6.0963727653530135,0.0028964793415404123,6.121972020848152,0.00016303588270918012,6.122053126825596,9.17689923402848e-06,6.12205338379321,5.165456717386216e-07,6.122053384607359
0.45599999999999996,0.05028501071737291,6.031014224952796,0.002763822550495911,6.055208696223035,0.00015190839142032106,6.05528178645727,8.34936359418912e-06,6.055282007259052,4.589073176022396e-07,6.055282007926082
0.45799999999999996,0.049138455958665214,5.966734472950758,0.0026372788600634873,5.989603087880827,0.00014154371866280122,5.9896689611105565,7.596703024575848e-06,5.9896691508589255,4.0771782307826605e-07,5.989669151405497
0.45999999999999996,0.04801828258511576,5.903509667631317,0.0025165656604151636,5.92512681179277,0.00013188940508138613,5.925186186516927,6.912124506162219e-06,5.9251863495984995,3.6225400485509694e-07,5.9251863500464275
0.46199999999999997,0.046923886160715834,5.841316603237416,0.002401413397598203,5.861752387752686,0.00012289660507684092,5.861805910355873,6.2894525176377405e-06,5.861806050534932,3.21873927655582e-07,5.86180605090207
0.46399999999999997,0.04585467572002554,5.780132690952802,0.0022915649740727234,5.79945320416995,0.00011451983789961913,5.799501456218558,5.723072843641234e-06,5.799501576725719,2.860077640201821e-07,5.79950157702668
0.46599999999999997,0.04481007349004967,5.719935940487119,0.002186775176389578,5.738203484467796,0.00010671675584588209,5.738246989262121,5.207881496566218e-06,5.738247092870309,2.5414968312423024e-07,5.738247093117055
0.46799999999999997,0.04378951461674295,5.66070494224453,0.002086810128811949,5.677978255004424,9.944792838710962e-05,5.678017483463233,4.739238287154631e-06,5.6780175725528,2.2585065276577113e-07,5.678017572755127
0.47,0.042792446896125255,5.602418850057343,0.001991446771734155,5.618753314438482,9.26766411436381e-05,5.618788690384555,4.312924621222686e-06,5.6187887669991,2.0071205169724444e-07,5.618788767165027
0.472,0.04181833050998171,5.545057364466401,0.0019004723637997478,5.560505204465507,8.636870868636164e-05,5.560537109373628,3.925105138195849e-06,5.560537175267835,1.7838000104688678e-07,5.560537175403929
0.474,0.04086663776612149,5.4886007165309,0.0018136840066673903,5.503211181855698,8.049230021971705e-05,5.503239959118169,3.5722928419962842e-06,5.503240015798829,1.5854033384738513e-07,5.503240015910469
0.476,0.03993685284316551,5.433029652150539,0.0017308881914176047,5.446849191727253,7.501777726337831e-05,5.446875150486344,3.2513174065441818e-06,5.446875199247533,1.4091413080640155e-07,5.446875199339127
0.478,0.03902847153982913,5.378325416883474,0.0016519003656366772,5.3913978419936,6.99175425101092e-05,5.3914212605852665,2.9592963669868835e-06,5.391421302538495,1.2525375854558317e-07,5.391421302613652
0.48,0.03814100102866653,5.32446974124427,0.0015765445202547109,5.336836378925403,6.516589909313274e-05,5.336857507973973,2.6936089340060422e-06,5.33685754407406,1.1133935371608746e-07,5.336857544135738
0.482,0.03727395961423822,5.271444826466173,0.0015046527952551848,5.283144663772626,6.073891954866069e-05,5.283163728972145,2.4518721924236314e-06,5.283163760039399,9.897570277265193e-08,5.283163760090025
0.484,0.03642687649566272,5.219233330712843,0.0014360651034106915,5.230303150393912,5.6614323807848655e-05,5.230320355008091,2.2319194670266317e-06,5.230320381747349,8.798947284435904e-08,5.230320381788906
0.486,0.0355992915335104,5.167818355724928,0.0013706287712363892,5.178292863844035,5.277136559789638e-05,5.178308390953525,2.031780658270268e-06,5.178308413970466,7.822675416013344e-08,5.178308414004586
0.488,0.03479075502099732,5.117183433887487,0.001308198196387701,5.127095379872639,4.91907266743467e-05,5.127109394395331,1.8496643684663558e-06,5.127109414210497,6.95508789415436e-08,5.127109414238514
0.49,0.034000827459433156,5.0673125157044625,0.0012486345207622603,5.076692805290017,4.585441834612313e-05,5.076705455797519,1.6839416553834134e-06,5.076705472858331,6.184048562847322e-08,5.076705472881338
0.492,0.03322907933787809,5.018189957667234,0.0011918053185984608,5.027067759158138,4.274568979166552e-05,5.027079179509111,1.5331312650240915e-06,5.027079194200183,5.498780081103439e-08,5.027079194219081
0.494,0.032475090916959756,4.969800510504186,0.001137584298893796,4.97820335476729,3.9848942698844295e-05,4.978213665576285,1.395886208837369e-06,4.978213678228285,4.8897114353773575e-08,4.97821367824381
0.496,0.03173845201680302,4.922129307799166,0.0010858510214957935,4.930083182360837,3.714965179332725e-05,4.9300924923193135,1.2709815628891138e-06,4.930092503216558,4.348342596024567e-08,4.930092503229314
0.498,0.031018761809021352,4.875161854966633,0.001036490626246874,4.882691292572669,3.4634290849907134e-05,4.882699699637193,1.1573033776672608e-06,4.8826997090241795,3.8671243876894377e-08,4.882699709034661
0.5,0.03031562861272003,4.828884018572026,0.0009893935745915112,4.836012180543671,3.229026380908478e-05,4.836019773004757,1.0538385973355164e-06,4.83601978109176,3.439351860983031e-08,4.836019781100374
0.502,0.029628669694459025,4.78328201598607,0.0009444554030802882,4.790030770685377,3.010584064712044e-05,4.790037628129049,9.596658964666424e-07,4.790037635096933,3.0590696457739094e-08,4.790037635104013
0.504,0.02895751107212318,4.7383424053621255,0.0009015764882303242,4.744732402060535,2.807009767190346e-05,4.744738596233473,8.739473506643928e-07,4.744738602237823,2.7209879376295e-08,4.744738602243644
0.506,0.028301787322647612,4.69405207592615,0.0008606618222256801,4.700102814352205,2.6172861939502848e-05,4.700108409940202,7.959208650998502e-07,4.700108415114877,2.4204079208669364e-08,4.700108415119662
0.508,0.027661141393543292,4.650398238568945,0.0008216207989639879,4.656128134393982,2.4404659507210215e-05,4.656133189722489,7.248932919101664e-07,4.656133194182665,2.1531555664651273e-08,4.656133194186601
0.51,0.027035224418170363,4.607368416731008,0.0007843670099777106,4.612794863235708,2.2756667258433294e-05,4.612799430900306,6.602341737011173e-07,4.612799434745099,1.9155228626953513e-08,4.612799434748336
0.512,0.026423695534704195,4.564950437570333,0.0007488180497794746,4.570089863720403,2.122066805300149e-05,4.570093991154288,6.01370056114827e-07,4.570093994468999,1.704215642449571e-08,4.5700939944716605
0.514,0.025826221708739338,4.523132423403994,0.000714895330200838,4.528000348549017,1.978900897338856e-05,4.528004078533815,5.477793176223966e-07,4.528004081391867,1.5163072654035866e-08,4.528004081394058
0.516,0.0252424775594774,4.481902783414617,0.0006825239033132779,4.4865138688110555,1.8454562453165053e-05,4.486517239936701,4.989874694270562e-07,4.486517242401302,1.349197496700956e-08,4.486517242403104
0.518,0.024672145189443207,4.441250205613047,0.0006516322925386436,4.445618302960436,1.7210690088710164e-05,4.445621350039202,4.5456288265833734e-07,4.445621352164771,1.2005759979734918e-08,4.4456213521662535
0.52,0.024114914017674675,4.401163649048972,0.0006221523315737155,4.405301846216309,1.6051208948906482e-05,4.405304600655631,4.1411290394067926e-07,4.405304602489023,1.0683899122867331e-08,4.405304602490244
0.522,0.023570480616331005,4.361632336261321,0.0005940190107706766,4.365553000370408,1.4970360210325644e-05,4.3655554905086,3.7728032396831876e-07,4.365555492090166,9.508150829628117e-09,4.36555549209117
0.524,0.023038548550664836,4.322645745960715,0.0005671703306312399,4.326360563982806,1.396277995729325e-05,4.326362815391419,3.437401669421027e-07,4.326362816755911,8.462304980153103e-09,4.326362816756738
0.526,0.02251882822230289,4.28419360593643,0.0005415471620876188,4.287713622949009,1.3023471997299232e-05,4.287715658705157,3.131967716543873e-07,4.28771565988251,7.531955978795243e-09,4.28771565988319
0.528,0.02201103671578088,4.246265886180517,0.0005170931132584313,4.24960154142242,1.2147782552540757e-05,4.249603382354088,2.8538113767154776e-07,4.249603383370089,6.704301248928177e-09,4.2496033833706495
0.53,0.02151489764827778,4.208852792222058,0.0004937544023815542,4.212013953076545,1.1331376697982146e-05,4.21201561798358,2.6004851248364184e-07,4.2120156188604465,5.9679622915543284e-09,4.2120156188609075
0.532,0.021030141022495504,4.171944758664788,0.0004714797366395717,4.174940752692462,1.0570216425269703e-05,4.174942258545667,2.369761976906638e-07,4.174942259302543,5.312825775040052e-09,4.174942259302923
0.534,0.020556503082629973,4.1355324429213836,0.0004502201966062934,4.138372088057506,9.860540220164555e-06,4.138373450178046,2.159615542936389e-07,4.138373450831428,4.7299024081406834e-09,4.1383734508317405
0.536,0.020093726173379945,4.099606719138165,0.00042992912605519044,4.102298352162007,9.198844048917794e-06,4.102299584383061,1.9682018897563074e-07,4.1022995849471675,4.211201601244708e-09,4.102299584947426
0.538,0.019641558601939616,4.0641586723039,0.0004105620268823272,4.066710175681355,8.581863656231385e-06,4.0667112904938065,1.7938430490858294e-07,4.066711290980894,3.749620145056733e-09,4.066711290981107
0.54,0.019199754502923636,4.029179592536936,0.00039207645890771634,4.031598419731467,8.006558084177888e-06,4.03159942841522,1.6350120212242272e-07,4.031599428835856,3.3388433349787196e-09,4.03159942883603
0.542,0.018768073706170205,3.9946609695447126,0.00037443194432967565,3.9969541688860915,7.470094327709789e-06,3.9969550816284256,1.4903191383625579e-07,3.9969550819917163,2.9732571460722868e-09,3.996955081991861
0.544,0.018346281607371562,3.9605944872502223,0.0003575898766171627,3.9627687244451186,6.969833048223742e-06,3.9627695504473883,1.3584996639074403e-07,3.9627695507611906,2.647870220229961e-09,3.9627695507613097
0.546,0.017934149041479608,3.926972018579967,0.00034151343363482113,3.929033597943517,6.5033152720706345e-06,3.9290343455173513,1.238402515467986e-07,3.9290343457884376,2.358244566281238e-09,3.9290343457885357
0.548,0.017531452158835798,3.893785620408241,0.00032616749480484926,3.895740504890842,6.0682500059559264e-06,3.8957411815448726,1.1289800093910717e-07,3.8957411817790866,2.100433997204566e-09,3.895741181779168
0.55,0.017137972303974614,3.86102752865267,0.0003115185621188437,3.8628813587320296,5.662502705882283e-06,3.862881971250107,1.0292785340313645e-07,3.862881971452487,1.8709294381744325e-09,3.862881971452554
0.552,0.016753495897050646,3.8286901535161713,0.0002975346848212439,3.830448265020351,5.284084540663636e-06,3.830448819532071,9.38430067393838e-08,3.8304488197069655,1.6666103364012438e-09,3.8304488197070206
0.554,0.01637781431783987,3.7967660748706407,0.00028418538759425406,3.7984335157939477,4.9311423951195585e-06,3.7984340178382654,8.556444624683829e-08,3.798434017989425,1.4847014900186377e-09,3.79843401798947
0.556,0.016010723792265827,3.765248037777811,0.0002714416020818931,3.7668295841477795,4.6019495618541044e-06,3.76683003873039,7.802024305566788e-08,3.766830038861051,1.3227346898632673e-09,3.7668300388610882
0.558,0.015652025281402873,3.7341289481428563,0.0002592756015982945,3.7356291189930664,4.2948970740566245e-06,3.735629530638159,7.11449159235564e-08,3.7356295307511136,1.1785146359721988e-09,3.7356295307511447
0.56,0.015301524372908338,3.7034018684965613,0.00024766093887250727,3.704824939996831,4.008485635052696e-06,3.7048253127937842,6.487885073671383e-08,3.704825312891445,1.0500886509629365e-09,3.70482531289147
0.562,0.014959031174836598,3.6730600139018956,0.00023657238668884292,3.6744100326943525,3.7413181033942716e-06,3.674410370339865,5.9167772480548126e-08,3.6744103704243116,9.35719766018778e-10,3.674410370424333
0.5640000000000001,0.014624360211788465,3.643096747981045,0.00022598588128830394,3.6443775437676895,3.4920924951291187e-06,3.644377849603794,5.3962264921230177e-08,3.644377849676823,8.338628027438195e-10,3.644377849676841
0.5660000000000001,0.014297330323350087,3.613505579059069,0.00021587846840284575,3.61472077648381,3.2595954675430987e-06,3.614721053532177,4.921733367220539e-08,3.61472105359534,7.431431163533408e-10,3.6147210535953547
0.5680000000000001,0.013977764564775855,3.5842801564204696,0.0002062282518001202,3.5854331862860587,3.04269625113805e-06,3.585433437278958,4.489200871305711e-08,3.5854334373335943,6.623377031274236e-10,3.5854334373336063
0.5700000000000001,0.013665490109870887,3.555414266675066,0.0001970143442220091,3.5565083765329963,2.8403409989072832e-06,3.5565086039412392,4.09489827856523e-08,3.5565086039885054,5.903584083125029e-10,3.556508603988515
0.5720000000000001,0.013360338156028894,3.5269018302297717,0.00018821682060564962,3.527940094378949,2.6515475241106373e-06,3.527940300437112,3.735428241744623e-08,3.527940300478007,5.262370001798657e-10,3.5279403004780154
0.5740000000000001,0.013062143831382237,3.4987368978628295,0.00017981667348079271,3.499722226790804,2.47540039974253e-06,3.4997224135200007,3.407696861715111e-08,3.4997224135553875,4.691119021613966e-10,3.499722413555394
0.5760000000000001,0.01277074610402119,3.470913647397361,0.0001717957704422549,3.4718487966958627,2.3110463947407734e-06,3.471848965924301,3.1088864556415597e-08,3.4718489659549254,4.1821639825433574e-10,3.4718489659549308
0.5780000000000001,0.01248598769324068,3.4434263804710348,0.0001641368136008958,3.4443139592557146,2.1576902237089114e-06,3.4443141126372585,2.8364307795138068e-08,3.444314112663764,3.728681475482592e-10,3.4443141126637684
0.5800000000000001,0.012207714982772667,3.416269519398848,0.00015682330092104657,3.417111998261448,2.0145905885318553e-06,3.4171121372923796,2.5879924829821284e-08,3.4171121373153235,3.324598620731666e-10,3.417112137315327
0.5820000000000001,0.011935777935963846,3.3894376041261047,0.00014983948935656783,3.3902373226455578,1.881056491758865e-06,3.3902374486797147,2.36144259459402e-08,3.390237448699578,2.9645101845658907e-10,3.3902374486995805
0.5840000000000001,0.011670030012858167,3.3629252892687322,0.00014317035970178854,3.3636844631062344,1.756443803019775e-06,3.363684577368681,2.1548418538533797e-08,3.3636845773858783,2.6436048834213635e-10,3.363684577385881
0.5860000000000001,0.011410328089144908,3.336727341238238,0.0001368015830774634,3.337448068839767,1.6401520610353099e-06,3.337448172439142,1.966423723178056e-08,3.3374481724540335,2.357599853660273e-10,3.337448172454036
0.5880000000000001,0.011156532376933462,3.3108386354486212,0.00013071948897560627,3.3115229043771883,1.5316214949882498e-06,3.311522998316861,1.7945789279728663e-08,3.311522998329757,2.1026823789443763e-10,3.311522998329759
0.5900000000000001,0.010908506347316597,3.2852541536027218,0.00012491103479057083,3.2859038465212027,1.4303302501436747e-06,3.285903931709349,1.637841386796757e-08,3.285903931720519,1.8754580685368773e-10,3.2859039317205205
0.5920000000000001,0.010666116654684758,3.2599689810554953,0.00011936377676713319,3.2605858813797317,1.3357918036510649e-06,3.2605859586384405,1.4948754061145646e-08,3.2605859586481163,1.6729047698139033e-10,3.260585958648117
0.5940000000000001,0.010429233062754449,3.2349783042518556,0.0001140658422995638,3.2355641014926415,1.2475525574334643e-06,3.23556417156614,1.3644640254979554e-08,3.2355641715745223,1.4923315781646962e-10,3.2355641715745236
0.5960000000000001,0.01019772837227448,3.210277408236735,0.00010900590351871558,3.2108337030481318,1.1651895959728653e-06,3.210833766610221,1.2454984094786272e-08,3.2108337666174833,1.3313423784208886e-10,3.210833766617484
0.5980000000000001,0.009971478350374492,3.185861674235179,0.00010417315210711699,3.1863899831856872,1.0883085976438956e-06,3.186390040846463,1.1369681916581896e-08,3.1863900408527566,1.1878034149882502e-10,3.186390040852757
0.6000000000000001,0.009750361661520768,3.1617265773002488,9.95572752848211e-05,3.1622283373823556,1.01654188903099e-06,3.1622283896942758,1.0379526852240427e-08,3.1622283896997296,1.0598144438403541e-10,3.16222838969973
0.6020000000000001,0.009534259800044943,3.1378676840266957,9.514843291145338e-05,3.1383442569194813,9.495466323943335e-07,3.13834430438286,9.476128817912311e-09,3.1383443043875867,9.45683069268963e-11,3.138344304387587
0.6040000000000001,0.00932305702421196,3.1142806503283498,9.093723565241476e-05,3.1147333264269204,8.870031371283828e-07,3.114733369494888,8.65184167553591e-09,3.1147333694989854,8.439019124653425e-11,3.1147333694989863
0.6060000000000001,0.00911664029179408,3.0909612192772893,8.691472415964738e-05,3.0913912215021018,8.286132866892994e-07,3.091391260585091,7.899696921512146e-09,3.0913912605886433,7.531282982570396e-11,3.0913912605886438
0.6079999999999999,0.008914899197118449,3.0679052190028715,8.30723492196584e-05,3.0683137064012223,7.74099073055529e-07,3.068313741871025,7.213343315005554e-09,3.068313741874105,6.721661811937449e-11,3.068313741874105
0.6099999999999999,0.008717725909556311,3.045108560648815,7.940195282371181e-05,3.0454966318000642,7.232012313334858e-07,3.045496663993498,6.586991911439246e-09,3.0454966639961687,5.999500631568831e-11,3.0454966639961683
0.6119999999999999,0.008525015113422746,3.022567236386572,7.589575011720677e-05,3.0229359326220377,6.756779676301135e-07,3.0229359618442646,6.015366015036672e-09,3.0229359618465805,5.355306821942541e-11,3.022935961846581
0.6139999999999999,0.008336663949255842,3.000277317483243,7.254631218724338e-05,3.0006276259310467,6.313037737881667e-07,3.0006276524585695,5.493655608165583e-09,3.0006276524605786,4.780622767393135e-11,3.0006276524605786
0.6159999999999999,0.00815257195644554,2.9782349524224063,6.934654964931746e-05,2.978567808887016,5.898683230220653e-07,2.9785678329703957,5.017475855170951e-09,2.9785678329721383,4.26791251109135e-11,2.9785678329721383
0.6179999999999999,0.007972641017182381,2.9564363650762653,6.6289696995882e-05,2.956752656761867,5.511754409028749e-07,2.956752678628173,4.5828293146874816e-09,2.9567526786296847,3.8104608748813683e-11,2.9567526786296847
0.6199999999999999,0.007796775301697201,2.9348778529275084,6.336929767126659e-05,2.9351784210138874,5.15042146523764e-07,2.9351784408689205,4.186071527443905e-09,2.9351784408702324,3.40228366768583e-11,2.9351784408702324
0.6219999999999999,0.007624881214763541,2.9135557853394727,6.057918983910087e-05,2.9138414274185296,4.812977590334343e-07,2.9138414454488286,3.823879676599582e-09,2.9138414454499673,3.0380477587255034e-11,2.9138414454499673
0.6239999999999999,0.007456867343434516,2.892466601873058,5.791349280995902e-05,2.892738074253671,4.497830650564301e-07,2.8927380906283324,3.4932240449632775e-09,2.8927380906293196,2.7129999273713577e-11,2.8927380906293205
0.6259999999999999,0.007292644405987357,2.8716068106490793,5.536659409846659e-05,2.8718648305375933,4.2034954282805455e-07,2.871864845409913,3.1913420182847833e-09,2.871864845410771,2.4229035219472225e-11,2.871864845410771
0.6279999999999999,0.007132125202048282,2.850972986754611,5.2933137080521924e-05,2.851218234317761,3.928586391585837e-07,2.8512182478267247,2.9157144063983068e-09,2.851218247827469,2.1639820669049637e-11,2.851218247827469
0.6299999999999999,0.006975224563871952,2.8305617706920874,5.0608009222684005e-05,2.830794891008873,3.6718109560928026e-07,2.830794903280503,2.6640438745494135e-09,2.8307949032811486,1.9328690530071146e-11,2.8307949032811486
0.6319999999999999,0.0068218593087494605,2.8103698668698356,4.838633085705657e-05,2.810591471778411,3.431963205112958e-07,2.8105914829269834,2.43423529592376e-09,2.8105914829275442,1.726563229784396e-11,2.810591482927544
0.6339999999999999,0.00667194819251985,2.7903940421328044,4.626344447626314e-05,2.790604711978193,3.207918036905403e-07,2.790604722107342,2.224377853400643e-09,2.790604722107829,1.542388794781157e-11,2.790604722107829
0.6359999999999999,0.006525411864160379,2.770631124332356,4.423490452428145e-05,2.7708314096203637,2.9986257097720597e-07,2.7708314188240832,2.032728734018231e-09,2.770831418824506,1.3779599409949196e-11,2.7708314188245065
0.6379999999999999,0.0063821728214314,2.7510780009338784,4.229646766004437e-05,2.7512684238963905,2.8031067577952925e-07,2.7512684322599354,1.8576982737071876e-09,2.751268432260303,1.231149283393328e-11,2.7512684322603027
0.6399999999999999,0.006242155367552091,2.731731617661173,4.0444083471793985e-05,2.7319126737376798,2.620447251883929e-07,2.731912681338386,1.6978364226488056e-09,2.731912681338705,1.1000597382757695e-11,2.731912681338705
0.6419999999999999,0.006105285568884032,2.7125889771765097,3.8673885621195113e-05,2.7127611364164084,2.4497943825331525e-07,2.712761143324435,1.5518204132563006e-09,2.7127611433247125,9.82999476269869e-12,2.7127611433247125
0.6439999999999999,0.005971491213599597,2.6936471377952933,3.6982183397204804e-05,2.6938108461853094,2.2903523423256554e-07,2.6938108524643085,1.4184435233732302e-09,2.6938108524645497,8.784596115707116e-12,2.693810852464549
0.6459999999999999,0.005840701771313218,2.674903212234328,3.5365453660622995e-05,2.6750588929551267,2.141378487709472e-07,2.6750588986628543,1.296604836920429e-09,2.675058898663064,7.85094327217106e-12,2.675058898663064
0.6479999999999999,0.0057128483536535634,2.6563543663927245,3.3820333161144185e-05,2.656502421008585,2.0021797609930928e-07,2.6565024261974495,1.1852999129931523e-09,2.6565024261976316,7.017031692722318e-12,2.6565024261976316
0.6499999999999999,0.005587863675755387,2.6379978181644708,3.234361120957442e-05,2.638138627749638,1.8721093548057825e-07,2.6381386324672005,1.0836122823891188e-09,2.638138632467359,6.27215272190321e-12,2.6381386324673586
0.6519999999999999,0.0054656820186500385,2.619830836281741,3.093222268869137e-05,2.6199647624869065,1.7505636024891054e-07,2.6199647667763317,9.907056978094202e-10,2.619964766776469,5.606753038144228e-12,2.619964766776469
0.6539999999999999,0.005346239192534394,2.601850739188091,2.9583241386997187e-05,2.601978125250242,1.6369790790195977e-07,2.601978129150709,9.058170705816114e-10,2.601978129150829,5.01230941722518e-12,2.6019781291508286
0.6559999999999999,0.005229472500898062,2.5840548939406283,2.8293873640347472e-05,2.5841760656393586,1.530829898117776e-07,2.584176069186433,8.282500327666344e-10,2.5841760691865368,4.481217133408466e-12,2.5841760691865368
0.6579999999999999,0.005115320705489321,2.566440715140357,2.7061452267139986e-05,2.566555981703483,1.431625192181656e-07,2.5665559849294493,7.57369068982998e-10,2.5665559849295394,4.006690506598665e-12,2.5665559849295394
0.6599999999999999,0.005003723992100637,2.5490056638898695,2.5883430783421348e-05,2.5491153188511695,1.3389067625988464e-07,2.5491153217853393,6.925941672620734e-10,2.549115321785418,3.5826742677314066e-12,2.5491153217854183
0.6619999999999999,0.004894623937154988,2.531747246777587,2.475737788489608e-05,2.5318515687891527,1.2522468888423066e-07,2.5318515714581404,6.33395942779511e-10,2.5318515714582084,3.203764560361124e-12,2.531851571458209
0.6639999999999999,0.004787963475074742,2.5146630148878417,2.368097218344571e-05,2.5147622684895836,1.1712462855501966e-07,2.5147622709175557,5.792911924342812e-10,2.514762270917615,2.8651385261323816e-12,2.514762270917615
0.6659999999999999,0.004683686866414952,2.4977505628359875,2.2651997186325935e-05,2.4978449991845366,1.0955321975272671e-07,2.497845001393439,5.298388419999582e-10,2.4978450013934905,2.5624915372226602e-12,2.4978450013934905
0.6679999999999999,0.004581739666743737,2.4810075278279022,2.1668336506778504e-05,2.4810973853871117,1.0247566232951816e-07,2.4810973873968756,4.846362509917786e-10,2.4810973873969204,2.2919812415568177e-12,2.4810973873969204
0.6699999999999999,0.004482068696252378,2.4644315887431203,2.0727969295310004e-05,2.4645170939382464,9.585946584588477e-08,2.4645170957669738,4.43315843503179e-10,2.4645170957670124,2.0501776779864253e-12,2.4645170957670124
0.6719999999999999,0.004384622010078443,2.4480204652409983,1.9828965881395458e-05,2.448101833078482,8.967429507532654e-08,2.448101834742617,4.055420360978909e-10,2.4481018347426513,1.8340187999724207e-12,2.4481018347426513
0.6739999999999999,0.004289348869325402,2.431771916889183,1.8969483615841524e-05,2.4318493515439012,8.389182591908723e-08,2.4318493530583813,3.7100843642159524e-10,2.4318493530584115,1.6407708187059389e-12,2.4318493530584115
0.6759999999999999,0.004196199712762806,2.41568374231383,1.8147762904501106e-05,2.4157574376855475,7.848561102473032e-08,2.415757439063944,3.394352885444317e-10,2.41575743906397,1.4679928410436627e-12,2.41575743906397
0.6779999999999999,0.004105126129191115,2.3997537783709184,1.736212342446294e-05,2.3998239186115766,7.343095445052306e-08,2.399823919866219,3.105671431823486e-10,2.3998239198662414,1.3135053349937555e-12,2.3998239198662414
0.6799999999999999,0.0040160808304559445,2.3839798993380703,1.661096051425625e-05,2.3840466593514957,6.870479476252346e-08,2.3840466604935875,2.841707328910483e-10,2.384046660493607,1.1753620065521854e-12,2.384046660493607
0.6819999999999999,0.003929017625096644,2.368360016126322,1.589274173000407e-05,2.368423562041805,6.428559599306963e-08,2.368423563081527,2.600330340977054e-10,2.368423563081544,1.051824717147335e-12,2.368423563081544
0.6839999999999999,0.003843891392614458,2.3528920755112925,1.5206003559835125e-05,2.3529525651324463,6.015324592832746e-08,2.3529525660790513,2.379594994487217e-10,2.3529525660790664,9.413411114232214e-13,2.3529525660790664
0.6859999999999999,0.0037606580583459935,2.337574059383179,1.4549348289221818e-05,2.337631642613373,5.6288961228818625e-08,2.3376316434752704,2.177724454205715e-10,2.337631643475283,8.425246611261928e-13,2.337631643475283
0.688,0.003679274568927806,2.322403984015099,1.3921441010256101e-05,2.3224588032607434,5.2675198920671646e-08,2.322458804045576,1.9930958147854005e-10,2.3224588040455876,7.541368629471184e-13,2.3224588040455876
0.69,0.003599698868338472,2.3073798993492387,1.332100676819732e-05,2.3074320899020586,4.92955738267809e-08,2.307432090616775,1.8242266828608904e-10,2.3074320906167847,6.750713567419202e-13,2.3074320906167847
0.692,0.0035218898745046482,2.292499888300345,1.2746827838940717e-05,2.292549578699801,4.613478153641784e-08,2.2925495793507173,1.669762935772008e-10,2.292549579350726,6.043397559988615e-13,2.292549579350726
0.694,0.0034458074564579985,2.2777620660760682,1.219774113134675e-05,2.2778093784529347,4.3178526539113866e-08,2.277809379045794,1.528467553142044e-10,2.2778093790458014,5.410590050801606e-13,2.2778093790458014
0.696,0.00337141241203015,2.2631645795136905,1.1672635708657825e-05,2.263209629915826,4.041345517411457e-08,2.26320963045585,1.3992104267408544e-10,2.263209630455856,4.844400979489419e-13,2.2632096304558567
0.698,0.003298666446073085,2.2487056064327993,1.1170450423494616e-05,2.2487485051340284,3.7827093070381495e-08,2.248748505625964,1.2809590624436583e-10,2.2487485056259704,4.3377801106829527e-13,2.24874850562597
0.7,0.0032275321491928035,2.234383355003497,1.0690171661183326e-05,2.2344242067964992,3.540778677422254e-08,2.2344242072446656,1.172770095732993e-10,2.234424207244671,3.8844271917240527e-13,2.234424207244671
0.702,0.0031579729769841275,2.220196063129664,1.0230831186406556e-05,2.2202349676037194,3.3144649282182555e-08,2.2202349680120426,1.0737815491458053e-10,2.220234968012047,3.478711768737235e-13,2.2202349680120474
0.704,0.0030899532297550083,2.206141997846932,9.791504088406716e-06,2.2061790496513174,3.1027509216017136e-08,2.20617905002337,9.832057664050681e-11,2.2061790500233736,3.115601617783574e-13,2.2061790500233736
0.706,0.0030234380327289075,2.1922194547349236,9.371306820190232e-06,2.1922547438287183,2.904686339441122e-08,2.192254744167749,9.003229637469694e-11,2.1922547441677525,2.790598861032575e-13,2.1922547441677525
0.708,0.0029583933167139456,2.1784267573434146,8.969395327394152e-06,2.178460369232433,2.7193832572756255e-08,2.178460369541397,8.244753442146978e-11,2.1784603695413995,2.4996829387666054e-13,2.1784603695413995
0.71,0.0028947857992279993,2.1647622566320033,8.584963262677338e-06,2.1647942725935176,2.5460120137792133e-08,2.164794272875103,7.550617254809926e-11,2.1647942728751053,2.239259697915055e-13,2.1647942728751053
0.712,0.002832582966068982,2.1512243304229552,8.21724028169186e-06,2.1512548277188626,2.383797355837624e-08,2.1512548279755164,6.915326361283513e-11,2.151254827975518,2.006115937915325e-13,2.151254827975518
0.714,0.0027717530533198846,2.137811382866865,7.865490416873105e-06,2.1378404349459084,2.2320148407096503e-08,2.1378404351798563,6.333858392937508e-11,2.137840435179858,1.7973788260758063e-13,2.137840435179858
0.716,0.00271226502977836,2.1245218439207836,7.529010525461044e-06,2.124549520610378,2.0899874779986155e-08,2.124549520823646,5.8016224621010635e-11,2.1245495208236473,1.6104796582316145e-13,2.1245495208236473
0.718,0.0026540885798008976,2.1113541688385036,7.207128808333595e-06,2.1113805365267355,1.9570825953295266e-08,2.111380536721167,5.314421854807053e-11,2.1113805367211684,1.4431214971841992e-13,2.1113805367211684
0.72,0.002597194086551799,2.0983068376726424,6.899203396389739e-06,2.098331959480948,1.8327089127155386e-08,2.0983319596582204,4.8684199693324024e-11,2.0983319596582217,1.293250271952668e-13,2.0983319596582213
0.722,0.0025415526156474908,2.0853783547882627,6.604621001373147e-06,2.0854022907352587,1.716313811613389e-08,2.0854022908968983,4.460109216444729e-11,2.0854022908968997,1.1590289659159456e-13,2.0854022908968997
0.724,0.0024871358991868293,2.0725672483876814,6.322795628170305e-06,2.072590055544634,1.607380785612891e-08,2.072590055692032,4.086282622272867e-11,2.0725900556920327,1.0388145620841437e-13,2.0725900556920327
0.726,0.002433916320158306,2.059872070046187,6.053167345755109e-06,2.059893802684535,1.5054270605873903e-08,2.059893802818956,3.744007897515141e-11,2.059893802818957,9.311374495411516e-14,2.059893802818957
0.728,0.0023818668972153284,2.0472913942584166,5.795201114083524e-06,2.047312103989766,1.4100013729540812e-08,2.0473121041123616,3.4306037574794375e-11,2.0473121041123625,8.346830270225068e-14,2.0473121041123625
0.73,0.002330961269810812,2.0348238179950457,5.548385664365897e-06,2.034843553904039,1.3206818954585026e-08,2.034843554015859,3.143618296388197e-11,2.03484355401586,7.482752680542936e-14,2.0348435540158594
0.732,0.002281173683682717,2.0224679602695796,5.312232430264526e-06,2.0224867690399893,1.2370743006116145e-08,2.022486769141988,2.8808092366498907e-11,2.022486769141989,6.708620374592082e-14,2.022486769141989
0.734,0.0022324789766821527,2.010222461714969,5.086274527677966e-06,2.0102403877493913,1.1588099525735862e-08,2.0102403878424395,2.6401258895410893e-11,2.01024038784244,6.015019716688616e-14,2.0102403878424404
0.736,0.002184852564936031,1.9980859841697771,4.870065780880517e-06,1.9981030697032343,1.0855442188977981e-08,1.9981030697881237,2.419692678092274e-11,1.9981030697881241,5.3935275546473036e-14,1.9981030697881241
0.738,0.0021382704293363584,1.9860572102736835,4.663179792890615e-06,1.9860734954814672,1.016954894127789e-08,1.986073495558919,2.2177940860594258e-11,1.9860734955589194,4.83660645773154e-14,1.9860734955589194
0.74,0.0020927091023484226,1.9741348430720522,4.465209058038392e-06,1.9741503661720925,9.527407277778698e-09,1.974150366242764,2.0328609087912973e-11,1.9741503662427644,4.337511091952888e-14,1.9741503662427644
0.742,0.0020481456551303713,1.9623176056293674,4.275764114798084e-06,1.962332402979426,8.92620049731343e-09,1.9623324030439155,1.86345769268427e-11,1.962332403043916,3.8902045427607407e-14,1.9623324030439158
0.744,0.0020045576849568197,1.9506042406512774,4.094472737039404e-06,1.950618346841215,8.363294865580328e-09,1.950618346900068,1.708271259835455e-11,1.9506183469000682,3.489283522920866e-14,1.9506183469000682
0.746,0.0019619233029392813,1.93899351011504,3.920979161937861e-06,1.9390069580544234,7.836227626899607e-09,1.9390069581081366,1.5661002235532365e-11,1.9390069581081366,3.129911517366033e-14,1.9390069581081366
0.748,0.0019202211220364293,1.927484194908173,3.754943352865476e-06,1.9274970159094578,7.342695808009726e-09,1.9274970159584839,1.4358454086349874e-11,1.927497015958484,2.807759018491868e-14,1.9274970159584839
0.75,0.0018794302453472838,1.9160750944750635,3.596040295660262e-06,1.9160873183325813,6.880545761155845e-09,1.9160873183773326,1.3165010978462156e-11,1.9160873183773328,2.5189500961027544e-14,1.9160873183773326
0.752,0.001839530254680705,1.9047650264713845,3.4439593267478247e-06,1.9047766815363498,6.4477633972658255e-09,1.904776681577202,1.2071470329000512e-11,1.9047766815772023,2.2600146271764947e-14,1.904776681577202
0.754,0.0018005011993945824,1.8935528264260737,3.298403491657737e-06,1.8935639396778108,6.042465063304687e-09,1.8935639397151067,1.1069411044949981e-11,1.893563939715107,2.0278455828596334e-14,1.8935639397151067
0.756,0.001762323585498361,1.8824373474107174,3.1590889325457425e-06,1.8824479445243136,5.6628890209801245e-09,1.8824479445583653,1.0151126716807907e-11,1.8824479445583657,1.8196608345832682e-14,1.8824479445583657
0.758,0.0017249783650126872,1.8714174597161448,3.0257443033960734e-06,1.8714275651266943,5.307387486837526e-09,1.8714275651577865,9.309564560304574e-12,1.8714275651577867,1.632968998729e-14,1.8714275651577865
0.76,0.0016884469255800476,1.8604920505360483,2.898110211639885e-06,1.860501687499679,4.974419196461257e-09,1.8605016875280707,8.538269608497903e-12,1.860501687528071,1.4655388906359277e-14,1.860501687528071
0.762,0.0016527110803204786,1.8496600236574645,2.775938684983726e-06,1.849669214309301,4.662542457992673e-09,1.8496692143352296,7.831333699905476e-12,1.8496692143352298,1.315372204582114e-14,1.8496692143352296
0.764,0.00161775305792654,1.8389202991579285,2.658992662297615e-06,1.838929064567155,4.370408662502809e-09,1.8389290645908352,7.18334884789603e-12,1.838929064590835,1.1806790772975255e-14,1.8389290645908352
0.766,0.0015835554929918547,1.8282718131091613,2.5470455074655623e-06,1.8282801733313245,4.096756220928892e-09,1.8282801733529528,6.589364612656614e-12,1.828280173352953,1.0598562290993809e-14,1.8282801733529528
0.768,0.0015501014165677218,1.8177135172871097,2.439880545151502e-06,1.8177214914138071,3.84040489930661e-09,1.8177214914335633,6.044849129981648e-12,1.8177214914335633,9.514674093566875e-15,1.8177214914335633
0.77,0.001517374246942349,1.8072443788881887,2.337290617482085e-06,1.8072519850942843,3.600250525918768e-09,1.8072519851123312,5.545653481184061e-12,1.8072519851123312,8.54225902113313e-15,1.8072519851123312
0.772,0.0014853577806374595,1.7968633802515765,2.2390776606935287e-06,1.7968706358400455,3.3752600457414478e-09,1.796870635856533,5.087979115851608e-12,1.796870635856533,7.669788737020235e-15,1.7968706358565332
0.774,0.0014540361836171017,1.7865695185874095,2.145052300833779e-06,1.7865764400319621,3.1644668992116086e-09,1.7865764400470254,4.6683480642003765e-12,1.7865764400470252,6.886933674026736e-15,1.7865764400470254
0.776,0.0014233939827036246,1.776361805710743,2.0550334676527725e-06,1.7763684086963147,2.966966703871695e-09,1.7763684087100784,4.283575698617595e-12,1.7763684087100784,6.1844377093423326e-15,1.7763684087100784
0.778,0.00139341605719592,1.7662392677811214,1.9688480258535917e-06,1.7662455672423563,2.781913218876128e-09,1.7662455672549333,3.9307458248345465e-12,1.7662455672549333,5.554006010905045e-15,1.7662455672549333
0.78,0.0013640876306851252,1.7562009450476441,1.886330422915309e-06,1.756206955205462,2.6085145736778613e-09,1.7562069552169555,3.6071879021988744e-12,1.7562069552169555,4.988204663707894e-15,1.7562069552169555
0.782,0.0013353942630630847,1.746245891599365,1.8073223527343494e-06,1.746251625995714,2.4460297434563065e-09,1.7462516260062175,3.310456209884743e-12,1.7462516260062175,4.480370832318219e-15,1.7462516260062175
0.784,0.001307321842719024,1.7363731751209348,1.7316724343661959e-06,1.7363786466518196,2.2937652550093886e-09,1.7363786466614197,3.0383107917369946e-12,1.7363786466614197,4.024532347861245e-15,1.7363786466614197
0.786,0.0012798565789199547,1.7265818766533214,1.659235905181662e-06,1.7265870976001938,2.151072107913269e-09,1.7265870976089688,2.7887000269174075e-12,1.726587097608969,3.615335725622598e-15,1.7265870976089688
0.788,0.001252984994370443,1.7168710903595192,1.5898743277839302e-06,1.7168760724191194,2.0173428967650473e-09,1.7168760724271408,2.5597446867394636e-12,1.7168760724271408,3.247981724771717e-15,1.7168760724271408
0.79,0.0012266939179475032,1.7072399232951019,1.5234553100620697e-06,1.707244677607816,1.8920091212644636e-09,1.7072446776151489,2.3497233501402024e-12,1.7072446776151489,2.918167655821967e-15,1.7072446776151489
0.792,0.001200970477606438,1.6976874951835241,1.4598522377857506e-06,1.6976920323603468,1.7745386717711259e-09,1.697692032367051,2.1570590612564325e-12,1.697692032367051,2.622035725546923e-15,1.697692032367051
0.794,0.0011758020934535935,1.6882129381960531,1.3989440191728392e-06,1.688217268344218,1.664433478793342e-09,1.6882172683503476,1.9803071226296364e-12,1.6882172683503478,2.356126784220123e-15,1.6882172683503476
0.796,0.0011511764709820343,1.678815396736209,1.3406148408876913e-06,1.6788195294835528,1.561227315630548e-09,1.6788195294891581,1.8181439267500708e-12,1.678819529489158,2.1173389072065276e-15,1.6788195294891581
0.798,0.001127081594466301,1.6694940272286267,1.284753934952804e-06,1.6694979717467566,1.4644837441057747e-09,1.6694979717518819,1.6693567370384062e-12,1.6694979717518819,1.9028903029559616e-15,1.6694979717518819
0.8,0.0011035057205124633,1.6602479979122213,1.23125535608009e-06,1.660251762938537,1.3737941939910283e-09,1.6602517629432243,1.5328343370233383e-12,1.6602517629432243,1.7102860930951927e-15,1.6602517629432243
